Destination Port,Flow Duration,Total Fwd Packets,Total Backward Packets,Total Length of Fwd Packets,Total Length of Bwd Packets,Fwd Packet Length Max,Fwd Packet Length Min,Fwd Packet Length Mean,Fwd Packet Length Std,Bwd Packet Length Max,Bwd Packet Length Min,Bwd Packet Length Mean,Bwd Packet Length Std,Flow Bytes/s,Flow Packets/s,Flow IAT Mean,Flow IAT Std,Flow IAT Max,Flow IAT Min,Fwd IAT Total,Fwd IAT Mean,Fwd IAT Std,Fwd IAT Max,Fwd IAT Min,Bwd IAT Total,Bwd IAT Mean,Bwd IAT Std,Bwd IAT Max,Bwd IAT Min,Fwd PSH Flags,Bwd PSH Flags,Fwd URG Flags,Bwd URG Flags,Fwd Header Length,Bwd Header Length,Fwd Packets/s,Bwd Packets/s,Min Packet Length,Max Packet Length,Packet Length Mean,Packet Length Std,Packet Length Variance,FIN Flag Count,SYN Flag Count,RST Flag Count,PSH Flag Count,ACK Flag Count,URG Flag Count,CWE Flag Count,ECE Flag Count,Down/Up Ratio,Average Packet Size,Avg Fwd Segment Size,Avg Bwd Segment Size,Fwd Header Length.1,Fwd Avg Bytes/Bulk,Fwd Avg Packets/Bulk,Fwd Avg Bulk Rate,Bwd Avg Bytes/Bulk,Bwd Avg Packets/Bulk,Bwd Avg Bulk Rate,Subflow Fwd Packets,Subflow Fwd Bytes,Subflow Bwd Packets,Subflow Bwd Bytes,Init_Win_bytes_forward,Init_Win_bytes_backward,act_data_pkt_fwd,min_seg_size_forward,Active Mean,Active Std,Active Max,Active Min,Idle Mean,Idle Std,Idle Max,Idle Min,Label
88,1144,7,4,2730,2780,1365,0,390.0,666.0517997999999,1390,0,695.0,802.5168742000001,4816433.566000001,9615.384615,114.4,236.53808709999998,770,0,1144,190.66666669999998,396.1811034,998,1,917,305.6666667,487.56162,868,1,0,0,0,0,164,104,6118.881119,3496.5034969999997,0,1390,459.16666669999995,678.2760009,460058.3333,0,0,0,1,0,0,0,0,0,500.9090909,390.0,695.0,164,0,0,0,0,0,0,7,2730,4,2780,8192,2053,2,20,0.0,0.0,0,0,0.0,0.0,0,0,BENIGN
389,2924095,25,21,5740,7080,1684,0,229.6,450.54836960000006,2634,0,337.14285710000007,647.9580454,4384.262481000001,15.73136304,64979.888889999995,426987.4492,2865148,0,2924095,121837.2917,584427.0479,2865148,2,2924030,146201.5,652744.4584,2919405,2,0,0,0,0,524,444,8.549653825,7.1817092129999995,0,2634,272.76595739999993,541.2718602000001,292975.2266,0,0,0,1,0,0,0,0,0,278.6956522,229.6,337.14285710000007,524,0,0,0,0,0,0,25,5740,21,7080,8192,0,16,20,0.0,0.0,0,0,0.0,0.0,0,0,BENIGN
443,5311938,9,7,362,5202,205,0,40.22222222,74.41568682,2920,0,743.1428571,1042.814689,1047.451985,3.0120833489999996,354129.2,1285640.8059999999,4996939,16,5311938,663992.25,1752740.61,4996939,48,291712,48618.66667,87352.9251,223342,80,0,0,0,0,204,152,1.6942968840000001,1.317786465,0,2920,327.29411760000005,734.3535222,539275.0956,0,0,0,1,0,0,0,0,0,347.75,40.22222222,743.1428571,204,0,0,0,0,0,0,9,362,7,5202,8192,946,3,20,0.0,0.0,0,0,0.0,0.0,0,0,BENIGN
49671,22953788,21,14,3014,2080,760,0,143.5238095,219.0731885,680,0,148.5714286,228.1530236,221.92415469999997,1.524802791,675111.4118,3875894.9839999997,22600000,1,23000000,1147689.4,5051821.808,22600000,1,292168,22474.46154,80570.56457999999,290629,3,0,0,0,0,444,304,0.9148816740000001,0.609921116,0,760,141.5,217.60836380000003,47353.4,0,0,0,1,0,0,0,0,0,145.5428571,143.5238095,148.5714286,444,0,0,0,0,0,0,21,3014,14,2080,8192,2047,12,20,0.0,0.0,0,0,0.0,0.0,0,0,BENIGN
80,5194319,5,5,72,651,72,0,14.4,32.19937888,646,0,130.2,288.349094,139.1905272,1.9251801819999999,577146.5556,1660875.775,5004817,1,189502,47375.5,54585.37525,95028,3,5100152,1275038.0,2486970.926,5004899,1,0,0,0,0,168,168,0.9625900909999999,0.9625900909999999,0,646,65.72727273,193.650247,37500.41818,0,0,0,1,0,0,0,0,1,72.3,14.4,130.2,168,0,0,0,0,0,0,5,72,5,651,29200,114,1,32,0.0,0.0,0,0,0.0,0.0,0,0,BENIGN
88,1152,7,5,2796,2836,1398,0,399.42857139999995,682.154151,1418,0,567.2,776.6705865,4888888.8889999995,10416.66667,104.7272727,232.14223700000002,792,2,1152,192.0,413.3850505,1034,2,987,246.75,416.0187295,866,4,0,0,0,0,164,124,6076.388889,4340.277778,0,1418,433.2307692,676.4059622000001,457525.0256,0,0,0,1,0,0,0,0,0,469.33333330000005,399.42857139999995,567.2,164,0,0,0,0,0,0,7,2796,5,2836,8192,2053,2,20,0.0,0.0,0,0,0.0,0.0,0,0,BENIGN
88,1085,9,6,3150,3152,1575,0,350.0,694.5097192000001,1576,0,525.3333333,813.8429005,5808294.931,13824.88479,77.5,218.84759359999998,834,1,1085,135.625,327.1207455,942,1,990,198.0,360.8649332,834,1,0,0,0,0,304,208,8294.930876,5529.953917,0,1576,393.875,704.585067,496440.1167,0,0,0,1,0,0,0,0,0,420.13333330000006,350.0,525.3333333,304,0,0,0,0,0,0,9,3150,6,3152,29200,2081,2,32,0.0,0.0,0,0,0.0,0.0,0,0,BENIGN
80,80453,3,5,427,2267,427,0,142.33333330000002,246.52856490000002,1460,0,453.4,662.3804043,33485.38898,99.43693834,11493.28571,14326.53356,29891,2,50572,25286.0,6595.892054999999,29950,20622,50562,12640.5,24646.52606,49605,2,0,0,0,0,72,112,37.28885188,62.14808646,0,1460,299.3333333,519.4677565000001,269846.75,0,0,0,1,0,0,0,0,1,336.75,142.33333330000002,453.4,72,0,0,0,0,0,0,3,427,5,2267,8192,237,1,20,0.0,0.0,0,0,0.0,0.0,0,0,BENIGN
80,138621,3,6,26,11607,20,0,8.666666667000001,10.26320288,5755,0,1934.5,2529.1245719999997,83919.46386,64.92522778,17327.625,48573.93875,137540,3,933,466.5,590.4341622999999,884,49,138575,27715.0,61395.28207000001,137540,3,0,0,0,0,72,132,21.64174259,43.28348519,0,5755,1163.3,2131.87096,4544873.789,0,0,0,1,0,0,0,0,2,1292.555556,8.666666667000001,1934.5,72,0,0,0,0,0,0,3,26,6,11607,8192,229,2,20,0.0,0.0,0,0,0.0,0.0,0,0,DDoS
443,73489552,172,454,4411,748034,1712,0,25.64534884,162.67611000000002,3864,0,1647.651982,742.4102669,10238.80238,8.518217664,117583.2832,999984.94,10000000,0,69400000,405825.53799999994,1884669.987,10200000,1,73300000,161899.2759,1190418.649,10200000,1,0,0,0,0,5512,14536,2.340468751,6.177748912999999,0,3864,1200.07177,965.7319012,932638.1051,0,0,0,1,0,0,0,0,2,1201.988818,25.64534884,1647.651982,5512,0,0,0,0,0,0,172,4411,454,748034,29200,203,6,32,1539254.167,3405677.538,8491064,148135,10000000.0,1203.955758,10000000,10000000,BENIGN
80,392622,3,4,26,11607,20,0,8.666666667000001,10.26320288,11595,0,2901.75,5795.50069,29629.00703,17.8288532,65437.0,159864.2184,391758,3,806,403.0,565.6854248999999,803,3,392530,130843.3333,225959.0508,391758,5,0,0,0,0,72,92,7.640937085,10.18791611,0,11595,1454.125,4097.537534,16800000.0,0,0,0,1,0,0,0,0,1,1661.857143,8.666666667000001,2901.75,72,0,0,0,0,0,0,3,26,4,11607,8192,229,2,20,0.0,0.0,0,0,0.0,0.0,0,0,DDoS
80,870591,3,5,26,11607,20,0,8.666666667000001,10.26320288,10135,0,2321.4,4413.201989,13362.1873,9.189160007,124370.1429,328567.0473,869490,5,817,408.5,553.6646097,800,17,870446,217611.5,434585.7858,869490,5,0,0,0,0,72,112,3.445935003,5.743225005,0,10135,1292.555556,3350.634907,11200000.0,0,0,0,1,0,0,0,0,1,1454.125,8.666666667000001,2321.4,72,0,0,0,0,0,0,3,26,5,11607,8192,229,2,20,0.0,0.0,0,0,0.0,0.0,0,0,DDoS
88,1115,9,6,3150,3150,1575,0,350.0,694.5097192000001,1575,0,525.0,813.3265027000001,5650224.215,13452.9148,79.64285714,220.33596969999996,842,1,1115,139.375,339.26177739999997,976,1,1026,205.2,359.5659884,842,3,0,0,0,0,304,208,8071.748879000001,5381.165919,0,1575,393.75,704.3614129,496125.0,0,0,0,1,0,0,0,0,0,420.0,350.0,525.0,304,0,0,0,0,0,0,9,3150,6,3150,29200,2081,2,32,0.0,0.0,0,0,0.0,0.0,0,0,BENIGN
80,886393,3,6,26,11607,20,0,8.666666667000001,10.26320288,4380,0,1934.5,2177.344966,13123.97548,10.15350979,110799.125,313008.7337,885456,2,786,393.0,550.1290757999999,782,4,886316,177263.2,395891.9515,885456,2,0,0,0,0,72,132,3.384503262,6.769006524,0,4380,1163.3,1903.962654,3625073.789,0,0,0,1,0,0,0,0,2,1292.555556,8.666666667000001,1934.5,72,0,0,0,0,0,0,3,26,6,11607,8192,229,2,20,0.0,0.0,0,0,0.0,0.0,0,0,DDoS
88,900,9,4,600,2944,300,0,66.66666667,132.2875656,1472,0,736.0,849.8595962000002,3937777.778,14444.444440000001,75.0,192.7952282,684,1,900,112.5,252.41122909999999,734,1,766,255.33333330000002,435.32325149999997,758,3,0,0,0,0,204,104,10000.0,4444.444444,0,1472,253.1428571,527.4342623,278186.9011,0,0,0,1,0,0,0,0,0,272.6153846,66.66666667,736.0,204,0,0,0,0,0,0,9,600,4,2944,8192,2053,2,20,0.0,0.0,0,0,0.0,0.0,0,0,BENIGN
443,43881721,26,28,1029,31671,517,0,39.57692308,122.5248295,3864,0,1131.107143,943.8102971000001,745.1849940000001,1.230580724,827957.0,2634342.008,10000000,3,34400000,1374289.12,3341769.981,10200000,3,43700000,1619749.63,3596409.3619999997,10200000,3,0,0,0,0,840,904,0.59250183,0.638078894,0,3864,594.5454545,869.7455315,756457.2896,0,0,0,1,0,0,0,0,1,605.5555555999999,39.57692308,1131.107143,840,0,0,0,0,0,0,26,1029,28,31671,29200,252,3,32,1121158.5,1944769.687,4038313,148554,9849271.0,315634.6238,10000000,9375895,BENIGN
443,155937,10,10,533,5370,196,0,53.3,81.13370309,2085,0,537.0,802.7386457,37855.0312,128.2569243,8207.210526,11510.758240000001,28240,3,155937,17326.33333,13359.97158,32020,48,104402,11600.22222,17509.24019,47736,3,0,0,0,0,212,212,64.12846214,64.12846214,0,2085,281.0952381,596.3028512999999,355577.0905,0,0,0,1,0,0,0,0,1,295.15,53.3,537.0,212,0,0,0,0,0,0,10,533,10,5370,8192,12501,4,20,0.0,0.0,0,0,0.0,0.0,0,0,BENIGN
443,1130572,9,10,764,5723,357,0,84.88888889,134.9253909,2920,0,572.3,970.1387129000001,5737.803519,16.80565236,62809.55556,108833.5557,342712,81,787860,98482.5,121919.5922,296450,3770,1105985,122887.2222,222089.6511,593831,197,0,0,0,0,192,208,7.960572171,8.845080188999999,0,2920,324.35,720.0961394,518538.45,0,0,0,1,0,0,0,0,1,341.4210526,84.88888889,572.3,192,0,0,0,0,0,0,9,764,10,5723,8192,5144,3,20,0.0,0.0,0,0,0.0,0.0,0,0,BENIGN
80,901576,3,6,26,11607,20,0,8.666666667000001,10.26320288,4380,0,1934.5,2177.344966,12902.96104,9.982519499,112697.0,318377.5621,900641,4,796,398.0,537.4011537,778,18,901570,180314.0,402675.1964,900641,4,0,0,0,0,72,132,3.3275065,6.655012998999999,0,4380,1163.3,1903.962654,3625073.789,0,0,0,1,0,0,0,0,2,1292.555556,8.666666667000001,1934.5,72,0,0,0,0,0,0,3,26,6,11607,8192,229,2,20,0.0,0.0,0,0,0.0,0.0,0,0,DDoS
80,7115266,5,0,30,0,6,6,6.0,0.0,0,0,0.0,0.0,4.216286503,0.702714417,1778816.5,3556803.671,7114022,225,7115266,1778816.5,3556803.671,7114022,225,0,0.0,0.0,0,0,0,0,0,0,100,0,0.702714417,0.0,6,6,6.0,0.0,0.0,0,0,0,0,1,0,0,0,0,7.2,6.0,0.0,100,0,0,0,0,0,0,5,30,0,0,256,-1,4,20,1244.0,0.0,1244,1244,7114022.0,0.0,7114022,7114022,DDoS
80,840069,3,6,26,11601,20,0,8.666666667000001,10.26320288,4380,0,1933.5,1757.789948,13840.52977,10.71340568,105008.625,295495.4513,836318,15,3437,1718.5,1982.0203079999999,3120,317,840028,168005.6,373600.8429,836318,15,0,0,0,0,72,132,3.571135228,7.142270456,0,4380,1162.7,1645.2417619999999,2706820.4560000002,0,0,0,1,0,0,0,0,2,1291.888889,8.666666667000001,1933.5,72,0,0,0,0,0,0,3,26,6,11601,8192,229,2,20,0.0,0.0,0,0,0.0,0.0,0,0,DDoS
88,1082,9,6,3110,3108,1555,0,345.55555560000005,685.6905481000001,1554,0,518.0,802.4821493,5746765.25,13863.216269999999,77.28571429,219.13691839999998,836,1,1082,135.25,311.436648,903,1,1003,200.6,361.5941095,836,1,0,0,0,0,304,208,8317.929759999999,5545.286506,0,1555,388.625,695.1935822,483294.1167,0,0,0,1,0,0,0,0,0,414.53333330000004,345.55555560000005,518.0,304,0,0,0,0,0,0,9,3110,6,3108,29200,2081,2,32,0.0,0.0,0,0,0.0,0.0,0,0,BENIGN
80,25898,3,6,26,11607,20,0,8.666666667000001,10.26320288,4380,0,1934.5,2177.344966,449185.2653,347.5171828,3237.25,8636.057711,24602,2,928,464.0,463.8620485,792,136,25854,5170.8,10869.8998,24602,2,0,0,0,0,72,132,115.83906090000002,231.6781219,0,4380,1163.3,1903.962654,3625073.789,0,0,0,1,0,0,0,0,2,1292.555556,8.666666667000001,1934.5,72,0,0,0,0,0,0,3,26,6,11607,8192,229,2,20,0.0,0.0,0,0,0.0,0.0,0,0,DDoS
80,668769,3,6,26,11607,20,0,8.666666667000001,10.26320288,5840,0,1934.5,2538.9192780000003,17394.64598,13.45756158,83596.125,235993.9955,667651,3,966,483.0,668.9230150000001,956,10,668699,133739.8,298465.7259,667651,3,0,0,0,0,72,132,4.48585386,8.97170772,0,5840,1163.3,2138.329153,4572451.567,0,0,0,1,0,0,0,0,2,1292.555556,8.666666667000001,1934.5,72,0,0,0,0,0,0,3,26,6,11607,8192,229,2,20,0.0,0.0,0,0,0.0,0.0,0,0,DDoS
80,4061903,4,0,24,0,6,6,6.0,0.0,0,0,0.0,0.0,5.908560593,0.984760099,1353967.667,2345137.326,4061899,1,4061903,1353967.667,2345137.326,4061899,1,0,0.0,0.0,0,0,0,0,0,0,80,0,0.984760099,0.0,6,6,6.0,0.0,0.0,0,0,0,0,1,0,0,0,0,7.5,6.0,0.0,80,0,0,0,0,0,0,4,24,0,0,256,-1,3,20,0.0,0.0,0,0,0.0,0.0,0,0,DDoS
80,3012634,4,0,24,0,6,6,6.0,0.0,0,0,0.0,0.0,7.966450621,1.32774177,1004211.333,1738731.074,3011925,3,3012634,1004211.333,1738731.074,3011925,3,0,0.0,0.0,0,0,0,0,0,0,80,0,1.32774177,0.0,6,6,6.0,0.0,0.0,0,0,0,0,1,0,0,0,0,7.5,6.0,0.0,80,0,0,0,0,0,0,4,24,0,0,256,-1,3,20,0.0,0.0,0,0,0.0,0.0,0,0,DDoS
123,64015367,4,4,192,192,48,48,48.0,0.0,48,48,48.0,0.0,5.99855969,0.124969994,9145052.429,24200000.0,64000000,3,64000000,21300000.0,37000000.0,64000000,3,64000000,21300000.0,37000000.0,64000000,4,0,0,0,0,80,80,0.062484997,0.062484997,48,48,48.0,0.0,0.0,0,0,0,0,0,0,0,0,1,54.0,48.0,48.0,80,0,0,0,0,0,0,4,192,4,192,-1,-1,3,20,139.0,0.0,139,139,64000000.0,0.0,64000000,64000000,BENIGN
80,74162,3,5,427,2267,427,0,142.33333330000002,246.52856490000002,1460,0,453.4,662.3804043,36325.881180000004,107.87195600000001,10594.57143,13737.95676,29372,2,43633,21816.5,10878.83783,29509,14124,44790,11197.5,21537.28224,43496,2,0,0,0,0,72,112,40.451983500000004,67.41997249,0,1460,299.3333333,519.4677565000001,269846.75,0,0,0,1,0,0,0,0,1,336.75,142.33333330000002,453.4,72,0,0,0,0,0,0,3,427,5,2267,8192,237,1,20,0.0,0.0,0,0,0.0,0.0,0,0,BENIGN
123,81028837,9,9,432,432,48,48,48.0,0.0,48,48,48.0,0.0,10.66287055,0.222143137,4766402.176,14200000.0,59000000,28793,81000000,10100000.0,19900000.0,59000000,1999952,81000000,10100000.0,19900000.0,59000000,1999823,0,0,0,0,196,196,0.11107156800000001,0.11107156800000001,48,48,48.0,0.0,0.0,0,0,0,0,0,0,0,0,1,50.66666667,48.0,48.0,196,0,0,0,0,0,0,9,432,9,432,-1,-1,8,0,6029032.0,5656916.475,10000000,2028988,34500000.0,34600000.0,59000000,9970993,BENIGN
49666,48875559,11,6,890,912,224,0,80.90909091,112.26081640000001,328,0,152.0,147.8593927,36.86914353,0.347822109,3054722.438,12200000.0,48700000,1,48900000,4887555.9,15400000.0,48700000,1,688,137.6,164.8083736,408,3,0,0,0,0,244,144,0.225061365,0.122760744,0,328,100.11111109999999,124.98700590000001,15621.75163,0,0,0,1,0,0,0,0,0,106.0,80.90909091,152.0,244,0,0,0,0,0,0,11,890,6,912,8192,2052,4,20,0.0,0.0,0,0,0.0,0.0,0,0,BENIGN
88,885,9,4,626,3064,313,0,69.55555556,138.0200267,1532,0,766.0,884.5006124,4169491.525,14689.26554,73.75,200.35973330000002,707,1,885,110.625,246.4032337,717,1,783,261.0,445.13818080000004,775,3,0,0,0,0,204,104,10169.49153,4519.7740109999995,0,1532,263.5714286,548.9435607999999,301339.033,0,0,0,1,0,0,0,0,0,283.8461538,69.55555556,766.0,204,0,0,0,0,0,0,9,626,4,3064,8192,2053,2,20,0.0,0.0,0,0,0.0,0.0,0,0,BENIGN
80,2076039,4,0,24,0,6,6,6.0,0.0,0,0,0.0,0.0,11.56047647,1.926746078,692013.0,1197933.104,2075267,350,2076039,692013.0,1197933.104,2075267,350,0,0.0,0.0,0,0,0,0,0,0,80,0,1.926746078,0.0,6,6,6.0,0.0,0.0,0,0,0,0,1,0,0,0,0,7.5,6.0,0.0,80,0,0,0,0,0,0,4,24,0,0,256,-1,3,20,0.0,0.0,0,0,0.0,0.0,0,0,DDoS
135,26241793,11,6,656,752,168,0,59.63636364,82.78076193,268,0,125.33333329999999,120.6029298,53.65487031,0.647821587,1640112.063,6505873.822000001,26000000,3,26200000,2624179.3,8226463.495,26000000,3,1048,209.6,308.6451036,695,3,0,0,0,0,244,144,0.419178674,0.228642913,0,268,78.22222222,98.36519922,9675.712418000001,0,0,0,1,0,0,0,0,0,82.82352941,59.63636364,125.33333329999999,244,0,0,0,0,0,0,11,656,6,752,8192,2052,4,20,0.0,0.0,0,0,0.0,0.0,0,0,BENIGN
80,4066947,4,0,24,0,6,6,6.0,0.0,0,0,0.0,0.0,5.901232546,0.983538758,1355649.0,2348049.481,4066943,0,4066947,1355649.0,2348049.481,4066943,0,0,0.0,0.0,0,0,0,0,0,0,80,0,0.983538758,0.0,6,6,6.0,0.0,0.0,0,0,0,0,1,0,0,0,0,7.5,6.0,0.0,80,0,0,0,0,0,0,4,24,0,0,256,-1,3,20,0.0,0.0,0,0,0.0,0.0,0,0,DDoS
22,134,1,1,0,0,0,0,0.0,0.0,0,0,0.0,0.0,0.0,14925.373130000002,134.0,0.0,134,134,0,0.0,0.0,0,0,0,0.0,0.0,0,0,0,0,0,0,32,32,7462.686567,7462.686567,0,0,0.0,0.0,0.0,0,0,0,0,1,1,0,0,1,0.0,0.0,0.0,32,0,0,0,0,0,0,1,0,1,0,290,243,0,32,0.0,0.0,0,0,0.0,0.0,0,0,BENIGN
80,7040809,4,0,24,0,6,6,6.0,0.0,0,0,0.0,0.0,3.408699199,0.568116533,2346936.333,4064295.905,7039981,264,7040809,2346936.333,4064295.905,7039981,264,0,0.0,0.0,0,0,0,0,0,0,80,0,0.568116533,0.0,6,6,6.0,0.0,0.0,0,0,0,0,1,0,0,0,0,7.5,6.0,0.0,80,0,0,0,0,0,0,4,24,0,0,256,-1,3,20,828.0,0.0,828,828,7039981.0,0.0,7039981,7039981,DDoS
1150,335,4,0,0,0,0,0,0.0,0.0,0,0,0.0,0.0,0.0,11940.298509999999,111.66666670000001,110.2739014,239,48,335,111.66666670000001,110.2739014,239,48,0,0.0,0.0,0,0,0,0,0,0,80,0,11940.298509999999,0.0,0,0,0.0,0.0,0.0,0,0,0,0,1,0,0,0,0,0.0,0.0,0.0,80,0,0,0,0,0,0,4,0,0,0,4657,-1,0,20,0.0,0.0,0,0,0.0,0.0,0,0,BENIGN
80,5116470,4,0,24,0,6,6,6.0,0.0,0,0,0.0,0.0,4.690734041,0.781789007,1705490.0,2953436.7460000003,5115825,278,5116470,1705490.0,2953436.7460000003,5115825,278,0,0.0,0.0,0,0,0,0,0,0,80,0,0.781789007,0.0,6,6,6.0,0.0,0.0,0,0,0,0,1,0,0,0,0,7.5,6.0,0.0,80,0,0,0,0,0,0,4,24,0,0,256,-1,3,20,645.0,0.0,645,645,5115825.0,0.0,5115825,5115825,DDoS
80,876728,3,6,26,11601,20,0,8.666666667000001,10.26320288,5840,0,1933.5,2189.7729329999997,13261.80982,10.26544151,109591.0,304550.2434,863232,4,13054,6527.0,9224.915067,13050,4,876635,175327.0,384592.1986,863232,14,0,0,0,0,72,132,3.421813835,6.84362767,0,5840,1162.7,1911.59573,3654198.233,0,0,0,1,0,0,0,0,2,1291.888889,8.666666667000001,1933.5,72,0,0,0,0,0,0,3,26,6,11601,8192,229,2,20,0.0,0.0,0,0,0.0,0.0,0,0,DDoS
80,2192034,4,0,24,0,6,6,6.0,0.0,0,0,0.0,0.0,10.94873528,1.8247892140000002,730678.0,1264950.483,2191317,273,2192034,730678.0,1264950.483,2191317,273,0,0.0,0.0,0,0,0,0,0,0,80,0,1.8247892140000002,0.0,6,6,6.0,0.0,0.0,0,0,0,0,1,0,0,0,0,7.5,6.0,0.0,80,0,0,0,0,0,0,4,24,0,0,256,-1,3,20,0.0,0.0,0,0,0.0,0.0,0,0,DDoS
80,5194640,5,5,72,628,72,0,14.4,32.19937888,623,0,125.6,278.06348199999996,134.7542852,1.9250612169999999,577182.2222,1660314.706,5003340,4,191300,47825.0,55090.015770000005,95921,4,5099552,1274888.0,2486065.067,5003389,4,0,0,0,0,168,168,0.962530608,0.962530608,0,623,63.63636364,186.7598847,34879.25455,0,0,0,1,0,0,0,0,1,70.0,14.4,125.6,168,0,0,0,0,0,0,5,72,5,628,29200,227,1,32,0.0,0.0,0,0,0.0,0.0,0,0,BENIGN
1128,48,2,0,31,0,31,0,15.5,21.92031022,0,0,0.0,0.0,645833.3333,41666.66667,48.0,0.0,48,48,48,48.0,0.0,48,48,0,0.0,0.0,0,0,1,0,0,0,40,0,41666.66667,0.0,0,31,20.66666667,17.89785834,320.3333333,0,1,0,0,1,0,0,0,0,31.0,15.5,0.0,40,0,0,0,0,0,0,2,31,0,0,946,-1,0,20,0.0,0.0,0,0,0.0,0.0,0,0,BENIGN
80,2989643,7,4,866,1492,433,0,123.7142857,211.28236580000004,746,0,373.0,430.7033008,788.7229345,3.679369075,298964.3,658683.6578,2095890,69,2989643,498273.8333,815309.6326,2095890,98,789933,263311.0,406350.334,732426,20451,0,0,0,0,152,92,2.341416684,1.337952391,0,746,196.5,305.20678530000004,93151.18182,0,0,0,1,0,0,0,0,0,214.36363640000002,123.7142857,373.0,152,0,0,0,0,0,0,7,866,4,1492,8192,351,2,20,0.0,0.0,0,0,0.0,0.0,0,0,BENIGN
443,336188,9,9,2907,6525,1829,0,323.0,608.3648165,1460,0,725.0,709.9382015,28055.73072,53.54147084,19775.76471,27336.165339999996,66029,15,336188,42023.5,43682.49649,119684,15,272124,34015.5,34008.15892,84599,44,0,0,0,0,192,192,26.77073542,26.77073542,0,1829,496.42105260000005,665.8454372,443350.1462,0,0,0,1,0,0,0,0,1,524.0,323.0,725.0,192,0,0,0,0,0,0,9,2907,9,6525,8192,510,4,20,0.0,0.0,0,0,0.0,0.0,0,0,BENIGN
49666,81,1,2,0,0,0,0,0.0,0.0,0,0,0.0,0.0,0.0,37037.037039999996,40.5,53.03300859,78,3,0,0.0,0.0,0,0,3,3.0,0.0,3,3,0,0,0,0,20,40,12345.67901,24691.35802,0,0,0.0,0.0,0.0,0,0,0,0,1,1,0,0,2,0.0,0.0,0.0,20,0,0,0,0,0,0,1,0,2,0,254,2052,0,20,0.0,0.0,0,0,0.0,0.0,0,0,BENIGN
80,6448146,4,0,24,0,6,6,6.0,0.0,0,0,0.0,0.0,3.7220000910000004,0.620333349,2149382.0,3722273.316,6447493,204,6448146,2149382.0,3722273.316,6447493,204,0,0.0,0.0,0,0,0,0,0,0,80,0,0.620333349,0.0,6,6,6.0,0.0,0.0,0,0,0,0,1,0,0,0,0,7.5,6.0,0.0,80,0,0,0,0,0,0,4,24,0,0,256,-1,3,20,653.0,0.0,653,653,6447493.0,0.0,6447493,6447493,DDoS
443,868178,8,9,661,5446,336,0,82.625,127.47990039999999,1460,0,605.1111111,656.3530766,7034.271774,19.58123795,54261.125,109782.5485,405378,1,815800,116542.8571,159963.5108,405378,346,817562,102195.25,166157.5952,457864,1,0,0,0,0,184,192,9.214700211,10.36653774,0,1460,339.27777779999997,533.4809998,284601.9771,0,0,0,1,0,0,0,0,1,359.23529410000003,82.625,605.1111111,184,0,0,0,0,0,0,8,661,9,5446,8192,40,3,20,0.0,0.0,0,0,0.0,0.0,0,0,BENIGN
80,11788,2,0,0,0,0,0,0.0,0.0,0,0,0.0,0.0,0.0,169.66406519999998,11788.0,0.0,11788,11788,11788,11788.0,0.0,11788,11788,0,0.0,0.0,0,0,0,0,0,0,40,0,169.66406519999998,0.0,0,0,0.0,0.0,0.0,0,0,0,0,1,0,0,0,0,0.0,0.0,0.0,40,0,0,0,0,0,0,2,0,0,0,256,-1,0,20,0.0,0.0,0,0,0.0,0.0,0,0,BENIGN
80,6077709,4,0,24,0,6,6,6.0,0.0,0,0,0.0,0.0,3.9488563869999997,0.658142731,2025903.0,3508391.02,6077044,301,6077709,2025903.0,3508391.02,6077044,301,0,0.0,0.0,0,0,0,0,0,0,80,0,0.658142731,0.0,6,6,6.0,0.0,0.0,0,0,0,0,1,0,0,0,0,7.5,6.0,0.0,80,0,0,0,0,0,0,4,24,0,0,256,-1,3,20,665.0,0.0,665,665,6077044.0,0.0,6077044,6077044,DDoS
443,7693,2,0,0,0,0,0,0.0,0.0,0,0,0.0,0.0,0.0,259.9766021,7693.0,0.0,7693,7693,7693,7693.0,0.0,7693,7693,0,0.0,0.0,0,0,0,0,0,0,64,0,259.9766021,0.0,0,0,0.0,0.0,0.0,0,0,0,0,1,0,0,0,0,0.0,0.0,0.0,64,0,0,0,0,0,0,2,0,0,0,743,-1,0,32,0.0,0.0,0,0,0.0,0.0,0,0,BENIGN
80,642654,3,6,26,11607,20,0,8.666666667000001,10.26320288,5840,0,1934.5,2538.9192780000003,18101.49785,14.004425400000002,80331.75,226824.6943,641694,3,801,400.5,540.9366876,783,18,642493,128498.6,286885.1169,641694,3,0,0,0,0,72,132,4.668141799,9.336283599,0,5840,1163.3,2138.329153,4572451.567,0,0,0,1,0,0,0,0,2,1292.555556,8.666666667000001,1934.5,72,0,0,0,0,0,0,3,26,6,11607,8192,229,2,20,0.0,0.0,0,0,0.0,0.0,0,0,DDoS
80,915826,3,6,26,11607,20,0,8.666666667000001,10.26320288,5840,0,1934.5,2538.9192780000003,12702.194520000001,9.827194249,114478.25,323410.8252,914879,3,771,385.5,521.1376977,754,17,915774,183154.8,409046.3968,914879,3,0,0,0,0,72,132,3.275731416,6.551462832,0,5840,1163.3,2138.329153,4572451.567,0,0,0,1,0,0,0,0,2,1292.555556,8.666666667000001,1934.5,72,0,0,0,0,0,0,3,26,6,11607,8192,229,2,20,0.0,0.0,0,0,0.0,0.0,0,0,DDoS
443,418361,7,7,315,5125,189,0,45.0,78.97467949,1689,0,732.1428571,763.4152275,13003.1241,33.46392231,32181.615380000003,63583.43232000001,228719,43,418361,69726.83333,98093.57211000001,261791,1538,383555,63925.833329999994,91694.08111,228719,89,0,0,0,0,164,152,16.73196115,16.73196115,0,1689,362.6666667,616.8896251,380552.8095,0,0,0,1,0,0,0,0,1,388.57142860000005,45.0,732.1428571,164,0,0,0,0,0,0,7,315,7,5125,8192,55,2,20,0.0,0.0,0,0,0.0,0.0,0,0,BENIGN
80,8036938,5,0,30,0,6,6,6.0,0.0,0,0,0.0,0.0,3.7327648910000004,0.622127482,2009234.5,4017804.36,8035941,1,8036938,2009234.5,4017804.36,8035941,1,0,0.0,0.0,0,0,0,0,0,0,100,0,0.622127482,0.0,6,6,6.0,0.0,0.0,0,0,0,0,1,0,0,0,0,7.2,6.0,0.0,100,0,0,0,0,0,0,5,30,0,0,256,-1,4,20,997.0,0.0,997,997,8035941.0,0.0,8035941,8035941,DDoS
80,21958,3,4,26,11601,20,0,8.666666667000001,10.26320288,8760,0,2900.25,4128.3193009999995,529510.8844,318.7904181,3659.666667,7883.064878,19705,62,19922,9961.0,13867.77819,19767,155,21896,7298.666667,10960.50137,19933,339,0,0,0,0,72,92,136.6244649,182.1659532,0,8760,1453.375,3113.952607,9696700.839,0,0,0,1,0,0,0,0,1,1661.0,8.666666667000001,2900.25,72,0,0,0,0,0,0,3,26,4,11601,8192,229,2,20,0.0,0.0,0,0,0.0,0.0,0,0,DDoS
80,7007965,4,0,24,0,6,6,6.0,0.0,0,0,0.0,0.0,3.424674638,0.570779106,2335988.333,4045465.912,7007290,329,7007965,2335988.333,4045465.912,7007290,329,0,0.0,0.0,0,0,0,0,0,0,80,0,0.570779106,0.0,6,6,6.0,0.0,0.0,0,0,0,0,1,0,0,0,0,7.5,6.0,0.0,80,0,0,0,0,0,0,4,24,0,0,256,-1,3,20,675.0,0.0,675,675,7007290.0,0.0,7007290,7007290,DDoS
443,684,2,0,0,0,0,0,0.0,0.0,0,0,0.0,0.0,0.0,2923.976608,684.0,0.0,684,684,684,684.0,0.0,684,684,0,0.0,0.0,0,0,0,0,0,0,64,0,2923.976608,0.0,0,0,0.0,0.0,0.0,0,0,0,0,1,0,0,0,0,0.0,0.0,0.0,64,0,0,0,0,0,0,2,0,0,0,437,-1,0,32,0.0,0.0,0,0,0.0,0.0,0,0,BENIGN
389,58251194,27,19,5104,8670,1293,0,189.037037,341.6459573,3069,0,456.31578949999994,774.3691377,236.45867239999998,0.789683384,1294470.978,8673753.923,58200000,1,58300000,2240430.538,11400000.0,58200000,1,64332,3574.0,11186.42385,45688,3,0,0,0,0,880,624,0.463509812,0.32617357199999997,0,3069,293.0638298,565.5483835,319844.9741,0,0,0,1,0,0,0,0,0,299.43478260000006,189.037037,456.31578949999994,880,0,0,0,0,0,0,27,5104,19,8670,29200,2078,16,32,0.0,0.0,0,0,0.0,0.0,0,0,BENIGN
443,199382,11,12,561,5370,195,0,51.0,74.11882352,2920,0,447.5,979.0217287999999,29746.917980000002,115.3564514,9062.818181999999,11897.37155,29370,3,170882,17088.2,14142.59515,34964,17,170403,15491.181819999998,17415.61005,41757,3,0,0,0,0,232,252,55.17047677,60.18597466,0,2920,247.125,709.0790912,502793.1576,0,0,0,1,0,0,0,0,1,257.86956519999995,51.0,447.5,232,0,0,0,0,0,0,11,561,12,5370,8192,12501,5,20,0.0,0.0,0,0,0.0,0.0,0,0,BENIGN
80,906594,3,5,26,11607,20,0,8.666666667000001,10.26320288,7215,0,2321.4,3327.7697940000003,12831.54312,8.824236648,129513.4286,342302.3252,905782,3,586,293.0,410.12193310000004,583,3,906583,226645.75,452757.5804,905782,4,0,0,0,0,72,112,3.309088743,5.515147905,0,7215,1292.555556,2650.585648,7025604.278,0,0,0,1,0,0,0,0,1,1454.125,8.666666667000001,2321.4,72,0,0,0,0,0,0,3,26,5,11607,8192,229,2,20,0.0,0.0,0,0,0.0,0.0,0,0,DDoS
123,79022373,8,8,384,384,48,48,48.0,0.0,48,48,48.0,0.0,9.718766608,0.202474304,5268158.2,14600000.0,57000000,22191,79000000,11300000.0,20500000.0,57000000,1999850,79000000,11300000.0,20500000.0,57000000,1999705,0,0,0,0,208,208,0.101237152,0.101237152,48,48,48.0,0.0,0.0,0,0,0,0,0,0,0,0,1,51.0,48.0,48.0,208,0,0,0,0,0,0,8,384,8,384,-1,-1,7,20,5022396.5,7070816.789,10000000,22574,34500000.0,31800000.0,57000000,12000000,BENIGN
1047,34,3,1,0,0,0,0,0.0,0.0,0,0,0.0,0.0,0.0,117647.0588,11.33333333,7.234178138,16,3,18,9.0,8.485281374,15,3,0,0.0,0.0,0,0,0,0,0,0,60,20,88235.29412,29411.764710000003,0,0,0.0,0.0,0.0,1,0,0,0,1,0,0,0,0,0.0,0.0,0.0,60,0,0,0,0,0,0,3,0,1,0,0,256,0,20,0.0,0.0,0,0,0.0,0.0,0,0,BENIGN
123,88072273,9,9,432,432,48,48,48.0,0.0,48,48,48.0,0.0,9.810124919,0.204377602,5180721.941000001,14400000.0,58900000,71904,88000000,11000000.0,20100000.0,59000000,1999879,88000000,11000000.0,20100000.0,59000000,1999839,0,0,0,0,212,200,0.102188801,0.102188801,48,48,48.0,0.0,0.0,0,0,0,0,0,0,0,0,1,50.66666667,48.0,48.0,212,0,0,0,0,0,0,9,432,9,432,-1,-1,8,0,6072157.5,5656908.697000001,10100000,2072119,37900000.0,29700000.0,58900000,16900000,BENIGN
389,8062,13,11,5754,940,1684,0,442.61538459999997,660.3381127,210,0,85.45454545,99.28581332,830315.0583,2976.928802,350.52173910000005,952.3574992,3974,3,8062,671.8333332999999,1294.3788140000001,4056,3,8003,800.3,1458.0917550000001,4225,3,0,0,0,0,284,244,1612.503101,1364.425701,0,1684,267.76,506.8647321,256911.8567,0,0,0,1,0,0,0,0,0,278.9166667,442.61538459999997,85.45454545,284,0,0,0,0,0,0,13,5754,11,940,8192,0,8,20,0.0,0.0,0,0,0.0,0.0,0,0,BENIGN
123,71022316,8,8,384,384,48,48,48.0,0.0,48,48,48.0,0.0,10.81350262,0.225281305,4734821.067,14200000.0,56000000,28714,71000000,10100000.0,20300000.0,56000000,1982935,71000000,10100000.0,20300000.0,56000000,1982967,0,0,0,0,184,184,0.112640652,0.112640652,48,48,48.0,0.0,0.0,0,0,0,0,0,0,0,0,1,51.0,48.0,48.0,184,0,0,0,0,0,0,8,384,8,384,-1,-1,7,20,15000000.0,0.0,15000000,15000000,56000000.0,0.0,56000000,56000000,BENIGN
443,693,2,0,0,0,0,0,0.0,0.0,0,0,0.0,0.0,0.0,2886.0028859999998,693.0,0.0,693,693,693,693.0,0.0,693,693,0,0.0,0.0,0,0,0,0,0,0,64,0,2886.0028859999998,0.0,0,0,0.0,0.0,0.0,0,0,0,0,1,0,0,0,0,0.0,0.0,0.0,64,0,0,0,0,0,0,2,0,0,0,343,-1,0,32,0.0,0.0,0,0,0.0,0.0,0,0,BENIGN
53,23853,1,1,43,99,43,43,43.0,0.0,99,99,99.0,0.0,5953.129585000001,83.84689557,23853.0,0.0,23853,23853,0,0.0,0.0,0,0,0,0.0,0.0,0,0,0,0,0,0,20,20,41.92344778,41.92344778,43,99,61.66666667,32.33161507,1045.333333,0,0,0,0,0,0,0,0,1,92.5,43.0,99.0,20,0,0,0,0,0,0,1,43,1,99,-1,-1,0,20,0.0,0.0,0,0,0.0,0.0,0,0,BENIGN
123,67071862,7,7,336,336,48,48,48.0,0.0,48,48,48.0,0.0,10.01910458,0.208731345,5159374.0,15600000.0,56900000,71960,67000000,11200000.0,22500000.0,57000000,1999890,67000000,11200000.0,22500000.0,57000000,1999591,0,0,0,0,188,188,0.104365673,0.104365673,48,48,48.0,0.0,0.0,0,0,0,0,0,0,0,0,1,51.42857143,48.0,48.0,188,0,0,0,0,0,0,7,336,7,336,-1,-1,6,20,10100000.0,0.0,10100000,10100000,56900000.0,0.0,56900000,56900000,BENIGN
80,26641766,4,4,227,301,227,0,56.75,113.5,301,0,75.25,150.5,19.81850603,0.300280394,3805966.5710000005,10000000.0,26600000,30,75494,25164.66667,21765.99872,38095,35,26600000,8868151.332999999,15300000.0,26600000,736,0,0,0,0,92,92,0.150140197,0.150140197,0,301,58.66666667,117.8738733,13894.25,0,0,0,1,0,0,0,0,1,66.0,56.75,75.25,92,0,0,0,0,0,0,4,227,4,301,65535,946,1,20,0.0,0.0,0,0,0.0,0.0,0,0,BENIGN
80,183176,3,6,26,11607,20,0,8.666666667000001,10.26320288,4380,0,1934.5,2177.344966,63507.22802,49.1330742,22897.0,64410.49545,182304,2,806,403.0,435.5777772,711,95,183097,36619.4,81445.20037,182312,2,0,0,0,0,72,132,16.3776914,32.7553828,0,4380,1163.3,1903.962654,3625073.789,0,0,0,1,0,0,0,0,2,1292.555556,8.666666667000001,1934.5,72,0,0,0,0,0,0,3,26,6,11607,8192,229,2,20,0.0,0.0,0,0,0.0,0.0,0,0,DDoS
80,468441,3,5,26,11607,20,0,8.666666667000001,10.26320288,10220,0,2321.4,4455.182578,24833.436869999998,17.07792443,66920.14286,176536.6427,467267,2,932,466.0,654.7808794,929,3,468389,117097.25,233446.8598,467267,2,0,0,0,0,72,112,6.4042216629999995,10.67370277,0,10220,1292.555556,3378.2990210000003,11400000.0,0,0,0,1,0,0,0,0,1,1454.125,8.666666667000001,2321.4,72,0,0,0,0,0,0,3,26,5,11607,8192,229,2,20,0.0,0.0,0,0,0.0,0.0,0,0,DDoS
443,1091171,15,16,833,7098,234,0,55.53333333,81.71716612,1690,0,443.625,661.6589126,7268.338326000001,28.40984594,36372.366669999996,103277.0058,512356,1,1091171,77940.78571,148786.8209,512356,48,1061607,70773.8,195967.4713,746636,1,0,0,0,0,312,332,13.74669965,14.66314629,0,1690,247.84375,504.4906796,254510.8458,0,0,0,1,0,0,0,0,1,255.8387097,55.53333333,443.625,312,0,0,0,0,0,0,15,833,16,7098,8192,12501,7,20,0.0,0.0,0,0,0.0,0.0,0,0,BENIGN
80,6036872,4,0,24,0,6,6,6.0,0.0,0,0,0.0,0.0,3.975568805,0.662594801,2012290.667,3484522.818,6035871,3,6036872,2012290.667,3484522.818,6035871,3,0,0.0,0.0,0,0,0,0,0,0,80,0,0.662594801,0.0,6,6,6.0,0.0,0.0,0,0,0,0,1,0,0,0,0,7.5,6.0,0.0,80,0,0,0,0,0,0,4,24,0,0,256,-1,3,20,1001.0,0.0,1001,1001,6035871.0,0.0,6035871,6035871,DDoS
123,4022869,3,3,144,144,48,48,48.0,0.0,48,48,48.0,0.0,71.59069808,1.4914728769999999,804573.8,1070691.442,1977491,22509,3999993,1999996.5,4.949747468,2000000,1999993,4000300,2000150.0,306.884343,2000367,1999933,0,0,0,0,72,72,0.745736438,0.745736438,48,48,48.0,0.0,0.0,0,0,0,0,0,0,0,0,1,56.0,48.0,48.0,72,0,0,0,0,0,0,3,144,3,144,-1,-1,2,20,0.0,0.0,0,0,0.0,0.0,0,0,BENIGN
5353,89801855,215,0,28468,0,292,39,132.4093023,90.01770286,0,0,0.0,0.0,317.0090417,2.3941598980000003,419634.8364,2909229.0519999997,32000000,0,89800000,419634.8364,2909229.0519999997,32000000,0,0,0.0,0.0,0,0,0,0,0,0,3318,0,2.3941598980000003,0.0,39,292,133.0555556,90.3089615,8155.708527,0,0,0,0,0,0,0,0,0,133.6744186,132.4093023,0.0,3318,0,0,0,0,0,0,215,28468,0,0,-1,-1,214,0,3022883.75,3577148.203,7004138,13,19400000.0,10100000.0,32000000,8000740,BENIGN
80,4037927,5,0,30,0,6,6,6.0,0.0,0,0,0.0,0.0,7.429554819,1.238259136,1009481.75,2017634.888,4035934,1,4037927,1009481.75,2017634.888,4035934,1,0,0.0,0.0,0,0,0,0,0,0,100,0,1.238259136,0.0,6,6,6.0,0.0,0.0,0,0,0,0,1,0,0,0,0,7.2,6.0,0.0,100,0,0,0,0,0,0,5,30,0,0,256,-1,4,20,0.0,0.0,0,0,0.0,0.0,0,0,DDoS
443,5027591,8,7,363,5457,206,0,45.375,78.19561095,2021,0,779.5714286,839.3100057,1157.612065,2.98353625,359113.6429,1248577.6979999999,4691942,4,5027591,718227.2857,1754791.04,4691942,4,304494,50749.0,90937.19378,233472,49,0,0,0,0,184,152,1.5912193330000002,1.3923169169999998,0,2021,363.75,654.3707919,428201.1333,0,0,0,1,0,0,0,0,0,388.0,45.375,779.5714286,184,0,0,0,0,0,0,8,363,7,5457,8192,119,3,20,0.0,0.0,0,0,0.0,0.0,0,0,BENIGN
88,549,7,4,2762,2820,1381,0,394.57142860000005,673.8590004,1410,0,705.0,814.0638796000001,10200000.0,20036.42987,54.9,76.08978614,258,0,549,91.5,145.45892890000002,384,2,467,155.66666669999998,185.618785,370,48,0,0,0,0,164,104,12750.45537,7285.974498999999,0,1410,465.16666669999995,687.1523363,472178.3333,0,0,0,1,0,0,0,0,0,507.4545455,394.57142860000005,705.0,164,0,0,0,0,0,0,7,2762,4,2820,8192,2053,2,20,0.0,0.0,0,0,0.0,0.0,0,0,BENIGN
389,14737,17,12,3452,6654,1313,0,203.05882350000002,425.7784739,1621,0,554.5,727.5332545,685756.9383,1967.836059,526.3214286,2431.6591359999998,12919,0,14737,921.0625,3206.354679,12919,0,14569,1324.4545449999998,4048.0990439999996,13522,1,0,0,0,0,560,400,1153.559069,814.2769899,0,1621,336.8666667,578.6183146000001,334799.154,0,0,0,1,0,0,0,0,0,348.4827586,203.05882350000002,554.5,560,0,0,0,0,0,0,17,3452,12,6654,29200,2075,10,32,0.0,0.0,0,0,0.0,0.0,0,0,BENIGN
443,535,2,0,0,0,0,0,0.0,0.0,0,0,0.0,0.0,0.0,3738.3177570000003,535.0,0.0,535,535,535,535.0,0.0,535,535,0,0.0,0.0,0,0,0,0,0,0,64,0,3738.3177570000003,0.0,0,0,0.0,0.0,0.0,0,0,0,0,1,0,0,0,0,0.0,0.0,0.0,64,0,0,0,0,0,0,2,0,0,0,372,-1,0,32,0.0,0.0,0,0,0.0,0.0,0,0,BENIGN
80,11390,3,6,26,11601,20,0,8.666666667000001,10.26320288,4380,0,1933.5,1757.789948,1020807.7259999999,790.1668129999999,1423.75,3515.9235630000003,10112,19,10259,5129.5,7073.1891319999995,10131,128,11371,2274.2,4579.863665999999,10456,50,0,0,0,0,72,132,263.3889377,526.7778753,0,4380,1162.7,1645.2417619999999,2706820.4560000002,0,0,0,1,0,0,0,0,2,1291.888889,8.666666667000001,1933.5,72,0,0,0,0,0,0,3,26,6,11601,8192,229,2,20,0.0,0.0,0,0,0.0,0.0,0,0,DDoS
135,65,1,1,0,0,0,0,0.0,0.0,0,0,0.0,0.0,0.0,30769.23077,65.0,0.0,65,65,0,0.0,0.0,0,0,0,0.0,0.0,0,0,0,0,0,0,20,20,15384.615380000001,15384.615380000001,0,0,0.0,0.0,0.0,0,0,0,0,1,1,0,0,1,0.0,0.0,0.0,20,0,0,0,0,0,0,1,0,1,0,253,2051,0,20,0.0,0.0,0,0,0.0,0.0,0,0,BENIGN
80,6071099,4,0,24,0,6,6,6.0,0.0,0,0,0.0,0.0,3.9531557630000003,0.658859294,2023699.667,3504505.453,6070354,325,6071099,2023699.667,3504505.453,6070354,325,0,0.0,0.0,0,0,0,0,0,0,80,0,0.658859294,0.0,6,6,6.0,0.0,0.0,0,0,0,0,1,0,0,0,0,7.5,6.0,0.0,80,0,0,0,0,0,0,4,24,0,0,256,-1,3,20,745.0,0.0,745,745,6070354.0,0.0,6070354,6070354,DDoS
445,90000196,10,10,8,2,1,0,0.8,0.421637021,1,0,0.2,0.421637021,0.111110869,0.222221738,4736852.421,11200000.0,30000000,1,90000000,10000000.0,15000000.0,30000000,3,90000000,10000000.0,15000000.0,30000000,3,0,0,0,0,224,296,0.111110869,0.111110869,0,1,0.523809524,0.511766316,0.261904762,0,0,0,0,1,0,0,0,1,0.55,0.8,0.2,224,0,0,0,0,0,0,10,8,10,2,253,2047,7,20,16680.66667,28773.98835,49906,50,30000000.0,28836.416719999997,30000000,30000000,BENIGN
1113,20239,6,1,454,0,318,0,75.66666667,120.9258726,0,0,0.0,0.0,22431.93834,345.86689069999994,3373.166667,7971.257904000001,19639,0,20239,4047.8,8719.497847,19639,0,0,0.0,0.0,0,0,1,0,0,0,120,20,296.4573348,49.40955581,0,318,96.5,138.40623440000002,19156.28571,0,1,0,0,1,0,0,0,0,110.2857143,75.66666667,0.0,120,0,0,0,0,0,0,6,454,1,0,343,0,3,20,0.0,0.0,0,0,0.0,0.0,0,0,BENIGN
389,337,11,4,172,326,79,0,15.63636364,31.4492376,163,0,81.5,94.10809388,1477744.8069999998,44510.385760000005,24.07142857,21.87187968,49,0,337,33.7,38.0848468,102,0,256,85.33333333,62.93117934,158,49,0,0,0,0,368,144,32640.94955,11869.4362,0,163,31.125,57.86060836,3347.85,0,0,0,1,0,0,0,0,0,33.2,15.63636364,81.5,368,0,0,0,0,0,0,11,172,4,326,29200,2081,4,32,0.0,0.0,0,0,0.0,0.0,0,0,BENIGN
88,640,7,4,440,358,220,0,62.85714286,107.34900800000001,179,0,89.5,103.3456982,1246875.0,17187.5,64.0,135.557286,445,1,640,106.66666670000001,194.3251571,497,1,538,179.33333330000002,303.6862416,530,4,0,0,0,0,164,104,10937.5,6250.0,0,220,66.5,99.00183653,9801.363636,0,0,0,1,0,0,0,0,0,72.54545455,62.85714286,89.5,164,0,0,0,0,0,0,7,440,4,358,8192,2053,2,20,0.0,0.0,0,0,0.0,0.0,0,0,BENIGN
49666,56,1,1,0,0,0,0,0.0,0.0,0,0,0.0,0.0,0.0,35714.285710000004,56.0,0.0,56,56,0,0.0,0.0,0,0,0,0.0,0.0,0,0,0,0,0,0,20,20,17857.14286,17857.14286,0,0,0.0,0.0,0.0,0,0,0,0,1,1,0,0,1,0.0,0.0,0.0,20,0,0,0,0,0,0,1,0,1,0,256,2048,0,20,0.0,0.0,0,0,0.0,0.0,0,0,BENIGN
80,6735,2,0,0,0,0,0,0.0,0.0,0,0,0.0,0.0,0.0,296.956199,6735.0,0.0,6735,6735,6735,6735.0,0.0,6735,6735,0,0.0,0.0,0,0,0,0,0,0,40,0,296.956199,0.0,0,0,0.0,0.0,0.0,0,0,0,0,1,0,0,0,0,0.0,0.0,0.0,40,0,0,0,0,0,0,2,0,0,0,63586,-1,0,20,0.0,0.0,0,0,0.0,0.0,0,0,BENIGN
80,13218,2,0,0,0,0,0,0.0,0.0,0,0,0.0,0.0,0.0,151.30882130000003,13218.0,0.0,13218,13218,13218,13218.0,0.0,13218,13218,0,0.0,0.0,0,0,0,0,0,0,40,0,151.30882130000003,0.0,0,0,0.0,0.0,0.0,0,0,0,0,1,0,0,0,0,0.0,0.0,0.0,40,0,0,0,0,0,0,2,0,0,0,253,-1,0,20,0.0,0.0,0,0,0.0,0.0,0,0,BENIGN
80,3629,2,0,0,0,0,0,0.0,0.0,0,0,0.0,0.0,0.0,551.1160099,3629.0,0.0,3629,3629,3629,3629.0,0.0,3629,3629,0,0.0,0.0,0,0,0,0,0,0,40,0,551.1160099,0.0,0,0,0.0,0.0,0.0,0,0,0,0,1,0,0,0,0,0.0,0.0,0.0,40,0,0,0,0,0,0,2,0,0,0,64130,-1,0,20,0.0,0.0,0,0,0.0,0.0,0,0,BENIGN
389,0,2,0,7,0,7,0,3.5,4.949747468,0,0,0.0,0.0,inf,inf,0.0,0.0,0,0,0,0.0,0.0,0,0,0,0.0,0.0,0,0,1,0,0,0,64,0,0.0,0.0,0,7,4.666666667,4.041451884,16.33333333,0,1,0,0,1,0,0,0,0,7.0,3.5,0.0,64,0,0,0,0,0,0,2,7,0,0,237,-1,0,32,0.0,0.0,0,0,0.0,0.0,0,0,BENIGN
123,67015945,8,8,384,384,48,48,48.0,0.0,48,48,48.0,0.0,11.45995927,0.23874915100000002,4467729.666999999,14300000.0,56000000,16154,67000000,9571398.714,20500000.0,56000000,1014242,67000000,9571389.143,20500000.0,56000000,1014583,0,0,0,0,152,152,0.119374576,0.119374576,48,48,48.0,0.0,0.0,0,0,0,0,0,0,0,0,1,51.0,48.0,48.0,152,0,0,0,0,0,0,8,384,8,384,-1,-1,7,0,11000000.0,0.0,11000000,11000000,56000000.0,0.0,56000000,56000000,BENIGN
135,14241853,11,6,656,560,168,0,59.63636364,82.78076193,172,0,93.33333333,77.75517132,85.38214796,1.1936648970000001,890115.8125,3507027.835,14000000,1,14200000,1424185.3,4433240.813,14000000,1,615,123.0,156.21139519999997,366,4,0,0,0,0,244,144,0.772371404,0.42129349299999996,0,172,67.55555556,79.70402767,6352.732026,0,0,0,1,0,0,0,0,0,71.52941176,59.63636364,93.33333333,244,0,0,0,0,0,0,11,656,6,560,8192,2052,4,20,0.0,0.0,0,0,0.0,0.0,0,0,BENIGN
443,15138,2,0,0,0,0,0,0.0,0.0,0,0,0.0,0.0,0.0,132.1178491,15138.0,0.0,15138,15138,15138,15138.0,0.0,15138,15138,0,0.0,0.0,0,0,0,0,0,0,40,0,132.1178491,0.0,0,0,0.0,0.0,0.0,0,0,0,0,1,0,0,0,0,0.0,0.0,0.0,40,0,0,0,0,0,0,2,0,0,0,254,-1,0,20,0.0,0.0,0,0,0.0,0.0,0,0,BENIGN
49174,36,3,1,0,0,0,0,0.0,0.0,0,0,0.0,0.0,0.0,111111.1111,12.0,7.937253932999999,18,3,18,9.0,8.485281374,15,3,0,0.0,0.0,0,0,0,0,0,0,60,20,83333.33333,27777.77778,0,0,0.0,0.0,0.0,1,0,0,0,1,0,0,0,0,0.0,0.0,0.0,60,0,0,0,0,0,0,3,0,1,0,0,254,0,20,0.0,0.0,0,0,0.0,0.0,0,0,BENIGN
80,15548,3,6,26,11607,20,0,8.666666667000001,10.26320288,4380,0,1934.5,2177.344966,748199.1253,578.8525855,1943.5,5014.349011,14332,4,1069,534.5,686.6006844999999,1020,49,15416,3083.2,6302.984309,14332,4,0,0,0,0,72,132,192.9508618,385.9017237,0,4380,1163.3,1903.962654,3625073.789,0,0,0,1,0,0,0,0,2,1292.555556,8.666666667000001,1934.5,72,0,0,0,0,0,0,3,26,6,11607,8192,229,2,20,0.0,0.0,0,0,0.0,0.0,0,0,DDoS
1054,24,1,1,0,0,0,0,0.0,0.0,0,0,0.0,0.0,0.0,83333.33333,24.0,0.0,24,24,0,0.0,0.0,0,0,0,0.0,0.0,0,0,0,0,0,0,20,20,41666.66667,41666.66667,0,0,0.0,0.0,0.0,0,0,0,0,1,0,0,0,1,0.0,0.0,0.0,20,0,0,0,0,0,0,1,0,1,0,2053,251,0,20,0.0,0.0,0,0,0.0,0.0,0,0,BENIGN
80,4036939,4,0,24,0,6,6,6.0,0.0,0,0,0.0,0.0,5.9450985020000005,0.99084975,1345646.333,2329857.5069999998,4035934,49,4036939,1345646.333,2329857.5069999998,4035934,49,0,0.0,0.0,0,0,0,0,0,0,80,0,0.99084975,0.0,6,6,6.0,0.0,0.0,0,0,0,0,1,0,0,0,0,7.5,6.0,0.0,80,0,0,0,0,0,0,4,24,0,0,256,-1,3,20,0.0,0.0,0,0,0.0,0.0,0,0,DDoS
53,121628,1,1,51,149,51,51,51.0,0.0,149,149,149.0,0.0,1644.358207,16.44358207,121628.0,0.0,121628,121628,0,0.0,0.0,0,0,0,0.0,0.0,0,0,0,0,0,0,20,20,8.221791035,8.221791035,51,149,83.66666667,56.58032638,3201.333333,0,0,0,0,0,0,0,0,1,125.5,51.0,149.0,20,0,0,0,0,0,0,1,51,1,149,-1,-1,0,20,0.0,0.0,0,0,0.0,0.0,0,0,BENIGN
389,112962280,46,27,9834,11710,1337,0,213.78260869999997,306.1758328,3069,0,433.70370369999995,642.2746725,190.7185301,0.646233415,1568920.5559999999,4813490.8319999995,16400000,1,113000000,2510272.889,5913603.333,16400000,1,113000000,4344698.5,7301900.373,16400000,3,0,0,0,0,1488,880,0.40721557700000005,0.23901783899999998,0,3069,291.1351351,466.0044777,217160.1733,0,0,0,1,0,0,0,0,0,295.1232877,213.78260869999997,433.70370369999995,1488,0,0,0,0,0,0,46,9834,27,11710,29200,2076,24,32,9393.428570999999,23989.27995,63796,318,16100000.0,496964.8891,16400000,15400000,BENIGN
88,639,7,4,466,414,233,0,66.57142857,113.6923585,207,0,103.5,119.5115057,1377151.8,17214.3975,63.9,117.13283059999999,380,1,639,106.5,196.9758868,503,1,469,156.33333330000002,264.7155706,462,3,0,0,0,0,164,104,10954.616590000001,6259.780908,0,233,73.33333333,108.6038115,11794.78788,0,0,0,1,0,0,0,0,0,80.0,66.57142857,103.5,164,0,0,0,0,0,0,7,466,4,414,8192,2053,2,20,0.0,0.0,0,0,0.0,0.0,0,0,BENIGN
80,8037798,5,0,30,0,6,6,6.0,0.0,0,0,0.0,0.0,3.7323655060000003,0.622060918,2009449.5,4018233.027,8036799,2,8037798,2009449.5,4018233.027,8036799,2,0,0.0,0.0,0,0,0,0,0,0,100,0,0.622060918,0.0,6,6,6.0,0.0,0.0,0,0,0,0,1,0,0,0,0,7.2,6.0,0.0,100,0,0,0,0,0,0,5,30,0,0,256,-1,4,20,999.0,0.0,999,999,8036799.0,0.0,8036799,8036799,DDoS
137,1614495,27,0,1350,0,50,50,50.0,0.0,0,0,0.0,0.0,836.1747791,16.72349558,62095.96154,219359.7573,807336,1,1614495,62095.96154,219359.7573,807336,1,0,0.0,0.0,0,0,0,0,0,0,864,0,16.72349558,0.0,50,50,50.0,0.0,0.0,0,0,0,0,0,0,0,0,0,51.85185185,50.0,0.0,864,0,0,0,0,0,0,27,1350,0,0,-1,-1,26,32,0.0,0.0,0,0,0.0,0.0,0,0,BENIGN
123,67059625,7,7,336,336,48,48,48.0,0.0,48,48,48.0,0.0,10.02093286,0.208769435,5158432.692,15600000.0,56900000,50347,67000000,11200000.0,22500000.0,57000000,1999872,67000000,11200000.0,22500000.0,57000000,1986820,0,0,0,0,152,152,0.10438471699999999,0.10438471699999999,48,48,48.0,0.0,0.0,0,0,0,0,0,0,0,0,1,51.42857143,48.0,48.0,152,0,0,0,0,0,0,7,336,7,336,-1,-1,6,20,10100000.0,0.0,10100000,10100000,56900000.0,0.0,56900000,56900000,BENIGN
80,38412,3,4,26,11601,20,0,8.666666667000001,10.26320288,7215,0,2900.25,3540.00286,302691.8671,182.23471830000003,6402.0,9842.79184,21045,19,21193,10596.5,14803.28046,21064,129,38393,12797.66667,11156.52385,21281,160,0,0,0,0,72,92,78.10059356,104.1341248,0,7215,1453.375,2786.259804,7763243.696,0,0,0,1,0,0,0,0,1,1661.0,8.666666667000001,2900.25,72,0,0,0,0,0,0,3,26,4,11601,8192,229,2,20,0.0,0.0,0,0,0.0,0.0,0,0,DDoS
389,26534,17,12,3452,6654,1313,0,203.05882350000002,425.7784739,3069,0,554.5,977.7881812,380869.8274,1092.937363,947.6428571,4642.216315,24628,1,26534,1658.375,6128.181240999999,24628,1,26442,2403.818182,7574.998017,25239,3,0,0,0,0,560,388,640.6874199,452.2499435,0,3069,336.8666667,704.7521322000001,496675.5678,0,0,0,1,0,0,0,0,0,348.4827586,203.05882350000002,554.5,560,0,0,0,0,0,0,17,3452,12,6654,29200,0,10,32,0.0,0.0,0,0,0.0,0.0,0,0,BENIGN
443,7148,2,0,0,0,0,0,0.0,0.0,0,0,0.0,0.0,0.0,279.79854500000005,7148.0,0.0,7148,7148,7148,7148.0,0.0,7148,7148,0,0.0,0.0,0,0,0,0,0,0,64,0,279.79854500000005,0.0,0,0,0.0,0.0,0.0,0,0,0,0,1,0,0,0,0,0.0,0.0,0.0,64,0,0,0,0,0,0,2,0,0,0,755,-1,0,32,0.0,0.0,0,0,0.0,0.0,0,0,BENIGN
443,43843756,27,26,1029,28394,517,0,38.11111111,120.3866634,3069,0,1092.076923,858.0099264,671.0875774,1.208838038,843149.1538,2657237.244,10000000,8,43800000,1686291.5769999998,3643473.73,10200000,110,43700000,1747815.68,3711404.1010000003,10200000,171,0,0,0,0,872,840,0.615823152,0.593014887,0,3069,544.8703704,798.5514017999999,637684.3414,0,0,0,1,0,0,0,0,0,555.1509434,38.11111111,1092.076923,872,0,0,0,0,0,0,27,1029,26,28394,29200,252,3,32,1110452.25,1924054.504,3996534,148294,9850426.0,316980.0521,10000000,9375061,BENIGN
80,8439207,4,0,24,0,6,6,6.0,0.0,0,0,0.0,0.0,2.8438690980000003,0.473978183,2813069.0,4871796.466,8438535,191,8439207,2813069.0,4871796.466,8438535,191,0,0.0,0.0,0,0,0,0,0,0,80,0,0.473978183,0.0,6,6,6.0,0.0,0.0,0,0,0,0,1,0,0,0,0,7.5,6.0,0.0,80,0,0,0,0,0,0,4,24,0,0,256,-1,3,20,672.0,0.0,672,672,8438535.0,0.0,8438535,8438535,DDoS
1049,8,2,1,0,0,0,0,0.0,0.0,0,0,0.0,0.0,0.0,375000.0,4.0,4.242640687,7,1,1,1.0,0.0,1,1,0,0.0,0.0,0,0,0,0,0,0,40,20,250000.0,125000.0,0,0,0.0,0.0,0.0,1,0,0,0,0,0,0,0,0,0.0,0.0,0.0,40,0,0,0,0,0,0,2,0,1,0,0,254,0,20,0.0,0.0,0,0,0.0,0.0,0,0,BENIGN
88,1840,8,6,5038,258,2519,0,629.75,958.1053849,129,0,43.0,66.61531355,2878260.87,7608.695651999999,141.5384615,254.4653268,784,1,1840,262.8571429,424.8056138,929,2,1416,283.2,403.5767585,879,1,0,0,0,0,184,144,4347.8260869999995,3260.869565,0,2519,353.0666667,744.5939897000001,554420.2095,0,0,0,1,0,0,0,0,0,378.2857143,629.75,43.0,184,0,0,0,0,0,0,8,5038,6,258,8192,2053,3,20,0.0,0.0,0,0,0.0,0.0,0,0,BENIGN
80,8003,3,4,26,11601,20,0,8.666666667000001,10.26320288,8675,0,2900.25,4088.0419420000003,1452830.189,874.671998,1333.833333,2327.36971,5921,30,6167,3083.5,4089.1985159999995,5975,192,7949,2649.666667,3109.119221,6143,186,0,0,0,0,72,92,374.85942769999997,499.81257029999995,0,8675,1453.375,3091.095642,9554872.268,0,0,0,1,0,0,0,0,1,1661.0,8.666666667000001,2900.25,72,0,0,0,0,0,0,3,26,4,11601,8192,229,2,20,0.0,0.0,0,0,0.0,0.0,0,0,DDoS
80,7357,3,5,26,11601,20,0,8.666666667000001,10.26320288,5840,0,2320.2,2436.833027,1580399.619,1087.3997550000001,1051.0,1809.3616739999998,4883,55,5070,2535.0,3398.3551899999998,4938,132,7302,1825.5,2303.8374510000003,5074,181,0,0,0,0,72,112,407.7749083,679.6248471,0,5840,1291.888889,2110.95076,4456113.1110000005,0,0,0,1,0,0,0,0,1,1453.375,8.666666667000001,2320.2,72,0,0,0,0,0,0,3,26,5,11601,8192,229,2,20,0.0,0.0,0,0,0.0,0.0,0,0,DDoS
123,70012970,8,8,384,384,48,48,48.0,0.0,48,48,48.0,0.0,10.969396099999999,0.228529085,4667531.333000001,14200000.0,56000000,27449,70000000,9997931.571,20300000.0,56000000,1996407,70000000,9997838.0,20300000.0,56000000,1996240,0,0,0,0,184,204,0.11426454300000001,0.11426454300000001,48,48,48.0,0.0,0.0,0,0,0,0,0,0,0,0,1,51.0,48.0,48.0,184,0,0,0,0,0,0,8,384,8,384,-1,-1,7,20,14000000.0,0.0,14000000,14000000,56000000.0,0.0,56000000,56000000,BENIGN
443,71054993,38,44,1310,57983,517,0,34.47368421,113.77235139999999,2930,0,1317.7954550000002,950.4915883,834.4663407,1.15403572,877222.1358,2689414.269,10000000,1,71100000,1920399.405,3794233.514,10200000,1,70900000,1648990.07,3592349.5519999997,10200000,3,0,0,0,0,1224,1416,0.534797041,0.619238679,0,2930,714.373494,946.2645006000001,895416.5051,0,0,0,1,0,0,0,0,1,723.0853658999999,34.47368421,1317.7954550000002,1224,0,0,0,0,0,0,38,1310,44,57983,29200,252,4,32,722464.0,1450131.562,4008526,148321,9428215.286,1274207.385,10000000,6590232,BENIGN
88,1087,9,6,3110,3108,1555,0,345.55555560000005,685.6905481000001,1554,0,518.0,802.4821493,5720331.187000001,13799.448019999998,77.64285714,210.08006060000002,804,1,1087,135.875,309.4107014,898,1,995,199.0,342.4083819,804,3,0,0,0,0,304,208,8279.668813,5519.779209,0,1555,388.625,695.1935822,483294.1167,0,0,0,1,0,0,0,0,0,414.53333330000004,345.55555560000005,518.0,304,0,0,0,0,0,0,9,3110,6,3108,29200,2081,2,32,0.0,0.0,0,0,0.0,0.0,0,0,BENIGN
80,920216,3,6,26,11607,20,0,8.666666667000001,10.26320288,5840,0,1934.5,2538.9192780000003,12641.59719,9.780312448,115027.0,324868.8408,919036,2,1020,510.0,715.5920626,1016,4,920119,184023.8,410884.5194,919036,2,0,0,0,0,72,132,3.2601041489999996,6.520208299,0,5840,1163.3,2138.329153,4572451.567,0,0,0,1,0,0,0,0,2,1292.555556,8.666666667000001,1934.5,72,0,0,0,0,0,0,3,26,6,11607,8192,229,2,20,0.0,0.0,0,0,0.0,0.0,0,0,DDoS
49666,34256029,39,34,12094,6500,1755,0,310.10256410000005,490.9717965,348,0,191.1764706,128.0128948,542.7949632,2.131011741,475778.1806,3665524.167,31100000,1,34300000,901474.4474,5038710.097,31100000,1,3123992,94666.42424,392212.6272,1981403,1,0,0,0,0,804,704,1.138485725,0.9925260159999999,0,1755,251.27027030000002,370.5182338,137283.7616,0,0,0,1,0,0,0,0,0,254.71232880000002,310.10256410000005,191.1764706,804,0,0,0,0,0,0,39,12094,34,6500,8192,2053,28,20,0.0,0.0,0,0,0.0,0.0,0,0,BENIGN
80,1161612,4,0,24,0,6,6,6.0,0.0,0,0,0.0,0.0,20.66094359,3.443490598,387204.0,670019.608,1160876,319,1161612,387204.0,670019.608,1160876,319,0,0.0,0.0,0,0,0,0,0,0,80,0,3.443490598,0.0,6,6,6.0,0.0,0.0,0,0,0,0,1,0,0,0,0,7.5,6.0,0.0,80,0,0,0,0,0,0,4,24,0,0,256,-1,3,20,0.0,0.0,0,0,0.0,0.0,0,0,DDoS
80,7107579,4,0,24,0,6,6,6.0,0.0,0,0,0.0,0.0,3.376677206,0.562779534,2369193.0,4102963.3589999997,7106887,336,7107579,2369193.0,4102963.3589999997,7106887,336,0,0.0,0.0,0,0,0,0,0,0,80,0,0.562779534,0.0,6,6,6.0,0.0,0.0,0,0,0,0,1,0,0,0,0,7.5,6.0,0.0,80,0,0,0,0,0,0,4,24,0,0,256,-1,3,20,692.0,0.0,692,692,7106887.0,0.0,7106887,7106887,DDoS
80,8403319,4,0,24,0,6,6,6.0,0.0,0,0,0.0,0.0,2.8560143910000004,0.47600239899999996,2801106.333,4850911.973999999,8402457,339,8403319,2801106.333,4850911.973999999,8402457,339,0,0.0,0.0,0,0,0,0,0,0,80,0,0.47600239899999996,0.0,6,6,6.0,0.0,0.0,0,0,0,0,1,0,0,0,0,7.5,6.0,0.0,80,0,0,0,0,0,0,4,24,0,0,256,-1,3,20,862.0,0.0,862,862,8402457.0,0.0,8402457,8402457,DDoS
80,62792,3,2,426,654,426,0,142.0,245.95121469999998,654,0,327.0,462.4478348999999,17199.64327,79.62797809,15698.0,15786.892090000001,29370,3,33422,16711.0,17676.25532,29210,4212,33585,33585.0,0.0,33585,33585,0,0,0,0,72,44,47.77678685,31.85119123,0,654,180.0,288.02499889999996,82958.4,0,0,0,1,0,0,0,0,0,216.0,142.0,327.0,72,0,0,0,0,0,0,3,426,2,654,8192,16384,1,20,0.0,0.0,0,0,0.0,0.0,0,0,BENIGN
1061,47,1,1,0,0,0,0,0.0,0.0,0,0,0.0,0.0,0.0,42553.19149,47.0,0.0,47,47,0,0.0,0.0,0,0,0,0.0,0.0,0,0,0,0,0,0,20,20,21276.59574,21276.59574,0,0,0.0,0.0,0.0,1,0,0,0,1,0,0,0,1,0.0,0.0,0.0,20,0,0,0,0,0,0,1,0,1,0,0,256,0,20,0.0,0.0,0,0,0.0,0.0,0,0,BENIGN
443,36716149,22,24,1458,18752,565,0,66.27272727,166.6716709,2576,0,781.3333332999999,799.0422346,550.4389907999999,1.252854704,815914.4222,2588799.736,10000000,2,31700000,1507834.667,3613604.599,10200000,2,36500000,1588064.696,3557191.883,10200000,2,0,0,0,0,712,776,0.59919138,0.6536633239999999,0,2576,430.0,680.8886776,463609.3913,0,0,0,1,0,0,0,0,1,439.3478261,66.27272727,781.3333332999999,712,0,0,0,0,0,0,22,1458,24,18752,29200,261,4,32,539690.6667,603006.1824,1235981,190412,10000000.0,13402.00131,10000000,10000000,BENIGN
123,64412706,4,4,192,192,48,48,48.0,0.0,48,48,48.0,0.0,5.961556715,0.12419909800000001,9201815.143,24300000.0,64400000,3,64400000,21500000.0,37200000.0,64400000,3,64400000,21500000.0,37200000.0,64400000,3,0,0,0,0,80,80,0.062099549000000004,0.062099549000000004,48,48,48.0,0.0,0.0,0,0,0,0,0,0,0,0,1,54.0,48.0,48.0,80,0,0,0,0,0,0,4,192,4,192,-1,-1,3,20,133.0,0.0,133,133,64400000.0,0.0,64400000,64400000,BENIGN
53,104965,1,1,59,91,59,59,59.0,0.0,91,91,91.0,0.0,1429.0477779999999,19.05397037,104965.0,0.0,104965,104965,0,0.0,0.0,0,0,0,0.0,0.0,0,0,0,0,0,0,32,32,9.526985186000001,9.526985186000001,59,91,69.66666667,18.47520861,341.3333333,0,0,0,0,0,0,0,0,1,104.5,59.0,91.0,32,0,0,0,0,0,0,1,59,1,91,-1,-1,0,32,0.0,0.0,0,0,0.0,0.0,0,0,BENIGN
138,63774154,24,0,5592,0,233,233,233.0,0.0,0,0,0.0,0.0,87.68442463,0.37632800299999997,2772789.3039999995,13300000.0,63800000,1,63800000,2772789.3039999995,13300000.0,63800000,1,0,0.0,0.0,0,0,0,0,0,0,624,0,0.37632800299999997,0.0,233,233,233.0,0.0,0.0,0,0,0,0,0,0,0,0,0,242.70833330000002,233.0,0.0,624,0,0,0,0,0,0,24,5592,0,0,-1,-1,23,20,21.0,0.0,21,21,63800000.0,0.0,63800000,63800000,BENIGN
80,900927,3,5,26,11607,20,0,8.666666667000001,10.26320288,5840,0,2321.4,3173.3738829999998,12912.25593,8.879742754,128703.8571,340105.7325,899991,2,687,343.5,471.64022310000007,677,10,900877,225219.25,449847.9275,899991,2,0,0,0,0,72,112,3.329903533,5.549839221,0,5840,1292.555556,2554.159212,6523729.278,0,0,0,1,0,0,0,0,1,1454.125,8.666666667000001,2321.4,72,0,0,0,0,0,0,3,26,5,11607,8192,229,2,20,0.0,0.0,0,0,0.0,0.0,0,0,DDoS
80,11456,2,0,0,0,0,0,0.0,0.0,0,0,0.0,0.0,0.0,174.5810056,11456.0,0.0,11456,11456,11456,11456.0,0.0,11456,11456,0,0.0,0.0,0,0,0,0,0,0,40,0,174.5810056,0.0,0,0,0.0,0.0,0.0,0,0,0,0,1,0,0,0,0,0.0,0.0,0.0,40,0,0,0,0,0,0,2,0,0,0,256,-1,0,20,0.0,0.0,0,0,0.0,0.0,0,0,BENIGN
443,1239970,8,11,764,5723,357,0,95.5,140.1692854,1460,0,520.2727273,671.1984938999999,5231.578183,15.32295136,68887.22222000001,129787.9453,496215,49,743755,106250.7143,106693.1567,241842,8920,1215527,121552.7,241959.7356,703403,49,0,0,0,0,172,228,6.451768994,8.871182367000001,0,1460,324.35,542.3647321000001,294159.5026,0,0,0,1,0,0,0,0,1,341.4210526,95.5,520.2727273,172,0,0,0,0,0,0,8,764,11,5723,8192,5144,3,20,0.0,0.0,0,0,0.0,0.0,0,0,BENIGN
80,859302,3,6,26,11607,20,0,8.666666667000001,10.26320288,4380,0,1934.5,2177.344966,13537.73179,10.47361696,107412.75,302866.9662,856969,16,2024,1012.0,985.7068529999999,1709,315,859259,171851.8,382993.0931,856969,16,0,0,0,0,72,132,3.491205653,6.982411306,0,4380,1163.3,1903.962654,3625073.789,0,0,0,1,0,0,0,0,2,1292.555556,8.666666667000001,1934.5,72,0,0,0,0,0,0,3,26,6,11607,8192,229,2,20,0.0,0.0,0,0,0.0,0.0,0,0,DDoS
123,64015314,4,4,192,192,48,48,48.0,0.0,48,48,48.0,0.0,5.998564656,0.12497009699999999,9145044.857,24200000.0,64000000,3,64000000,21300000.0,37000000.0,64000000,3,64000000,21300000.0,37000000.0,64000000,3,0,0,0,0,80,80,0.062485048,0.062485048,48,48,48.0,0.0,0.0,0,0,0,0,0,0,0,0,1,54.0,48.0,48.0,80,0,0,0,0,0,0,4,192,4,192,-1,-1,3,20,137.0,0.0,137,137,64000000.0,0.0,64000000,64000000,BENIGN
80,6396903,4,0,24,0,6,6,6.0,0.0,0,0,0.0,0.0,3.7518155269999998,0.6253025879999999,2132301.0,3692657.8439999996,6396215,272,6396903,2132301.0,3692657.8439999996,6396215,272,0,0.0,0.0,0,0,0,0,0,0,80,0,0.6253025879999999,0.0,6,6,6.0,0.0,0.0,0,0,0,0,1,0,0,0,0,7.5,6.0,0.0,80,0,0,0,0,0,0,4,24,0,0,256,-1,3,20,688.0,0.0,688,688,6396215.0,0.0,6396215,6396215,DDoS
443,344,3,0,85,0,85,0,28.33333333,49.07477288,0,0,0.0,0.0,247093.0233,8720.930233,172.0,239.002092,341,3,344,172.0,239.002092,341,3,0,0.0,0.0,0,0,0,0,0,0,60,0,8720.930233,0.0,0,85,21.25,42.5,1806.25,0,0,0,0,1,0,0,0,0,28.33333333,28.33333333,0.0,60,0,0,0,0,0,0,3,85,0,0,256,-1,1,20,0.0,0.0,0,0,0.0,0.0,0,0,BENIGN
443,30609,2,0,0,0,0,0,0.0,0.0,0,0,0.0,0.0,0.0,65.34025940000001,30609.0,0.0,30609,30609,30609,30609.0,0.0,30609,30609,0,0.0,0.0,0,0,0,0,0,0,64,0,65.34025940000001,0.0,0,0,0.0,0.0,0.0,0,0,0,0,1,0,0,0,0,0.0,0.0,0.0,64,0,0,0,0,0,0,2,0,0,0,304,-1,0,32,0.0,0.0,0,0,0.0,0.0,0,0,BENIGN
53,198,2,2,86,240,43,43,43.0,0.0,120,120,120.0,0.0,1646464.646,20202.0202,66.0,108.25433020000001,191,3,4,4.0,0.0,4,4,3,3.0,0.0,3,3,0,0,0,0,64,64,10101.0101,10101.0101,43,120,73.8,42.17463693,1778.7,0,0,0,0,0,0,0,0,1,92.25,43.0,120.0,64,0,0,0,0,0,0,2,86,2,240,-1,-1,1,32,0.0,0.0,0,0,0.0,0.0,0,0,BENIGN
80,4021271,4,0,24,0,6,6,6.0,0.0,0,0,0.0,0.0,5.968262273,0.994710379,1340423.6670000001,2321141.496,4020647,239,4021271,1340423.6670000001,2321141.496,4020647,239,0,0.0,0.0,0,0,0,0,0,0,80,0,0.994710379,0.0,6,6,6.0,0.0,0.0,0,0,0,0,1,0,0,0,0,7.5,6.0,0.0,80,0,0,0,0,0,0,4,24,0,0,256,-1,3,20,0.0,0.0,0,0,0.0,0.0,0,0,DDoS
88,1170,9,6,3226,3232,1613,0,358.44444439999995,711.2661441,1616,0,538.6666667000001,834.4988117,5519658.12,12820.51282,83.57142857,221.9936639,848,1,1170,146.25,342.7467828,984,1,1047,209.4,361.2489446000001,848,4,0,0,0,0,304,208,7692.307692,5128.2051280000005,0,1616,403.625,722.0267654,521322.65,0,0,0,1,0,0,0,0,0,430.53333330000004,358.44444439999995,538.6666667000001,304,0,0,0,0,0,0,9,3226,6,3232,29200,2081,2,32,0.0,0.0,0,0,0.0,0.0,0,0,BENIGN
443,310531,15,13,938,4633,376,0,62.53333333,106.54969779999999,1430,0,356.3846154,515.0487903,17940.23785,90.16813136,11501.14815,20369.31564,68414,3,310531,22180.78571,26718.8112,68529,4,272770,22730.83333,48027.453760000004,166490,3,0,0,0,0,312,272,48.30435609,41.86377528,0,1430,192.1034483,377.1046032,142207.8818,0,0,0,1,0,0,0,0,0,198.96428569999998,62.53333333,356.3846154,312,0,0,0,0,0,0,15,938,13,4633,8192,360,7,20,0.0,0.0,0,0,0.0,0.0,0,0,BENIGN
80,468632,3,4,26,11607,20,0,8.666666667000001,10.26320288,11595,0,2901.75,5795.50069,24823.31552,14.9370935,78105.33333,190863.2675,467703,5,832,416.0,561.4427843,813,19,468506,156168.6667,269796.9382,467703,5,0,0,0,0,72,92,6.4016114989999995,8.535481999,0,11595,1454.125,4097.537534,16800000.0,0,0,0,1,0,0,0,0,1,1661.857143,8.666666667000001,2901.75,72,0,0,0,0,0,0,3,26,4,11607,8192,229,2,20,0.0,0.0,0,0,0.0,0.0,0,0,DDoS
80,35051,3,6,26,11601,20,0,8.666666667000001,10.26320288,2920,0,1933.5,1495.722401,331716.6415,256.7687085,4381.375,7884.790928,18807,4,19132,9566.0,13074.40438,18811,321,35047,7009.4,9496.869,19274,64,0,0,0,0,72,132,85.58956948,171.179139,0,2920,1162.7,1494.366611,2233131.567,0,0,0,1,0,0,0,0,2,1291.888889,8.666666667000001,1933.5,72,0,0,0,0,0,0,3,26,6,11601,8192,229,2,20,0.0,0.0,0,0,0.0,0.0,0,0,DDoS
80,33238,3,4,26,11607,20,0,8.666666667000001,10.26320288,11595,0,2901.75,5795.50069,349990.9742,210.60232259999998,5539.666667,12557.830329999999,31157,50,1399,699.5,918.5317087999999,1349,50,33110,11036.66667,17429.05024,31157,588,0,0,0,0,72,92,90.25813828,120.3441844,0,11595,1454.125,4097.537534,16800000.0,0,0,0,1,0,0,0,0,1,1661.857143,8.666666667000001,2901.75,72,0,0,0,0,0,0,3,26,4,11607,8192,229,2,20,0.0,0.0,0,0,0.0,0.0,0,0,DDoS
80,6400548,4,0,24,0,6,6,6.0,0.0,0,0,0.0,0.0,3.749678934,0.6249464889999999,2133516.0,3694627.186,6399704,356,6400548,2133516.0,3694627.186,6399704,356,0,0.0,0.0,0,0,0,0,0,0,80,0,0.6249464889999999,0.0,6,6,6.0,0.0,0.0,0,0,0,0,1,0,0,0,0,7.5,6.0,0.0,80,0,0,0,0,0,0,4,24,0,0,256,-1,3,20,844.0,0.0,844,844,6399704.0,0.0,6399704,6399704,DDoS
80,4,2,0,0,0,0,0,0.0,0.0,0,0,0.0,0.0,0.0,500000.0,4.0,0.0,4,4,4,4.0,0.0,4,4,0,0.0,0.0,0,0,0,0,0,0,40,0,500000.0,0.0,0,0,0.0,0.0,0.0,0,0,0,0,1,0,0,0,0,0.0,0.0,0.0,40,0,0,0,0,0,0,2,0,0,0,256,-1,0,20,0.0,0.0,0,0,0.0,0.0,0,0,BENIGN
3268,16044,17,12,3412,6654,1293,0,200.7058824,419.263307,1621,0,554.5,727.5332545,627399.6510000001,1807.5292940000002,573.0,2559.2124510000003,13599,1,16044,1002.75,3370.344483,13599,1,15165,1378.636364,4256.960706,14208,2,0,0,0,0,560,400,1059.5861380000001,747.9431562999999,0,1621,335.53333330000004,576.3090486000001,332132.1195,0,0,0,1,0,0,0,0,0,347.1034483,200.7058824,554.5,560,0,0,0,0,0,0,17,3412,12,6654,29200,2076,10,32,0.0,0.0,0,0,0.0,0.0,0,0,BENIGN
88,935,9,6,3074,3010,1537,0,341.55555560000005,677.7532942,1505,0,501.66666669999995,777.1786581,6506951.872,16042.78075,66.78571429,187.3619199,714,1,935,116.875,281.5312403,811,1,859,171.8,308.5226086,714,2,0,0,0,0,204,144,9625.668448999999,6417.112299,0,1537,380.25,680.2620573,462756.4667,0,0,0,1,0,0,0,0,0,405.6,341.55555560000005,501.66666669999995,204,0,0,0,0,0,0,9,3074,6,3010,8192,2053,2,20,0.0,0.0,0,0,0.0,0.0,0,0,BENIGN
443,5589965,9,7,353,4032,196,0,39.22222222,71.94403689,1460,0,576.0,639.3069164,784.4414052999999,2.8622719460000003,372664.3333,1331116.576,5180216,3,5589965,698745.625,1812843.593,5180216,3,359928,59988.0,97075.01312,250715,48,0,0,0,0,204,152,1.61002797,1.252243976,0,1460,257.94117650000004,480.81265460000003,231180.8088,0,0,0,1,0,0,0,0,0,274.0625,39.22222222,576.0,204,0,0,0,0,0,0,9,353,7,4032,8192,946,3,20,409746.0,0.0,409746,409746,5180216.0,0.0,5180216,5180216,BENIGN
123,67082087,3,3,144,144,48,48,48.0,0.0,48,48,48.0,0.0,4.293247466,0.089442656,13400000.0,29300000.0,65900000,94048,67000000,33500000.0,46000000.0,66000000,989282,67000000,33500000.0,46000000.0,66000000,989106,0,0,0,0,60,60,0.044721328,0.044721328,48,48,48.0,0.0,0.0,0,0,0,0,0,0,0,0,1,56.0,48.0,48.0,60,0,0,0,0,0,0,3,144,3,144,-1,-1,2,20,1083330.0,0.0,1083330,1083330,65900000.0,0.0,65900000,65900000,BENIGN
53,66230,1,1,50,162,50,50,50.0,0.0,162,162,162.0,0.0,3200.966329,30.19779556,66230.0,0.0,66230,66230,0,0.0,0.0,0,0,0,0.0,0.0,0,0,0,0,0,0,20,20,15.09889778,15.09889778,50,162,87.33333333,64.66323015,4181.333333,0,0,0,0,0,0,0,0,1,131.0,50.0,162.0,20,0,0,0,0,0,0,1,50,1,162,-1,-1,0,20,0.0,0.0,0,0,0.0,0.0,0,0,BENIGN
80,5088178,3,1,0,0,0,0,0.0,0.0,0,0,0.0,0.0,0.0,0.78613602,1696059.333,2904799.0330000003,5050161,63,5088178,2544089.0,3544121.0110000004,5050161,38017,0,0.0,0.0,0,0,0,0,0,0,104,40,0.589602015,0.196534005,0,0,0.0,0.0,0.0,0,0,0,1,0,0,0,0,0,0.0,0.0,0.0,104,0,0,0,0,0,0,3,0,1,0,29200,42408,0,32,0.0,0.0,0,0,0.0,0.0,0,0,BENIGN
443,4,2,0,85,0,85,0,42.5,60.1040764,0,0,0.0,0.0,21300000.0,500000.0,4.0,0.0,4,4,4,4.0,0.0,4,4,0,0.0,0.0,0,0,1,0,0,0,40,0,500000.0,0.0,0,85,56.66666667,49.07477288,2408.333333,0,1,0,0,1,0,0,0,0,85.0,42.5,0.0,40,0,0,0,0,0,0,2,85,0,0,256,-1,0,20,0.0,0.0,0,0,0.0,0.0,0,0,BENIGN
80,35439,2,0,0,0,0,0,0.0,0.0,0,0,0.0,0.0,0.0,56.43500099,35439.0,0.0,35439,35439,35439,35439.0,0.0,35439,35439,0,0.0,0.0,0,0,0,0,0,0,40,0,56.43500099,0.0,0,0,0.0,0.0,0.0,0,0,0,0,1,0,0,0,0,0.0,0.0,0.0,40,0,0,0,0,0,0,2,0,0,0,253,-1,0,20,0.0,0.0,0,0,0.0,0.0,0,0,BENIGN
80,1133102,4,0,24,0,6,6,6.0,0.0,0,0,0.0,0.0,21.18079396,3.530132327,377700.6667,654195.0127,1133100,1,1133102,377700.6667,654195.0127,1133100,1,0,0.0,0.0,0,0,0,0,0,0,80,0,3.530132327,0.0,6,6,6.0,0.0,0.0,0,0,0,0,1,0,0,0,0,7.5,6.0,0.0,80,0,0,0,0,0,0,4,24,0,0,256,-1,3,20,0.0,0.0,0,0,0.0,0.0,0,0,DDoS
88,928,9,6,3176,3106,1588,0,352.8888889,700.2421803,1553,0,517.6666667,801.9657516,6769396.552,16163.7931,66.28571429,176.89433119999998,677,1,928,116.0,261.43395780000003,760,1,881,176.2,282.1953224,677,4,0,0,0,0,204,144,9698.275862,6465.517241,0,1588,392.625,702.4070876000001,493375.7167,0,0,0,1,0,0,0,0,0,418.8,352.8888889,517.6666667,204,0,0,0,0,0,0,9,3176,6,3106,8192,2053,2,20,0.0,0.0,0,0,0.0,0.0,0,0,BENIGN
80,875767,3,6,26,11601,20,0,8.666666667000001,10.26320288,4380,0,1933.5,1757.789948,13276.36232,10.27670602,109470.875,303029.2061,859306,3,15987,7993.5,11300.27347,15984,3,875625,175125.0,382531.3821,859306,16,0,0,0,0,72,132,3.425568673,6.851137346,0,4380,1162.7,1645.2417619999999,2706820.4560000002,0,0,0,1,0,0,0,0,2,1291.888889,8.666666667000001,1933.5,72,0,0,0,0,0,0,3,26,6,11601,8192,229,2,20,0.0,0.0,0,0,0.0,0.0,0,0,DDoS
53708,106,1,1,0,0,0,0,0.0,0.0,0,0,0.0,0.0,0.0,18867.92453,106.0,0.0,106,106,0,0.0,0.0,0,0,0,0.0,0.0,0,0,0,0,0,0,20,20,9433.962264,9433.962264,0,0,0.0,0.0,0.0,0,0,0,0,1,1,0,0,1,0.0,0.0,0.0,20,0,0,0,0,0,0,1,0,1,0,256,389,0,20,0.0,0.0,0,0,0.0,0.0,0,0,BENIGN
53,49544,1,1,42,70,42,42,42.0,0.0,70,70,70.0,0.0,2260.616825,40.3681576,49544.0,0.0,49544,49544,0,0.0,0.0,0,0,0,0.0,0.0,0,0,0,0,0,0,32,20,20.1840788,20.1840788,42,70,51.33333333,16.16580754,261.3333333,0,0,0,0,0,0,0,0,1,77.0,42.0,70.0,32,0,0,0,0,0,0,1,42,1,70,-1,-1,0,32,0.0,0.0,0,0,0.0,0.0,0,0,BENIGN
49219,237019,2,0,0,0,0,0,0.0,0.0,0,0,0.0,0.0,0.0,8.43814209,237019.0,0.0,237019,237019,237019,237019.0,0.0,237019,237019,0,0.0,0.0,0,0,0,0,0,0,40,0,8.43814209,0.0,0,0,0.0,0.0,0.0,0,0,0,0,1,0,0,0,0,0.0,0.0,0.0,40,0,0,0,0,0,0,2,0,0,0,360,-1,0,20,0.0,0.0,0,0,0.0,0.0,0,0,BENIGN
80,3113365,4,0,24,0,6,6,6.0,0.0,0,0,0.0,0.0,7.708701036,1.284783506,1037788.333,1796893.311,3112662,200,3113365,1037788.333,1796893.311,3112662,200,0,0.0,0.0,0,0,0,0,0,0,80,0,1.284783506,0.0,6,6,6.0,0.0,0.0,0,0,0,0,1,0,0,0,0,7.5,6.0,0.0,80,0,0,0,0,0,0,4,24,0,0,256,-1,3,20,0.0,0.0,0,0,0.0,0.0,0,0,DDoS
443,5311525,8,8,362,5202,205,0,45.25,77.90241148,1460,0,650.25,626.1906944,1047.5334300000002,3.012317555,354101.6667,1286155.048,4998668,3,5311525,758789.2857,1871717.355,4998668,3,289706,41386.57143,82747.32061,225742,47,0,0,0,0,184,172,1.5061587769999998,1.5061587769999998,0,1460,327.29411760000005,522.3266177,272825.0956,0,0,0,1,0,0,0,0,1,347.75,45.25,650.25,184,0,0,0,0,0,0,8,362,8,5202,8192,946,3,20,0.0,0.0,0,0,0.0,0.0,0,0,BENIGN
1083,332,4,0,0,0,0,0,0.0,0.0,0,0,0.0,0.0,0.0,12048.19277,110.66666670000001,151.8628767,284,1,332,110.66666670000001,151.8628767,284,1,0,0.0,0.0,0,0,0,0,0,0,80,0,12048.19277,0.0,0,0,0.0,0.0,0.0,0,0,0,0,1,0,0,0,0,0.0,0.0,0.0,80,0,0,0,0,0,0,4,0,0,0,12498,-1,0,20,0.0,0.0,0,0,0.0,0.0,0,0,BENIGN
88,981,9,6,3128,3046,1564,0,347.55555560000005,689.6591751,1523,0,507.66666669999995,786.4738182,6293577.982000001,15290.519880000002,70.07142857,174.5276986,672,1,981,122.625,269.9581647,786,1,900,180.0,278.6548044,672,4,0,0,0,0,204,144,9174.311926999999,6116.207950999999,0,1564,385.875,690.3553554,476590.5167,0,0,0,1,0,0,0,0,0,411.6,347.55555560000005,507.66666669999995,204,0,0,0,0,0,0,9,3128,6,3046,8192,2053,2,20,0.0,0.0,0,0,0.0,0.0,0,0,BENIGN
80,8424013,4,0,24,0,6,6,6.0,0.0,0,0,0.0,0.0,2.848998452,0.474833075,2808004.333,4862967.913,8423276,317,8424013,2808004.333,4862967.913,8423276,317,0,0.0,0.0,0,0,0,0,0,0,80,0,0.474833075,0.0,6,6,6.0,0.0,0.0,0,0,0,0,1,0,0,0,0,7.5,6.0,0.0,80,0,0,0,0,0,0,4,24,0,0,256,-1,3,20,737.0,0.0,737,737,8423276.0,0.0,8423276,8423276,DDoS
80,5195833,5,5,72,628,72,0,14.4,32.19937888,623,0,125.6,278.06348199999996,134.7233446,1.924619209,577314.7778,1660771.4409999999,5004689,3,191144,47786.0,55076.987120000005,95802,3,5100736,1275184.0,2486765.726,5004735,3,0,0,0,0,168,168,0.962309605,0.962309605,0,623,63.63636364,186.7598847,34879.25455,0,0,0,1,0,0,0,0,1,70.0,14.4,125.6,168,0,0,0,0,0,0,5,72,5,628,29200,227,1,32,0.0,0.0,0,0,0.0,0.0,0,0,BENIGN
3268,111231413,64,40,11440,7324,403,0,178.75,167.785199,632,72,183.1,132.6193318,168.6933528,0.934987673,1079916.631,3873566.2789999996,16500000,2,111000000,1765577.9840000002,4843008.829,16500000,2,111000000,2852077.974,5925352.642999999,16500000,2,1,0,0,0,2048,1280,0.57537703,0.35961064299999995,0,632,182.5428571,155.323176,24125.28901,0,1,0,0,1,0,0,0,0,184.2980769,178.75,183.1,2048,0,0,0,0,0,0,64,11440,40,7324,299,258,39,32,23578.0,65468.0317,185603,367,13900000.0,3950944.152,16500000,6370788,BENIGN
88,986,9,6,3100,3030,1550,0,344.44444439999995,683.4857553999999,1515,0,505.0,782.3426359,6217038.54,15212.981740000001,70.42857143,182.10846909999998,696,1,986,123.25,268.4142587,785,1,889,177.8,300.8308495,697,1,0,0,0,0,204,144,9127.789047,6085.192698,0,1550,383.125,685.4144124,469792.9167,0,0,0,1,0,0,0,0,0,408.6666667,344.44444439999995,505.0,204,0,0,0,0,0,0,9,3100,6,3030,8192,2053,2,20,0.0,0.0,0,0,0.0,0.0,0,0,BENIGN
0,73326134,6,0,0,0,0,0,0.0,0.0,0,0,0.0,0.0,0.0,0.081826215,14700000.0,32500000.0,72700000,66,73300000,14700000.0,32500000.0,72700000,66,0,0.0,0.0,0,0,0,0,0,0,0,0,0.081826215,0.0,0,0,0.0,0.0,0.0,0,0,0,0,0,0,0,0,0,0.0,0.0,0.0,0,0,0,0,0,0,0,6,0,0,0,-1,-1,0,0,160756.0,0.0,160756,160756,72700000.0,0.0,72700000,72700000,BENIGN
80,3979346,4,0,24,0,6,6,6.0,0.0,0,0,0.0,0.0,6.031141801,1.0051903,1326448.6670000001,2296914.434,3978697,272,3979346,1326448.6670000001,2296914.434,3978697,272,0,0.0,0.0,0,0,0,0,0,0,80,0,1.0051903,0.0,6,6,6.0,0.0,0.0,0,0,0,0,1,0,0,0,0,7.5,6.0,0.0,80,0,0,0,0,0,0,4,24,0,0,256,-1,3,20,0.0,0.0,0,0,0.0,0.0,0,0,DDoS
1084,43,2,0,0,0,0,0,0.0,0.0,0,0,0.0,0.0,0.0,46511.62791,43.0,0.0,43,43,43,43.0,0.0,43,43,0,0.0,0.0,0,0,0,0,0,0,40,0,46511.62791,0.0,0,0,0.0,0.0,0.0,0,0,0,0,1,0,0,0,0,0.0,0.0,0.0,40,0,0,0,0,0,0,2,0,0,0,40927,-1,0,20,0.0,0.0,0,0,0.0,0.0,0,0,BENIGN
80,4083781,4,0,24,0,6,6,6.0,0.0,0,0,0.0,0.0,5.87690672,0.979484453,1361260.333,2357207.413,4083129,220,4083781,1361260.333,2357207.413,4083129,220,0,0.0,0.0,0,0,0,0,0,0,80,0,0.979484453,0.0,6,6,6.0,0.0,0.0,0,0,0,0,1,0,0,0,0,7.5,6.0,0.0,80,0,0,0,0,0,0,4,24,0,0,256,-1,3,20,0.0,0.0,0,0,0.0,0.0,0,0,DDoS
49671,54,1,3,0,0,0,0,0.0,0.0,0,0,0.0,0.0,0.0,74074.07407,18.0,27.73084925,50,1,0,0.0,0.0,0,0,4,2.0,1.4142135619999998,3,1,0,0,0,0,20,60,18518.518519999998,55555.55556,0,0,0.0,0.0,0.0,0,0,0,0,1,1,0,0,3,0.0,0.0,0.0,20,0,0,0,0,0,0,1,0,3,0,251,2053,0,20,0.0,0.0,0,0,0.0,0.0,0,0,BENIGN
389,39097,21,20,5100,6972,1536,0,242.8571429,443.78466460000004,2634,0,348.6,662.8365203,308770.4939,1048.673811,977.425,4127.733773,22711,1,39097,1954.85,5847.231709000001,22873,1,39043,2054.894737,5912.312322,22788,1,0,0,0,0,444,424,537.1256107,511.54820060000003,0,2634,287.42857139999995,551.8430823,304530.7875,0,0,0,1,0,0,0,0,0,294.4390244,242.8571429,348.6,444,0,0,0,0,0,0,21,5100,20,6972,8192,0,14,20,0.0,0.0,0,0,0.0,0.0,0,0,BENIGN
123,3003733,3,3,144,144,48,48,48.0,0.0,48,48,48.0,0.0,95.88069246,1.997514426,600746.6,875071.4807,1978859,16517,2987216,1493608.0,709812.1717,1995521,991695,2987114,1493557.0,709679.2357,1995376,991738,0,0,0,0,72,72,0.998757213,0.998757213,48,48,48.0,0.0,0.0,0,0,0,0,0,0,0,0,1,56.0,48.0,48.0,72,0,0,0,0,0,0,3,144,3,144,-1,-1,2,20,0.0,0.0,0,0,0.0,0.0,0,0,BENIGN
53566,1,1,1,0,0,0,0,0.0,0.0,0,0,0.0,0.0,0.0,2000000.0,1.0,0.0,1,1,0,0.0,0.0,0,0,0,0.0,0.0,0,0,0,0,0,0,32,32,1000000.0,1000000.0,0,0,0.0,0.0,0.0,0,0,0,0,1,0,0,0,1,0.0,0.0,0.0,32,0,0,0,0,0,0,1,0,1,0,2081,237,0,32,0.0,0.0,0,0,0.0,0.0,0,0,BENIGN
80,6110,3,6,26,11601,20,0,8.666666667000001,10.26320288,5840,0,1933.5,2189.7729329999997,1902945.99,1472.9950900000001,763.75,1861.891953,5370,46,5593,2796.5,3761.1009689999996,5456,137,6024,1204.8,2451.09194,5588,46,0,0,0,0,72,132,490.99836330000005,981.9967267000001,0,5840,1162.7,1911.59573,3654198.233,0,0,0,1,0,0,0,0,2,1291.888889,8.666666667000001,1933.5,72,0,0,0,0,0,0,3,26,6,11601,8192,229,2,20,0.0,0.0,0,0,0.0,0.0,0,0,DDoS
80,5030796,4,0,24,0,6,6,6.0,0.0,0,0,0.0,0.0,4.770616817,0.795102803,1676932.0,2903886.236,5030051,352,5030796,1676932.0,2903886.236,5030051,352,0,0.0,0.0,0,0,0,0,0,0,80,0,0.795102803,0.0,6,6,6.0,0.0,0.0,0,0,0,0,1,0,0,0,0,7.5,6.0,0.0,80,0,0,0,0,0,0,4,24,0,0,256,-1,3,20,745.0,0.0,745,745,5030051.0,0.0,5030051,5030051,DDoS
80,877592,3,6,26,11607,20,0,8.666666667000001,10.26320288,4380,0,1934.5,2177.344966,13255.5903,10.25533505,109699.0,309855.544,876552,2,909,454.5,637.1032098,905,4,877556,175511.2,391893.9209,876552,2,0,0,0,0,72,132,3.4184450180000003,6.836890035,0,4380,1163.3,1903.962654,3625073.789,0,0,0,1,0,0,0,0,2,1292.555556,8.666666667000001,1934.5,72,0,0,0,0,0,0,3,26,6,11607,8192,229,2,20,0.0,0.0,0,0,0.0,0.0,0,0,DDoS
80,918990,3,6,26,11607,20,0,8.666666667000001,10.26320288,4380,0,1934.5,2177.344966,12658.46201,9.793360102000001,114873.75,324490.6896,917947,3,903,451.5,570.6351724,855,48,918887,183777.4,410413.4488,917947,3,0,0,0,0,72,132,3.2644533669999998,6.528906735,0,4380,1163.3,1903.962654,3625073.789,0,0,0,1,0,0,0,0,2,1292.555556,8.666666667000001,1934.5,72,0,0,0,0,0,0,3,26,6,11607,8192,229,2,20,0.0,0.0,0,0,0.0,0.0,0,0,DDoS
80,5002523,4,0,24,0,6,6,6.0,0.0,0,0,0.0,0.0,4.797579142,0.799596524,1667507.667,2887852.93,5002113,187,5002523,1667507.667,2887852.93,5002113,187,0,0.0,0.0,0,0,0,0,0,0,80,0,0.799596524,0.0,6,6,6.0,0.0,0.0,0,0,0,0,1,0,0,0,0,7.5,6.0,0.0,80,0,0,0,0,0,0,4,24,0,0,256,-1,3,20,410.0,0.0,410,410,5002113.0,0.0,5002113,5002113,DDoS
88,1138,9,6,3110,3108,1555,0,345.55555560000005,685.6905481000001,1554,0,518.0,802.4821493,5463971.88,13181.01933,81.28571429,200.44697309999998,773,2,1138,142.25,295.0393436,870,2,1036,207.2,322.08182189999997,773,2,0,0,0,0,304,208,7908.611599,5272.407733,0,1555,388.625,695.1935822,483294.1167,0,0,0,1,0,0,0,0,0,414.53333330000004,345.55555560000005,518.0,304,0,0,0,0,0,0,9,3110,6,3108,29200,2081,2,32,0.0,0.0,0,0,0.0,0.0,0,0,BENIGN
443,1087085,16,16,824,8032,225,0,51.5,78.81624198,2085,0,502.0,736.6170421,8146.5570769999995,29.4365206,35067.25806,95348.5992,431822,1,1087085,72472.33333,136451.0645,431822,47,1057334,70488.93333,192916.9637,728569,1,0,0,0,0,332,332,14.7182603,14.7182603,0,2085,268.3636364,557.0604107,310316.3011,0,0,0,1,0,0,0,0,1,276.75,51.5,502.0,332,0,0,0,0,0,0,16,824,16,8032,8192,12501,7,20,0.0,0.0,0,0,0.0,0.0,0,0,BENIGN
80,845800,3,4,26,11601,20,0,8.666666667000001,10.26320288,8675,0,2900.25,4088.0419420000003,13746.74864,8.276188224,140966.6667,343508.545,842148,13,3462,1731.0,1231.780013,2602,860,845682,281894.0,485196.8018,842148,177,0,0,0,0,72,92,3.54693781,4.729250414,0,8675,1453.375,3091.095642,9554872.268,0,0,0,1,0,0,0,0,1,1661.0,8.666666667000001,2900.25,72,0,0,0,0,0,0,3,26,4,11601,8192,229,2,20,0.0,0.0,0,0,0.0,0.0,0,0,DDoS
80,108168,3,6,26,11607,20,0,8.666666667000001,10.26320288,5840,0,1934.5,2538.9192780000003,107545.6697,83.20390504,13521.0,37823.34338,107127,3,891,445.5,519.7234842,813,78,108107,21621.4,47800.48875,107127,3,0,0,0,0,72,132,27.73463501,55.46927002,0,5840,1163.3,2138.329153,4572451.567,0,0,0,1,0,0,0,0,2,1292.555556,8.666666667000001,1934.5,72,0,0,0,0,0,0,3,26,6,11607,8192,229,2,20,0.0,0.0,0,0,0.0,0.0,0,0,DDoS
80,16,2,0,0,0,0,0,0.0,0.0,0,0,0.0,0.0,0.0,125000.0,16.0,0.0,16,16,16,16.0,0.0,16,16,0,0.0,0.0,0,0,0,0,0,0,40,0,125000.0,0.0,0,0,0.0,0.0,0.0,0,0,0,0,1,0,0,0,0,0.0,0.0,0.0,40,0,0,0,0,0,0,2,0,0,0,254,-1,0,20,0.0,0.0,0,0,0.0,0.0,0,0,BENIGN
80,66821,3,4,437,859,437,0,145.66666669999998,252.3020676,859,0,214.75,429.5,19395.10034,104.7574864,11136.83333,12054.90153,23217,2,43114,21557.0,2402.748842,23256,19858,43604,14534.666669999999,24716.326269999998,43073,2,0,0,0,0,104,136,44.89606561,59.86142081,0,859,162.0,320.4679614,102699.7143,0,0,0,1,0,0,0,0,1,185.1428571,145.66666669999998,214.75,104,0,0,0,0,0,0,3,437,4,859,29200,31,1,32,0.0,0.0,0,0,0.0,0.0,0,0,BENIGN
445,16523256,25,18,2168,2608,252,0,86.72,79.59246195,307,0,144.88888889999998,98.30258742,289.0471466,2.602392652,393410.8571,2353800.438,15300000,3,16500000,688469.0,3108754.9439999997,15300000,3,16500000,971948.2941,3741877.425,15500000,3,0,0,0,0,524,384,1.5130189840000001,1.089373668,0,307,108.54545449999999,91.97862607,8460.067653,0,0,0,1,0,0,0,0,0,111.06976740000002,86.72,144.88888889999998,524,0,0,0,0,0,0,25,2168,18,2608,8192,2049,16,20,1260627.0,0.0,1260627,1260627,15300000.0,0.0,15300000,15300000,BENIGN
80,130586,3,6,26,11607,20,0,8.666666667000001,10.26320288,5840,0,1934.5,2538.9192780000003,89083.05638,68.92009863,16323.25,45637.876019999996,129269,3,1115,557.5,719.1275965,1066,49,130398,26079.6,57686.23816,129269,3,0,0,0,0,72,132,22.97336621,45.94673242,0,5840,1163.3,2138.329153,4572451.567,0,0,0,1,0,0,0,0,2,1292.555556,8.666666667000001,1934.5,72,0,0,0,0,0,0,3,26,6,11607,8192,229,2,20,0.0,0.0,0,0,0.0,0.0,0,0,DDoS
0,118903732,477,0,0,0,0,0,0.0,0.0,0,0,0.0,0.0,0.0,4.011648684,249797.7563,1899108.881,33800000,0,119000000,249797.7563,1899108.881,33800000,0,0,0.0,0.0,0,0,0,0,0,0,0,0,4.011648684,0.0,0,0,0.0,0.0,0.0,0,0,0,0,0,0,0,0,0,0.0,0.0,0.0,0,0,0,0,0,0,0,477,0,0,0,-1,-1,0,0,18000000.0,12900000.0,29800000,4182193,21600000.0,10700000.0,33800000,13700000,BENIGN
443,409,3,0,85,0,85,0,28.33333333,49.07477288,0,0,0.0,0.0,207823.9609,7334.963325,204.5,221.3244225,361,48,409,204.5,221.3244225,361,48,0,0.0,0.0,0,0,0,0,0,0,60,0,7334.963325,0.0,0,85,21.25,42.5,1806.25,0,0,0,0,1,0,0,0,0,28.33333333,28.33333333,0.0,60,0,0,0,0,0,0,3,85,0,0,256,-1,1,20,0.0,0.0,0,0,0.0,0.0,0,0,BENIGN
1029,0,2,0,0,0,0,0,0.0,0.0,0,0,0.0,0.0,,inf,0.0,0.0,0,0,0,0.0,0.0,0,0,0,0.0,0.0,0,0,0,0,0,0,40,0,0.0,0.0,0,0,0.0,0.0,0.0,0,0,0,0,1,0,0,0,0,0.0,0.0,0.0,40,0,0,0,0,0,0,2,0,0,0,2053,-1,0,20,0.0,0.0,0,0,0.0,0.0,0,0,BENIGN
88,1260,9,6,3074,3010,1537,0,341.55555560000005,677.7532942,1505,0,501.66666669999995,777.1786581,4828571.429,11904.7619,90.0,252.53149080000003,964,1,1260,157.5,364.6411151,1056,1,1160,232.0,412.8686232,964,4,0,0,0,0,204,144,7142.857143000001,4761.904762,0,1537,380.25,680.2620573,462756.4667,0,0,0,1,0,0,0,0,0,405.6,341.55555560000005,501.66666669999995,204,0,0,0,0,0,0,9,3074,6,3010,8192,2053,2,20,0.0,0.0,0,0,0.0,0.0,0,0,BENIGN
443,533,2,0,0,0,0,0,0.0,0.0,0,0,0.0,0.0,0.0,3752.3452159999997,533.0,0.0,533,533,533,533.0,0.0,533,533,0,0.0,0.0,0,0,0,0,0,0,64,0,3752.3452159999997,0.0,0,0,0.0,0.0,0.0,0,0,0,0,1,0,0,0,0,0.0,0.0,0.0,64,0,0,0,0,0,0,2,0,0,0,1209,-1,0,32,0.0,0.0,0,0,0.0,0.0,0,0,BENIGN
1095,49,3,1,0,0,0,0,0.0,0.0,0,0,0.0,0.0,0.0,81632.65306,16.33333333,17.24335621,35,1,49,24.5,33.23401872,48,1,0,0.0,0.0,0,0,0,0,0,0,60,20,61224.4898,20408.163269999997,0,0,0.0,0.0,0.0,0,0,0,0,1,0,0,0,0,0.0,0.0,0.0,60,0,0,0,0,0,0,3,0,1,0,12499,255,0,20,0.0,0.0,0,0,0.0,0.0,0,0,BENIGN
389,495,11,4,172,326,79,0,15.63636364,31.4492376,163,0,81.5,94.10809388,1006060.6059999999,30303.0303,35.35714286,27.78103156,79,0,495,49.5,40.87990541,123,0,285,95.0,160.21547990000002,280,2,0,0,0,0,368,144,22222.22222,8080.808081,0,163,31.125,57.86060836,3347.85,0,0,0,1,0,0,0,0,0,33.2,15.63636364,81.5,368,0,0,0,0,0,0,11,172,4,326,29200,2081,4,32,0.0,0.0,0,0,0.0,0.0,0,0,BENIGN
80,845529,3,6,26,11607,20,0,8.666666667000001,10.26320288,4380,0,1934.5,2177.344966,13758.25075,10.64422391,105691.125,297686.5418,842424,4,2787,1393.5,1965.049745,2783,4,845505,169101.0,376400.8767,842424,15,0,0,0,0,72,132,3.548074637,7.096149275,0,4380,1163.3,1903.962654,3625073.789,0,0,0,1,0,0,0,0,2,1292.555556,8.666666667000001,1934.5,72,0,0,0,0,0,0,3,26,6,11607,8192,229,2,20,0.0,0.0,0,0,0.0,0.0,0,0,DDoS
123,66016477,7,7,336,336,48,48,48.0,0.0,48,48,48.0,0.0,10.17927691,0.21206826899999998,5078190.538,15300000.0,56000000,16325,66000000,11000000.0,22000000.0,56000000,1999884,66000000,11000000.0,22000000.0,56000000,1999663,0,0,0,0,156,156,0.106034134,0.106034134,48,48,48.0,0.0,0.0,0,0,0,0,0,0,0,0,1,51.42857143,48.0,48.0,156,0,0,0,0,0,0,7,336,7,336,-1,-1,6,0,10000000.0,0.0,10000000,10000000,56000000.0,0.0,56000000,56000000,BENIGN
443,1581930,14,13,1044,5121,438,0,74.57142857,121.3917462,1430,0,393.9230769,579.8994829,3897.1383060000003,17.067759,60843.46154,258333.5705,1324171,2,1581930,121686.9231,384917.9783,1401302,4,219825,18318.75,25900.25979,77559,2,0,0,0,0,292,272,8.849949113,8.21780989,0,1430,220.1785714,428.8097267,183877.7817,0,0,0,1,0,0,0,0,0,228.33333330000002,74.57142857,393.9230769,292,0,0,0,0,0,0,14,1044,13,5121,8192,360,8,20,0.0,0.0,0,0,0.0,0.0,0,0,BENIGN
21,48,2,0,0,0,0,0,0.0,0.0,0,0,0.0,0.0,0.0,41666.66667,48.0,0.0,48,48,48,48.0,0.0,48,48,0,0.0,0.0,0,0,0,0,0,0,64,0,41666.66667,0.0,0,0,0.0,0.0,0.0,0,0,0,0,1,1,0,0,0,0.0,0.0,0.0,64,0,0,0,0,0,0,2,0,0,0,229,-1,0,32,0.0,0.0,0,0,0.0,0.0,0,0,BENIGN
138,77478064,23,0,5359,0,233,233,233.0,0.0,0,0,0.0,0.0,69.16796475,0.296858218,3521730.182,16500000.0,77500000,1,77500000,3521730.182,16500000.0,77500000,1,0,0.0,0.0,0,0,0,0,0,0,592,0,0.296858218,0.0,233,233,233.0,0.0,0.0,0,0,0,0,0,0,0,0,0,243.13043480000002,233.0,0.0,592,0,0,0,0,0,0,23,5359,0,0,-1,-1,22,20,20.0,0.0,20,20,77500000.0,0.0,77500000,77500000,BENIGN
88,691,7,4,466,414,233,0,66.57142857,113.6923585,207,0,103.5,119.5115057,1273516.643,15918.958030000002,69.1,107.661455,367,1,691,115.16666670000001,177.2584742,474,1,581,193.66666669999998,252.3020676,485,48,0,0,0,0,164,104,10130.24602,5788.712012,0,233,73.33333333,108.6038115,11794.78788,0,0,0,1,0,0,0,0,0,80.0,66.57142857,103.5,164,0,0,0,0,0,0,7,466,4,414,8192,2053,2,20,0.0,0.0,0,0,0.0,0.0,0,0,BENIGN
443,43814737,21,24,954,29266,517,0,45.42857143,133.04494409999998,3864,0,1219.416667,1165.65335,689.7222731,1.027051697,995789.4773,2866237.04,10000000,10,43800000,2190727.7,4037552.2180000003,10200000,205,43700000,1898530.5219999999,3837505.796,10200000,85,0,0,0,0,680,776,0.479290792,0.547760905,0,3864,656.9565217,1027.216064,1055172.8429999999,0,0,0,1,0,0,0,0,1,671.5555555999999,45.42857143,1219.416667,680,0,0,0,0,0,0,21,954,24,29266,29200,243,3,32,1106117.75,1912103.457,3974271,148417,9847505.25,313507.8844,10000000,9377314,BENIGN
80,204,2,0,0,0,0,0,0.0,0.0,0,0,0.0,0.0,0.0,9803.921569,204.0,0.0,204,204,204,204.0,0.0,204,204,0,0.0,0.0,0,0,0,0,0,0,64,0,9803.921569,0.0,0,0,0.0,0.0,0.0,0,0,0,0,1,0,0,0,0,0.0,0.0,0.0,64,0,0,0,0,0,0,2,0,0,0,264,-1,0,32,0.0,0.0,0,0,0.0,0.0,0,0,BENIGN
80,1323699,3,4,436,860,436,0,145.33333330000002,251.7247174,860,0,215.0,430.0,979.0745479000001,5.288211293,220616.5,517333.8592,1276356,1,1299720,649860.0,885999.14,1276356,23364,1300417,433472.3333,750791.7749,1300412,1,0,0,0,0,72,92,2.266376268,3.0218350239999996,0,860,162.0,320.65646949999996,102820.5714,0,0,0,1,0,0,0,0,1,185.1428571,145.33333330000002,215.0,72,0,0,0,0,0,0,3,436,4,860,8192,31,1,20,0.0,0.0,0,0,0.0,0.0,0,0,BENIGN
80,28338,3,6,26,11607,20,0,8.666666667000001,10.26320288,5840,0,1934.5,2538.9192780000003,410508.8574,317.59474910000006,3542.25,9591.005828,27267,3,943,471.5,662.5590540000001,940,3,28289,5657.8,12086.690270000001,27267,3,0,0,0,0,72,132,105.86491640000001,211.7298327,0,5840,1163.3,2138.329153,4572451.567,0,0,0,1,0,0,0,0,2,1292.555556,8.666666667000001,1934.5,72,0,0,0,0,0,0,3,26,6,11607,8192,229,2,20,0.0,0.0,0,0,0.0,0.0,0,0,DDoS
80,1161692,4,0,24,0,6,6,6.0,0.0,0,0,0.0,0.0,20.65952077,3.4432534610000003,387230.6667,670080.5181,1160973,315,1161692,387230.6667,670080.5181,1160973,315,0,0.0,0.0,0,0,0,0,0,0,80,0,3.4432534610000003,0.0,6,6,6.0,0.0,0.0,0,0,0,0,1,0,0,0,0,7.5,6.0,0.0,80,0,0,0,0,0,0,4,24,0,0,256,-1,3,20,0.0,0.0,0,0,0.0,0.0,0,0,DDoS
1276,34011,4,1,3553,0,2860,0,888.25,1354.485973,0,0,0.0,0.0,104466.2021,147.0112611,8502.75,9880.763175,19098,67,34011,11337.0,9912.282835,19098,171,0,0.0,0.0,0,0,0,0,0,0,80,20,117.60900890000002,29.40225221,0,2860,592.1666667000001,1145.06601,1311176.1670000001,0,0,0,0,1,0,0,0,0,710.6,888.25,0.0,80,0,0,0,0,0,0,4,3553,1,0,343,0,2,20,0.0,0.0,0,0,0.0,0.0,0,0,BENIGN
80,5035810,4,0,24,0,6,6,6.0,0.0,0,0,0.0,0.0,4.765866862,0.794311144,1678603.333,2906729.1119999997,5035005,266,5035810,1678603.333,2906729.1119999997,5035005,266,0,0.0,0.0,0,0,0,0,0,0,80,0,0.794311144,0.0,6,6,6.0,0.0,0.0,0,0,0,0,1,0,0,0,0,7.5,6.0,0.0,80,0,0,0,0,0,0,4,24,0,0,256,-1,3,20,805.0,0.0,805,805,5035005.0,0.0,5035005,5035005,DDoS
80,28922,3,6,26,11601,20,0,8.666666667000001,10.26320288,4380,0,1933.5,1757.789948,402012.309,311.1817993,3615.25,6598.476745,16676,47,11689,5844.5,8029.1975,11522,167,28848,5769.6,7880.546509999999,16676,47,0,0,0,0,72,132,103.7272664,207.4545329,0,4380,1162.7,1645.2417619999999,2706820.4560000002,0,0,0,1,0,0,0,0,2,1291.888889,8.666666667000001,1933.5,72,0,0,0,0,0,0,3,26,6,11601,8192,229,2,20,0.0,0.0,0,0,0.0,0.0,0,0,DDoS
88,909,8,6,4930,258,2465,0,616.25,939.5848247000001,129,0,43.0,66.61531355,5707370.737000001,15401.54015,69.92307692,126.88213789999999,478,0,909,129.8571429,236.57023519999998,661,1,785,157.0,196.1224108,478,2,0,0,0,0,184,144,8800.880088,6600.6600659999995,0,2465,345.8666667,729.8128788,532626.8381,0,0,0,1,0,0,0,0,0,370.57142860000005,616.25,43.0,184,0,0,0,0,0,0,8,4930,6,258,8192,2053,3,20,0.0,0.0,0,0,0.0,0.0,0,0,BENIGN
80,99854,3,5,26,11607,20,0,8.666666667000001,10.26320288,7215,0,2321.4,3327.7697940000003,116500.0901,80.11697078,14264.85714,37199.09209,98622,3,992,496.0,540.2295807999999,878,114,99808,24952.0,49115.3805,98622,3,0,0,0,0,72,112,30.04386404,50.07310674,0,7215,1292.555556,2650.585648,7025604.278,0,0,0,1,0,0,0,0,1,1454.125,8.666666667000001,2321.4,72,0,0,0,0,0,0,3,26,5,11607,8192,229,2,20,0.0,0.0,0,0,0.0,0.0,0,0,DDoS
80,4051965,4,0,24,0,6,6,6.0,0.0,0,0,0.0,0.0,5.923052149,0.987175358,1350655.0,2339402.2169999997,4051964,0,4051965,1350655.0,2339402.2169999997,4051964,0,0,0.0,0.0,0,0,0,0,0,0,80,0,0.987175358,0.0,6,6,6.0,0.0,0.0,0,0,0,0,1,0,0,0,0,7.5,6.0,0.0,80,0,0,0,0,0,0,4,24,0,0,256,-1,3,20,0.0,0.0,0,0,0.0,0.0,0,0,DDoS
88,853,9,4,632,3112,316,0,70.22222222,139.34290239999999,1556,0,778.0,898.3570189,4389214.537,15240.32825,71.08333333,176.4809845,628,1,853,106.625,241.3236934,701,1,735,245.0,342.0803999,640,47,0,0,0,0,204,104,10550.99648,4689.331770000001,0,1556,267.4285714,557.5172594,310825.4945,0,0,0,1,0,0,0,0,0,288.0,70.22222222,778.0,204,0,0,0,0,0,0,9,632,4,3112,8192,2053,2,20,0.0,0.0,0,0,0.0,0.0,0,0,BENIGN
80,4835287,2,0,0,0,0,0,0.0,0.0,0,0,0.0,0.0,0.0,0.41362591299999996,4835287.0,0.0,4835287,4835287,4835287,4835287.0,0.0,4835287,4835287,0,0.0,0.0,0,0,0,0,0,0,64,0,0.41362591299999996,0.0,0,0,0.0,0.0,0.0,0,0,0,0,1,0,0,0,0,0.0,0.0,0.0,64,0,0,0,0,0,0,2,0,0,0,239,-1,0,32,0.0,0.0,0,0,0.0,0.0,0,0,BENIGN
80,899992,3,5,26,11607,20,0,8.666666667000001,10.26320288,7215,0,2321.4,3327.7697940000003,12925.67045,8.888967902000001,128570.2857,339713.1449,898967,4,868,434.0,608.1118318,864,4,899948,224987.0,449320.1924,898967,4,0,0,0,0,72,112,3.333362963,5.555604939,0,7215,1292.555556,2650.585648,7025604.278,0,0,0,1,0,0,0,0,1,1454.125,8.666666667000001,2321.4,72,0,0,0,0,0,0,3,26,5,11607,8192,229,2,20,0.0,0.0,0,0,0.0,0.0,0,0,DDoS
465,215,3,0,37,0,37,0,12.33333333,21.36195996,0,0,0.0,0.0,172093.0233,13953.48837,107.5,84.14570696,167,48,215,107.5,84.14570696,167,48,0,0.0,0.0,0,0,0,0,0,0,60,0,13953.48837,0.0,0,37,9.25,18.5,342.25,0,0,0,0,1,0,0,0,0,12.33333333,12.33333333,0.0,60,0,0,0,0,0,0,3,37,0,0,255,-1,1,20,0.0,0.0,0,0,0.0,0.0,0,0,BENIGN
80,82523355,2,0,0,0,0,0,0.0,0.0,0,0,0.0,0.0,0.0,0.024235562999999998,82500000.0,0.0,82500000,82500000,82500000,82500000.0,0.0,82500000,82500000,0,0.0,0.0,0,0,0,0,0,0,40,0,0.024235562999999998,0.0,0,0,0.0,0.0,0.0,0,0,0,0,1,0,0,0,0,0.0,0.0,0.0,40,0,0,0,0,0,0,2,0,0,0,1022,-1,0,20,0.0,0.0,0,0,0.0,0.0,0,0,BENIGN
389,0,2,0,7,0,7,0,3.5,4.949747468,0,0,0.0,0.0,inf,inf,0.0,0.0,0,0,0,0.0,0.0,0,0,0,0.0,0.0,0,0,1,0,0,0,64,0,0.0,0.0,0,7,4.666666667,4.041451884,16.33333333,0,1,0,0,1,0,0,0,0,7.0,3.5,0.0,64,0,0,0,0,0,0,2,7,0,0,237,-1,0,32,0.0,0.0,0,0,0.0,0.0,0,0,BENIGN
443,66157533,13,14,1127,844,523,0,86.69230769,193.79645019999998,656,0,60.28571429,176.5186539,29.79252567,0.40811679,2544520.5,4245415.813999999,10000000,3,62000000,5169067.25,5198838.683,10200000,147,66000000,5077623.846,5015110.199,10200000,3,0,0,0,0,424,456,0.19650067699999998,0.211616113,0,656,70.39285714,179.0498253,32058.83995,0,0,0,1,0,0,0,0,1,73.0,86.69230769,60.28571429,424,0,0,0,0,0,0,13,1127,14,844,29200,130,3,32,317147.0,413665.4463,1161538,148153,10000000.0,11458.11736,10000000,9999714,BENIGN
123,73016131,9,9,432,432,48,48,48.0,0.0,48,48,48.0,0.0,11.83300167,0.246520868,4295066.529,13900000.0,58000000,16148,73000000,9124989.0,19800000.0,58000000,1999904,73000000,9124983.75,19800000.0,58000000,1999816,0,0,0,0,204,204,0.123260434,0.123260434,48,48,48.0,0.0,0.0,0,0,0,0,0,0,0,0,1,50.66666667,48.0,48.0,204,0,0,0,0,0,0,9,432,9,432,-1,-1,8,20,15000000.0,0.0,15000000,15000000,58000000.0,0.0,58000000,58000000,BENIGN
123,68994232,8,8,384,384,48,48,48.0,0.0,48,48,48.0,0.0,11.1313653,0.231903444,4599615.467,14300000.0,56000000,16120,69000000,9853967.0,20400000.0,56000000,1991135,69000000,9853976.571,20400000.0,56000000,1991191,0,0,0,0,208,208,0.115951722,0.115951722,48,48,48.0,0.0,0.0,0,0,0,0,0,0,0,0,1,51.0,48.0,48.0,208,0,0,0,0,0,0,8,384,8,384,-1,-1,7,20,13000000.0,0.0,13000000,13000000,56000000.0,0.0,56000000,56000000,BENIGN
80,152672,3,7,26,11607,20,0,8.666666667000001,10.26320288,5840,0,1658.142857,2137.2970800000003,76196.02808999999,65.49989520000001,16963.55556,50559.088130000004,151787,2,575,287.5,402.3437585,572,3,152643,25440.5,61897.30272000001,151787,2,0,0,0,0,72,152,19.64996856,45.84992664,0,5840,1057.5454550000002,1853.4375289999998,3435230.673,0,0,0,1,0,0,0,0,2,1163.3,8.666666667000001,1658.142857,72,0,0,0,0,0,0,3,26,7,11607,8192,229,2,20,0.0,0.0,0,0,0.0,0.0,0,0,DDoS
443,8992,2,0,0,0,0,0,0.0,0.0,0,0,0.0,0.0,0.0,222.4199288,8992.0,0.0,8992,8992,8992,8992.0,0.0,8992,8992,0,0.0,0.0,0,0,0,0,0,0,64,0,222.4199288,0.0,0,0,0.0,0.0,0.0,0,0,0,0,1,0,0,0,0,0.0,0.0,0.0,64,0,0,0,0,0,0,2,0,0,0,800,-1,0,32,0.0,0.0,0,0,0.0,0.0,0,0,BENIGN
80,6072504,4,0,24,0,6,6,6.0,0.0,0,0,0.0,0.0,3.9522411180000003,0.658706853,2024168.0,3505341.747,6071788,232,6072504,2024168.0,3505341.747,6071788,232,0,0.0,0.0,0,0,0,0,0,0,80,0,0.658706853,0.0,6,6,6.0,0.0,0.0,0,0,0,0,1,0,0,0,0,7.5,6.0,0.0,80,0,0,0,0,0,0,4,24,0,0,256,-1,3,20,716.0,0.0,716,716,6071788.0,0.0,6071788,6071788,DDoS
443,103906809,9,7,2243,4659,1557,0,249.2222222,503.21386550000005,1460,0,665.5714286,709.4084054,66.42490579999999,0.153984134,6927120.6,26700000.0,103000000,48,104000000,13000000.0,36600000.0,103000000,54,298543,49757.16667,54250.1028,106353,48,0,0,0,0,192,152,0.086616075,0.06736805900000001,0,1557,406.0,607.4046221,368940.375,0,0,0,1,0,0,0,0,0,431.375,249.2222222,665.5714286,192,0,0,0,0,0,0,9,2243,7,4659,8192,513,4,20,0.0,0.0,0,0,0.0,0.0,0,0,BENIGN
443,980,2,0,0,0,0,0,0.0,0.0,0,0,0.0,0.0,0.0,2040.816327,980.0,0.0,980,980,980,980.0,0.0,980,980,0,0.0,0.0,0,0,0,0,0,0,64,0,2040.816327,0.0,0,0,0.0,0.0,0.0,0,0,0,0,1,0,0,0,0,0.0,0.0,0.0,64,0,0,0,0,0,0,2,0,0,0,924,-1,0,32,0.0,0.0,0,0,0.0,0.0,0,0,BENIGN
80,25890,3,6,26,11607,20,0,8.666666667000001,10.26320288,4380,0,1934.5,2177.344966,449324.0633,347.62456549999996,3236.25,8683.751637000001,24720,3,926,463.0,455.3767671,785,141,25813,5162.6,10941.565120000001,24720,3,0,0,0,0,72,132,115.87485520000001,231.7497103,0,4380,1163.3,1903.962654,3625073.789,0,0,0,1,0,0,0,0,2,1292.555556,8.666666667000001,1934.5,72,0,0,0,0,0,0,3,26,6,11607,8192,229,2,20,0.0,0.0,0,0,0.0,0.0,0,0,DDoS
80,1173370,4,0,24,0,6,6,6.0,0.0,0,0,0.0,0.0,20.45390627,3.408984378,391123.3333,675886.8716,1171570,340,1173370,391123.3333,675886.8716,1171570,340,0,0.0,0.0,0,0,0,0,0,0,80,0,3.408984378,0.0,6,6,6.0,0.0,0.0,0,0,0,0,1,0,0,0,0,7.5,6.0,0.0,80,0,0,0,0,0,0,4,24,0,0,256,-1,3,20,0.0,0.0,0,0,0.0,0.0,0,0,DDoS
53,23605,1,1,45,77,45,45,45.0,0.0,77,77,77.0,0.0,5168.3965259999995,84.7278119,23605.0,0.0,23605,23605,0,0.0,0.0,0,0,0,0.0,0.0,0,0,0,0,0,0,14,14,42.36390595,42.36390595,45,77,55.66666667,18.47520861,341.3333333,0,0,0,0,0,0,0,0,1,83.5,45.0,77.0,14,0,0,0,0,0,0,1,45,1,77,-1,-1,0,14,0.0,0.0,0,0,0.0,0.0,0,0,BENIGN
88,1205,7,4,2776,2830,1388,0,396.57142860000005,677.2746506,1415,0,707.5,816.9506309,4652282.158,9128.630705,120.5,236.4333357,777,1,1205,200.83333330000002,397.05839199999997,1008,1,927,309.0,491.6472313,876,1,0,0,0,0,164,104,5809.1286310000005,3319.502075,0,1415,467.16666669999995,690.0989169,476236.5152,0,0,0,1,0,0,0,0,0,509.6363636,396.57142860000005,707.5,164,0,0,0,0,0,0,7,2776,4,2830,8192,2053,2,20,0.0,0.0,0,0,0.0,0.0,0,0,BENIGN
443,4953235,14,12,2356,10073,679,0,168.28571430000002,276.38418870000004,1460,0,839.4166667000002,645.0021082999999,2509.269195,5.2490947839999995,198129.4,726367.0293,3653585,3,4953235,381018.0769,996862.0629,3653585,3,1172197,106563.3636,148538.7807,467616,40,0,0,0,0,292,252,2.8264356530000003,2.422659131,0,1460,460.33333330000005,578.4526442000001,334607.4615,0,0,0,1,0,0,0,0,0,478.03846150000004,168.28571430000002,839.4166667000002,292,0,0,0,0,0,0,14,2356,12,10073,8192,125,6,20,0.0,0.0,0,0,0.0,0.0,0,0,BENIGN
80,906698,3,6,26,11607,20,0,8.666666667000001,10.26320288,5840,0,1934.5,2538.9192780000003,12830.07131,9.926127552999999,113337.25,320035.7366,905385,3,924,462.0,647.7098116000001,920,4,906610,181322.0,404763.6933,905385,3,0,0,0,0,72,132,3.3087091839999996,6.617418369,0,5840,1163.3,2138.329153,4572451.567,0,0,0,1,0,0,0,0,2,1292.555556,8.666666667000001,1934.5,72,0,0,0,0,0,0,3,26,6,11607,8192,229,2,20,0.0,0.0,0,0,0.0,0.0,0,0,DDoS
80,6523113,4,0,24,0,6,6,6.0,0.0,0,0,0.0,0.0,3.6792249339999996,0.613204156,2174371.0,3765423.034,6522307,232,6523113,2174371.0,3765423.034,6522307,232,0,0.0,0.0,0,0,0,0,0,0,80,0,0.613204156,0.0,6,6,6.0,0.0,0.0,0,0,0,0,1,0,0,0,0,7.5,6.0,0.0,80,0,0,0,0,0,0,4,24,0,0,256,-1,3,20,806.0,0.0,806,806,6522307.0,0.0,6522307,6522307,DDoS
443,43843640,22,25,1029,28149,517,0,46.77272727,132.3602342,3864,0,1125.96,1016.024216,665.5013133,1.071991285,953122.6087,2809173.3039999995,10000000,2,34300000,1634301.429,3597683.0739999996,10200000,49,43700000,1820631.167,3771840.211,10200000,2,0,0,0,0,712,808,0.501783155,0.570208131,0,3864,607.875,912.6700278999999,832966.5798,0,0,0,1,0,0,0,0,1,620.8085106000001,46.77272727,1125.96,712,0,0,0,0,0,0,22,1029,25,28149,29200,252,3,32,1112022.0,1926751.3369999998,4002149,148562,9848887.5,316152.69899999996,10000000,9374746,BENIGN
80,6023754,4,0,24,0,6,6,6.0,0.0,0,0,0.0,0.0,3.9842264469999997,0.664037741,2007918.0,3477147.443,6022982,1,6023754,2007918.0,3477147.443,6022982,1,0,0.0,0.0,0,0,0,0,0,0,80,0,0.664037741,0.0,6,6,6.0,0.0,0.0,0,0,0,0,1,0,0,0,0,7.5,6.0,0.0,80,0,0,0,0,0,0,4,24,0,0,256,-1,3,20,772.0,0.0,772,772,6022982.0,0.0,6022982,6022982,DDoS
123,79999626,6,6,288,288,48,48,48.0,0.0,48,48,48.0,0.0,7.20003366,0.150000701,7272693.272999999,19400000.0,64000000,2,80000000,16000000.0,27700000.0,64000000,3,80000000,16000000.0,27700000.0,64000000,2,0,0,0,0,-1073741218,-1073741218,0.07500035099999999,0.07500035099999999,48,48,48.0,0.0,0.0,0,0,0,0,0,0,0,0,1,52.0,48.0,48.0,-1073741218,0,0,0,0,0,0,6,288,6,288,-1,-1,5,-536870661,104.0,2.828427125,106,102,40000000.0,34000000.0,64000000,16000000,BENIGN
123,67016429,7,7,336,336,48,48,48.0,0.0,48,48,48.0,0.0,10.02739194,0.20890399899999998,5155109.923,15600000.0,57000000,16466,67000000,11200000.0,22500000.0,57000000,1999952,67000000,11200000.0,22500000.0,57000000,1999847,0,0,0,0,140,140,0.104451999,0.104451999,48,48,48.0,0.0,0.0,0,0,0,0,0,0,0,0,1,51.42857143,48.0,48.0,140,0,0,0,0,0,0,7,336,7,336,-1,-1,6,20,10000000.0,0.0,10000000,10000000,57000000.0,0.0,57000000,57000000,BENIGN
443,240203,3,0,188,0,188,0,62.66666667,108.5418506,0,0,0.0,0.0,782.6713238,12.48943602,120101.5,169822.3001,240184,19,240203,120101.5,169822.3001,240184,19,0,0.0,0.0,0,0,0,0,0,0,96,0,12.48943602,0.0,0,188,47.0,94.0,8836.0,0,0,0,0,1,0,0,0,0,62.66666667,62.66666667,0.0,96,0,0,0,0,0,0,3,188,0,0,229,-1,1,32,0.0,0.0,0,0,0.0,0.0,0,0,BENIGN
80,109074,3,4,26,11607,20,0,8.666666667000001,10.26320288,11595,0,2901.75,5795.50069,106652.3644,64.17661404,18179.0,44052.895169999996,108099,3,911,455.5,639.931637,908,3,109029,36343.0,62144.22139,108099,5,0,0,0,0,72,92,27.50426316,36.67235088,0,11595,1454.125,4097.537534,16800000.0,0,0,0,1,0,0,0,0,1,1661.857143,8.666666667000001,2901.75,72,0,0,0,0,0,0,3,26,4,11607,8192,229,2,20,0.0,0.0,0,0,0.0,0.0,0,0,DDoS
123,112016162,10,10,480,480,48,48,48.0,0.0,48,48,48.0,0.0,8.570191862,0.178545664,5895587.473999999,16000000.0,64000000,16181,112000000,12400000.0,22000000.0,64000000,1999942,112000000,12400000.0,22000000.0,64000000,1999674,0,0,0,0,248,248,0.089272832,0.089272832,48,48,48.0,0.0,0.0,0,0,0,0,0,0,0,0,1,50.4,48.0,48.0,248,0,0,0,0,0,0,10,480,10,480,-1,-1,9,20,7016432.5,9899484.33,14000000,16440,49000000.0,21200000.0,64000000,34000000,BENIGN
80,114647,3,5,26,11607,20,0,8.666666667000001,10.26320288,10135,0,2321.4,4413.201989,101467.9843,69.77940984,16378.14286,42902.172,113670,4,680,340.0,427.09249580000005,642,38,114608,28652.0,56679.52201,113670,4,0,0,0,0,72,112,26.16727869,43.61213115,0,10135,1292.555556,3350.634907,11200000.0,0,0,0,1,0,0,0,0,1,1454.125,8.666666667000001,2321.4,72,0,0,0,0,0,0,3,26,5,11607,8192,229,2,20,0.0,0.0,0,0,0.0,0.0,0,0,DDoS
80,895225,3,6,26,11607,20,0,8.666666667000001,10.26320288,5840,0,1934.5,2538.9192780000003,12994.498590000001,10.05333855,111903.125,316011.3723,893991,3,944,472.0,661.8519472,940,4,895190,179038.0,399671.0598,893991,3,0,0,0,0,72,132,3.3511128489999997,6.702225697,0,5840,1163.3,2138.329153,4572451.567,0,0,0,1,0,0,0,0,2,1292.555556,8.666666667000001,1934.5,72,0,0,0,0,0,0,3,26,6,11607,8192,229,2,20,0.0,0.0,0,0,0.0,0.0,0,0,DDoS
80,916020,3,6,26,11607,20,0,8.666666667000001,10.26320288,5840,0,1934.5,2538.9192780000003,12699.50438,9.825112988999999,114502.5,323495.9807,915114,3,744,372.0,521.8448045,741,3,915974,183194.8,409155.3919,915114,3,0,0,0,0,72,132,3.275037663,6.550075326,0,5840,1163.3,2138.329153,4572451.567,0,0,0,1,0,0,0,0,2,1292.555556,8.666666667000001,1934.5,72,0,0,0,0,0,0,3,26,6,11607,8192,229,2,20,0.0,0.0,0,0,0.0,0.0,0,0,DDoS
80,3179924,4,0,24,0,6,6,6.0,0.0,0,0,0.0,0.0,7.547350187999999,1.257891698,1059974.6670000001,1835076.142,3178938,3,3179924,1059974.6670000001,1835076.142,3178938,3,0,0.0,0.0,0,0,0,0,0,0,80,0,1.257891698,0.0,6,6,6.0,0.0,0.0,0,0,0,0,1,0,0,0,0,7.5,6.0,0.0,80,0,0,0,0,0,0,4,24,0,0,256,-1,3,20,0.0,0.0,0,0,0.0,0.0,0,0,DDoS
443,43843479,24,28,1029,31687,517,0,42.875,127.1621055,2576,0,1131.6785710000001,876.342866,746.1999081,1.1860372670000001,859676.0588,2681288.7,10000000,3,34300000,1492190.826,3463926.606,10200000,183,43700000,1618338.7780000002,3596554.8210000005,10200000,3,0,0,0,0,776,904,0.547401815,0.638635451,0,2576,617.2830188999999,841.4259275000001,707997.5914,0,0,0,1,0,0,0,0,1,629.1538462,42.875,1131.6785710000001,776,0,0,0,0,0,0,24,1029,28,31687,29200,252,3,32,1109439.0,1922589.334,3993323,148109,9851430.0,317747.0395,10000000,9374978,BENIGN
80,24707,3,5,26,11607,20,0,8.666666667000001,10.26320288,5840,0,2321.4,3173.3738829999998,470838.224,323.79487589999997,3529.571429,8900.108161,23705,3,778,389.0,545.8864351,775,3,24652,6163.0,11699.6378,23705,3,0,0,0,0,72,112,121.42307849999999,202.3717975,0,5840,1292.555556,2554.159212,6523729.278,0,0,0,1,0,0,0,0,1,1454.125,8.666666667000001,2321.4,72,0,0,0,0,0,0,3,26,5,11607,8192,229,2,20,0.0,0.0,0,0,0.0,0.0,0,0,DDoS
80,2988853,4,0,24,0,6,6,6.0,0.0,0,0,0.0,0.0,8.029836195,1.338306032,996284.3333,1725230.5690000001,2988409,200,2988853,996284.3333,1725230.5690000001,2988409,200,0,0.0,0.0,0,0,0,0,0,0,80,0,1.338306032,0.0,6,6,6.0,0.0,0.0,0,0,0,0,1,0,0,0,0,7.5,6.0,0.0,80,0,0,0,0,0,0,4,24,0,0,256,-1,3,20,0.0,0.0,0,0,0.0,0.0,0,0,DDoS
465,12181592,20,27,1346,4648,378,0,67.3,86.44748939,1430,0,172.1481481,388.8269047,492.05391219999996,3.858280593,264817.2174,945100.8265,6143317,1,12100000,638522.2632,1420418.093,6143317,35874,12100000,466624.6923,1244384.113,6192539,1,0,0,0,0,436,552,1.641821529,2.216459064,0,1430,124.875,299.46993060000005,89682.23936,0,0,0,1,0,0,0,0,1,127.5319149,67.3,172.1481481,436,0,0,0,0,0,0,20,1346,27,4648,8192,176,13,20,49477.0,0.0,49477,49477,6143317.0,0.0,6143317,6143317,BENIGN
80,1604,3,6,26,11607,20,0,8.666666667000001,10.26320288,5840,0,1934.5,2538.9192780000003,7252493.766,5610.972569,200.5,316.1279126,914,3,1050,525.0,738.2194796,1047,3,1471,294.2,432.603398,1011,3,0,0,0,0,72,132,1870.3241899999998,3740.6483789999997,0,5840,1163.3,2138.329153,4572451.567,0,0,0,1,0,0,0,0,2,1292.555556,8.666666667000001,1934.5,72,0,0,0,0,0,0,3,26,6,11607,8192,229,2,20,0.0,0.0,0,0,0.0,0.0,0,0,DDoS
80,4770553,6,4,870,1592,435,0,145.0,224.6330341,796,0,398.0,459.5708143,516.0827267,2.096193041,530061.4444,1542432.779,4643029,73,4770553,954110.6,2062315.48,4643029,91,59834,19944.66667,16712.73602,34382,1636,0,0,0,0,132,92,1.257715825,0.8384772159999999,0,796,223.8181818,330.8536892,109464.1636,0,0,0,1,0,0,0,0,0,246.2,145.0,398.0,132,0,0,0,0,0,0,6,870,4,1592,8192,290,2,20,0.0,0.0,0,0,0.0,0.0,0,0,BENIGN
80,5194037,5,5,72,651,72,0,14.4,32.19937888,646,0,130.2,288.349094,139.1980843,1.925284706,577115.2222,1660967.8830000001,5005034,3,189003,47250.75,54463.77529,94625,3,5099888,1274972.0,2487133.346,5005080,3,0,0,0,0,168,168,0.962642353,0.962642353,0,646,65.72727273,193.650247,37500.41818,0,0,0,1,0,0,0,0,1,72.3,14.4,130.2,168,0,0,0,0,0,0,5,72,5,651,29200,114,1,32,0.0,0.0,0,0,0.0,0.0,0,0,BENIGN
443,241110,4,1,201,0,201,0,50.25,100.5,0,0,0.0,0.0,833.6443947,20.73742275,60277.5,75042.46029,169986,6,241110,80370.0,77621.04236,169986,34237,0,0.0,0.0,0,0,0,0,0,0,92,32,16.5899382,4.147484551,0,201,33.5,82.05790638,6733.5,0,0,0,1,0,0,0,0,0,40.2,50.25,0.0,92,0,0,0,0,0,0,4,201,1,0,8192,42780,1,20,0.0,0.0,0,0,0.0,0.0,0,0,BENIGN
80,8031465,4,0,24,0,6,6,6.0,0.0,0,0,0.0,0.0,2.988246852,0.49804114200000005,2677155.0,4636360.54,8030763,48,8031465,2677155.0,4636360.54,8030763,48,0,0.0,0.0,0,0,0,0,0,0,80,0,0.49804114200000005,0.0,6,6,6.0,0.0,0.0,0,0,0,0,1,0,0,0,0,7.5,6.0,0.0,80,0,0,0,0,0,0,4,24,0,0,256,-1,3,20,702.0,0.0,702,702,8030763.0,0.0,8030763,8030763,DDoS
443,2267678,10,11,851,3950,267,0,85.1,99.87041604,1448,0,359.0909091,569.9183195,2117.143616,9.260574032000001,113383.9,186539.6012,743817,9,1942161,215795.6667,286546.3696,839034,234,2172337,217233.7,239202.6488,743817,48,0,0,0,0,328,360,4.409797158,4.850776874,0,1448,218.2272727,424.317708,180045.5173,0,0,0,1,0,0,0,0,1,228.6190476,85.1,359.0909091,328,0,0,0,0,0,0,10,851,11,3950,29200,252,5,32,0.0,0.0,0,0,0.0,0.0,0,0,BENIGN
88,895,9,4,626,3064,313,0,69.55555556,138.0200267,1532,0,766.0,884.5006124,4122905.028,14525.139659999999,74.58333333,191.0818284,678,1,895,111.875,233.3693807,686,1,767,255.66666669999998,436.7657648,760,3,0,0,0,0,204,104,10055.86592,4469.273743,0,1532,263.5714286,548.9435607999999,301339.033,0,0,0,1,0,0,0,0,0,283.8461538,69.55555556,766.0,204,0,0,0,0,0,0,9,626,4,3064,8192,2053,2,20,0.0,0.0,0,0,0.0,0.0,0,0,BENIGN
123,110021565,10,10,480,480,48,48,48.0,0.0,48,48,48.0,0.0,8.72556212,0.181782544,5790608.683999999,15700000.0,62000000,22058,110000000,12200000.0,21600000.0,62000000,1000012,110000000,12200000.0,21600000.0,62000000,999838,0,0,0,0,260,260,0.090891272,0.090891272,48,48,48.0,0.0,0.0,0,0,0,0,0,0,0,0,1,50.4,48.0,48.0,260,0,0,0,0,0,0,10,480,10,480,-1,-1,9,20,6521975.0,9191952.578,13000000,22283,48500000.0,19100000.0,62000000,35000000,BENIGN
80,27914,3,4,26,11601,20,0,8.666666667000001,10.26320288,8760,0,2900.25,4128.3193009999995,416529.3401,250.7702228,4652.333333,7301.248624,16901,59,10765,5382.5,7392.801397,10610,155,27825,9275.0,8451.120399,16901,189,0,0,0,0,72,92,107.47295259999999,143.29727019999999,0,8760,1453.375,3113.952607,9696700.839,0,0,0,1,0,0,0,0,1,1661.0,8.666666667000001,2900.25,72,0,0,0,0,0,0,3,26,4,11601,8192,229,2,20,0.0,0.0,0,0,0.0,0.0,0,0,DDoS
88,80,1,4,0,0,0,0,0.0,0.0,0,0,0.0,0.0,0.0,62500.0,20.0,31.10198279,66,1,0,0.0,0.0,0,0,68,22.66666667,37.527767499999996,66,1,0,0,0,0,20,80,12500.0,50000.0,0,0,0.0,0.0,0.0,0,0,0,0,1,1,0,0,4,0.0,0.0,0.0,20,0,0,0,0,0,0,1,0,4,0,256,0,0,20,0.0,0.0,0,0,0.0,0.0,0,0,BENIGN
1085,4,2,0,31,0,31,0,15.5,21.92031022,0,0,0.0,0.0,7750000.0,500000.0,4.0,0.0,4,4,4,4.0,0.0,4,4,0,0.0,0.0,0,0,1,0,0,0,40,0,500000.0,0.0,0,31,20.66666667,17.89785834,320.3333333,0,1,0,0,1,0,0,0,0,31.0,15.5,0.0,40,0,0,0,0,0,0,2,31,0,0,30016,-1,0,20,0.0,0.0,0,0,0.0,0.0,0,0,BENIGN
88,1577,9,6,3122,3040,1561,0,346.8888889,688.3362994,1520,0,506.66666669999995,784.9246248,3907419.15,9511.731135,112.6428571,231.08493509999997,749,1,1577,197.125,334.93429530000003,888,1,1371,274.2,370.8277228,749,2,0,0,0,0,204,144,5707.038681,3804.692454,0,1561,385.125,689.0138726,474740.1167,0,0,0,1,0,0,0,0,0,410.8,346.8888889,506.66666669999995,204,0,0,0,0,0,0,9,3122,6,3040,8192,2053,2,20,0.0,0.0,0,0,0.0,0.0,0,0,BENIGN
80,5122415,4,0,24,0,6,6,6.0,0.0,0,0,0.0,0.0,4.685290043999999,0.7808816740000001,1707471.667,2956905.466,5121812,246,5122415,1707471.667,2956905.466,5121812,246,0,0.0,0.0,0,0,0,0,0,0,80,0,0.7808816740000001,0.0,6,6,6.0,0.0,0.0,0,0,0,0,1,0,0,0,0,7.5,6.0,0.0,80,0,0,0,0,0,0,4,24,0,0,256,-1,3,20,603.0,0.0,603,603,5121812.0,0.0,5121812,5121812,DDoS
88,689,7,4,2688,2744,1344,0,384.0,655.804849,1372,0,686.0,792.1245693,7883889.695,15965.16691,68.9,145.5315544,479,1,689,114.83333329999999,210.08038140000002,541,1,633,211.0,280.59223080000004,535,49,0,0,0,0,164,104,10159.651670000001,5805.515239,0,1372,452.66666669999995,668.6862742000001,447141.3333,0,0,0,1,0,0,0,0,0,493.8181818,384.0,686.0,164,0,0,0,0,0,0,7,2688,4,2744,8192,2053,2,20,0.0,0.0,0,0,0.0,0.0,0,0,BENIGN
53,398250,1,1,55,213,55,55,55.0,0.0,213,213,213.0,0.0,672.9441306,5.021971123999999,398250.0,0.0,398250,398250,0,0.0,0.0,0,0,0,0.0,0.0,0,0,0,0,0,0,20,20,2.5109855619999997,2.5109855619999997,55,213,107.66666670000001,91.22134253,8321.333333,0,0,0,0,0,0,0,0,1,161.5,55.0,213.0,20,0,0,0,0,0,0,1,55,1,213,-1,-1,0,20,0.0,0.0,0,0,0.0,0.0,0,0,BENIGN
80,2033082,4,0,24,0,6,6,6.0,0.0,0,0,0.0,0.0,11.80473783,1.967456305,677694.0,1172951.83,2032102,19,2033082,677694.0,1172951.83,2032102,19,0,0.0,0.0,0,0,0,0,0,0,80,0,1.967456305,0.0,6,6,6.0,0.0,0.0,0,0,0,0,1,0,0,0,0,7.5,6.0,0.0,80,0,0,0,0,0,0,4,24,0,0,256,-1,3,20,0.0,0.0,0,0,0.0,0.0,0,0,DDoS
443,5523599,7,5,309,152,227,0,44.14285714,83.11724364,107,0,30.4,47.04572244,83.46007739,2.172496591,502145.3636,1546582.654,5163375,4,5523599,920599.8333,2119288.07,5245549,4,276837,69209.25,89989.26982999999,191456,331,0,0,0,0,152,104,1.267289678,0.905206913,0,227,35.46153846,65.9654144,4351.435897,0,0,0,1,0,0,0,0,0,38.41666667,44.14285714,30.4,152,0,0,0,0,0,0,7,309,5,152,8192,35183,3,20,360220.0,0.0,360220,360220,5163375.0,0.0,5163375,5163375,BENIGN
80,4026434,4,0,24,0,6,6,6.0,0.0,0,0,0.0,0.0,5.960609313,0.993434886,1342144.6670000001,2324659.29,4026430,1,4026434,1342144.6670000001,2324659.29,4026430,1,0,0.0,0.0,0,0,0,0,0,0,80,0,0.993434886,0.0,6,6,6.0,0.0,0.0,0,0,0,0,1,0,0,0,0,7.5,6.0,0.0,80,0,0,0,0,0,0,4,24,0,0,256,-1,3,20,0.0,0.0,0,0,0.0,0.0,0,0,DDoS
135,36,1,2,0,0,0,0,0.0,0.0,0,0,0.0,0.0,0.0,83333.33333,18.0,21.21320344,33,3,0,0.0,0.0,0,0,3,3.0,0.0,3,3,0,0,0,0,20,40,27777.77778,55555.55556,0,0,0.0,0.0,0.0,0,0,0,0,1,1,0,0,2,0.0,0.0,0.0,20,0,0,0,0,0,0,1,0,2,0,254,2051,0,20,0.0,0.0,0,0,0.0,0.0,0,0,BENIGN
49155,5,1,1,0,0,0,0,0.0,0.0,0,0,0.0,0.0,0.0,400000.0,5.0,0.0,5,5,0,0.0,0.0,0,0,0,0.0,0.0,0,0,0,0,0,0,20,20,200000.0,200000.0,0,0,0.0,0.0,0.0,0,0,0,0,1,0,0,0,1,0.0,0.0,0.0,20,0,0,0,0,0,0,1,0,1,0,2049,251,0,20,0.0,0.0,0,0,0.0,0.0,0,0,BENIGN
88,2104,9,4,632,3112,316,0,70.22222222,139.34290239999999,1556,0,778.0,898.3570189,1779467.6809999999,6178.707224,175.33333330000002,251.8128213,678,3,2104,263.0,320.0044643,757,3,1568,522.6666667,899.2231832999998,1561,3,0,0,0,0,204,104,4277.56654,1901.140684,0,1556,267.4285714,557.5172594,310825.4945,0,0,0,1,0,0,0,0,0,288.0,70.22222222,778.0,204,0,0,0,0,0,0,9,632,4,3112,8192,2053,2,20,0.0,0.0,0,0,0.0,0.0,0,0,BENIGN
80,4173566,5,5,444,1870,444,0,88.8,198.5628364,1637,0,374.0,713.2106982,554.4419329,2.396032553,463729.5556,1326858.613,4000156,2,173410,43352.5,60807.82915,133473,53,4153933,1038483.25,1975765.664,4000158,72,0,0,0,0,120,112,1.198016277,1.198016277,0,1637,210.36363640000002,494.41000650000007,244441.2545,0,0,0,1,0,0,0,0,1,231.4,88.8,374.0,120,0,0,0,0,0,0,5,444,5,1870,29200,30,1,20,0.0,0.0,0,0,0.0,0.0,0,0,BENIGN
80,140850,3,4,26,11607,20,0,8.666666667000001,10.26320288,11595,0,2901.75,5795.50069,82591.4093,49.69826056,23475.0,57056.13031,139939,4,818,409.0,572.7564927999999,814,4,140760,46920.0,80557.83761,139939,5,0,0,0,0,72,92,21.29925453,28.39900603,0,11595,1454.125,4097.537534,16800000.0,0,0,0,1,0,0,0,0,1,1661.857143,8.666666667000001,2901.75,72,0,0,0,0,0,0,3,26,4,11607,8192,229,2,20,0.0,0.0,0,0,0.0,0.0,0,0,DDoS
88,599,7,4,466,414,233,0,66.57142857,113.6923585,207,0,103.5,119.5115057,1469115.1919999998,18363.9399,59.9,107.5292725,354,1,599,99.83333333,173.1501275,450,1,427,142.33333330000002,241.3324125,421,3,0,0,0,0,164,104,11686.14357,6677.796327,0,233,73.33333333,108.6038115,11794.78788,0,0,0,1,0,0,0,0,0,80.0,66.57142857,103.5,164,0,0,0,0,0,0,7,466,4,414,8192,2053,2,20,0.0,0.0,0,0,0.0,0.0,0,0,BENIGN
80,3090571,4,0,24,0,6,6,6.0,0.0,0,0,0.0,0.0,7.765555297000001,1.294259216,1030190.333,1783751.37,3089889,329,3090571,1030190.333,1783751.37,3089889,329,0,0.0,0.0,0,0,0,0,0,0,80,0,1.294259216,0.0,6,6,6.0,0.0,0.0,0,0,0,0,1,0,0,0,0,7.5,6.0,0.0,80,0,0,0,0,0,0,4,24,0,0,256,-1,3,20,0.0,0.0,0,0,0.0,0.0,0,0,DDoS
443,43844508,24,27,1029,34203,517,0,42.875,127.1621055,3864,0,1266.777778,1062.645912,803.5670054999999,1.163201558,876890.16,2705045.124,10000000,2,34300000,1492192.4780000001,3462697.079,10200000,192,43700000,1680631.1919999998,3652033.0530000003,10200000,2,0,0,0,0,776,872,0.5473889679999999,0.615812589,0,3864,677.5384615,982.5160072000001,965337.7044,0,0,0,1,0,0,0,0,1,690.8235294,42.875,1266.777778,776,0,0,0,0,0,0,24,1029,27,34203,29200,252,3,32,1112231.5,1928189.668,4004516,148059,9848895.0,315336.4927,10000000,9376020,BENIGN
445,61385684,57,56,13950,9394,2995,0,244.73684210000002,455.4834765,784,0,167.75,149.3879939,380.28410660000003,1.840820084,548086.4643,3987765.353,30000000,2,61400000,1096172.929,5610885.324,30000000,2,61300000,1115291.055,5660771.571,30000000,2,0,0,0,0,1164,1192,0.9285552640000001,0.912264821,0,2995,204.7807018,339.8957612,115529.1285,0,0,0,0,1,0,0,0,0,206.59292040000003,244.73684210000002,167.75,1164,0,0,0,0,0,0,57,13950,56,9394,254,2050,52,20,30016.0,42345.7967,59959,73,30000000.0,41530.50258,30000000,29900000,BENIGN
135,48876641,11,6,656,560,168,0,59.63636364,82.78076193,172,0,93.33333333,77.75517132,24.87896007,0.347814409,3054790.063,12200000.0,48700000,1,48900000,4887664.1,15400000.0,48700000,1,613,122.6,127.2686136,296,1,0,0,0,0,244,144,0.225056382,0.12275802699999999,0,172,67.55555556,79.70402767,6352.732026,0,0,0,1,0,0,0,0,0,71.52941176,59.63636364,93.33333333,244,0,0,0,0,0,0,11,656,6,560,8192,2052,4,20,0.0,0.0,0,0,0.0,0.0,0,0,BENIGN
80,3141898,4,0,24,0,6,6,6.0,0.0,0,0,0.0,0.0,7.638694827,1.273115805,1047299.333,1813386.7619999999,3141218,240,3141898,1047299.333,1813386.7619999999,3141218,240,0,0.0,0.0,0,0,0,0,0,0,80,0,1.273115805,0.0,6,6,6.0,0.0,0.0,0,0,0,0,1,0,0,0,0,7.5,6.0,0.0,80,0,0,0,0,0,0,4,24,0,0,256,-1,3,20,0.0,0.0,0,0,0.0,0.0,0,0,DDoS
80,7126496,5,0,30,0,6,6,6.0,0.0,0,0,0.0,0.0,4.209642439,0.701607073,1781624.0,3562501.336,7125376,218,7126496,1781624.0,3562501.336,7125376,218,0,0.0,0.0,0,0,0,0,0,0,100,0,0.701607073,0.0,6,6,6.0,0.0,0.0,0,0,0,0,1,0,0,0,0,7.2,6.0,0.0,100,0,0,0,0,0,0,5,30,0,0,256,-1,4,20,1120.0,0.0,1120,1120,7125376.0,0.0,7125376,7125376,DDoS
445,109152497,124,113,33324,43490,3072,0,268.7419355,459.44052,3254,0,384.8672566,540.4735441,703.7310378999999,2.171274194,462510.5805,3442299.789,30000000,0,109000000,887418.3659,4737572.07,30000000,1,109000000,974575.625,4959248.993,30000000,1,0,0,0,0,2528,2356,1.136025317,1.035248878,0,3254,322.7478992,501.3985036,251400.4594,0,0,0,1,0,0,0,0,0,324.1097046,268.7419355,384.8672566,2528,0,0,0,0,0,0,124,33324,113,43490,8192,2049,102,20,796206.0,1762916.282,3949776,56,21000000.0,12400000.0,30000000,5333938,BENIGN
443,41561741,23,28,698,34523,350,0,30.34782609,85.85326207,3864,0,1232.964286,1026.797087,847.438032,1.227090078,831234.82,2691505.295,10000000,5,41600000,1889161.409,3901914.385,10200000,77,41400000,1533834.667,3590756.2939999998,10200000,47,0,0,0,0,744,904,0.553393565,0.673696513,0,3864,677.3269231,963.6457065999999,928613.0479,0,0,0,1,0,0,0,0,1,690.6078431,30.34782609,1232.964286,744,0,0,0,0,0,0,23,698,28,34523,29200,252,3,32,539210.0,782115.3382,1712383,148088,9851163.75,325839.1075,10000000,9362652,BENIGN
22,1458500,35,40,2632,6634,408,0,75.2,106.5205862,976,0,165.85,325.1423791,6353.102503,51.42269455,19709.45946,115030.6374,968556,1,1458500,42897.05882,180694.1338,1010299,3,489807,12559.15385,36546.15947,206478,1,0,0,0,0,724,824,23.99725746,27.42543709,0,976,121.92105259999998,249.72586370000002,62363.007020000005,0,0,0,1,0,0,0,0,1,123.54666670000002,75.2,165.85,724,0,0,0,0,0,0,35,2632,40,6634,8192,245,24,20,0.0,0.0,0,0,0.0,0.0,0,0,BENIGN
443,9500,2,0,0,0,0,0,0.0,0.0,0,0,0.0,0.0,0.0,210.52631580000002,9500.0,0.0,9500,9500,9500,9500.0,0.0,9500,9500,0,0.0,0.0,0,0,0,0,0,0,64,0,210.52631580000002,0.0,0,0,0.0,0.0,0.0,0,0,0,0,1,0,0,0,0,0.0,0.0,0.0,64,0,0,0,0,0,0,2,0,0,0,727,-1,0,32,0.0,0.0,0,0,0.0,0.0,0,0,BENIGN
21,396124,24,24,176,424,43,0,7.333333333,12.00241522,51,0,17.66666667,16.31128355,1514.677222,121.1741778,8428.170213,30903.24617,192143,1,396097,17221.6087,46220.78209,192143,1,395992,17217.04348,44591.79293,192309,1,0,0,0,0,784,784,60.58708889,60.58708889,0,51,12.24489796,15.04649823,226.3971088,0,0,0,1,0,0,0,0,1,12.5,7.333333333,17.66666667,784,0,0,0,0,0,0,24,176,24,424,29200,227,12,32,0.0,0.0,0,0,0.0,0.0,0,0,BENIGN
80,8033798,5,0,30,0,6,6,6.0,0.0,0,0,0.0,0.0,3.734223838,0.62237064,2008449.5,4016486.336,8033179,3,8033798,2008449.5,4016486.336,8033179,3,0,0.0,0.0,0,0,0,0,0,0,100,0,0.62237064,0.0,6,6,6.0,0.0,0.0,0,0,0,0,1,0,0,0,0,7.2,6.0,0.0,100,0,0,0,0,0,0,5,30,0,0,256,-1,4,20,619.0,0.0,619,619,8033179.0,0.0,8033179,8033179,DDoS
80,10403699,4,0,24,0,6,6,6.0,0.0,0,0,0.0,0.0,2.306871815,0.38447863600000004,3467899.667,6005835.369,10400000,326,10400000,3467899.667,6005835.369,10400000,326,0,0.0,0.0,0,0,0,0,0,0,80,0,0.38447863600000004,0.0,6,6,6.0,0.0,0.0,0,0,0,0,1,0,0,0,0,7.5,6.0,0.0,80,0,0,0,0,0,0,4,24,0,0,256,-1,3,20,858.0,0.0,858,858,10400000.0,0.0,10400000,10400000,DDoS
80,917141,3,5,26,11607,20,0,8.666666667000001,10.26320288,5840,0,2321.4,3173.3738829999998,12683.98207,8.722759096,131020.1429,346219.9567,916173,3,767,383.5,516.8950570000001,749,18,917101,229275.25,457931.9561,916173,3,0,0,0,0,72,112,3.2710346610000003,5.451724435,0,5840,1292.555556,2554.159212,6523729.278,0,0,0,1,0,0,0,0,1,1454.125,8.666666667000001,2321.4,72,0,0,0,0,0,0,3,26,5,11607,8192,229,2,20,0.0,0.0,0,0,0.0,0.0,0,0,DDoS
80,1217,3,6,26,11607,20,0,8.666666667000001,10.26320288,5840,0,1934.5,2538.9192780000003,9558751.027,7395.234181999999,152.125,247.1456699,738,3,808,404.0,565.6854248999999,804,4,1151,230.2,339.88042010000004,818,3,0,0,0,0,72,132,2465.078061,4930.156122,0,5840,1163.3,2138.329153,4572451.567,0,0,0,1,0,0,0,0,2,1292.555556,8.666666667000001,1934.5,72,0,0,0,0,0,0,3,26,6,11607,8192,229,2,20,0.0,0.0,0,0,0.0,0.0,0,0,DDoS
80,52686,3,4,436,860,436,0,145.33333330000002,251.7247174,860,0,215.0,430.0,24598.56508,132.8626201,8781.0,11616.68385,23755,3,28425,14212.5,13152.893240000001,23513,4912,29262,9754.0,16458.11359,28756,3,0,0,0,0,72,92,56.94112288,75.92149717,0,860,162.0,320.65646949999996,102820.5714,0,0,0,1,0,0,0,0,1,185.1428571,145.33333330000002,215.0,72,0,0,0,0,0,0,3,436,4,860,8192,31,1,20,0.0,0.0,0,0,0.0,0.0,0,0,BENIGN
1111,12828,3,0,31,0,31,0,10.33333333,17.89785834,0,0,0.0,0.0,2416.588712,233.8634238,6414.0,9066.523148,12825,3,12828,6414.0,9066.523148,12825,3,0,0.0,0.0,0,0,0,0,0,0,60,0,233.8634238,0.0,0,31,7.75,15.5,240.25,0,0,0,0,1,0,0,0,0,10.33333333,10.33333333,0.0,60,0,0,0,0,0,0,3,31,0,0,17688,-1,1,20,0.0,0.0,0,0,0.0,0.0,0,0,BENIGN
443,43811445,21,25,954,29091,517,0,45.42857143,133.04494409999998,3864,0,1163.64,1136.693446,685.7797089,1.049953956,973587.6667,2838090.421,10000000,4,34300000,1714404.85,3672825.9060000004,10200000,50,43700000,1819305.292,3773641.3710000003,10200000,4,0,0,0,0,680,808,0.479326806,0.57062715,0,3864,639.2553191000001,1000.566263,1001132.8459999999,0,0,0,1,0,0,0,0,1,653.1521739,45.42857143,1163.64,680,0,0,0,0,0,0,21,954,25,29091,29200,243,3,32,1102859.5,1909488.335,3967092,148048,9850000.75,316570.5896,10000000,9375296,BENIGN
443,775,2,0,0,0,0,0,0.0,0.0,0,0,0.0,0.0,0.0,2580.645161,775.0,0.0,775,775,775,775.0,0.0,775,775,0,0.0,0.0,0,0,0,0,0,0,64,0,2580.645161,0.0,0,0,0.0,0.0,0.0,0,0,0,0,1,0,0,0,0,0.0,0.0,0.0,64,0,0,0,0,0,0,2,0,0,0,565,-1,0,32,0.0,0.0,0,0,0.0,0.0,0,0,BENIGN
443,43844320,28,30,1029,33828,517,0,36.75,118.3555926,2576,0,1127.6,821.7589461,795.0174618,1.322862346,769198.5965,2547167.982,10000000,1,34300000,1271129.185,3231266.245,10200000,48,43700000,1506755.7240000002,3490378.8880000003,10200000,1,0,0,0,0,904,968,0.638623201,0.6842391440000001,0,2576,590.7966102,804.6249240000001,647421.2683,0,0,0,1,0,0,0,0,1,600.9827586,36.75,1127.6,904,0,0,0,0,0,0,28,1029,30,33828,29200,252,3,32,1111144.75,1925303.525,3999100,148074,9849935.0,316208.7863,10000000,9375757,BENIGN
80,881291,3,6,26,11601,20,0,8.666666667000001,10.26320288,7300,0,1933.5,2720.783986,13193.145059999999,10.21229083,110161.375,309252.8659,875512,4,5048,2524.0,3563.818177,5044,4,881156,176231.2,390916.2823,875512,63,0,0,0,0,72,132,3.404096944,6.808193888,0,7300,1162.7,2258.94725,5102842.678,0,0,0,1,0,0,0,0,2,1291.888889,8.666666667000001,1933.5,72,0,0,0,0,0,0,3,26,6,11601,8192,229,2,20,0.0,0.0,0,0,0.0,0.0,0,0,DDoS
80,1174742,4,0,24,0,6,6,6.0,0.0,0,0,0.0,0.0,20.43001783,3.405002971,391580.6667,677610.6198,1174018,233,1174742,391580.6667,677610.6198,1174018,233,0,0.0,0.0,0,0,0,0,0,0,80,0,3.405002971,0.0,6,6,6.0,0.0,0.0,0,0,0,0,1,0,0,0,0,7.5,6.0,0.0,80,0,0,0,0,0,0,4,24,0,0,256,-1,3,20,0.0,0.0,0,0,0.0,0.0,0,0,DDoS
80,67362,3,6,26,11601,20,0,8.666666667000001,10.26320288,4380,0,1933.5,1757.789948,172604.7326,133.6064844,8420.25,19004.53331,54199,47,12798,6399.0,8867.119036,12669,129,67255,13451.0,23430.33535,54199,47,0,0,0,0,72,132,44.53549479,89.07098958,0,4380,1162.7,1645.2417619999999,2706820.4560000002,0,0,0,1,0,0,0,0,2,1291.888889,8.666666667000001,1933.5,72,0,0,0,0,0,0,3,26,6,11601,8192,229,2,20,0.0,0.0,0,0,0.0,0.0,0,0,DDoS
123,69086468,7,7,336,336,48,48,48.0,0.0,48,48,48.0,0.0,9.726941027,0.202644605,5314343.692,16100000.0,58900000,86372,69000000,11500000.0,23300000.0,59000000,1999884,69000000,11500000.0,23300000.0,59000000,1999697,0,0,0,0,156,144,0.10132230199999999,0.10132230199999999,48,48,48.0,0.0,0.0,0,0,0,0,0,0,0,0,1,51.42857143,48.0,48.0,156,0,0,0,0,0,0,7,336,7,336,-1,-1,6,0,10100000.0,0.0,10100000,10100000,58900000.0,0.0,58900000,58900000,BENIGN
80,4040355,5,5,444,1870,444,0,88.8,198.5628364,1637,0,374.0,713.2106982,572.7219514,2.475030041,448928.3333,1331714.074,4000094,39,40261,10065.25,11346.13859,20047,158,4020673,1005168.25,1996694.6809999999,4000178,277,0,0,0,0,120,112,1.23751502,1.23751502,0,1637,210.36363640000002,494.41000650000007,244441.2545,0,0,0,1,0,0,0,0,1,231.4,88.8,374.0,120,0,0,0,0,0,0,5,444,5,1870,29200,30,1,20,0.0,0.0,0,0,0.0,0.0,0,0,BENIGN
80,1632,3,6,26,11607,20,0,8.666666667000001,10.26320288,4380,0,1934.5,2177.344966,7128063.725,5514.705882,204.0,299.14067400000005,875,3,1089,544.5,702.1570337,1041,48,1466,293.2,429.3334369,1005,3,0,0,0,0,72,132,1838.235294,3676.470588,0,4380,1163.3,1903.962654,3625073.789,0,0,0,1,0,0,0,0,2,1292.555556,8.666666667000001,1934.5,72,0,0,0,0,0,0,3,26,6,11607,8192,229,2,20,0.0,0.0,0,0,0.0,0.0,0,0,DDoS
443,233342,13,14,5775,16080,3441,0,444.2307692,987.1314632000001,3105,0,1148.5714289999999,861.4651843,93660.80687999999,115.7099879,8974.692308,18034.24553,52780,4,233280,19440.0,26792.96977,68850,38,187182,14398.615380000001,24006.71984,66468,48,0,0,0,0,272,292,55.712216399999996,59.99777151,0,3441,780.5357142999999,968.3239617999999,937651.295,0,0,0,1,0,0,0,0,1,809.4444444000001,444.2307692,1148.5714289999999,272,0,0,0,0,0,0,13,5775,14,16080,8192,256,5,20,0.0,0.0,0,0,0.0,0.0,0,0,BENIGN
443,92662,2,0,0,0,0,0,0.0,0.0,0,0,0.0,0.0,0.0,21.58382077,92662.0,0.0,92662,92662,92662,92662.0,0.0,92662,92662,0,0.0,0.0,0,0,0,0,0,0,40,0,21.58382077,0.0,0,0,0.0,0.0,0.0,0,0,0,0,1,0,0,0,0,0.0,0.0,0.0,40,0,0,0,0,0,0,2,0,0,0,257,-1,0,20,0.0,0.0,0,0,0.0,0.0,0,0,BENIGN
389,1,2,0,39,0,39,0,19.5,27.57716447,0,0,0.0,0.0,39000000.0,2000000.0,1.0,0.0,1,1,1,1.0,0.0,1,1,0,0.0,0.0,0,0,1,0,0,0,64,0,2000000.0,0.0,0,39,26.0,22.5166605,507.0,0,1,0,0,1,0,0,0,0,39.0,19.5,0.0,64,0,0,0,0,0,0,2,39,0,0,245,-1,0,32,0.0,0.0,0,0,0.0,0.0,0,0,BENIGN
80,4997053,4,0,24,0,6,6,6.0,0.0,0,0,0.0,0.0,4.8028307880000005,0.800471798,1665684.333,2884366.604,4996264,247,4997053,1665684.333,2884366.604,4996264,247,0,0.0,0.0,0,0,0,0,0,0,80,0,0.800471798,0.0,6,6,6.0,0.0,0.0,0,0,0,0,1,0,0,0,0,7.5,6.0,0.0,80,0,0,0,0,0,0,4,24,0,0,256,-1,3,20,0.0,0.0,0,0,0.0,0.0,0,0,DDoS
80,107555,3,5,26,11607,20,0,8.666666667000001,10.26320288,10135,0,2321.4,4413.201989,108158.6165,74.38054949,15365.0,40203.7444,106537,6,754,377.0,504.87424180000005,734,20,107493,26873.25,53110.13664,106537,6,0,0,0,0,72,112,27.89270606,46.48784343,0,10135,1292.555556,3350.634907,11200000.0,0,0,0,1,0,0,0,0,1,1454.125,8.666666667000001,2321.4,72,0,0,0,0,0,0,3,26,5,11607,8192,229,2,20,0.0,0.0,0,0,0.0,0.0,0,0,DDoS
80,4994455,5,0,30,0,6,6,6.0,0.0,0,0,0.0,0.0,6.006661387,1.001110231,1248613.75,2495994.865,4992606,233,4994455,1248613.75,2495994.865,4992606,233,0,0.0,0.0,0,0,0,0,0,0,100,0,1.001110231,0.0,6,6,6.0,0.0,0.0,0,0,0,0,1,0,0,0,0,7.2,6.0,0.0,100,0,0,0,0,0,0,5,30,0,0,256,-1,4,20,0.0,0.0,0,0,0.0,0.0,0,0,DDoS
443,235777,6,7,983,3693,660,0,163.83333330000002,256.60741740000003,1460,0,527.5714286,659.4042405,19832.29916,55.13684541,19648.08333,24155.48053,71474,3,197328,39465.6,43996.47315,110403,414,197712,32952.0,42520.767960000005,109920,3,0,0,0,0,132,148,25.4477748,29.6890706,0,1460,334.0,517.8138959,268131.2308,0,0,0,1,0,0,0,0,1,359.6923077,163.83333330000002,527.5714286,132,0,0,0,0,0,0,6,983,7,3693,8192,34,3,20,0.0,0.0,0,0,0.0,0.0,0,0,BENIGN
443,60624199,13,11,7510,4897,1957,0,577.6923077,686.8357864,1460,0,445.1818182,562.2139837999999,204.6542504,0.39588151899999996,2635834.739,12500000.0,60000000,31,60600000,5052016.583000001,17300000.0,60000000,231,560751,56075.1,34474.950710000005,112915,48,0,0,0,0,272,232,0.214435823,0.18144569600000002,0,1957,496.28,618.5650410000001,382622.71,0,0,0,1,0,0,0,0,0,516.9583333,577.6923077,445.1818182,272,0,0,0,0,0,0,13,7510,11,4897,8192,513,8,20,0.0,0.0,0,0,0.0,0.0,0,0,BENIGN
389,14649,13,12,4104,1020,1660,0,315.6923077,601.4639619,210,0,85.0,91.22200691,349784.9683,1706.601133,610.375,2483.271296,12229,1,14649,1220.75,3530.470768,12384,1,14587,1326.090909,3654.0855340000003,12295,3,0,0,0,0,284,264,887.4325892999999,819.1685438999999,0,1660,197.0769231,438.4117629,192204.8738,0,0,0,1,0,0,0,0,0,204.96,315.6923077,85.0,284,0,0,0,0,0,0,13,4104,12,1020,8192,0,8,20,0.0,0.0,0,0,0.0,0.0,0,0,BENIGN
443,109,2,0,0,0,0,0,0.0,0.0,0,0,0.0,0.0,0.0,18348.62385,109.0,0.0,109,109,109,109.0,0.0,109,109,0,0.0,0.0,0,0,0,0,0,0,64,0,18348.62385,0.0,0,0,0.0,0.0,0.0,0,0,0,0,1,0,0,0,0,0.0,0.0,0.0,64,0,0,0,0,0,0,2,0,0,0,856,-1,0,32,0.0,0.0,0,0,0.0,0.0,0,0,BENIGN
80,116449,3,6,26,11607,20,0,8.666666667000001,10.26320288,5840,0,1934.5,2538.9192780000003,99897.80933999999,77.2870527,14556.125,40775.98185,115470,2,763,381.5,514.0666299,745,18,116388,23277.6,51538.24194,115470,2,0,0,0,0,72,132,25.762350899999998,51.524701799999995,0,5840,1163.3,2138.329153,4572451.567,0,0,0,1,0,0,0,0,2,1292.555556,8.666666667000001,1934.5,72,0,0,0,0,0,0,3,26,6,11607,8192,229,2,20,0.0,0.0,0,0,0.0,0.0,0,0,DDoS
445,111451193,202,190,42254,54958,3085,0,209.1782178,368.3632588,3254,0,289.25263160000003,466.7565212,872.2383079,3.51723467,285041.4143,2710464.663,30000000,0,111000000,554483.5025,3765076.5739999996,30000000,1,111000000,589688.4921,3884086.2210000004,30000000,1,0,0,0,0,4064,3896,1.812452559,1.70478211,0,3254,247.3587786,419.9701228999999,176374.9041,0,0,0,1,0,0,0,0,0,247.98979590000002,209.1782178,289.25263160000003,4064,0,0,0,0,0,0,202,42254,190,54958,8192,2047,182,20,309848.2,632361.1926,1439956,59,22000000.0,11000000.0,30000000,9623821,BENIGN
443,1430700,9,11,703,3950,267,0,78.11111111,103.30228029999999,1448,0,359.0909091,569.9183195,3252.254141,13.97917104,75300.0,102618.23,355903,1,979657,122457.125,136582.1894,341843,374,1335510,133551.0,122338.291,355903,3,0,0,0,0,296,360,6.2906269660000005,7.688544069,0,1448,221.5714286,434.4990876,188789.4571,0,0,0,1,0,0,0,0,1,232.65,78.11111111,359.0909091,296,0,0,0,0,0,0,9,703,11,3950,29200,252,4,32,0.0,0.0,0,0,0.0,0.0,0,0,BENIGN
53,62958,1,1,48,80,48,48,48.0,0.0,80,80,80.0,0.0,2033.1014329999998,31.76720989,62958.0,0.0,62958,62958,0,0.0,0.0,0,0,0,0.0,0.0,0,0,0,0,0,0,20,20,15.88360494,15.88360494,48,80,58.66666667,18.47520861,341.3333333,0,0,0,0,0,0,0,0,1,88.0,48.0,80.0,20,0,0,0,0,0,0,1,48,1,80,-1,-1,0,20,0.0,0.0,0,0,0.0,0.0,0,0,BENIGN
80,3181945,5,0,30,0,6,6,6.0,0.0,0,0,0.0,0.0,9.428195647999999,1.571365941,795486.25,1590301.236,3180938,1,3181945,795486.25,1590301.236,3180938,1,0,0.0,0.0,0,0,0,0,0,0,100,0,1.571365941,0.0,6,6,6.0,0.0,0.0,0,0,0,0,1,0,0,0,0,7.2,6.0,0.0,100,0,0,0,0,0,0,5,30,0,0,256,-1,4,20,0.0,0.0,0,0,0.0,0.0,0,0,DDoS
123,66036600,2,2,96,96,48,48,48.0,0.0,48,48,48.0,0.0,2.90747858,0.06057247,22000000.0,38100000.0,66000000,36637,66000000,66000000.0,0.0,66000000,66000000,66000000,66000000.0,0.0,66000000,66000000,0,0,0,0,64,64,0.030286235,0.030286235,48,48,48.0,0.0,0.0,0,0,0,0,0,0,0,0,1,60.0,48.0,48.0,64,0,0,0,0,0,0,2,96,2,96,-1,-1,1,32,36767.0,0.0,36767,36767,66000000.0,0.0,66000000,66000000,BENIGN
80,320,2,0,0,0,0,0,0.0,0.0,0,0,0.0,0.0,0.0,6250.0,320.0,0.0,320,320,320,320.0,0.0,320,320,0,0.0,0.0,0,0,0,0,0,0,40,0,6250.0,0.0,0,0,0.0,0.0,0.0,0,0,0,0,1,0,0,0,0,0.0,0.0,0.0,40,0,0,0,0,0,0,2,0,0,0,255,-1,0,20,0.0,0.0,0,0,0.0,0.0,0,0,BENIGN
55824,0,1,1,0,0,0,0,0.0,0.0,0,0,0.0,0.0,,inf,0.0,0.0,0,0,0,0.0,0.0,0,0,0,0.0,0.0,0,0,0,0,0,0,32,32,0.0,0.0,0,0,0.0,0.0,0.0,0,0,0,0,1,0,0,0,1,0.0,0.0,0.0,32,0,0,0,0,0,0,1,0,1,0,2081,253,0,32,0.0,0.0,0,0,0.0,0.0,0,0,BENIGN
80,707792,3,0,0,0,0,0,0.0,0.0,0,0,0.0,0.0,0.0,4.238533353999999,353896.0,447896.9916,670607,37185,707792,353896.0,447896.9916,670607,37185,0,0.0,0.0,0,0,0,0,0,0,96,0,4.238533353999999,0.0,0,0,0.0,0.0,0.0,0,0,0,0,1,0,0,0,0,0.0,0.0,0.0,96,0,0,0,0,0,0,3,0,0,0,237,-1,0,32,0.0,0.0,0,0,0.0,0.0,0,0,BENIGN
80,2154956,5,0,30,0,6,6,6.0,0.0,0,0,0.0,0.0,13.92139793,2.320232989,538739.0,1076714.004,2153810,268,2154956,538739.0,1076714.004,2153810,268,0,0.0,0.0,0,0,0,0,0,0,100,0,2.320232989,0.0,6,6,6.0,0.0,0.0,0,0,0,0,1,0,0,0,0,7.2,6.0,0.0,100,0,0,0,0,0,0,5,30,0,0,256,-1,4,20,0.0,0.0,0,0,0.0,0.0,0,0,DDoS
80,4081885,4,0,24,0,6,6,6.0,0.0,0,0,0.0,0.0,5.879636491,0.979939415,1360628.333,2356182.037,4081313,258,4081885,1360628.333,2356182.037,4081313,258,0,0.0,0.0,0,0,0,0,0,0,80,0,0.979939415,0.0,6,6,6.0,0.0,0.0,0,0,0,0,1,0,0,0,0,7.5,6.0,0.0,80,0,0,0,0,0,0,4,24,0,0,256,-1,3,20,0.0,0.0,0,0,0.0,0.0,0,0,DDoS
49210,2451,3,0,0,0,0,0,0.0,0.0,0,0,0.0,0.0,0.0,1223.990208,1225.5,1728.87608,2448,3,2451,1225.5,1728.87608,2448,3,0,0.0,0.0,0,0,0,0,0,0,60,0,1223.990208,0.0,0,0,0.0,0.0,0.0,0,0,0,0,1,0,0,0,0,0.0,0.0,0.0,60,0,0,0,0,0,0,3,0,0,0,351,-1,0,20,0.0,0.0,0,0,0.0,0.0,0,0,BENIGN
80,144,2,0,0,0,0,0,0.0,0.0,0,0,0.0,0.0,0.0,13888.88889,144.0,0.0,144,144,144,144.0,0.0,144,144,0,0.0,0.0,0,0,0,0,0,0,64,0,13888.88889,0.0,0,0,0.0,0.0,0.0,0,0,0,0,1,0,0,0,0,0.0,0.0,0.0,64,0,0,0,0,0,0,2,0,0,0,242,-1,0,32,0.0,0.0,0,0,0.0,0.0,0,0,BENIGN
49671,58,1,3,0,0,0,0,0.0,0.0,0,0,0.0,0.0,0.0,68965.51724,19.33333333,30.08875759,54,0,0,0.0,0.0,0,0,4,2.0,2.828427125,4,0,0,0,0,0,20,60,17241.37931,51724.137930000004,0,0,0.0,0.0,0.0,0,0,0,0,1,1,0,0,3,0.0,0.0,0.0,20,0,0,0,0,0,0,1,0,3,0,252,2049,0,20,0.0,0.0,0,0,0.0,0.0,0,0,BENIGN
443,4537,2,0,0,0,0,0,0.0,0.0,0,0,0.0,0.0,0.0,440.81992510000003,4537.0,0.0,4537,4537,4537,4537.0,0.0,4537,4537,0,0.0,0.0,0,0,0,0,0,0,40,0,440.81992510000003,0.0,0,0,0.0,0.0,0.0,0,0,0,0,1,0,0,0,0,0.0,0.0,0.0,40,0,0,0,0,0,0,2,0,0,0,253,-1,0,20,0.0,0.0,0,0,0.0,0.0,0,0,BENIGN
88,498,7,4,2762,2820,1381,0,394.57142860000005,673.8590004,1410,0,705.0,814.0638796000001,11200000.0,22088.35341,49.8,100.64768029999999,331,1,498,83.0,149.69301919999998,384,1,413,137.66666669999998,232.3840213,406,3,0,0,0,0,164,104,14056.2249,8032.128514,0,1410,465.16666669999995,687.1523363,472178.3333,0,0,0,1,0,0,0,0,0,507.4545455,394.57142860000005,705.0,164,0,0,0,0,0,0,7,2762,4,2820,8192,2053,2,20,0.0,0.0,0,0,0.0,0.0,0,0,BENIGN
80,10417544,4,0,24,0,6,6,6.0,0.0,0,0,0.0,0.0,2.303805964,0.383967661,3472514.667,6013823.587,10400000,349,10400000,3472514.667,6013823.587,10400000,349,0,0.0,0.0,0,0,0,0,0,0,80,0,0.383967661,0.0,6,6,6.0,0.0,0.0,0,0,0,0,1,0,0,0,0,7.5,6.0,0.0,80,0,0,0,0,0,0,4,24,0,0,256,-1,3,20,864.0,0.0,864,864,10400000.0,0.0,10400000,10400000,DDoS
80,7006987,4,0,24,0,6,6,6.0,0.0,0,0,0.0,0.0,3.425152637,0.570858773,2335662.333,4044862.293,7006267,290,7006987,2335662.333,4044862.293,7006267,290,0,0.0,0.0,0,0,0,0,0,0,80,0,0.570858773,0.0,6,6,6.0,0.0,0.0,0,0,0,0,1,0,0,0,0,7.5,6.0,0.0,80,0,0,0,0,0,0,4,24,0,0,256,-1,3,20,720.0,0.0,720,720,7006267.0,0.0,7006267,7006267,DDoS
80,79780371,8,4,56,11607,20,0,7.0,5.656854248999999,11595,0,2901.75,5795.50069,146.1888414,0.150412938,7252761.0,21300000.0,71100000,60,78900000,11300000.0,26500000.0,71100000,60,908641,302880.3333,522433.2157,906133,191,0,0,0,0,172,92,0.10027529199999999,0.050137645999999994,0,11595,897.6153846000001,3214.167532,10300000.0,0,0,0,0,1,0,0,0,0,972.4166667000002,7.0,2901.75,172,0,0,0,0,0,0,8,56,4,11607,256,229,6,20,877.0,0.0,877,877,39400000.0,44800000.0,71100000,7755492,DDoS
80,5121655,4,0,24,0,6,6,6.0,0.0,0,0,0.0,0.0,4.685985292,0.7809975490000001,1707218.333,2956395.666,5120970,306,5121655,1707218.333,2956395.666,5120970,306,0,0.0,0.0,0,0,0,0,0,0,80,0,0.7809975490000001,0.0,6,6,6.0,0.0,0.0,0,0,0,0,1,0,0,0,0,7.5,6.0,0.0,80,0,0,0,0,0,0,4,24,0,0,256,-1,3,20,685.0,0.0,685,685,5120970.0,0.0,5120970,5120970,DDoS
49158,1,2,0,0,0,0,0,0.0,0.0,0,0,0.0,0.0,0.0,2000000.0,1.0,0.0,1,1,1,1.0,0.0,1,1,0,0.0,0.0,0,0,0,0,0,0,40,0,2000000.0,0.0,0,0,0.0,0.0,0.0,0,0,0,0,1,0,0,0,0,0.0,0.0,0.0,40,0,0,0,0,0,0,2,0,0,0,2052,-1,0,20,0.0,0.0,0,0,0.0,0.0,0,0,BENIGN
80,933689,3,5,26,11607,20,0,8.666666667000001,10.26320288,7215,0,2321.4,3327.7697940000003,12459.18073,8.568163489,133384.1429,352109.3008,931892,3,1552,776.0,1093.187084,1549,3,933668,233417.0,465650.4921,931892,69,0,0,0,0,72,112,3.2130613080000003,5.355102181,0,7215,1292.555556,2650.585648,7025604.278,0,0,0,1,0,0,0,0,1,1454.125,8.666666667000001,2321.4,72,0,0,0,0,0,0,3,26,5,11607,8192,229,2,20,0.0,0.0,0,0,0.0,0.0,0,0,DDoS
1149,3,2,0,31,0,31,0,15.5,21.92031022,0,0,0.0,0.0,10300000.0,666666.6667,3.0,0.0,3,3,3,3.0,0.0,3,3,0,0.0,0.0,0,0,1,0,0,0,40,0,666666.6667,0.0,0,31,20.66666667,17.89785834,320.3333333,0,1,0,0,1,0,0,0,0,31.0,15.5,0.0,40,0,0,0,0,0,0,2,31,0,0,119,-1,0,20,0.0,0.0,0,0,0.0,0.0,0,0,BENIGN
80,37277,3,6,26,11607,20,0,8.666666667000001,10.26320288,4380,0,1934.5,2177.344966,312069.1043,241.43573790000002,4659.625,12773.44354,36267,3,942,471.0,429.9209230000001,775,167,37214,7442.8,16159.24426,36343,3,0,0,0,0,72,132,80.47857928,160.95715859999999,0,4380,1163.3,1903.962654,3625073.789,0,0,0,1,0,0,0,0,2,1292.555556,8.666666667000001,1934.5,72,0,0,0,0,0,0,3,26,6,11607,8192,229,2,20,0.0,0.0,0,0,0.0,0.0,0,0,DDoS
123,66256513,6,6,288,288,48,48,48.0,0.0,48,48,48.0,0.0,8.693484971,0.18111427,6023319.364,19300000.0,64300000,3,66300000,13300000.0,28500000.0,64300000,3,66300000,13300000.0,28500000.0,64300000,3,0,0,0,0,168,168,0.090557135,0.090557135,48,48,48.0,0.0,0.0,0,0,0,0,0,0,0,0,1,52.0,48.0,48.0,168,0,0,0,0,0,0,6,288,6,288,-1,-1,5,20,1998423.0,0.0,1998423,1998423,64300000.0,0.0,64300000,64300000,BENIGN
49193,1,2,1,0,0,0,0,0.0,0.0,0,0,0.0,0.0,0.0,3000000.0,0.5,0.7071067809999999,1,0,1,1.0,0.0,1,1,0,0.0,0.0,0,0,0,0,0,0,40,20,2000000.0,1000000.0,0,0,0.0,0.0,0.0,1,0,0,0,0,0,0,0,0,0.0,0.0,0.0,40,0,0,0,0,0,0,2,0,1,0,0,254,0,20,0.0,0.0,0,0,0.0,0.0,0,0,BENIGN
389,101443,21,12,5799,1136,2738,0,276.14285710000007,695.4339858,211,0,94.66666667,79.52510562,68363.51449,325.3058368,3170.09375,12365.80332,57570,1,101443,5072.15,15491.96269,57570,1,100624,9147.636364,29959.90835,99479,3,0,0,0,0,688,400,207.0128052,118.29303159999999,0,2738,203.9705882,551.4854038,304136.1506,0,0,0,1,0,0,0,0,0,210.15151519999998,276.14285710000007,94.66666667,688,0,0,0,0,0,0,21,5799,12,1136,29200,2081,10,32,0.0,0.0,0,0,0.0,0.0,0,0,BENIGN
135,53143244,25,14,1792,1864,156,0,71.68,76.8714945,240,0,133.1428571,71.23402076,68.79519813,0.7338656259999999,1398506.4209999999,6485760.75,39200000,1,53100000,2214301.833,8110793.97,39200000,3,13900000,1067252.923,2574257.847,7435371,1,0,0,0,0,524,304,0.47042668299999996,0.263438942,0,240,91.4,80.10531529,6416.861538,0,0,0,1,0,0,0,0,0,93.74358974,71.68,133.1428571,524,0,0,0,0,0,0,25,1792,14,1864,8192,2050,12,20,152583.0,135623.0806,248483,56683,6784455.5,840394.2881,7378704,6190207,BENIGN
80,35992,3,6,26,11607,20,0,8.666666667000001,10.26320288,4380,0,1934.5,2177.344966,323210.7135,250.0555679,4499.0,12035.36606,34267,16,1402,701.0,905.0966799,1341,61,35915,7183.0,15151.1274,34267,16,0,0,0,0,72,132,83.35185597,166.7037119,0,4380,1163.3,1903.962654,3625073.789,0,0,0,1,0,0,0,0,2,1292.555556,8.666666667000001,1934.5,72,0,0,0,0,0,0,3,26,6,11607,8192,229,2,20,0.0,0.0,0,0,0.0,0.0,0,0,DDoS
80,440356,3,6,26,11607,20,0,8.666666667000001,10.26320288,4380,0,1934.5,2177.344966,26417.2624,20.43800925,55044.5,155121.0871,438949,15,1072,536.0,690.1362184,1024,48,440191,88038.2,196165.5006,438949,15,0,0,0,0,72,132,6.812669748999999,13.625339499999999,0,4380,1163.3,1903.962654,3625073.789,0,0,0,1,0,0,0,0,2,1292.555556,8.666666667000001,1934.5,72,0,0,0,0,0,0,3,26,6,11607,8192,229,2,20,0.0,0.0,0,0,0.0,0.0,0,0,DDoS
80,659835,3,6,26,11607,20,0,8.666666667000001,10.26320288,5755,0,1934.5,2529.1245719999997,17630.165119999998,13.63977358,82479.375,232794.5387,658616,1,1041,520.5,734.6839457000001,1040,1,659681,131936.2,294423.2616,658616,3,0,0,0,0,72,132,4.546591193,9.093182387,0,5755,1163.3,2131.87096,4544873.789,0,0,0,1,0,0,0,0,2,1292.555556,8.666666667000001,1934.5,72,0,0,0,0,0,0,3,26,6,11607,8192,229,2,20,0.0,0.0,0,0,0.0,0.0,0,0,DDoS
443,66653085,15,15,835,4634,490,0,55.66666667,134.5233207,1288,0,308.9333333,522.3819712000001,82.05171599,0.450091695,2298382.241,4081856.9239999996,10000000,3,62500000,4465972.429,5110284.127,10200000,256,66500000,4750307.429,4976926.428,10200000,3,0,0,0,0,488,488,0.225045847,0.225045847,0,1288,176.4193548,391.022316,152898.4516,0,0,0,1,0,0,0,0,1,182.3,55.66666667,308.9333333,488,0,0,0,0,0,0,15,835,15,4634,29200,139,3,32,398661.1667,613333.2274,1650622,147890,10000000.0,10494.99693,10000000,10000000,BENIGN
1076,272,2,0,0,0,0,0,0.0,0.0,0,0,0.0,0.0,0.0,7352.941176,272.0,0.0,272,272,272,272.0,0.0,272,272,0,0.0,0.0,0,0,0,0,0,0,40,0,7352.941176,0.0,0,0,0.0,0.0,0.0,0,0,0,0,1,0,0,0,0,0.0,0.0,0.0,40,0,0,0,0,0,0,2,0,0,0,35139,-1,0,20,0.0,0.0,0,0,0.0,0.0,0,0,BENIGN
80,8039786,5,0,30,0,6,6,6.0,0.0,0,0,0.0,0.0,3.731442603,0.621907101,2009946.5,4018572.36,8037805,4,8039786,2009946.5,4018572.36,8037805,4,0,0.0,0.0,0,0,0,0,0,0,100,0,0.621907101,0.0,6,6,6.0,0.0,0.0,0,0,0,0,1,0,0,0,0,7.2,6.0,0.0,100,0,0,0,0,0,0,5,30,0,0,256,-1,4,20,1981.0,0.0,1981,1981,8037805.0,0.0,8037805,8037805,DDoS
80,8399787,4,0,24,0,6,6,6.0,0.0,0,0,0.0,0.0,2.8572153080000002,0.47620255100000003,2799929.0,4849007.007,8399080,257,8399787,2799929.0,4849007.007,8399080,257,0,0.0,0.0,0,0,0,0,0,0,80,0,0.47620255100000003,0.0,6,6,6.0,0.0,0.0,0,0,0,0,1,0,0,0,0,7.5,6.0,0.0,80,0,0,0,0,0,0,4,24,0,0,256,-1,3,20,707.0,0.0,707,707,8399080.0,0.0,8399080,8399080,DDoS
80,104638,2,0,0,0,0,0,0.0,0.0,0,0,0.0,0.0,0.0,19.11351517,104638.0,0.0,104638,104638,104638,104638.0,0.0,104638,104638,0,0.0,0.0,0,0,0,0,0,0,40,0,19.11351517,0.0,0,0,0.0,0.0,0.0,0,0,0,0,1,0,0,0,0,0.0,0.0,0.0,40,0,0,0,0,0,0,2,0,0,0,256,-1,0,20,0.0,0.0,0,0,0.0,0.0,0,0,BENIGN
135,30146749,13,8,992,1096,168,0,76.30769231,85.82869044,268,0,137.0,104.19213020000001,69.26119961,0.696592525,1507337.45,6663465.602999999,29800000,3,30100000,2512229.083,8598835.105,29800000,3,129933,18561.85714,45065.98583,120478,3,0,0,0,0,284,184,0.43122394399999997,0.265368581,0,268,94.90909091,95.63567231,9146.181818000001,0,0,0,1,0,0,0,0,0,99.42857143,76.30769231,137.0,284,0,0,0,0,0,0,13,992,8,1096,8192,2051,6,20,0.0,0.0,0,0,0.0,0.0,0,0,BENIGN
80,306849,3,6,26,11607,20,0,8.666666667000001,10.26320288,5840,0,1934.5,2538.9192780000003,37911.155,29.33038726,38356.125,108040.1666,305741,1,948,474.0,668.9230150000001,947,1,306738,61347.6,136620.63199999998,305741,3,0,0,0,0,72,132,9.776795753,19.55359151,0,5840,1163.3,2138.329153,4572451.567,0,0,0,1,0,0,0,0,2,1292.555556,8.666666667000001,1934.5,72,0,0,0,0,0,0,3,26,6,11607,8192,229,2,20,0.0,0.0,0,0,0.0,0.0,0,0,DDoS
443,101071,2,0,0,0,0,0,0.0,0.0,0,0,0.0,0.0,0.0,19.78806977,101071.0,0.0,101071,101071,101071,101071.0,0.0,101071,101071,0,0.0,0.0,0,0,0,0,0,0,40,0,19.78806977,0.0,0,0,0.0,0.0,0.0,0,0,0,0,1,0,0,0,0,0.0,0.0,0.0,40,0,0,0,0,0,0,2,0,0,0,254,-1,0,20,0.0,0.0,0,0,0.0,0.0,0,0,BENIGN
88,1195,10,6,3150,3152,1575,0,315.0,632.5616351,1576,0,525.3333333,813.8429005,5273640.166999999,13389.12134,79.66666667,231.4950375,913,1,1195,132.7777778,327.38730039999996,1002,1,1102,220.4,390.74134669999995,913,3,0,0,0,0,336,208,8368.200837,5020.920502,0,1576,370.70588239999995,671.9757031,451551.3456,0,0,0,1,0,0,0,0,0,393.875,315.0,525.3333333,336,0,0,0,0,0,0,10,3150,6,3152,29200,2081,3,32,0.0,0.0,0,0,0.0,0.0,0,0,BENIGN
80,5992977,3,1,0,0,0,0,0.0,0.0,0,0,0.0,0.0,0.0,0.667447914,1997659.0,3427625.905,5955482,115,5992977,2996488.5,4184648.7389999996,5955482,37495,0,0.0,0.0,0,0,0,0,0,0,72,32,0.500585936,0.166861979,0,0,0.0,0.0,0.0,0,0,0,1,0,0,0,0,0,0.0,0.0,0.0,72,0,0,0,0,0,0,3,0,1,0,8192,42780,0,20,0.0,0.0,0,0,0.0,0.0,0,0,BENIGN
80,110745,3,6,26,11607,20,0,8.666666667000001,10.26320288,4380,0,1934.5,2177.344966,105043.1171,81.26777733,13843.125,38716.26859,109658,3,961,480.5,673.8727625,957,4,110692,22138.4,48926.656460000006,109658,3,0,0,0,0,72,132,27.08925911,54.17851822,0,4380,1163.3,1903.962654,3625073.789,0,0,0,1,0,0,0,0,2,1292.555556,8.666666667000001,1934.5,72,0,0,0,0,0,0,3,26,6,11607,8192,229,2,20,0.0,0.0,0,0,0.0,0.0,0,0,DDoS
80,335487,3,4,228,128,228,0,76.0,131.6358614,128,0,32.0,64.0,1061.143949,20.86519001,55914.5,64050.90232000001,147015,4,241077,120538.5,37443.42538,147015,94062,241486,80495.33333,138999.5939,240998,4,0,0,0,0,104,136,8.942224289,11.92296572,0,228,44.5,86.62398216,7503.714286,0,0,0,1,0,0,0,0,1,50.85714286,76.0,32.0,104,0,0,0,0,0,0,3,228,4,128,29200,235,1,32,0.0,0.0,0,0,0.0,0.0,0,0,BENIGN
80,2071560,4,0,24,0,6,6,6.0,0.0,0,0,0.0,0.0,11.58547182,1.93091197,690520.0,1195223.315,2070645,350,2071560,690520.0,1195223.315,2070645,350,0,0.0,0.0,0,0,0,0,0,0,80,0,1.93091197,0.0,6,6,6.0,0.0,0.0,0,0,0,0,1,0,0,0,0,7.5,6.0,0.0,80,0,0,0,0,0,0,4,24,0,0,256,-1,3,20,0.0,0.0,0,0,0.0,0.0,0,0,DDoS
1082,6,4,0,0,0,0,0,0.0,0.0,0,0,0.0,0.0,0.0,666666.6667,2.0,1.732050808,4,1,6,2.0,1.732050808,4,1,0,0.0,0.0,0,0,0,0,0,0,80,0,666666.6667,0.0,0,0,0.0,0.0,0.0,0,0,0,0,1,0,0,0,0,0.0,0.0,0.0,80,0,0,0,0,0,0,4,0,0,0,12498,-1,0,20,0.0,0.0,0,0,0.0,0.0,0,0,BENIGN
80,2017972,5,0,30,0,6,6,6.0,0.0,0,0,0.0,0.0,14.86641044,2.4777350730000003,504493.0,1006976.997,2014958,4,2017972,504493.0,1006976.997,2014958,4,0,0.0,0.0,0,0,0,0,0,0,100,0,2.4777350730000003,0.0,6,6,6.0,0.0,0.0,0,0,0,0,1,0,0,0,0,7.2,6.0,0.0,100,0,0,0,0,0,0,5,30,0,0,256,-1,4,20,0.0,0.0,0,0,0.0,0.0,0,0,DDoS
80,6062903,4,0,24,0,6,6,6.0,0.0,0,0,0.0,0.0,3.958499748,0.659749958,2020967.667,3499552.689,6061903,1,6062903,2020967.667,3499552.689,6061903,1,0,0.0,0.0,0,0,0,0,0,0,80,0,0.659749958,0.0,6,6,6.0,0.0,0.0,0,0,0,0,1,0,0,0,0,7.5,6.0,0.0,80,0,0,0,0,0,0,4,24,0,0,256,-1,3,20,1000.0,0.0,1000,1000,6061903.0,0.0,6061903,6061903,DDoS
88,1138,9,6,3082,3000,1541,0,342.44444439999995,679.5171284,1500,0,500.0,774.5966692000001,5344463.972,13181.01933,81.28571429,188.65492659999998,730,1,1138,142.25,292.24683789999995,858,1,972,194.4,308.7236628,730,3,0,0,0,0,204,144,7908.611599,5272.407733,0,1541,380.125,680.0706703,462496.1167,0,0,0,1,0,0,0,0,0,405.46666669999996,342.44444439999995,500.0,204,0,0,0,0,0,0,9,3082,6,3000,8192,2053,2,20,0.0,0.0,0,0,0.0,0.0,0,0,BENIGN
123,15042791,7,7,336,336,48,48,48.0,0.0,48,48,48.0,0.0,44.6725611,0.9306783559999999,1157137.769,1481802.642,4958706,41354,15000000,2499995.833,1224776.307,5000060,1999941,15000000,2499974.5,1225502.37,5001520,1999042,0,0,0,0,176,176,0.46533917799999996,0.46533917799999996,48,48,48.0,0.0,0.0,0,0,0,0,0,0,0,0,1,51.42857143,48.0,48.0,176,0,0,0,0,0,0,7,336,7,336,-1,-1,6,20,0.0,0.0,0,0,0.0,0.0,0,0,BENIGN
443,995904,8,8,328,4157,204,0,41.0,73.46330474,1430,0,519.625,634.0531607999999,4503.446115,16.06580554,66393.6,140719.5267,467763,1,995904,142272.0,183864.1421,467763,4,191581,27368.714289999996,47663.23122,127559,1,0,0,0,0,172,172,8.03290277,8.03290277,0,1430,263.82352940000004,490.03969680000006,240138.9044,0,0,0,1,0,0,0,0,1,280.3125,41.0,519.625,172,0,0,0,0,0,0,8,328,8,4157,8192,343,3,20,0.0,0.0,0,0,0.0,0.0,0,0,BENIGN
80,1658353,3,6,26,11607,20,0,8.666666667000001,10.26320288,5840,0,1934.5,2538.9192780000003,7014.7911810000005,5.427071317,207294.125,585887.2898,1657291,3,934,467.0,654.7808794,930,4,1658307,331661.4,741049.5841,1657291,3,0,0,0,0,72,132,1.809023772,3.618047545,0,5840,1163.3,2138.329153,4572451.567,0,0,0,1,0,0,0,0,2,1292.555556,8.666666667000001,1934.5,72,0,0,0,0,0,0,3,26,6,11607,8192,229,2,20,0.0,0.0,0,0,0.0,0.0,0,0,DDoS
80,66861,3,4,438,860,438,0,146.0,252.8794179,860,0,215.0,430.0,19413.40991,104.6948146,11143.5,12032.38837,23197,4,43156,21578.0,2289.611757,23197,19959,43602,14534.0,24670.40889,43019,4,0,0,0,0,104,136,44.86920626,59.82560835,0,860,162.25,320.9012977,102977.6429,0,0,0,1,0,0,0,0,1,185.4285714,146.0,215.0,104,0,0,0,0,0,0,3,438,4,860,29200,31,1,32,0.0,0.0,0,0,0.0,0.0,0,0,BENIGN
80,1144830,4,0,24,0,6,6,6.0,0.0,0,0,0.0,0.0,20.96381122,3.4939685369999998,381610.0,660218.9338,1143965,7,1144830,381610.0,660218.9338,1143965,7,0,0.0,0.0,0,0,0,0,0,0,80,0,3.4939685369999998,0.0,6,6,6.0,0.0,0.0,0,0,0,0,1,0,0,0,0,7.5,6.0,0.0,80,0,0,0,0,0,0,4,24,0,0,256,-1,3,20,0.0,0.0,0,0,0.0,0.0,0,0,DDoS
123,72029072,8,8,384,384,48,48,48.0,0.0,48,48,48.0,0.0,10.66236144,0.22213253,4801938.133,14800000.0,58000000,28684,72000000,10300000.0,21100000.0,58000000,1986959,72000000,10300000.0,21100000.0,58000000,1986926,0,0,0,0,196,196,0.111066265,0.111066265,48,48,48.0,0.0,0.0,0,0,0,0,0,0,0,0,1,51.0,48.0,48.0,196,0,0,0,0,0,0,8,384,8,384,-1,-1,7,20,14000000.0,0.0,14000000,14000000,58000000.0,0.0,58000000,58000000,BENIGN
49671,26240384,21,14,3678,2672,936,0,175.1428571,269.4893849,952,0,190.8571429,324.95937189999995,241.9934099,1.333821944,771776.0,4274063.86,24900000,1,26200000,1312019.2,5566136.747,24900000,1,1084754,83442.61537999999,300277.4055,1082826,3,0,0,0,0,444,304,0.8002931659999999,0.533528778,0,952,176.38888889999998,285.82454939999997,81695.67302,0,0,0,1,0,0,0,0,0,181.4285714,175.1428571,190.8571429,444,0,0,0,0,0,0,21,3678,14,2672,8192,2053,12,20,0.0,0.0,0,0,0.0,0.0,0,0,BENIGN
88,966,9,6,3054,2972,1527,0,339.3333333,673.3437087,1486,0,495.33333330000005,767.3671003,6238095.238,15527.95031,69.0,193.8266474,739,0,966,120.75,288.6395429,833,1,930,186.0,312.8194367,739,1,0,0,0,0,204,144,9316.770186,6211.180124,0,1527,376.625,673.8104456,454020.5167,0,0,0,1,0,0,0,0,0,401.7333333,339.3333333,495.33333330000005,204,0,0,0,0,0,0,9,3054,6,2972,8192,2053,2,20,0.0,0.0,0,0,0.0,0.0,0,0,BENIGN
443,2929494,9,10,703,3950,267,0,78.11111111,103.30228029999999,1953,0,395.0,712.4845417,1588.328906,6.485761705,162749.6667,289420.3893,878143,3,2058449,257306.125,388742.5759,973276,243,2834390,314932.2222,357172.1116,878143,4,0,0,0,0,296,328,3.072202913,3.413558792,0,1953,232.65,522.4799442,272985.2921,0,0,0,1,0,0,0,0,1,244.89473680000003,78.11111111,395.0,296,0,0,0,0,0,0,9,703,10,3950,29200,252,4,32,0.0,0.0,0,0,0.0,0.0,0,0,BENIGN
80,915747,3,5,26,11607,20,0,8.666666667000001,10.26320288,7215,0,2321.4,3327.7697940000003,12703.29032,8.736037355,130821.0,345608.3921,914587,4,952,476.0,350.7249635,724,228,915686,228921.5,457110.5169,914587,4,0,0,0,0,72,112,3.276014008,5.460023347000001,0,7215,1292.555556,2650.585648,7025604.278,0,0,0,1,0,0,0,0,1,1454.125,8.666666667000001,2321.4,72,0,0,0,0,0,0,3,26,5,11607,8192,229,2,20,0.0,0.0,0,0,0.0,0.0,0,0,DDoS
88,576,7,4,466,414,233,0,66.57142857,113.6923585,207,0,103.5,119.5115057,1527777.7780000002,19097.22222,57.6,107.5362471,355,1,576,96.0,163.33278909999999,426,1,417,139.0,235.5589098,411,3,0,0,0,0,164,104,12152.77778,6944.444444,0,233,73.33333333,108.6038115,11794.78788,0,0,0,1,0,0,0,0,0,80.0,66.57142857,103.5,164,0,0,0,0,0,0,7,466,4,414,8192,2053,2,20,0.0,0.0,0,0,0.0,0.0,0,0,BENIGN
123,68943188,9,9,432,432,48,48,48.0,0.0,48,48,48.0,0.0,12.53205755,0.261084532,4055481.647,13700000.0,57000000,22100,68900000,8615122.125,19600000.0,57000000,924844,68900000,8615113.625,19600000.0,57000000,924845,0,0,0,0,204,224,0.130542266,0.130542266,48,48,48.0,0.0,0.0,0,0,0,0,0,0,0,0,1,50.66666667,48.0,48.0,204,0,0,0,0,0,0,9,432,9,432,-1,-1,8,0,11900000.0,0.0,11900000,11900000,57000000.0,0.0,57000000,57000000,BENIGN
443,43845967,25,28,1029,31256,517,0,41.16,124.77969920000001,2576,0,1116.285714,808.9952551,736.3276992000001,1.208777081,843191.6731,2657349.516,10000000,9,34300000,1430030.375,3400851.037,10200000,224,43700000,1618437.407,3596306.147,10200000,10,0,0,0,0,808,904,0.5701778679999999,0.638599213,0,2576,597.8703704,797.1079103,635381.0206,0,0,0,1,0,0,0,0,1,609.1509434,41.16,1116.285714,808,0,0,0,0,0,0,25,1029,28,31256,29200,252,3,32,1111070.25,1925865.835,3999869,148051,9850419.0,315598.1402,10000000,9377177,BENIGN
443,720,2,0,0,0,0,0,0.0,0.0,0,0,0.0,0.0,0.0,2777.777778,720.0,0.0,720,720,720,720.0,0.0,720,720,0,0.0,0.0,0,0,0,0,0,0,64,0,2777.777778,0.0,0,0,0.0,0.0,0.0,0,0,0,0,1,0,0,0,0,0.0,0.0,0.0,64,0,0,0,0,0,0,2,0,0,0,756,-1,0,32,0.0,0.0,0,0,0.0,0.0,0,0,BENIGN
80,6036893,4,0,24,0,6,6,6.0,0.0,0,0,0.0,0.0,3.975554975,0.662592496,2012297.667,3482091.508,6033070,1,6036893,2012297.667,3482091.508,6033070,1,0,0.0,0.0,0,0,0,0,0,0,80,0,0.662592496,0.0,6,6,6.0,0.0,0.0,0,0,0,0,1,0,0,0,0,7.5,6.0,0.0,80,0,0,0,0,0,0,4,24,0,0,256,-1,3,20,3823.0,0.0,3823,3823,6033070.0,0.0,6033070,6033070,DDoS
443,43852723,18,21,954,21314,517,0,53.0,142.8277449,2576,0,1014.9523810000001,995.5773941,507.7905881,0.889340441,1154019.0259999998,3060350.935,10000000,0,34300000,2019122.9409999999,3920268.4760000003,10200000,90,43700000,2185206.05,4050149.2430000002,10200000,3,0,0,0,0,584,680,0.410464819,0.47887562200000006,0,2576,556.7,869.0835786,755306.2667,0,0,0,1,0,0,0,0,1,570.9743589999999,53.0,1014.9523810000001,584,0,0,0,0,0,0,18,954,21,21314,29200,243,3,32,1114990.0,1929540.0680000002,4009298,148366,9848190.0,312971.3032,10000000,9378834,BENIGN
123,69066540,8,8,384,384,48,48,48.0,0.0,48,48,48.0,0.0,11.11971151,0.231660657,4604436.0,14200000.0,55900000,71888,69000000,9856366.857,20400000.0,56000000,1996248,69000000,9856344.286,20400000.0,56000000,1996318,0,0,0,0,164,164,0.11583032800000001,0.11583032800000001,48,48,48.0,0.0,0.0,0,0,0,0,0,0,0,0,1,51.0,48.0,48.0,164,0,0,0,0,0,0,8,384,8,384,-1,-1,7,0,13100000.0,0.0,13100000,13100000,55900000.0,0.0,55900000,55900000,BENIGN
135,19268460,19,10,1328,1440,168,0,69.89473684,84.2363703,268,0,144.0,93.06628462,143.6544488,1.505050222,688159.2857,2853502.689,14900000,3,19300000,1070470.0,3535371.131,14900000,3,4289553,476617.0,1069877.415,3145791,3,0,0,0,0,404,224,0.9860673870000001,0.518982835,0,268,92.26666667,92.933396,8636.616092,0,0,0,1,0,0,0,0,0,95.44827586,69.89473684,144.0,404,0,0,0,0,0,0,19,1328,10,1440,8192,2051,8,20,0.0,0.0,0,0,0.0,0.0,0,0,BENIGN
80,7010466,4,0,24,0,6,6,6.0,0.0,0,0,0.0,0.0,3.423452877,0.57057548,2336822.0,4047002.53,7009898,253,7010466,2336822.0,4047002.53,7009898,253,0,0.0,0.0,0,0,0,0,0,0,80,0,0.57057548,0.0,6,6,6.0,0.0,0.0,0,0,0,0,1,0,0,0,0,7.5,6.0,0.0,80,0,0,0,0,0,0,4,24,0,0,256,-1,3,20,568.0,0.0,568,568,7009898.0,0.0,7009898,7009898,DDoS
80,2017997,5,0,30,0,6,6,6.0,0.0,0,0,0.0,0.0,14.86622626,2.477704377,504499.25,1006992.8420000001,2014988,1,2017997,504499.25,1006992.8420000001,2014988,1,0,0.0,0.0,0,0,0,0,0,0,100,0,2.477704377,0.0,6,6,6.0,0.0,0.0,0,0,0,0,1,0,0,0,0,7.2,6.0,0.0,100,0,0,0,0,0,0,5,30,0,0,256,-1,4,20,0.0,0.0,0,0,0.0,0.0,0,0,DDoS
88,1134,9,6,3110,3108,1555,0,345.55555560000005,685.6905481000001,1554,0,518.0,802.4821493,5483245.15,13227.51323,81.0,208.764129,801,1,1134,141.75,317.85834669999997,923,1,1046,209.2,334.9995522,801,1,0,0,0,0,304,208,7936.507937,5291.0052909999995,0,1555,388.625,695.1935822,483294.1167,0,0,0,1,0,0,0,0,0,414.53333330000004,345.55555560000005,518.0,304,0,0,0,0,0,0,9,3110,6,3108,29200,2081,2,32,0.0,0.0,0,0,0.0,0.0,0,0,BENIGN
1040,1,2,0,0,0,0,0,0.0,0.0,0,0,0.0,0.0,0.0,2000000.0,1.0,0.0,1,1,1,1.0,0.0,1,1,0,0.0,0.0,0,0,0,0,0,0,40,0,2000000.0,0.0,0,0,0.0,0.0,0.0,0,0,0,0,1,0,0,0,0,0.0,0.0,0.0,40,0,0,0,0,0,0,2,0,0,0,2051,-1,0,20,0.0,0.0,0,0,0.0,0.0,0,0,BENIGN
389,1156932,28,19,5114,8670,1313,0,182.6428571,341.3562508,3069,0,456.31578949999994,774.3691377,11914.26981,40.62468667,25150.69565,142889.4011,962252,1,1156932,42849.33333,185878.0689,962252,1,1156875,64270.833329999994,228092.8489,962504,3,0,0,0,0,912,624,24.201941,16.42274568,0,3069,287.1666667,562.513256,316421.1631,0,0,0,1,0,0,0,0,0,293.2765957,182.6428571,456.31578949999994,912,0,0,0,0,0,0,28,5114,19,8670,29200,2078,16,32,0.0,0.0,0,0,0.0,0.0,0,0,BENIGN
56922,4,1,1,0,0,0,0,0.0,0.0,0,0,0.0,0.0,0.0,500000.0,4.0,0.0,4,4,0,0.0,0.0,0,0,0,0.0,0.0,0,0,0,0,0,0,20,20,250000.0,250000.0,0,0,0.0,0.0,0.0,0,0,0,0,1,0,0,0,1,0.0,0.0,0.0,20,0,0,0,0,0,0,1,0,1,0,2053,251,0,20,0.0,0.0,0,0,0.0,0.0,0,0,BENIGN
123,72993764,6,6,288,288,48,48,48.0,0.0,48,48,48.0,0.0,7.891085052,0.164397605,6635796.727000001,20400000.0,68000000,3,73000000,14600000.0,29900000.0,68000000,3,73000000,14600000.0,29900000.0,68000000,3,0,0,0,0,168,168,0.082198803,0.082198803,48,48,48.0,0.0,0.0,0,0,0,0,0,0,0,0,1,52.0,48.0,48.0,168,0,0,0,0,0,0,6,288,6,288,-1,-1,5,20,155.0,16.97056275,167,143,36500000.0,44500000.0,68000000,5014604,BENIGN
135,23970795,15,8,992,904,168,0,66.13333333,83.87564491,172,0,113.0,75.13036289,79.09625025,0.9595009259999999,1089581.591,5007839.0,23500000,1,24000000,1712199.6430000002,6274018.507,23500000,1,255436,36490.85714,96323.52821,254932,3,0,0,0,0,324,184,0.625761473,0.333739453,0,172,79.0,82.35025936,6781.565217,0,0,0,1,0,0,0,0,0,82.43478261,66.13333333,113.0,324,0,0,0,0,0,0,15,992,8,904,8192,2051,6,20,0.0,0.0,0,0,0.0,0.0,0,0,BENIGN
0,106007973,26,0,0,0,0,0,0.0,0.0,0,0,0.0,0.0,0.0,0.24526457100000001,4240318.92,8677062.222000001,27200000,1,106000000,4240318.92,8677062.222000001,27200000,1,0,0.0,0.0,0,0,0,0,0,0,0,0,0.24526457100000001,0.0,0,0,0.0,0.0,0.0,0,0,0,0,0,0,0,0,0,0.0,0.0,0.0,0,0,0,0,0,0,0,26,0,0,0,-1,-1,0,0,1730944.25,2273625.292,4789258,19,19800000.0,8154880.571,27200000,7234941,BENIGN
443,773185,7,9,1063,4236,517,0,151.8571429,209.93842630000003,1562,0,470.66666669999995,622.0898247,6853.469739,20.69362442,51545.66667,116680.79699999999,414573,1,741325,123554.1667,174270.9091,414573,1147,750063,93757.875,163344.737,446500,1,0,0,0,0,164,192,9.053460685,11.64016374,0,1562,311.70588239999995,491.41692639999997,241490.5956,0,0,0,1,0,0,0,0,1,331.1875,151.8571429,470.66666669999995,164,0,0,0,0,0,0,7,1063,9,4236,8192,1013,3,20,0.0,0.0,0,0,0.0,0.0,0,0,BENIGN
389,493863,21,13,5706,9232,1660,0,271.7142857,499.319351,2634,0,710.1538462,801.2267517000001,30247.254810000002,68.84500357,14965.54545,55299.67943,307702,2,493863,24693.15,70011.28116,307702,2,126381,10531.75,33830.01968,117801,2,0,0,0,0,444,284,42.52191397,26.3230896,0,2634,426.8,651.2650947000001,424146.2235,0,0,0,1,0,0,0,0,0,439.3529412,271.7142857,710.1538462,444,0,0,0,0,0,0,21,5706,13,9232,8192,2050,10,20,0.0,0.0,0,0,0.0,0.0,0,0,BENIGN
88,1169,9,6,3150,3152,1575,0,350.0,694.5097192000001,1576,0,525.3333333,813.8429005,5390932.421,12831.4799,83.5,218.42645299999998,839,2,1169,146.125,320.4133212,936,2,1071,214.2,352.39565830000004,839,4,0,0,0,0,304,208,7698.887938,5132.591959,0,1576,393.875,704.585067,496440.1167,0,0,0,1,0,0,0,0,0,420.13333330000006,350.0,525.3333333,304,0,0,0,0,0,0,9,3150,6,3152,29200,2081,2,32,0.0,0.0,0,0,0.0,0.0,0,0,BENIGN
443,168921,10,11,533,5370,196,0,53.3,81.13370309,1460,0,488.1818182,650.8961235,34945.32947,124.31846840000001,8446.05,12387.03686,31870,3,168921,18769.0,17043.71343,42683,49,138086,13808.6,22093.19653,60376,3,0,0,0,0,212,232,59.19927066,65.11919773,0,1460,268.3181818,505.3035284,255331.6558,0,0,0,1,0,0,0,0,1,281.0952381,53.3,488.1818182,212,0,0,0,0,0,0,10,533,11,5370,8192,12501,4,20,0.0,0.0,0,0,0.0,0.0,0,0,BENIGN
80,8452090,4,0,24,0,6,6,6.0,0.0,0,0,0.0,0.0,2.839534364,0.473255727,2817363.333,4879135.741,8451304,353,8452090,2817363.333,4879135.741,8451304,353,0,0.0,0.0,0,0,0,0,0,0,80,0,0.473255727,0.0,6,6,6.0,0.0,0.0,0,0,0,0,1,0,0,0,0,7.5,6.0,0.0,80,0,0,0,0,0,0,4,24,0,0,256,-1,3,20,786.0,0.0,786,786,8451304.0,0.0,8451304,8451304,DDoS
80,931739,3,6,26,11607,20,0,8.666666667000001,10.26320288,5840,0,1934.5,2538.9192780000003,12485.25606,9.659357395,116467.375,328884.3467,930414,2,1193,596.5,837.9215357,1189,4,931721,186344.2,415947.99700000003,930414,2,0,0,0,0,72,132,3.219785798,6.4395715970000005,0,5840,1163.3,2138.329153,4572451.567,0,0,0,1,0,0,0,0,2,1292.555556,8.666666667000001,1934.5,72,0,0,0,0,0,0,3,26,6,11607,8192,229,2,20,0.0,0.0,0,0,0.0,0.0,0,0,DDoS
80,4161712,6,0,36,0,6,6,6.0,0.0,0,0,0.0,0.0,8.650286227999999,1.441714371,832342.4,1859487.7040000001,4158695,279,4161712,832342.4,1859487.7040000001,4158695,279,0,0.0,0.0,0,0,0,0,0,0,120,0,1.441714371,0.0,6,6,6.0,0.0,0.0,0,0,0,0,1,0,0,0,0,7.0,6.0,0.0,120,0,0,0,0,0,0,6,36,0,0,256,-1,5,20,0.0,0.0,0,0,0.0,0.0,0,0,DDoS
80,105431,2,0,0,0,0,0,0.0,0.0,0,0,0.0,0.0,0.0,18.96975273,105431.0,0.0,105431,105431,105431,105431.0,0.0,105431,105431,0,0.0,0.0,0,0,0,0,0,0,40,0,18.96975273,0.0,0,0,0.0,0.0,0.0,0,0,0,0,1,0,0,0,0,0.0,0.0,0.0,40,0,0,0,0,0,0,2,0,0,0,256,-1,0,20,0.0,0.0,0,0,0.0,0.0,0,0,BENIGN
443,99670,7,4,308,155,226,0,44.0,82.75062940000001,110,0,38.75,52.02163012,4645.3295880000005,110.36420190000001,9967.0,14788.710119999998,35415,1,99670,16611.66667,16502.41388,35559,48,56705,18901.66667,32261.77307,56153,1,0,0,0,0,152,88,70.23176482,40.13243704,0,226,38.58333333,68.02333601,4627.174242,0,0,0,1,0,0,0,0,0,42.09090909,44.0,38.75,152,0,0,0,0,0,0,7,308,4,155,8192,4606,3,20,0.0,0.0,0,0,0.0,0.0,0,0,BENIGN
443,2346262,12,10,563,4564,192,0,46.91666667,67.54723375,1430,0,456.4,641.627133,2185.177955,9.376616934,111726.7619,447364.0539,2062365,1,2346262,213296.5455,614043.4294,2062365,4,225202,25022.44444,34520.27296,99464,1,0,0,0,0,252,212,5.114518327,4.262098606,0,1430,222.91304350000001,463.2840198,214632.083,0,0,0,1,0,0,0,0,0,233.0454545,46.91666667,456.4,252,0,0,0,0,0,0,12,563,10,4564,8192,351,6,20,0.0,0.0,0,0,0.0,0.0,0,0,BENIGN
80,6088411,5,0,30,0,6,6,6.0,0.0,0,0,0.0,0.0,4.927394028,0.821232338,1522102.75,3043017.519,6086629,200,6088411,1522102.75,3043017.519,6086629,200,0,0.0,0.0,0,0,0,0,0,0,100,0,0.821232338,0.0,6,6,6.0,0.0,0.0,0,0,0,0,1,0,0,0,0,7.2,6.0,0.0,100,0,0,0,0,0,0,5,30,0,0,256,-1,4,20,1782.0,0.0,1782,1782,6086629.0,0.0,6086629,6086629,DDoS
80,8812,3,4,26,11601,20,0,8.666666667000001,10.26320288,8760,0,2900.25,4128.3193009999995,1319450.749,794.3713118,1468.666667,2744.6721239999997,6964,2,7021,3510.5,4961.768284000001,7019,2,8757,2919.0,3706.84502,7139,189,0,0,0,0,72,92,340.44484789999996,453.92646389999993,0,8760,1453.375,3113.952607,9696700.839,0,0,0,1,0,0,0,0,1,1661.0,8.666666667000001,2900.25,72,0,0,0,0,0,0,3,26,4,11601,8192,229,2,20,0.0,0.0,0,0,0.0,0.0,0,0,DDoS
80,6084954,4,0,24,0,6,6,6.0,0.0,0,0,0.0,0.0,3.944154713,0.657359119,2028318.0,3512569.5939999996,6084284,246,6084954,2028318.0,3512569.5939999996,6084284,246,0,0.0,0.0,0,0,0,0,0,0,80,0,0.657359119,0.0,6,6,6.0,0.0,0.0,0,0,0,0,1,0,0,0,0,7.5,6.0,0.0,80,0,0,0,0,0,0,4,24,0,0,256,-1,3,20,670.0,0.0,670,670,6084284.0,0.0,6084284,6084284,DDoS
80,151849,3,4,26,11607,20,0,8.666666667000001,10.26320288,11595,0,2901.75,5795.50069,76608.99973,46.09842673,25308.16667,61610.46536,151069,6,744,372.0,456.7909806,695,49,151801,50600.33333,87009.16237,151069,6,0,0,0,0,72,92,19.7564686,26.34195813,0,11595,1454.125,4097.537534,16800000.0,0,0,0,1,0,0,0,0,1,1661.857143,8.666666667000001,2901.75,72,0,0,0,0,0,0,3,26,4,11607,8192,229,2,20,0.0,0.0,0,0,0.0,0.0,0,0,DDoS
80,4999085,4,0,24,0,6,6,6.0,0.0,0,0,0.0,0.0,4.800878561,0.800146427,1666361.667,2885659.29,4998434,223,4999085,1666361.667,2885659.29,4998434,223,0,0.0,0.0,0,0,0,0,0,0,80,0,0.800146427,0.0,6,6,6.0,0.0,0.0,0,0,0,0,1,0,0,0,0,7.5,6.0,0.0,80,0,0,0,0,0,0,4,24,0,0,256,-1,3,20,0.0,0.0,0,0,0.0,0.0,0,0,DDoS
80,6432,2,0,0,0,0,0,0.0,0.0,0,0,0.0,0.0,0.0,310.9452736,6432.0,0.0,6432,6432,6432,6432.0,0.0,6432,6432,0,0.0,0.0,0,0,0,0,0,0,40,0,310.9452736,0.0,0,0,0.0,0.0,0.0,0,0,0,0,1,0,0,0,0,0.0,0.0,0.0,40,0,0,0,0,0,0,2,0,0,0,63586,-1,0,20,0.0,0.0,0,0,0.0,0.0,0,0,BENIGN
80,658536,3,6,26,11607,20,0,8.666666667000001,10.26320288,4380,0,1934.5,2177.344966,17664.94163,13.66667881,82317.0,232330.4161,657305,2,1023,511.5,696.5001795,1004,19,658404,131680.8,293833.1862,657305,2,0,0,0,0,72,132,4.555559605,9.11111921,0,4380,1163.3,1903.962654,3625073.789,0,0,0,1,0,0,0,0,2,1292.555556,8.666666667000001,1934.5,72,0,0,0,0,0,0,3,26,6,11607,8192,229,2,20,0.0,0.0,0,0,0.0,0.0,0,0,DDoS
1100,4,3,0,0,0,0,0,0.0,0.0,0,0,0.0,0.0,0.0,750000.0,2.0,1.4142135619999998,3,1,4,2.0,1.4142135619999998,3,1,0,0.0,0.0,0,0,0,0,0,0,60,0,750000.0,0.0,0,0,0.0,0.0,0.0,0,0,0,0,1,0,0,0,0,0.0,0.0,0.0,60,0,0,0,0,0,0,3,0,0,0,12499,-1,0,20,0.0,0.0,0,0,0.0,0.0,0,0,BENIGN
80,13724,3,6,26,11601,20,0,8.666666667000001,10.26320288,4380,0,1933.5,1757.789948,847201.9819,655.7854852999999,1715.5,4102.1971810000005,11845,15,12891,6445.5,7636.04613,11845,1046,13559,2711.8,5698.54356,12902,15,0,0,0,0,72,132,218.59516180000003,437.19032350000003,0,4380,1162.7,1645.2417619999999,2706820.4560000002,0,0,0,1,0,0,0,0,2,1291.888889,8.666666667000001,1933.5,72,0,0,0,0,0,0,3,26,6,11601,8192,229,2,20,0.0,0.0,0,0,0.0,0.0,0,0,DDoS
80,103616,2,0,0,0,0,0,0.0,0.0,0,0,0.0,0.0,0.0,19.3020383,103616.0,0.0,103616,103616,103616,103616.0,0.0,103616,103616,0,0.0,0.0,0,0,0,0,0,0,40,0,19.3020383,0.0,0,0,0.0,0.0,0.0,0,0,0,0,1,0,0,0,0,0.0,0.0,0.0,40,0,0,0,0,0,0,2,0,0,0,256,-1,0,20,0.0,0.0,0,0,0.0,0.0,0,0,BENIGN
80,110346,3,6,26,11607,20,0,8.666666667000001,10.26320288,4380,0,1934.5,2177.344966,105422.9424,81.56163341,13793.25,38686.31257,109536,3,659,329.5,460.32651460000005,655,4,110226,22045.2,48909.535280000004,109536,3,0,0,0,0,72,132,27.18721114,54.37442227,0,4380,1163.3,1903.962654,3625073.789,0,0,0,1,0,0,0,0,2,1292.555556,8.666666667000001,1934.5,72,0,0,0,0,0,0,3,26,6,11607,8192,229,2,20,0.0,0.0,0,0,0.0,0.0,0,0,DDoS
443,1686853,11,10,561,5332,195,0,51.0,74.11882352,1460,0,533.2,667.8096535,3493.4875770000003,12.44921757,84342.65,255238.3172,1135587,1,1686853,168685.3,352816.0223,1135587,4,316931,35214.55556,78816.06575,241145,1,0,0,0,0,232,212,6.521018725,5.928198841,0,1460,267.8636364,505.2946614,255322.6948,0,0,0,1,0,0,0,0,0,280.61904760000004,51.0,533.2,232,0,0,0,0,0,0,11,561,10,5332,8192,12501,5,20,0.0,0.0,0,0,0.0,0.0,0,0,BENIGN
389,15337,23,19,5740,7080,1684,0,249.56521740000002,465.0147433,2634,0,372.63157889999997,672.7114464,835887.0705,2738.475582,374.0731707,1700.8012579999997,10920,2,15337,697.1363636,2346.607547,11072,3,4320,240.0,331.7087667,1094,2,0,0,0,0,484,404,1499.64139,1238.834192,0,2634,298.1395349,559.5825647,313132.6467,0,0,0,1,0,0,0,0,0,305.23809520000003,249.56521740000002,372.63157889999997,484,0,0,0,0,0,0,23,5740,19,7080,8192,2050,16,20,0.0,0.0,0,0,0.0,0.0,0,0,BENIGN
389,816083,15,12,4104,1020,1660,0,273.6,567.8187337,210,0,85.0,91.22200691,6278.773115,33.08487004,31387.807689999998,147800.2019,753773,1,816083,58291.64286,200803.7333,753773,1,816035,74185.0,245229.1828,813578,3,0,0,0,0,324,264,18.38048336,14.70438669,0,1660,183.0,425.0164267,180638.96300000002,0,0,0,1,0,0,0,0,0,189.77777780000002,273.6,85.0,324,0,0,0,0,0,0,15,4104,12,1020,8192,0,8,20,0.0,0.0,0,0,0.0,0.0,0,0,BENIGN
22,11070400,37,44,2568,6954,408,0,69.40540541,104.7121609,976,0,158.0454545,312.6752498,860.1315219,7.316808787,138380.0,1043272.7170000001,9299005,1,11100000,307511.1111,1551552.841,9299005,2,10100000,234908.5814,1451763.991,9530154,1,0,0,0,0,764,904,3.342245989,3.974562798,0,976,116.12195120000001,242.67604730000002,58891.663960000005,0,0,0,1,0,0,0,0,1,117.55555559999999,69.40540541,158.0454545,764,0,0,0,0,0,0,37,2568,44,6954,8192,245,24,20,267137.0,0.0,267137,267137,9299005.0,0.0,9299005,9299005,BENIGN
80,6993630,4,0,24,0,6,6,6.0,0.0,0,0,0.0,0.0,3.43169427,0.571949045,2331210.0,4037200.854,6992968,328,6993630,2331210.0,4037200.854,6992968,328,0,0.0,0.0,0,0,0,0,0,0,80,0,0.571949045,0.0,6,6,6.0,0.0,0.0,0,0,0,0,1,0,0,0,0,7.5,6.0,0.0,80,0,0,0,0,0,0,4,24,0,0,256,-1,3,20,662.0,0.0,662,662,6992968.0,0.0,6992968,6992968,DDoS
80,4421382,4,0,24,0,6,6,6.0,0.0,0,0,0.0,0.0,5.42816703,0.904694505,1473794.0,2552042.631,4420639,340,4421382,1473794.0,2552042.631,4420639,340,0,0.0,0.0,0,0,0,0,0,0,80,0,0.904694505,0.0,6,6,6.0,0.0,0.0,0,0,0,0,1,0,0,0,0,7.5,6.0,0.0,80,0,0,0,0,0,0,4,24,0,0,256,-1,3,20,0.0,0.0,0,0,0.0,0.0,0,0,DDoS
5353,63757117,242,0,19426,0,153,37,80.27272727,44.28575635,0,0,0.0,0.0,304.68755350000004,3.795654687,264552.3527,2328976.09,32000000,1,63800000,264552.3527,2328976.09,32000000,1,0,0.0,0.0,0,0,0,0,0,0,5356,0,3.795654687,0.0,37,153,80.33333333,44.20425917,1954.016529,0,0,0,0,0,0,0,0,0,80.66528926,80.27272727,0.0,5356,0,0,0,0,0,0,242,19426,0,0,-1,-1,241,20,7876780.5,11100000.0,15800000,14,24000000.0,11300000.0,32000000,16000000,BENIGN
53,418,1,1,49,113,49,49,49.0,0.0,113,113,113.0,0.0,387559.8086,4784.688995,418.0,0.0,418,418,0,0.0,0.0,0,0,0,0.0,0.0,0,0,0,0,0,0,20,20,2392.344498,2392.344498,49,113,70.33333333,36.95041723,1365.333333,0,0,0,0,0,0,0,0,1,105.5,49.0,113.0,20,0,0,0,0,0,0,1,49,1,113,-1,-1,0,20,0.0,0.0,0,0,0.0,0.0,0,0,BENIGN
80,869015,3,6,26,11607,20,0,8.666666667000001,10.26320288,8760,0,1934.5,3414.8544770000003,13386.420259999999,10.35655311,108626.875,306797.5771,867912,2,761,380.5,470.2260095,713,48,868897,173779.4,388032.0227,867912,2,0,0,0,0,72,132,3.45218437,6.904368739,0,8760,1163.3,2733.082592,7469740.456,0,0,0,1,0,0,0,0,2,1292.555556,8.666666667000001,1934.5,72,0,0,0,0,0,0,3,26,6,11607,8192,229,2,20,0.0,0.0,0,0,0.0,0.0,0,0,DDoS
80,8734350,4,0,24,0,6,6,6.0,0.0,0,0,0.0,0.0,2.7477717289999997,0.457961955,2911450.0,5042191.2930000005,8733671,276,8734350,2911450.0,5042191.2930000005,8733671,276,0,0.0,0.0,0,0,0,0,0,0,80,0,0.457961955,0.0,6,6,6.0,0.0,0.0,0,0,0,0,1,0,0,0,0,7.5,6.0,0.0,80,0,0,0,0,0,0,4,24,0,0,256,-1,3,20,679.0,0.0,679,679,8733671.0,0.0,8733671,8733671,DDoS
49671,30115431,17,12,3134,2432,912,0,184.35294119999998,285.8312311,952,0,202.66666669999998,351.7574922,184.822193,0.96296148,1075551.107,5648501.22,29900000,1,30100000,1882214.438,7470642.369,29900000,1,18647,1695.181818,2798.807632,8105,3,0,0,0,0,364,264,0.564494661,0.39846681899999997,0,952,185.5333333,305.4802588,93318.18851,0,0,0,1,0,0,0,0,0,191.9310345,184.35294119999998,202.66666669999998,364,0,0,0,0,0,0,17,3134,12,2432,8192,2047,10,20,0.0,0.0,0,0,0.0,0.0,0,0,BENIGN
5353,12,9,0,405,0,45,45,45.0,0.0,0,0,0.0,0.0,33800000.0,750000.0,1.5,1.069044968,4,1,12,1.5,1.069044968,4,1,0,0.0,0.0,0,0,0,0,0,0,288,0,750000.0,0.0,45,45,45.0,0.0,0.0,0,0,0,0,0,0,0,0,0,50.0,45.0,0.0,288,0,0,0,0,0,0,9,405,0,0,-1,-1,8,32,0.0,0.0,0,0,0.0,0.0,0,0,BENIGN
49671,94,2,3,0,0,0,0,0.0,0.0,0,0,0.0,0.0,0.0,53191.48936,23.5,34.7802626,75,1,90,90.0,0.0,90,90,80,40.0,55.15432893,79,1,0,0,0,0,40,60,21276.59574,31914.89362,0,0,0.0,0.0,0.0,0,0,0,0,1,1,0,0,1,0.0,0.0,0.0,40,0,0,0,0,0,0,2,0,3,0,251,2047,0,20,0.0,0.0,0,0,0.0,0.0,0,0,BENIGN
80,867727,3,6,26,11607,20,0,8.666666667000001,10.26320288,5840,0,1934.5,2538.9192780000003,13406.29023,10.37192573,108465.875,305790.9156,865259,47,2120,1060.0,414.3645738,1353,767,867630,173526.0,386691.4654,865259,47,0,0,0,0,72,132,3.457308577,6.914617155,0,5840,1163.3,2138.329153,4572451.567,0,0,0,1,0,0,0,0,2,1292.555556,8.666666667000001,1934.5,72,0,0,0,0,0,0,3,26,6,11607,8192,229,2,20,0.0,0.0,0,0,0.0,0.0,0,0,DDoS
80,77818286,8,6,56,11601,20,0,7.0,5.656854248999999,7300,0,1933.5,2720.783986,149.7976966,0.17990630100000002,5986022.0,19600000.0,71100000,1,76900000,11000000.0,26600000.0,71100000,1,906052,181210.4,402410.61600000004,901058,171,0,0,0,0,172,132,0.102803601,0.077102701,0,7300,777.5333333,1896.917457,3598295.838,0,0,0,0,1,0,0,0,0,833.0714286,7.0,1933.5,172,0,0,0,0,0,0,8,56,6,11601,256,229,6,20,891.0,0.0,891,891,38500000.0,46200000.0,71100000,5790338,DDoS
49671,50,1,2,0,0,0,0,0.0,0.0,0,0,0.0,0.0,0.0,60000.0,25.0,31.11269837,47,3,0,0.0,0.0,0,0,3,3.0,0.0,3,3,0,0,0,0,20,40,20000.0,40000.0,0,0,0.0,0.0,0.0,0,0,0,0,1,1,0,0,2,0.0,0.0,0.0,20,0,0,0,0,0,0,1,0,2,0,251,2053,0,20,0.0,0.0,0,0,0.0,0.0,0,0,BENIGN
80,188,2,0,0,0,0,0,0.0,0.0,0,0,0.0,0.0,0.0,10638.29787,188.0,0.0,188,188,188,188.0,0.0,188,188,0,0.0,0.0,0,0,0,0,0,0,64,0,10638.29787,0.0,0,0,0.0,0.0,0.0,0,0,0,0,1,0,0,0,0,0.0,0.0,0.0,64,0,0,0,0,0,0,2,0,0,0,242,-1,0,32,0.0,0.0,0,0,0.0,0.0,0,0,BENIGN
443,600,2,0,0,0,0,0,0.0,0.0,0,0,0.0,0.0,0.0,3333.333333,600.0,0.0,600,600,600,600.0,0.0,600,600,0,0.0,0.0,0,0,0,0,0,0,64,0,3333.333333,0.0,0,0,0.0,0.0,0.0,0,0,0,0,1,0,0,0,0,0.0,0.0,0.0,64,0,0,0,0,0,0,2,0,0,0,1272,-1,0,32,0.0,0.0,0,0,0.0,0.0,0,0,BENIGN
443,101511,4,1,179,0,179,0,44.75,89.5,0,0,0.0,0.0,1763.355695,49.25574568,25377.75,50329.18297,100871,56,101511,33837.0,58146.19266,100978,56,0,0.0,0.0,0,0,0,0,0,0,136,40,39.40459655,9.851149137,0,179,29.83333333,73.07644399,5340.166667,0,0,0,1,0,0,0,0,0,35.8,44.75,0.0,136,0,0,0,0,0,0,4,179,1,0,29200,28160,1,32,0.0,0.0,0,0,0.0,0.0,0,0,BENIGN
80,674102,3,6,26,11607,20,0,8.666666667000001,10.26320288,5840,0,1934.5,2538.9192780000003,17257.03232,13.35109523,84262.75,237465.7968,671959,16,1789,894.5,1242.3866150000001,1773,16,673992,134798.4,300282.7586,671959,46,0,0,0,0,72,132,4.450365078,8.900730157,0,5840,1163.3,2138.329153,4572451.567,0,0,0,1,0,0,0,0,2,1292.555556,8.666666667000001,1934.5,72,0,0,0,0,0,0,3,26,6,11607,8192,229,2,20,0.0,0.0,0,0,0.0,0.0,0,0,DDoS
88,1035,9,8,3064,2990,1532,0,340.44444439999995,675.5485014,1495,0,373.75,692.0505246,5849275.362000001,16425.120769999998,64.6875,170.4968108,700,1,1035,129.375,278.7282022,816,1,955,136.4285714,251.06496980000003,700,1,0,0,0,0,204,184,8695.652173999999,7729.468599,0,1532,336.3333333,647.5263338,419290.3529,0,0,0,1,0,0,0,0,0,356.11764710000006,340.44444439999995,373.75,204,0,0,0,0,0,0,9,3064,8,2990,8192,2053,2,20,0.0,0.0,0,0,0.0,0.0,0,0,BENIGN
80,1533,3,6,26,11607,20,0,8.666666667000001,10.26320288,5840,0,1934.5,2538.9192780000003,7588388.78,5870.841487,191.625,308.61114580000003,890,2,993,496.5,697.914393,990,3,1433,286.6,420.5993343,984,2,0,0,0,0,72,132,1956.9471620000002,3913.894325,0,5840,1163.3,2138.329153,4572451.567,0,0,0,1,0,0,0,0,2,1292.555556,8.666666667000001,1934.5,72,0,0,0,0,0,0,3,26,6,11607,8192,229,2,20,0.0,0.0,0,0,0.0,0.0,0,0,DDoS
80,573219,3,6,26,11607,20,0,8.666666667000001,10.26320288,4380,0,1934.5,2177.344966,20294.16331,15.70080545,71652.375,201504.3752,570346,10,2513,1256.5,1751.503497,2495,18,573169,114633.8,254753.115,570346,10,0,0,0,0,72,132,5.233601817,10.46720363,0,4380,1163.3,1903.962654,3625073.789,0,0,0,1,0,0,0,0,2,1292.555556,8.666666667000001,1934.5,72,0,0,0,0,0,0,3,26,6,11607,8192,229,2,20,0.0,0.0,0,0,0.0,0.0,0,0,DDoS
49222,640,3,0,0,0,0,0,0.0,0.0,0,0,0.0,0.0,0.0,4687.5,320.0,448.30569929999996,637,3,640,320.0,448.30569929999996,637,3,0,0.0,0.0,0,0,0,0,0,0,60,0,4687.5,0.0,0,0,0.0,0.0,0.0,0,0,0,0,1,0,0,0,0,0.0,0.0,0.0,60,0,0,0,0,0,0,3,0,0,0,351,-1,0,20,0.0,0.0,0,0,0.0,0.0,0,0,BENIGN
88,1116,9,6,3150,3086,1575,0,350.0,694.5097192000001,1543,0,514.3333333,796.8017738,5587813.62,13440.860219999999,79.71428571,207.0679668,796,1,1116,139.5,304.48316869999996,890,1,1033,206.6,333.18208239999996,796,3,0,0,0,0,204,144,8064.516129000001,5376.344086,0,1575,389.75,697.254951,486164.4667,0,0,0,1,0,0,0,0,0,415.7333333,350.0,514.3333333,204,0,0,0,0,0,0,9,3150,6,3086,8192,2053,2,20,0.0,0.0,0,0,0.0,0.0,0,0,BENIGN
80,5001567,4,0,24,0,6,6,6.0,0.0,0,0,0.0,0.0,4.798496151,0.7997493590000001,1667189.0,2887077.5510000004,5000899,215,5001567,1667189.0,2887077.5510000004,5000899,215,0,0.0,0.0,0,0,0,0,0,0,80,0,0.7997493590000001,0.0,6,6,6.0,0.0,0.0,0,0,0,0,1,0,0,0,0,7.5,6.0,0.0,80,0,0,0,0,0,0,4,24,0,0,256,-1,3,20,668.0,0.0,668,668,5000899.0,0.0,5000899,5000899,DDoS
135,41,1,1,0,0,0,0,0.0,0.0,0,0,0.0,0.0,0.0,48780.4878,41.0,0.0,41,41,0,0.0,0.0,0,0,0,0.0,0.0,0,0,0,0,0,0,20,20,24390.2439,24390.2439,0,0,0.0,0.0,0.0,0,0,0,0,1,1,0,0,1,0.0,0.0,0.0,20,0,0,0,0,0,0,1,0,1,0,254,2051,0,20,0.0,0.0,0,0,0.0,0.0,0,0,BENIGN
80,4027908,5,0,30,0,6,6,6.0,0.0,0,0,0.0,0.0,7.4480350589999995,1.241339177,1006977.0,2011280.886,4023897,0,4027908,1006977.0,2011280.886,4023897,0,0,0.0,0.0,0,0,0,0,0,0,100,0,1.241339177,0.0,6,6,6.0,0.0,0.0,0,0,0,0,1,0,0,0,0,7.2,6.0,0.0,100,0,0,0,0,0,0,5,30,0,0,256,-1,4,20,0.0,0.0,0,0,0.0,0.0,0,0,DDoS
443,7494,2,0,0,0,0,0,0.0,0.0,0,0,0.0,0.0,0.0,266.88017080000003,7494.0,0.0,7494,7494,7494,7494.0,0.0,7494,7494,0,0.0,0.0,0,0,0,0,0,0,64,0,266.88017080000003,0.0,0,0,0.0,0.0,0.0,0,0,0,0,1,0,0,0,0,0.0,0.0,0.0,64,0,0,0,0,0,0,2,0,0,0,707,-1,0,32,0.0,0.0,0,0,0.0,0.0,0,0,BENIGN
80,2046241,5,0,30,0,6,6,6.0,0.0,0,0,0.0,0.0,14.66102966,2.443504944,511560.25,1022454.6059999999,2045242,1,2046241,511560.25,1022454.6059999999,2045242,1,0,0.0,0.0,0,0,0,0,0,0,100,0,2.443504944,0.0,6,6,6.0,0.0,0.0,0,0,0,0,1,0,0,0,0,7.2,6.0,0.0,100,0,0,0,0,0,0,5,30,0,0,256,-1,4,20,0.0,0.0,0,0,0.0,0.0,0,0,DDoS
88,9267,9,6,3096,3028,1548,0,344.0,682.6038382999999,1514,0,504.66666669999995,781.8262382,660839.5381,1618.6468109999998,661.9285714,2122.800815,7999,3,9267,1158.375,2783.899882,7999,3,1155,231.0,359.0348173,825,3,0,0,0,0,204,144,971.1880867999998,647.4587245,0,1548,382.75,684.7402913999999,468869.2667,0,0,0,1,0,0,0,0,0,408.2666667,344.0,504.66666669999995,204,0,0,0,0,0,0,9,3096,6,3028,8192,2053,2,20,0.0,0.0,0,0,0.0,0.0,0,0,BENIGN
443,1424808,9,11,703,3950,267,0,78.11111111,103.30228029999999,1448,0,359.0909091,569.9183195,3265.703168,14.03697902,74989.89474,122992.6415,412204,1,910300,113787.5,165991.0219,507210,384,1329644,132964.4,154562.9656,412204,3,0,0,0,0,296,360,6.316640558,7.72033846,0,1448,221.5714286,434.4990876,188789.4571,0,0,0,1,0,0,0,0,1,232.65,78.11111111,359.0909091,296,0,0,0,0,0,0,9,703,11,3950,29200,254,4,32,0.0,0.0,0,0,0.0,0.0,0,0,BENIGN
80,62037,3,5,26,11607,20,0,8.666666667000001,10.26320288,5840,0,2321.4,3173.3738829999998,187517.1269,128.9553009,8862.428570999999,22717.34038,60369,3,1453,726.5,1001.9703089999999,1435,18,61948,15487.0,29928.056539999998,60369,3,0,0,0,0,72,112,48.35823783,80.59706304,0,5840,1292.555556,2554.159212,6523729.278,0,0,0,1,0,0,0,0,1,1454.125,8.666666667000001,2321.4,72,0,0,0,0,0,0,3,26,5,11607,8192,229,2,20,0.0,0.0,0,0,0.0,0.0,0,0,DDoS
1242,23249,2,0,0,0,0,0,0.0,0.0,0,0,0.0,0.0,0.0,86.02520539,23249.0,0.0,23249,23249,23249,23249.0,0.0,23249,23249,0,0.0,0.0,0,0,0,0,0,0,40,0,86.02520539,0.0,0,0,0.0,0.0,0.0,0,0,0,0,1,0,0,0,0,0.0,0.0,0.0,40,0,0,0,0,0,0,2,0,0,0,360,-1,0,20,0.0,0.0,0,0,0.0,0.0,0,0,BENIGN
443,10154910,19,28,713,38420,400,0,37.52631579,101.12938270000001,2896,0,1372.142857,805.8781597999999,3853.6038229999995,4.628302959,220758.913,1467901.64,9959914,0,10100000,562600.2778,2345296.222,9959914,241,10100000,375245.1111,1928169.167,10000000,4,0,0,0,0,616,904,1.87101609,2.7572868689999996,0,2896,815.2708332999999,905.7669781,820413.8187,0,0,0,1,0,0,0,0,1,832.6170212999999,37.52631579,1372.142857,616,0,0,0,0,0,0,19,713,28,38420,29200,61,3,32,166891.0,0.0,166891,166891,9959914.0,0.0,9959914,9959914,BENIGN
123,74567170,9,9,432,432,48,48,48.0,0.0,48,48,48.0,0.0,11.58686859,0.241393096,4386304.118,13400000.0,56000000,16253,74600000,9318859.125,18900000.0,56000000,1995519,74600000,9318839.25,18900000.0,56000000,1995561,0,0,0,0,228,228,0.120696548,0.120696548,48,48,48.0,0.0,0.0,0,0,0,0,0,0,0,0,1,50.66666667,48.0,48.0,228,0,0,0,0,0,0,9,432,9,432,-1,-1,8,20,18600000.0,0.0,18600000,18600000,56000000.0,0.0,56000000,56000000,BENIGN
49169,0,1,1,0,0,0,0,0.0,0.0,0,0,0.0,0.0,,inf,0.0,0.0,0,0,0,0.0,0.0,0,0,0,0.0,0.0,0,0,0,0,0,0,20,20,0.0,0.0,0,0,0.0,0.0,0.0,0,0,0,0,1,0,0,0,1,0.0,0.0,0.0,20,0,0,0,0,0,0,1,0,1,0,2053,255,0,20,0.0,0.0,0,0,0.0,0.0,0,0,BENIGN
123,110015733,10,9,480,432,48,48,48.0,0.0,48,48,48.0,0.0,8.289723433999999,0.172702572,6111985.167,16100000.0,62000000,16485,110000000,12200000.0,21600000.0,62000000,999992,110000000,13700000.0,33600000.0,97000000,999858,0,0,0,0,248,216,0.09089609,0.081806481,48,48,48.0,0.0,0.0,0,0,0,0,0,0,0,0,0,50.52631579,48.0,48.0,248,0,0,0,0,0,0,10,480,9,432,-1,-1,9,20,13000000.0,0.0,13000000,13000000,48500000.0,19100000.0,62000000,35000000,BENIGN
443,41569660,23,28,698,35142,350,0,30.34782609,85.85326207,3864,0,1255.0714289999999,1056.082731,862.1672633,1.226856318,831393.2,2691433.15,10000000,3,32100000,1456961.727,3525375.583,10200000,95,41400000,1534120.259,3590749.8389999997,10200000,3,0,0,0,0,744,904,0.553288143,0.673568174,0,3864,689.2307692,987.1767947999999,974518.0241,0,0,0,1,0,0,0,0,1,702.7450980000001,30.34782609,1255.0714289999999,744,0,0,0,0,0,0,23,698,28,35142,29200,252,3,32,541538.5,785919.032,1720417,148320,9850875.75,322357.8827,10000000,9367632,BENIGN
80,6033036,5,0,30,0,6,6,6.0,0.0,0,0,0.0,0.0,4.97262075,0.828770125,1508259.0,3015519.3460000004,6031538,231,6033036,1508259.0,3015519.3460000004,6031538,231,0,0.0,0.0,0,0,0,0,0,0,100,0,0.828770125,0.0,6,6,6.0,0.0,0.0,0,0,0,0,1,0,0,0,0,7.2,6.0,0.0,100,0,0,0,0,0,0,5,30,0,0,256,-1,4,20,1498.0,0.0,1498,1498,6031538.0,0.0,6031538,6031538,DDoS
389,334,10,4,165,326,79,0,16.5,33.01262385,163,0,81.5,94.10809388,1470059.88,41916.16766,25.69230769,22.60672693,50,1,334,37.11111111,38.67959554,108,1,219,73.0,85.29361055,168,3,0,0,0,0,336,144,29940.11976,11976.0479,0,163,32.73333333,59.52006464,3542.6380950000002,0,0,0,1,0,0,0,0,0,35.07142857,16.5,81.5,336,0,0,0,0,0,0,10,165,4,326,29200,2081,3,32,0.0,0.0,0,0,0.0,0.0,0,0,BENIGN
123,68058037,7,7,336,336,48,48,48.0,0.0,48,48,48.0,0.0,9.873925691,0.205706785,5235233.615,15900000.0,57900000,54090,68000000,11300000.0,22900000.0,58000000,1999866,68000000,11300000.0,22900000.0,58000000,1991136,0,0,0,0,164,164,0.102853393,0.102853393,48,48,48.0,0.0,0.0,0,0,0,0,0,0,0,0,1,51.42857143,48.0,48.0,164,0,0,0,0,0,0,7,336,7,336,-1,-1,6,20,10100000.0,0.0,10100000,10100000,57900000.0,0.0,57900000,57900000,BENIGN
80,930690,3,6,26,11607,20,0,8.666666667000001,10.26320288,5840,0,1934.5,2538.9192780000003,12499.328459999999,9.670244657000001,116336.25,328607.9171,929599,3,953,476.5,669.6301218,950,3,930643,186128.6,415612.7978,929599,3,0,0,0,0,72,132,3.223414886,6.446829771,0,5840,1163.3,2138.329153,4572451.567,0,0,0,1,0,0,0,0,2,1292.555556,8.666666667000001,1934.5,72,0,0,0,0,0,0,3,26,6,11607,8192,229,2,20,0.0,0.0,0,0,0.0,0.0,0,0,DDoS
80,10637980,6,4,293,384,292,0,48.83333333,119.1275227,384,0,96.0,192.0,63.63990156,0.9400280879999999,1181997.778,3306519.3419999997,9989850,85,10600000,2127596.0,4400440.449,9989850,179,10100000,3367968.667,5789001.847,10100000,542,0,0,0,0,132,104,0.5640168529999999,0.376011235,0,384,61.54545455,138.2225478,19105.47273,0,0,0,1,0,0,0,0,0,67.7,48.83333333,96.0,132,0,0,0,0,0,0,6,293,4,384,8192,946,2,20,114131.0,0.0,114131,114131,9989850.0,0.0,9989850,9989850,BENIGN
88,1344,9,6,3076,3010,1538,0,341.77777779999997,678.1942527000001,1505,0,501.66666669999995,777.1786581,4528273.81,11160.71429,96.0,278.5202658,1061,0,1344,168.0,380.59840099999997,1107,1,1244,248.8,456.871645,1061,3,0,0,0,0,204,144,6696.428571,4464.285714,0,1538,380.375,680.4888316,463065.05,0,0,0,1,0,0,0,0,0,405.7333333,341.77777779999997,501.66666669999995,204,0,0,0,0,0,0,9,3076,6,3010,8192,2053,2,20,0.0,0.0,0,0,0.0,0.0,0,0,BENIGN
135,35,1,1,0,0,0,0,0.0,0.0,0,0,0.0,0.0,0.0,57142.85714,35.0,0.0,35,35,0,0.0,0.0,0,0,0,0.0,0.0,0,0,0,0,0,0,20,20,28571.42857,28571.42857,0,0,0.0,0.0,0.0,0,0,0,0,1,1,0,0,1,0.0,0.0,0.0,20,0,0,0,0,0,0,1,0,1,0,255,2052,0,20,0.0,0.0,0,0,0.0,0.0,0,0,BENIGN
80,855363,3,6,26,11607,20,0,8.666666667000001,10.26320288,4380,0,1934.5,2177.344966,13600.073890000001,10.52184862,106920.375,301289.5576,852572,17,2267,1133.5,1475.731852,2177,90,855280,171056.0,380980.1312,852572,17,0,0,0,0,72,132,3.5072828730000003,7.014565746000001,0,4380,1163.3,1903.962654,3625073.789,0,0,0,1,0,0,0,0,2,1292.555556,8.666666667000001,1934.5,72,0,0,0,0,0,0,3,26,6,11607,8192,229,2,20,0.0,0.0,0,0,0.0,0.0,0,0,DDoS
80,6412382,4,0,24,0,6,6,6.0,0.0,0,0,0.0,0.0,3.7427589310000005,0.623793155,2137460.667,3701581.6580000003,6411679,317,6412382,2137460.667,3701581.6580000003,6411679,317,0,0.0,0.0,0,0,0,0,0,0,80,0,0.623793155,0.0,6,6,6.0,0.0,0.0,0,0,0,0,1,0,0,0,0,7.5,6.0,0.0,80,0,0,0,0,0,0,4,24,0,0,256,-1,3,20,703.0,0.0,703,703,6411679.0,0.0,6411679,6411679,DDoS
80,1136964,5,0,30,0,6,6,6.0,0.0,0,0,0.0,0.0,26.38605972,4.397676618999999,284241.0,567843.5079,1136006,2,1136964,284241.0,567843.5079,1136006,2,0,0.0,0.0,0,0,0,0,0,0,100,0,4.397676618999999,0.0,6,6,6.0,0.0,0.0,0,0,0,0,1,0,0,0,0,7.2,6.0,0.0,100,0,0,0,0,0,0,5,30,0,0,256,-1,4,20,0.0,0.0,0,0,0.0,0.0,0,0,DDoS
49220,36020,2,1,38,0,38,0,19.0,26.87005769,0,0,0.0,0.0,1054.969461,83.28706274,18010.0,25331.393330000003,35922,98,36020,36020.0,0.0,36020,36020,0,0.0,0.0,0,0,1,0,0,0,40,20,55.524708499999996,27.76235425,0,38,19.0,21.93931023,481.33333330000005,0,1,0,0,1,0,0,0,0,25.33333333,19.0,0.0,40,0,0,0,0,0,0,2,38,1,0,351,0,0,20,0.0,0.0,0,0,0.0,0.0,0,0,BENIGN
1075,3,2,0,31,0,31,0,15.5,21.92031022,0,0,0.0,0.0,10300000.0,666666.6667,3.0,0.0,3,3,3,3.0,0.0,3,3,0,0.0,0.0,0,0,1,0,0,0,40,0,666666.6667,0.0,0,31,20.66666667,17.89785834,320.3333333,0,1,0,0,1,0,0,0,0,31.0,15.5,0.0,40,0,0,0,0,0,0,2,31,0,0,946,-1,0,20,0.0,0.0,0,0,0.0,0.0,0,0,BENIGN
123,71016518,8,8,384,384,48,48,48.0,0.0,48,48,48.0,0.0,10.81438546,0.225299697,4734434.533,14500000.0,57000000,16069,71000000,10100000.0,20700000.0,57000000,1991356,71000000,10100000.0,20700000.0,57000000,1991096,0,0,0,0,172,172,0.11264984900000001,0.11264984900000001,48,48,48.0,0.0,0.0,0,0,0,0,0,0,0,0,1,51.0,48.0,48.0,172,0,0,0,0,0,0,8,384,8,384,-1,-1,7,20,14000000.0,0.0,14000000,14000000,57000000.0,0.0,57000000,57000000,BENIGN
80,857945,3,6,26,11601,20,0,8.666666667000001,10.26320288,4380,0,1933.5,1757.789948,13552.150780000002,10.49018294,107243.125,297561.05199999997,843592,15,13832,6916.0,8374.972716,12838,994,857682,171536.4,375737.6833,843592,15,0,0,0,0,72,132,3.496727646,6.993455291,0,4380,1162.7,1645.2417619999999,2706820.4560000002,0,0,0,1,0,0,0,0,2,1291.888889,8.666666667000001,1933.5,72,0,0,0,0,0,0,3,26,6,11601,8192,229,2,20,0.0,0.0,0,0,0.0,0.0,0,0,DDoS
49666,15,1,3,0,0,0,0,0.0,0.0,0,0,0.0,0.0,0.0,266666.6667,5.0,4.582575695,10,1,0,0.0,0.0,0,0,11,5.5,6.3639610310000005,10,1,0,0,0,0,20,60,66666.66667,200000.0,0,0,0.0,0.0,0.0,0,0,0,0,1,1,0,0,3,0.0,0.0,0.0,20,0,0,0,0,0,0,1,0,3,0,254,2053,0,20,0.0,0.0,0,0,0.0,0.0,0,0,BENIGN
80,3116250,4,0,24,0,6,6,6.0,0.0,0,0,0.0,0.0,7.70156438,1.283594063,1038750.0,1797725.082,3114584,221,3116250,1038750.0,1797725.082,3114584,221,0,0.0,0.0,0,0,0,0,0,0,80,0,1.283594063,0.0,6,6,6.0,0.0,0.0,0,0,0,0,1,0,0,0,0,7.5,6.0,0.0,80,0,0,0,0,0,0,4,24,0,0,256,-1,3,20,0.0,0.0,0,0,0.0,0.0,0,0,DDoS
389,437,10,4,165,326,79,0,16.5,33.01262385,163,0,81.5,94.10809388,1123569.794,32036.613269999998,33.61538462,20.42277512,49,1,437,48.55555556,33.27953993,108,1,280,93.33333333,119.6258055,229,3,0,0,0,0,336,144,22883.29519,9153.318078,0,163,32.73333333,59.52006464,3542.6380950000002,0,0,0,1,0,0,0,0,0,35.07142857,16.5,81.5,336,0,0,0,0,0,0,10,165,4,326,29200,2081,3,32,0.0,0.0,0,0,0.0,0.0,0,0,BENIGN
80,382944,3,4,427,2267,427,0,142.33333330000002,246.52856490000002,2267,0,566.75,1133.5,7034.971170999999,18.27943511,63824.0,128090.0063,323698,4,352857,176428.5,208270.5242,323698,29159,353888,117962.6667,203521.9644,352969,4,0,0,0,0,72,92,7.83404362,10.44539149,0,2267,336.75,794.1224717,630630.5,0,0,0,1,0,0,0,0,1,384.85714289999993,142.33333330000002,566.75,72,0,0,0,0,0,0,3,427,4,2267,8192,237,1,20,0.0,0.0,0,0,0.0,0.0,0,0,BENIGN
0,117470203,110,0,0,0,0,0,0.0,0.0,0,0,0.0,0.0,0.0,0.936407678,1077708.284,2596598.464,13200000,0,117000000,1077708.284,2596598.464,13200000,0,0,0.0,0.0,0,0,0,0,0,0,0,0,0.936407678,0.0,0,0,0.0,0.0,0.0,0,0,0,0,0,0,0,0,0,0.0,0.0,0.0,0,0,0,0,0,0,0,110,0,0,0,-1,-1,0,0,3121965.8,2990832.478,8299849,19,8446926.3,2469243.403,13200000,5320863,BENIGN
80,876794,3,4,26,11601,20,0,8.666666667000001,10.26320288,8760,0,2900.25,4128.3193009999995,13260.81155,7.983631275,146132.3333,355028.41,870817,22,5702,2851.0,4000.810168,5680,22,876728,292242.6667,501067.7024,870817,190,0,0,0,0,72,92,3.421556261,4.5620750139999995,0,8760,1453.375,3113.952607,9696700.839,0,0,0,1,0,0,0,0,1,1661.0,8.666666667000001,2900.25,72,0,0,0,0,0,0,3,26,4,11601,8192,229,2,20,0.0,0.0,0,0,0.0,0.0,0,0,DDoS
80,7123335,4,0,24,0,6,6,6.0,0.0,0,0,0.0,0.0,3.369208383,0.5615347310000001,2374445.0,4112104.258,7122694,273,7123335,2374445.0,4112104.258,7122694,273,0,0.0,0.0,0,0,0,0,0,0,80,0,0.5615347310000001,0.0,6,6,6.0,0.0,0.0,0,0,0,0,1,0,0,0,0,7.5,6.0,0.0,80,0,0,0,0,0,0,4,24,0,0,256,-1,3,20,641.0,0.0,641,641,7122694.0,0.0,7122694,7122694,DDoS
443,131801,8,3,508,4126,206,0,63.5,82.38585177,4126,0,1375.333333,2382.147211,35159.06556,83.45915433,13180.1,15590.699480000001,37510,48,131801,18828.71429,15796.94058,37749,48,62735,31367.5,43605.15388,62201,534,0,0,0,0,172,72,60.69756679,22.76158754,0,4126,386.1666667,1179.913312,1392195.424,0,0,0,1,0,0,0,0,0,421.2727273,63.5,1375.333333,172,0,0,0,0,0,0,8,508,3,4126,8192,343,4,20,0.0,0.0,0,0,0.0,0.0,0,0,BENIGN
1120,4,3,0,0,0,0,0,0.0,0.0,0,0,0.0,0.0,0.0,750000.0,2.0,2.828427125,4,0,4,2.0,2.828427125,4,0,0,0.0,0.0,0,0,0,0,0,0,60,0,750000.0,0.0,0,0,0.0,0.0,0.0,0,0,0,0,1,0,0,0,0,0.0,0.0,0.0,60,0,0,0,0,0,0,3,0,0,0,12499,-1,0,20,0.0,0.0,0,0,0.0,0.0,0,0,BENIGN
443,43880338,23,27,1029,29062,517,0,44.73913043,129.6843081,2576,0,1076.3703699999999,844.9269949,685.7513267,1.139462508,895517.1020000001,2731237.997,10000000,3,34400000,1561682.045,3530294.4930000002,10200000,215,43700000,1682002.846,3653461.9239999996,10200000,3,0,0,0,0,744,872,0.5241527539999999,0.615309754,0,2576,590.0196078,806.2837091,650093.4196,0,0,0,1,0,0,0,0,1,601.82,44.73913043,1076.3703699999999,744,0,0,0,0,0,0,23,1029,27,29062,29200,252,3,32,1118960.75,1941718.168,4031538,148028,9851123.0,317346.4493,10000000,9375302,BENIGN
80,79731718,8,5,56,11601,20,0,7.0,5.656854248999999,5840,0,2320.2,2436.833027,146.2027947,0.163046781,6644309.833,20300000.0,70600000,44,78400000,11200000.0,26400000.0,70600000,183,1357061,339265.25,675686.8666,1352792,138,0,0,0,0,172,112,0.10033648099999999,0.062710301,0,5840,833.0714286,1774.9063019999999,3150292.3789999997,0,0,0,0,1,0,0,0,0,897.1538462000001,7.0,2320.2,172,0,0,0,0,0,0,8,56,5,11601,256,229,6,20,911.0,0.0,911,911,39200000.0,44400000.0,70600000,7766504,DDoS
80,53148,3,6,26,11607,20,0,8.666666667000001,10.26320288,5840,0,1934.5,2538.9192780000003,218879.3558,169.3384511,6643.5,18316.824480000003,51969,2,1039,519.5,730.4413049999999,1036,3,53023,10604.6,23127.22444,51969,2,0,0,0,0,72,132,56.44615037,112.89230069999999,0,5840,1163.3,2138.329153,4572451.567,0,0,0,1,0,0,0,0,2,1292.555556,8.666666667000001,1934.5,72,0,0,0,0,0,0,3,26,6,11607,8192,229,2,20,0.0,0.0,0,0,0.0,0.0,0,0,DDoS
80,1133412,5,0,30,0,6,6,6.0,0.0,0,0,0.0,0.0,26.46875099,4.411458499,283353.0,566068.1781,1132455,1,1133412,283353.0,566068.1781,1132455,1,0,0.0,0.0,0,0,0,0,0,0,100,0,4.411458499,0.0,6,6,6.0,0.0,0.0,0,0,0,0,1,0,0,0,0,7.2,6.0,0.0,100,0,0,0,0,0,0,5,30,0,0,256,-1,4,20,0.0,0.0,0,0,0.0,0.0,0,0,DDoS
80,139720,3,5,26,11607,20,0,8.666666667000001,10.26320288,7215,0,2321.4,3327.7697940000003,83259.37589,57.25737189,19960.0,52327.65963,138626,3,867,433.5,608.8189386,864,3,139703,34925.75,69134.64283,138626,4,0,0,0,0,72,112,21.47151446,35.78585743,0,7215,1292.555556,2650.585648,7025604.278,0,0,0,1,0,0,0,0,1,1454.125,8.666666667000001,2321.4,72,0,0,0,0,0,0,3,26,5,11607,8192,229,2,20,0.0,0.0,0,0,0.0,0.0,0,0,DDoS
443,71020506,36,42,1310,54310,517,0,36.38888889,116.67103390000001,3864,0,1293.095238,1062.701913,783.1540936000001,1.098274349,922344.2338,2751830.135,10000000,8,71000000,2029150.4,3875076.2939999998,10200000,50,70900000,1728592.5119999999,3661690.0130000003,10200000,159,0,0,0,0,1160,1352,0.506895853,0.591378496,0,3864,704.0506329,999.3302231,998660.8948,0,0,0,1,0,0,0,0,1,713.0769231,36.38888889,1293.095238,1160,0,0,0,0,0,0,36,1310,42,54310,29200,252,4,32,714803.0,1432661.29,3961172,147985,9430936.429,1273696.784,10000000,6594082,BENIGN
138,31,20,0,4510,0,237,214,225.5,11.79875105,0,0,0.0,0.0,145000000.0,645161.2903,1.631578947,1.382852379,7,1,31,1.631578947,1.382852379,7,1,0,0.0,0.0,0,0,0,0,0,0,400,0,645161.2903,0.0,214,237,226.047619,11.77062526,138.547619,0,0,0,0,0,0,0,0,0,237.35,225.5,0.0,400,0,0,0,0,0,0,20,4510,0,0,-1,-1,19,20,0.0,0.0,0,0,0.0,0.0,0,0,BENIGN
80,3039360,4,0,24,0,6,6,6.0,0.0,0,0,0.0,0.0,7.896399242,1.31606654,1013120.0,1754146.586,3038634,219,3039360,1013120.0,1754146.586,3038634,219,0,0.0,0.0,0,0,0,0,0,0,80,0,1.31606654,0.0,6,6,6.0,0.0,0.0,0,0,0,0,1,0,0,0,0,7.5,6.0,0.0,80,0,0,0,0,0,0,4,24,0,0,256,-1,3,20,0.0,0.0,0,0,0.0,0.0,0,0,DDoS
80,179487,4,4,427,2267,427,0,106.75,213.5,2267,0,566.75,1133.5,15009.443580000001,44.57147314,25641.0,43230.09207,118840,86,178654,59551.333329999994,51351.69228,118840,29109,150508,50169.33333,84827.34701,148119,919,0,0,0,0,92,92,22.28573657,22.28573657,0,2267,299.3333333,751.2667635,564401.75,0,0,0,1,0,0,0,0,1,336.75,106.75,566.75,92,0,0,0,0,0,0,4,427,4,2267,8192,237,1,20,0.0,0.0,0,0,0.0,0.0,0,0,BENIGN
88,815,9,4,626,3064,313,0,69.55555556,138.0200267,1532,0,766.0,884.5006124,4527607.362,15950.92025,67.91666667,198.31355259999998,696,1,815,101.875,259.0986781,741,1,730,243.33333330000002,414.5386994,722,3,0,0,0,0,204,104,11042.944790000001,4907.975460000001,0,1532,263.5714286,548.9435607999999,301339.033,0,0,0,1,0,0,0,0,0,283.8461538,69.55555556,766.0,204,0,0,0,0,0,0,9,626,4,3064,8192,2053,2,20,0.0,0.0,0,0,0.0,0.0,0,0,BENIGN
80,2988175,4,0,24,0,6,6,6.0,0.0,0,0,0.0,0.0,8.031658119,1.338609687,996058.3333,1724632.1469999999,2987492,258,2988175,996058.3333,1724632.1469999999,2987492,258,0,0.0,0.0,0,0,0,0,0,0,80,0,1.338609687,0.0,6,6,6.0,0.0,0.0,0,0,0,0,1,0,0,0,0,7.5,6.0,0.0,80,0,0,0,0,0,0,4,24,0,0,256,-1,3,20,0.0,0.0,0,0,0.0,0.0,0,0,DDoS
51130,10,1,1,0,0,0,0,0.0,0.0,0,0,0.0,0.0,0.0,200000.0,10.0,0.0,10,10,0,0.0,0.0,0,0,0,0.0,0.0,0,0,0,0,0,0,32,32,100000.0,100000.0,0,0,0.0,0.0,0.0,0,0,0,0,1,0,0,0,1,0.0,0.0,0.0,32,0,0,0,0,0,0,1,0,1,0,2081,254,0,32,0.0,0.0,0,0,0.0,0.0,0,0,BENIGN
80,10440135,5,0,30,0,6,6,6.0,0.0,0,0,0.0,0.0,2.873526061,0.47892101,2610033.75,5219274.166999999,10400000,326,10400000,2610033.75,5219274.166999999,10400000,326,0,0.0,0.0,0,0,0,0,0,0,100,0,0.47892101,0.0,6,6,6.0,0.0,0.0,0,0,0,0,1,0,0,0,0,7.2,6.0,0.0,100,0,0,0,0,0,0,5,30,0,0,256,-1,4,20,1190.0,0.0,1190,1190,10400000.0,0.0,10400000,10400000,DDoS
443,1687465,11,10,561,5332,195,0,51.0,74.11882352,1460,0,533.2,667.8096535,3492.220579,12.44470256,84373.25,258546.8384,1151709,3,1687465,168746.5,357741.4782,1151709,3,301394,33488.222219999996,75433.14671,230844,47,0,0,0,0,232,212,6.51865372,5.926048837000001,0,1460,267.8636364,505.2946614,255322.6948,0,0,0,1,0,0,0,0,0,280.61904760000004,51.0,533.2,232,0,0,0,0,0,0,11,561,10,5332,8192,12501,5,20,0.0,0.0,0,0,0.0,0.0,0,0,BENIGN
80,80034360,8,4,56,11601,20,0,7.0,5.656854248999999,8760,0,2900.25,4128.3193009999995,145.64994330000002,0.149935603,7275850.909,21100000.0,70600000,6,78700000,11200000.0,26300000.0,70600000,247,1354806,451602.0,777575.2592,1349464,190,0,0,0,0,172,92,0.09995706800000001,0.049978534000000005,0,8760,897.1538462000001,2488.507044,6192667.307999999,0,0,0,0,1,0,0,0,0,971.9166667000002,7.0,2900.25,172,0,0,0,0,0,0,8,56,4,11601,256,229,6,20,939.0,0.0,939,939,39300000.0,44200000.0,70600000,8072664,DDoS
80,11469,3,6,26,11601,20,0,8.666666667000001,10.26320288,4380,0,1933.5,1757.789948,1013776.266,784.7240387,1433.625,3451.3897380000003,9935,4,10061,5030.5,7108.544470999999,10057,4,11347,2269.4,4376.795266,10064,17,0,0,0,0,72,132,261.5746796,523.1493591,0,4380,1162.7,1645.2417619999999,2706820.4560000002,0,0,0,1,0,0,0,0,2,1291.888889,8.666666667000001,1933.5,72,0,0,0,0,0,0,3,26,6,11601,8192,229,2,20,0.0,0.0,0,0,0.0,0.0,0,0,DDoS
80,855664,3,6,26,11607,20,0,8.666666667000001,10.26320288,4380,0,1934.5,2177.344966,13595.28974,10.51814731,106958.0,301442.5872,852988,4,2284,1142.0,1609.375034,2280,4,855610,171122.0,381175.9683,852988,16,0,0,0,0,72,132,3.506049103,7.012098207,0,4380,1163.3,1903.962654,3625073.789,0,0,0,1,0,0,0,0,2,1292.555556,8.666666667000001,1934.5,72,0,0,0,0,0,0,3,26,6,11607,8192,229,2,20,0.0,0.0,0,0,0.0,0.0,0,0,DDoS
80,6033004,6,0,36,0,6,6,6.0,0.0,0,0,0.0,0.0,5.9671765510000006,0.994529425,1206600.8,2696652.872,6030520,191,6033004,1206600.8,2696652.872,6030520,191,0,0.0,0.0,0,0,0,0,0,0,120,0,0.994529425,0.0,6,6,6.0,0.0,0.0,0,0,0,0,1,0,0,0,0,7.0,6.0,0.0,120,0,0,0,0,0,0,6,36,0,0,256,-1,5,20,2484.0,0.0,2484,2484,6030520.0,0.0,6030520,6030520,DDoS
80,47337,3,4,438,860,438,0,146.0,252.8794179,860,0,215.0,430.0,27420.411089999998,147.8758688,7889.5,11829.4832,23184,2,23636,11818.0,16175.774730000001,23256,380,24153,8051.0,13456.649319999999,23586,2,0,0,0,0,104,136,63.37537233,84.50049644,0,860,162.25,320.9012977,102977.6429,0,0,0,1,0,0,0,0,1,185.4285714,146.0,215.0,104,0,0,0,0,0,0,3,438,4,860,29200,31,1,32,0.0,0.0,0,0,0.0,0.0,0,0,BENIGN
123,71996253,6,6,288,288,48,48,48.0,0.0,48,48,48.0,0.0,8.000416355,0.166675341,6545113.909,19800000.0,66000000,3,72000000,14400000.0,29000000.0,66000000,3,72000000,14400000.0,29000000.0,66000000,3,0,0,0,0,144,144,0.08333767,0.08333767,48,48,48.0,0.0,0.0,0,0,0,0,0,0,0,0,1,52.0,48.0,48.0,144,0,0,0,0,0,0,6,288,6,288,-1,-1,5,20,125.0,14.14213562,135,115,36000000.0,42400000.0,66000000,6010334,BENIGN
80,4275,2,0,0,0,0,0,0.0,0.0,0,0,0.0,0.0,0.0,467.8362573,4275.0,0.0,4275,4275,4275,4275.0,0.0,4275,4275,0,0.0,0.0,0,0,0,0,0,0,40,0,467.8362573,0.0,0,0,0.0,0.0,0.0,0,0,0,0,1,0,0,0,0,0.0,0.0,0.0,40,0,0,0,0,0,0,2,0,0,0,253,-1,0,20,0.0,0.0,0,0,0.0,0.0,0,0,BENIGN
445,15637683,48,42,10926,7460,2954,0,227.625,497.98639749999995,1032,0,177.61904760000002,210.8009062,1175.74963,5.755328331,175704.3034,1579066.77,14900000,1,15600000,332716.6596,2171798.485,14900000,3,15600000,381404.1707,2356224.12,15100000,1,0,0,0,0,984,864,3.069508443,2.685819888,0,2954,202.043956,388.369209,150830.6425,0,0,0,1,0,0,0,0,0,204.2888889,227.625,177.61904760000002,984,0,0,0,0,0,0,48,10926,42,7460,8192,2049,37,20,735669.0,0.0,735669,735669,14900000.0,0.0,14900000,14900000,BENIGN
443,5957518,9,11,703,3950,267,0,78.11111111,103.30228029999999,1448,0,359.0909091,569.9183195,781.0299524000001,3.35710274,313553.5789,735901.1516,2928852,1,4619441,577430.125,1081000.834,3023896,379,5862527,586252.7,954000.1531,2928852,1,0,0,0,0,296,360,1.5106962330000002,1.846406507,0,1448,221.5714286,434.4990876,188789.4571,0,0,0,1,0,0,0,0,1,232.65,78.11111111,359.0909091,296,0,0,0,0,0,0,9,703,11,3950,29200,254,4,32,0.0,0.0,0,0,0.0,0.0,0,0,BENIGN
49666,68,1,1,0,0,0,0,0.0,0.0,0,0,0.0,0.0,0.0,29411.764710000003,68.0,0.0,68,68,0,0.0,0.0,0,0,0,0.0,0.0,0,0,0,0,0,0,20,20,14705.88235,14705.88235,0,0,0.0,0.0,0.0,0,0,0,0,1,1,0,0,1,0.0,0.0,0.0,20,0,0,0,0,0,0,1,0,1,0,254,2052,0,20,0.0,0.0,0,0,0.0,0.0,0,0,BENIGN
88,676,7,4,468,444,234,0,66.85714286,114.1803085,222,0,111.0,128.1717598,1349112.426,16272.18935,67.6,128.93426399999998,418,1,676,112.66666670000001,213.6236566,544,1,500,166.66666669999998,283.47898219999996,494,3,0,0,0,0,164,104,10355.02959,5917.159763000001,0,234,76.0,112.3177311,12615.27273,0,0,0,1,0,0,0,0,0,82.90909091,66.85714286,111.0,164,0,0,0,0,0,0,7,468,4,444,8192,2053,2,20,0.0,0.0,0,0,0.0,0.0,0,0,BENIGN
88,558,7,4,2762,2820,1381,0,394.57142860000005,673.8590004,1410,0,705.0,814.0638796000001,10000000.0,19713.26165,55.8,90.52906225,306,1,558,93.0,127.622882,339,1,513,171.0,251.2906684,460,4,0,0,0,0,164,104,12544.80287,7168.458781,0,1410,465.16666669999995,687.1523363,472178.3333,0,0,0,1,0,0,0,0,0,507.4545455,394.57142860000005,705.0,164,0,0,0,0,0,0,7,2762,4,2820,8192,2053,2,20,0.0,0.0,0,0,0.0,0.0,0,0,BENIGN
443,5331378,8,5,356,3493,199,0,44.5,76.15397935,1791,0,698.6,859.8888300000001,721.9521857000001,2.438393976,444281.5,1452531.16,5053370,48,5331378,761625.4286,1894097.1409999998,5053370,48,58049,14512.25,16359.4871,33025,218,0,0,0,0,172,112,1.500550139,0.9378438370000001,0,1791,274.92857139999995,581.5154557,338160.2253,0,0,0,1,0,0,0,0,0,296.0769231,44.5,698.6,172,0,0,0,0,0,0,8,356,5,3493,8192,946,3,20,277960.0,0.0,277960,277960,5053370.0,0.0,5053370,5053370,BENIGN
80,916317,3,6,26,11607,20,0,8.666666667000001,10.26320288,5840,0,1934.5,2538.9192780000003,12695.38817,9.821928437,114539.625,322729.2342,913251,14,2735,1367.5,1675.135965,2552,183,916264,183252.8,408083.0482,913251,14,0,0,0,0,72,132,3.2739761460000003,6.547952292000001,0,5840,1163.3,2138.329153,4572451.567,0,0,0,1,0,0,0,0,2,1292.555556,8.666666667000001,1934.5,72,0,0,0,0,0,0,3,26,6,11607,8192,229,2,20,0.0,0.0,0,0,0.0,0.0,0,0,DDoS
80,4039043,5,5,444,1870,444,0,88.8,198.5628364,1637,0,374.0,713.2106982,572.9079883999999,2.475834003,448782.5556,1331393.145,3999092,17,39951,9987.75,11404.3737,20075,53,4019428,1004857.0,1996202.626,3999128,65,0,0,0,0,120,112,1.237917002,1.237917002,0,1637,210.36363640000002,494.41000650000007,244441.2545,0,0,0,1,0,0,0,0,1,231.4,88.8,374.0,120,0,0,0,0,0,0,5,444,5,1870,29200,30,1,20,0.0,0.0,0,0,0.0,0.0,0,0,BENIGN
80,5727050,5,0,30,0,6,6,6.0,0.0,0,0,0.0,0.0,5.23829895,0.873049825,1431762.5,2862763.668,5725908,244,5727050,1431762.5,2862763.668,5725908,244,0,0.0,0.0,0,0,0,0,0,0,100,0,0.873049825,0.0,6,6,6.0,0.0,0.0,0,0,0,0,1,0,0,0,0,7.2,6.0,0.0,100,0,0,0,0,0,0,5,30,0,0,256,-1,4,20,1142.0,0.0,1142,1142,5725908.0,0.0,5725908,5725908,DDoS
80,902779,3,5,26,11607,20,0,8.666666667000001,10.26320288,5840,0,2321.4,3173.3738829999998,12885.767170000001,8.861526463999999,128968.4286,340753.6937,901725,3,815,407.5,436.284884,716,99,902733,225683.25,450694.6493,901725,3,0,0,0,0,72,112,3.323072424,5.53845404,0,5840,1292.555556,2554.159212,6523729.278,0,0,0,1,0,0,0,0,1,1454.125,8.666666667000001,2321.4,72,0,0,0,0,0,0,3,26,5,11607,8192,229,2,20,0.0,0.0,0,0,0.0,0.0,0,0,DDoS
389,8599138,23,15,5706,9232,1660,0,248.08695649999999,482.47533269999997,2634,0,615.4666667,782.7480772000001,1737.1508629999998,4.419047583999999,232409.1351,988711.8659,5559493,0,8599138,390869.9091,1269221.182,5559493,1,8599067,614219.0714,1583271.596,5616561,2,0,0,0,0,484,324,2.674686695,1.744360888,0,2634,383.025641,629.8469525,396707.1835,0,0,0,1,0,0,0,0,0,393.10526319999997,248.08695649999999,615.4666667,484,0,0,0,0,0,0,23,5706,15,9232,8192,0,10,20,3039547.0,0.0,3039547,3039547,5559493.0,0.0,5559493,5559493,BENIGN
49810,1,2,0,14,0,14,0,7.0,9.899494937,0,0,0.0,0.0,14000000.0,2000000.0,1.0,0.0,1,1,1,1.0,0.0,1,1,0,0.0,0.0,0,0,1,0,0,0,64,0,2000000.0,0.0,0,14,9.333333332999999,8.082903769,65.33333333,0,1,0,0,1,0,0,0,0,14.0,7.0,0.0,64,0,0,0,0,0,0,2,14,0,0,227,-1,0,32,0.0,0.0,0,0,0.0,0.0,0,0,BENIGN
80,845434,3,5,26,11607,20,0,8.666666667000001,10.26320288,5840,0,2321.4,3173.3738829999998,13759.79674,9.462595542999999,120776.2857,319122.1173,844477,3,765,382.5,536.6940469,762,3,845383,211345.75,422087.6315,844477,4,0,0,0,0,72,112,3.548473328,5.914122214,0,5840,1292.555556,2554.159212,6523729.278,0,0,0,1,0,0,0,0,1,1454.125,8.666666667000001,2321.4,72,0,0,0,0,0,0,3,26,5,11607,8192,229,2,20,0.0,0.0,0,0,0.0,0.0,0,0,DDoS
80,906939,3,5,26,11607,20,0,8.666666667000001,10.26320288,10135,0,2321.4,4413.201989,12826.66199,8.820879905,129562.7143,341796.1677,904682,3,2004,1002.0,1363.301874,1966,38,906879,226719.75,451975.7276,904682,3,0,0,0,0,72,112,3.3078299639999997,5.513049941,0,10135,1292.555556,3350.634907,11200000.0,0,0,0,1,0,0,0,0,1,1454.125,8.666666667000001,2321.4,72,0,0,0,0,0,0,3,26,5,11607,8192,229,2,20,0.0,0.0,0,0,0.0,0.0,0,0,DDoS
88,1200,9,6,3150,3086,1575,0,350.0,694.5097192000001,1543,0,514.3333333,796.8017738,5196666.666999999,12500.0,85.71428571,221.01807390000002,848,1,1200,150.0,334.5888735,972,1,1100,220.0,359.70960510000003,848,3,0,0,0,0,204,144,7500.0,5000.0,0,1575,389.75,697.254951,486164.4667,0,0,0,1,0,0,0,0,0,415.7333333,350.0,514.3333333,204,0,0,0,0,0,0,9,3150,6,3086,8192,2053,2,20,0.0,0.0,0,0,0.0,0.0,0,0,BENIGN
389,420,11,4,172,326,79,0,15.63636364,31.4492376,163,0,81.5,94.10809388,1185714.2859999998,35714.285710000004,30.0,24.35632914,71,1,420,42.0,36.37764882,123,1,242,80.66666667,98.16482737,191,3,0,0,0,0,368,144,26190.47619,9523.809524,0,163,31.125,57.86060836,3347.85,0,0,0,1,0,0,0,0,0,33.2,15.63636364,81.5,368,0,0,0,0,0,0,11,172,4,326,29200,2081,4,32,0.0,0.0,0,0,0.0,0.0,0,0,BENIGN
80,10414106,4,0,24,0,6,6,6.0,0.0,0,0,0.0,0.0,2.304566518,0.38409442,3471368.667,6011904.475,10400000,366,10400000,3471368.667,6011904.475,10400000,366,0,0.0,0.0,0,0,0,0,0,0,80,0,0.38409442,0.0,6,6,6.0,0.0,0.0,0,0,0,0,1,0,0,0,0,7.5,6.0,0.0,80,0,0,0,0,0,0,4,24,0,0,256,-1,3,20,788.0,0.0,788,788,10400000.0,0.0,10400000,10400000,DDoS
80,868562,3,5,26,11607,20,0,8.666666667000001,10.26320288,5840,0,2321.4,3173.3738829999998,13393.40197,9.210626300000001,124080.2857,327987.5315,867886,4,576,288.0,330.9259736,522,54,868517,217129.25,433837.9108,867886,4,0,0,0,0,72,112,3.453984862,5.756641437000001,0,5840,1292.555556,2554.159212,6523729.278,0,0,0,1,0,0,0,0,1,1454.125,8.666666667000001,2321.4,72,0,0,0,0,0,0,3,26,5,11607,8192,229,2,20,0.0,0.0,0,0,0.0,0.0,0,0,DDoS
80,18633923,2,0,0,0,0,0,0.0,0.0,0,0,0.0,0.0,0.0,0.107331129,18600000.0,0.0,18600000,18600000,18600000,18600000.0,0.0,18600000,18600000,0,0.0,0.0,0,0,0,0,0,0,64,0,0.107331129,0.0,0,0,0.0,0.0,0.0,0,0,0,0,1,0,0,0,0,0.0,0.0,0.0,64,0,0,0,0,0,0,2,0,0,0,239,-1,0,32,0.0,0.0,0,0,0.0,0.0,0,0,BENIGN
53,23544,1,1,43,206,43,43,43.0,0.0,206,206,206.0,0.0,10575.94292,84.94733265,23544.0,0.0,23544,23544,0,0.0,0.0,0,0,0,0.0,0.0,0,0,0,0,0,0,20,20,42.47366633,42.47366633,43,206,97.33333333,94.10809388,8856.333333,0,0,0,0,0,0,0,0,1,146.0,43.0,206.0,20,0,0,0,0,0,0,1,43,1,206,-1,-1,0,20,0.0,0.0,0,0,0.0,0.0,0,0,BENIGN
88,1200,9,6,3150,3086,1575,0,350.0,694.5097192000001,1543,0,514.3333333,796.8017738,5196666.666999999,12500.0,85.71428571,245.83560130000004,937,1,1200,150.0,352.6459171,1020,1,1115,223.0,402.1137899,937,3,0,0,0,0,204,144,7500.0,5000.0,0,1575,389.75,697.254951,486164.4667,0,0,0,1,0,0,0,0,0,415.7333333,350.0,514.3333333,204,0,0,0,0,0,0,9,3150,6,3086,8192,2053,2,20,0.0,0.0,0,0,0.0,0.0,0,0,BENIGN
80,3315,2,0,0,0,0,0,0.0,0.0,0,0,0.0,0.0,0.0,603.3182504,3315.0,0.0,3315,3315,3315,3315.0,0.0,3315,3315,0,0.0,0.0,0,0,0,0,0,0,40,0,603.3182504,0.0,0,0,0.0,0.0,0.0,0,0,0,0,1,0,0,0,0,0.0,0.0,0.0,40,0,0,0,0,0,0,2,0,0,0,256,-1,0,20,0.0,0.0,0,0,0.0,0.0,0,0,BENIGN
80,3305,2,0,0,0,0,0,0.0,0.0,0,0,0.0,0.0,0.0,605.1437216,3305.0,0.0,3305,3305,3305,3305.0,0.0,3305,3305,0,0.0,0.0,0,0,0,0,0,0,40,0,605.1437216,0.0,0,0,0.0,0.0,0.0,0,0,0,0,1,0,0,0,0,0.0,0.0,0.0,40,0,0,0,0,0,0,2,0,0,0,253,-1,0,20,0.0,0.0,0,0,0.0,0.0,0,0,BENIGN
80,1271648,3,6,26,11607,20,0,8.666666667000001,10.26320288,5840,0,1934.5,2538.9192780000003,9147.971765999999,7.077430232,158956.0,449121.5979,1270475,3,1049,524.5,672.4585489,1000,49,1271544,254308.8,568054.334,1270475,3,0,0,0,0,72,132,2.359143411,4.718286822,0,5840,1163.3,2138.329153,4572451.567,0,0,0,1,0,0,0,0,2,1292.555556,8.666666667000001,1934.5,72,0,0,0,0,0,0,3,26,6,11607,8192,229,2,20,0.0,0.0,0,0,0.0,0.0,0,0,DDoS
80,6087669,5,0,30,0,6,6,6.0,0.0,0,0,0.0,0.0,4.927994607,0.8213324340000001,1521917.25,3043049.835,6086492,278,6087669,1521917.25,3043049.835,6086492,278,0,0.0,0.0,0,0,0,0,0,0,100,0,0.8213324340000001,0.0,6,6,6.0,0.0,0.0,0,0,0,0,1,0,0,0,0,7.2,6.0,0.0,100,0,0,0,0,0,0,5,30,0,0,256,-1,4,20,1177.0,0.0,1177,1177,6086492.0,0.0,6086492,6086492,DDoS
80,156326,2,0,0,0,0,0,0.0,0.0,0,0,0.0,0.0,0.0,12.79377711,156326.0,0.0,156326,156326,156326,156326.0,0.0,156326,156326,0,0.0,0.0,0,0,0,0,0,0,40,0,12.79377711,0.0,0,0,0.0,0.0,0.0,0,0,0,0,1,0,0,0,0,0.0,0.0,0.0,40,0,0,0,0,0,0,2,0,0,0,253,-1,0,20,0.0,0.0,0,0,0.0,0.0,0,0,BENIGN
80,7122419,5,0,30,0,6,6,6.0,0.0,0,0,0.0,0.0,4.212052113,0.702008686,1780604.75,3560019.5160000003,7120634,333,7122419,1780604.75,3560019.5160000003,7120634,333,0,0.0,0.0,0,0,0,0,0,0,100,0,0.702008686,0.0,6,6,6.0,0.0,0.0,0,0,0,0,1,0,0,0,0,7.2,6.0,0.0,100,0,0,0,0,0,0,5,30,0,0,256,-1,4,20,1785.0,0.0,1785,1785,7120634.0,0.0,7120634,7120634,DDoS
443,81675743,36,38,6980,38628,1311,0,193.88888889999998,414.2100763,4194,0,1016.5263160000001,1080.198999,558.4032459,0.906021755,1118845.795,2985623.296,10000000,1,77200000,2206874.4,4037742.027,10100000,111,81600000,2204730.622,3979151.563,10100000,3,0,0,0,0,1160,1224,0.44076734,0.465254415,0,4194,608.1066667,915.7986409,838687.1506,0,0,0,1,0,0,0,0,1,616.3243243,193.88888889999998,1016.5263160000001,1160,0,0,0,0,0,0,36,6980,38,38628,29200,178,9,32,1034733.0,2073643.135,5665182,100654,9999639.0,22386.08697,10000000,9959912,BENIGN
22,194,1,1,0,0,0,0,0.0,0.0,0,0,0.0,0.0,0.0,10309.27835,194.0,0.0,194,194,0,0.0,0.0,0,0,0,0.0,0.0,0,0,0,0,0,0,20,20,5154.639175,5154.639175,0,0,0.0,0.0,0.0,0,0,0,0,1,1,0,0,1,0.0,0.0,0.0,20,0,0,0,0,0,0,1,0,1,0,256,245,0,20,0.0,0.0,0,0,0.0,0.0,0,0,BENIGN
123,11022511,7,3,336,144,48,48,48.0,0.0,48,48,48.0,0.0,43.54724618,0.907234295,1224723.4440000001,958202.0395,2003598,22546,11000000,1833327.5,403002.6843,2003598,1010762,11000000,5499853.5,6348671.261,9989042,1010665,0,0,0,0,132,72,0.635064007,0.272170289,48,48,48.0,0.0,0.0,0,0,0,0,0,0,0,0,0,52.8,48.0,48.0,132,0,0,0,0,0,0,7,336,3,144,-1,-1,6,0,0.0,0.0,0,0,0.0,0.0,0,0,BENIGN
443,5640223,8,6,369,3710,212,0,46.125,79.96505933,1460,0,618.3333332999999,680.9950562999999,723.1983558,2.482171361,433863.3077,1471654.7759999998,5328548,25,5640223,805746.1429,1995996.267,5328548,48,82239,16447.8,22255.560690000002,49246,25,0,0,0,0,172,132,1.418383635,1.063787726,0,1460,271.9333333,504.6464768999999,254668.0667,0,0,0,1,0,0,0,0,0,291.35714289999993,46.125,618.3333332999999,172,0,0,0,0,0,0,8,369,6,3710,8192,119,3,20,311627.0,0.0,311627,311627,5328548.0,0.0,5328548,5328548,BENIGN
80,7109276,4,0,24,0,6,6,6.0,0.0,0,0,0.0,0.0,3.3758711860000004,0.562645198,2369758.667,4103932.731,7108572,323,7109276,2369758.667,4103932.731,7108572,323,0,0.0,0.0,0,0,0,0,0,0,80,0,0.562645198,0.0,6,6,6.0,0.0,0.0,0,0,0,0,1,0,0,0,0,7.5,6.0,0.0,80,0,0,0,0,0,0,4,24,0,0,256,-1,3,20,704.0,0.0,704,704,7108572.0,0.0,7108572,7108572,DDoS
88,9742,9,6,3078,2992,1539,0,342.0,678.6352113,1496,0,498.66666669999995,772.5310781000001,623075.3439,1539.724902,695.8571429,2126.827969,8038,3,9742,1217.75,2782.267151,8038,3,1527,305.4,372.7422702,732,5,0,0,0,0,204,144,923.8349414999999,615.8899610000001,0,1539,379.375,678.7374431,460684.5167,0,0,0,1,0,0,0,0,0,404.6666667,342.0,498.66666669999995,204,0,0,0,0,0,0,9,3078,6,2992,8192,2053,2,20,0.0,0.0,0,0,0.0,0.0,0,0,BENIGN
389,28608,11,4,172,326,79,0,15.63636364,31.4492376,163,0,81.5,94.10809388,17407.718119999998,524.3288591,2043.4285710000001,7537.642629999999,28232,1,28608,2860.8,8914.631416,28232,1,28427,9475.666667,16406.27393,28420,3,0,0,0,0,368,144,384.50782999999996,139.8210291,0,163,31.125,57.86060836,3347.85,0,0,0,1,0,0,0,0,0,33.2,15.63636364,81.5,368,0,0,0,0,0,0,11,172,4,326,29200,2081,4,32,0.0,0.0,0,0,0.0,0.0,0,0,BENIGN
1097,510,2,1,0,0,0,0,0.0,0.0,0,0,0.0,0.0,0.0,5882.352940999999,255.0,323.85490580000004,484,26,510,510.0,0.0,510,510,0,0.0,0.0,0,0,0,0,0,0,40,20,3921.568627,1960.784314,0,0,0.0,0.0,0.0,0,0,0,0,1,0,0,0,0,0.0,0.0,0.0,40,0,0,0,0,0,0,2,0,1,0,12499,255,0,20,0.0,0.0,0,0,0.0,0.0,0,0,BENIGN
80,160219,3,4,436,860,436,0,145.33333330000002,251.7247174,860,0,215.0,430.0,8088.928279000001,43.69019904,26703.16667,43675.87063,112881,2,135963,67981.5,63497.48184,112881,23082,137186,45728.66667,78374.4473,136226,2,0,0,0,0,72,92,18.72437102,24.96582802,0,860,162.0,320.65646949999996,102820.5714,0,0,0,1,0,0,0,0,1,185.1428571,145.33333330000002,215.0,72,0,0,0,0,0,0,3,436,4,860,8192,31,1,20,0.0,0.0,0,0,0.0,0.0,0,0,BENIGN
80,5120676,4,0,24,0,6,6,6.0,0.0,0,0,0.0,0.0,4.686881185,0.7811468640000001,1706892.0,2955852.957,5120017,284,5120676,1706892.0,2955852.957,5120017,284,0,0.0,0.0,0,0,0,0,0,0,80,0,0.7811468640000001,0.0,6,6,6.0,0.0,0.0,0,0,0,0,1,0,0,0,0,7.5,6.0,0.0,80,0,0,0,0,0,0,4,24,0,0,256,-1,3,20,659.0,0.0,659,659,5120017.0,0.0,5120017,5120017,DDoS
443,67154103,79,126,2210,204890,542,0,27.97468354,114.04980630000001,3864,0,1626.111111,918.666148,3083.951549,3.0526801910000003,329186.7794,1713656.395,10000000,1,67200000,860947.4359,2736107.7860000003,10200000,1,67000000,536048.576,2201531.576,10200000,1,0,0,0,0,2536,4040,1.176398708,1.8762814840000002,0,3864,1005.3398060000001,1062.757266,1129453.006,0,0,0,1,0,0,0,0,1,1010.2439019999999,27.97468354,1626.111111,2536,0,0,0,0,0,0,79,2210,126,204890,29200,156,5,32,490266.8333,838226.2579,2201289,147924,10000000.0,24225.214669999998,10000000,9967873,BENIGN
88,1155,9,6,3226,3232,1613,0,358.44444439999995,711.2661441,1616,0,538.6666667000001,834.4988117,5591341.991,12987.012990000001,82.5,207.7101346,801,1,1155,144.375,302.1806165,890,1,1006,201.2,340.3104465,801,4,0,0,0,0,304,208,7792.207792,5194.805195,0,1616,403.625,722.0267654,521322.65,0,0,0,1,0,0,0,0,0,430.53333330000004,358.44444439999995,538.6666667000001,304,0,0,0,0,0,0,9,3226,6,3232,29200,2081,2,32,0.0,0.0,0,0,0.0,0.0,0,0,BENIGN
1275,33520,5,1,3553,0,1430,0,710.6,715.0676890999999,0,0,0.0,0.0,105996.42,178.9976134,6704.0,9125.985234,18251,5,33520,8380.0,9610.841204999999,18251,48,0,0.0,0.0,0,0,0,0,0,0,100,20,149.16467780000002,29.83293556,0,1430,507.57142860000005,679.0493004,461107.9524,0,0,0,0,1,0,0,0,0,592.1666667000001,710.6,0.0,100,0,0,0,0,0,0,5,3553,1,0,343,0,3,20,0.0,0.0,0,0,0.0,0.0,0,0,BENIGN
80,8411825,4,0,24,0,6,6,6.0,0.0,0,0,0.0,0.0,2.853126402,0.475521067,2803941.667,4855814.255,8410953,347,8411825,2803941.667,4855814.255,8410953,347,0,0.0,0.0,0,0,0,0,0,0,80,0,0.475521067,0.0,6,6,6.0,0.0,0.0,0,0,0,0,1,0,0,0,0,7.5,6.0,0.0,80,0,0,0,0,0,0,4,24,0,0,256,-1,3,20,872.0,0.0,872,872,8410953.0,0.0,8410953,8410953,DDoS
443,65600114,15,17,834,5818,489,0,55.6,134.2927506,1288,0,342.23529410000003,527.2220274,101.4022628,0.48780403,2116132.71,3995581.193,10000000,4,61600000,4396721.357,5164847.552,10200000,191,65500000,4090742.0,4952094.091,10200000,4,0,0,0,0,488,552,0.22865813899999998,0.259145891,0,1288,201.57575759999997,410.6590001,168640.8144,0,0,0,1,0,0,0,0,1,207.875,55.6,342.23529410000003,488,0,0,0,0,0,0,15,834,17,5818,29200,139,3,32,239349.0,223157.4003,694867,147993,10000000.0,12705.77673,10000000,9999685,BENIGN
37065,31,1,1,0,0,0,0,0.0,0.0,0,0,0.0,0.0,0.0,64516.12903,31.0,0.0,31,31,0,0.0,0.0,0,0,0,0.0,0.0,0,0,0,0,0,0,32,32,32258.06452,32258.06452,0,0,0.0,0.0,0.0,0,0,0,0,1,1,0,0,1,0.0,0.0,0.0,32,0,0,0,0,0,0,1,0,1,0,395,229,0,32,0.0,0.0,0,0,0.0,0.0,0,0,BENIGN
389,1447028,19,13,5260,9232,1536,0,276.8421053,475.8584364,2634,0,710.1538462,801.2267517000001,10015.01008,22.11429219,46678.32258,184860.3321,1016548,2,1447028,80390.44443999999,239692.5104,1016548,3,230817,19234.75,37246.07707,110410,2,0,0,0,0,404,284,13.13036099,8.983931202,0,2634,439.15151519999995,647.7764912,419614.3826,0,0,0,1,0,0,0,0,0,452.875,276.8421053,710.1538462,404,0,0,0,0,0,0,19,5260,13,9232,8192,2050,10,20,0.0,0.0,0,0,0.0,0.0,0,0,BENIGN
443,3121168,8,7,315,5692,189,0,39.375,74.82730117,2256,0,813.1428571,899.7643078,1924.6000219999999,4.805893178,222940.5714,674364.8989,2556037,41,3121168,445881.1429,935793.0804,2556037,226,476061,79343.5,111658.6867,287853,49,0,0,0,0,184,152,2.563143029,2.24275015,0,2256,375.4375,696.7643283,485480.5292,0,0,0,1,0,0,0,0,0,400.46666669999996,39.375,813.1428571,184,0,0,0,0,0,0,8,315,7,5692,8192,123,2,20,0.0,0.0,0,0,0.0,0.0,0,0,BENIGN
80,5023,2,0,0,0,0,0,0.0,0.0,0,0,0.0,0.0,0.0,398.1684252,5023.0,0.0,5023,5023,5023,5023.0,0.0,5023,5023,0,0.0,0.0,0,0,0,0,0,0,40,0,398.1684252,0.0,0,0,0.0,0.0,0.0,0,0,0,0,1,0,0,0,0,0.0,0.0,0.0,40,0,0,0,0,0,0,2,0,0,0,64240,-1,0,20,0.0,0.0,0,0,0.0,0.0,0,0,BENIGN
443,5784947,7,4,635,168,517,0,90.71428571,190.7072051,168,0,42.0,84.0,138.80853190000002,1.901486738,578494.7,1767619.62,5608716,1,5784947,964157.8333,2312959.8230000003,5685350,3,139514,46504.66667,50738.3035,100618,1,0,0,0,0,232,136,1.210037015,0.691449723,0,517,66.91666667,150.8487854,22755.35606,0,0,0,1,0,0,0,0,0,73.0,90.71428571,42.0,232,0,0,0,0,0,0,7,635,4,168,29200,340,3,32,176228.0,0.0,176228,176228,5608716.0,0.0,5608716,5608716,BENIGN
443,5423485,8,6,353,3020,196,0,44.125,75.28695106,1460,0,503.33333330000005,646.991087,621.9248325,2.58136604,417191.1538,1363592.5580000002,4951089,3,5423485,774783.5714,1844379.427,4951089,3,186919,37383.8,45174.75744,89568,192,0,0,0,0,172,124,1.475066309,1.106299732,0,1460,224.8666667,455.9003442,207845.1238,0,0,0,1,0,0,0,0,0,240.9285714,44.125,503.33333330000005,172,0,0,0,0,0,0,8,353,6,3020,8192,35170,3,20,0.0,0.0,0,0,0.0,0.0,0,0,BENIGN
135,43,1,3,0,0,0,0,0.0,0.0,0,0,0.0,0.0,0.0,93023.25581,14.33333333,23.96525262,42,0,0,0.0,0.0,0,0,1,0.5,0.7071067809999999,1,0,0,0,0,0,20,60,23255.81395,69767.44186,0,0,0.0,0.0,0.0,0,0,0,0,1,1,0,0,3,0.0,0.0,0.0,20,0,0,0,0,0,0,1,0,3,0,253,2050,0,20,0.0,0.0,0,0,0.0,0.0,0,0,BENIGN
88,1007,9,6,3176,3106,1588,0,352.8888889,700.2421803,1553,0,517.6666667,801.9657516,6238331.677999999,14895.72989,71.92857143,191.38823380000002,729,1,1007,125.875,298.1353659,854,1,923,184.6,309.2075355,729,3,0,0,0,0,204,144,8937.437934,5958.291956,0,1588,392.625,702.4070876000001,493375.7167,0,0,0,1,0,0,0,0,0,418.8,352.8888889,517.6666667,204,0,0,0,0,0,0,9,3176,6,3106,8192,2053,2,20,0.0,0.0,0,0,0.0,0.0,0,0,BENIGN
123,67027685,7,7,336,336,48,48,48.0,0.0,48,48,48.0,0.0,10.02570803,0.208868917,5155975.768999999,15600000.0,57000000,27706,67000000,11200000.0,22500000.0,57000000,1999883,67000000,11200000.0,22500000.0,57000000,1999677,0,0,0,0,132,132,0.10443445900000001,0.10443445900000001,48,48,48.0,0.0,0.0,0,0,0,0,0,0,0,0,1,51.42857143,48.0,48.0,132,0,0,0,0,0,0,7,336,7,336,-1,-1,6,0,10000000.0,0.0,10000000,10000000,57000000.0,0.0,57000000,57000000,BENIGN
443,45796753,14,13,1369,4421,437,0,97.78571429,168.7807766,1448,0,340.0769231,519.7055996,126.4281771,0.589561448,1761413.5769999998,3683114.2389999996,10000000,38,45800000,3522817.385,4733743.995,10200000,182,45600000,3803788.417,4852423.134,10200000,199,0,0,0,0,456,424,0.305698528,0.283862919,0,1448,206.78571430000002,387.37084889999994,150056.1746,0,0,0,1,0,0,0,0,0,214.4444444,97.78571429,340.0769231,456,0,0,0,0,0,0,14,1369,13,4421,29200,19,4,32,316957.25,331173.252,813717,151120,10000000.0,33030.83179,10000000,9959898,BENIGN
80,1655971,3,6,26,11607,20,0,8.666666667000001,10.26320288,5840,0,1934.5,2538.9192780000003,7024.881474,5.434877785,206996.375,585001.0754,1654800,3,1041,520.5,668.2159082000001,993,48,1655835,331167.0,739933.4551,1654800,3,0,0,0,0,72,132,1.8116259280000002,3.6232518560000004,0,5840,1163.3,2138.329153,4572451.567,0,0,0,1,0,0,0,0,2,1292.555556,8.666666667000001,1934.5,72,0,0,0,0,0,0,3,26,6,11607,8192,229,2,20,0.0,0.0,0,0,0.0,0.0,0,0,DDoS
49422,0,2,0,0,0,0,0,0.0,0.0,0,0,0.0,0.0,,inf,0.0,0.0,0,0,0,0.0,0.0,0,0,0,0.0,0.0,0,0,0,0,0,0,40,0,0.0,0.0,0,0,0.0,0.0,0.0,0,0,0,0,1,0,0,0,0,0.0,0.0,0.0,40,0,0,0,0,0,0,2,0,0,0,2047,-1,0,20,0.0,0.0,0,0,0.0,0.0,0,0,BENIGN
389,534,11,4,172,326,79,0,15.63636364,31.4492376,163,0,81.5,94.10809388,932584.2697,28089.887639999997,38.14285714,31.28493651,108,1,534,53.4,37.62446013,129,1,324,108.0,181.0,317,3,0,0,0,0,368,144,20599.25094,7490.6367040000005,0,163,31.125,57.86060836,3347.85,0,0,0,1,0,0,0,0,0,33.2,15.63636364,81.5,368,0,0,0,0,0,0,11,172,4,326,29200,2081,4,32,0.0,0.0,0,0,0.0,0.0,0,0,BENIGN
80,107698,3,6,26,11607,20,0,8.666666667000001,10.26320288,4380,0,1934.5,2177.344966,108015.0049,83.56701146,13462.25,37656.49246,106655,3,886,443.0,601.040764,868,18,107625,21525.0,47590.6474,106655,3,0,0,0,0,72,132,27.85567049,55.71134097,0,4380,1163.3,1903.962654,3625073.789,0,0,0,1,0,0,0,0,2,1292.555556,8.666666667000001,1934.5,72,0,0,0,0,0,0,3,26,6,11607,8192,229,2,20,0.0,0.0,0,0,0.0,0.0,0,0,DDoS
88,1148,9,6,3110,3108,1555,0,345.55555560000005,685.6905481000001,1554,0,518.0,802.4821493,5416376.307,13066.20209,82.0,211.84283,814,1,1148,143.5,311.8410767,912,1,992,198.4,347.5777611,814,3,0,0,0,0,304,208,7839.721254000001,5226.480836,0,1555,388.625,695.1935822,483294.1167,0,0,0,1,0,0,0,0,0,414.53333330000004,345.55555560000005,518.0,304,0,0,0,0,0,0,9,3110,6,3108,29200,2081,2,32,0.0,0.0,0,0,0.0,0.0,0,0,BENIGN
443,896,2,0,0,0,0,0,0.0,0.0,0,0,0.0,0.0,0.0,2232.142857,896.0,0.0,896,896,896,896.0,0.0,896,896,0,0.0,0.0,0,0,0,0,0,0,64,0,2232.142857,0.0,0,0,0.0,0.0,0.0,0,0,0,0,1,0,0,0,0,0.0,0.0,0.0,64,0,0,0,0,0,0,2,0,0,0,575,-1,0,32,0.0,0.0,0,0,0.0,0.0,0,0,BENIGN
80,5158948,4,0,24,0,6,6,6.0,0.0,0,0,0.0,0.0,4.652111243999999,0.775351874,1719649.333,2977945.8430000003,5158285,260,5158948,1719649.333,2977945.8430000003,5158285,260,0,0.0,0.0,0,0,0,0,0,0,80,0,0.775351874,0.0,6,6,6.0,0.0,0.0,0,0,0,0,1,0,0,0,0,7.5,6.0,0.0,80,0,0,0,0,0,0,4,24,0,0,256,-1,3,20,663.0,0.0,663,663,5158285.0,0.0,5158285,5158285,DDoS
22,2531148,47,42,2664,6954,456,0,56.68085106,104.7674664,976,0,165.5714286,320.4037958,3799.8568240000004,35.16191072,28763.04545,152913.5734,1057510,0,2531148,55024.95652000001,213993.7671,1057510,1,1576224,38444.4878,174826.4897,1093569,1,0,0,0,0,1520,1360,18.56864948,16.59326124,0,976,106.86666670000001,236.74872659999997,56049.95955,0,0,0,1,0,0,0,0,0,108.06741570000001,56.68085106,165.5714286,1520,0,0,0,0,0,0,47,2664,42,6954,29200,243,24,32,0.0,0.0,0,0,0.0,0.0,0,0,BENIGN
88,1113,9,6,3110,3106,1555,0,345.55555560000005,685.6905481000001,1553,0,517.6666667,801.9657516,5584905.66,13477.08895,79.5,198.0111691,764,1,1113,139.125,289.7153468,854,2,1024,204.8,314.0409209,764,47,0,0,0,0,304,208,8086.253369,5390.83558,0,1555,388.5,694.9701193,482983.4667,0,0,0,1,0,0,0,0,0,414.4,345.55555560000005,517.6666667,304,0,0,0,0,0,0,9,3110,6,3106,29200,2081,2,32,0.0,0.0,0,0,0.0,0.0,0,0,BENIGN
443,78051514,16,13,7086,5564,885,0,442.875,411.9708525,1460,0,428.0,489.2076928,162.0724487,0.371549487,2787554.0710000005,14600000.0,77100000,49,78100000,5203434.267,19900000.0,77100000,724,807003,67250.25,34792.77627,119108,49,0,0,0,0,332,272,0.20499282100000002,0.166556667,0,1460,421.66666669999995,439.5613278,193214.1609,0,0,0,1,0,0,0,0,0,436.2068966,442.875,428.0,332,0,0,0,0,0,0,16,7086,13,5564,8192,513,10,20,0.0,0.0,0,0,0.0,0.0,0,0,BENIGN
88,934,9,4,626,3064,313,0,69.55555556,138.0200267,1532,0,766.0,884.5006124,3950749.465,13918.62955,77.83333333,218.4198764,766,0,934,116.75,301.4596633,861,1,837,279.0,437.0308914,783,5,0,0,0,0,204,104,9635.974304000001,4282.655246,0,1532,263.5714286,548.9435607999999,301339.033,0,0,0,1,0,0,0,0,0,283.8461538,69.55555556,766.0,204,0,0,0,0,0,0,9,626,4,3064,8192,2053,2,20,0.0,0.0,0,0,0.0,0.0,0,0,BENIGN
80,902470,3,6,26,11607,20,0,8.666666667000001,10.26320288,5755,0,1934.5,2529.1245719999997,12890.17917,9.972630668999999,112808.75,318712.1706,901581,3,569,284.5,398.10111780000005,566,3,902455,180491.0,403101.6358,901581,16,0,0,0,0,72,132,3.324210223,6.648420446,0,5755,1163.3,2131.87096,4544873.789,0,0,0,1,0,0,0,0,2,1292.555556,8.666666667000001,1934.5,72,0,0,0,0,0,0,3,26,6,11607,8192,229,2,20,0.0,0.0,0,0,0.0,0.0,0,0,DDoS
443,5168942,8,5,553,2664,326,0,69.125,122.7767283,1460,0,532.8,711.8157767000001,622.3710771000001,2.5150214490000002,430745.1667,1372501.7340000002,4782574,3,5168942,738420.2857,1786668.2869999998,4782574,3,82889,20722.25,22135.86522,40806,253,0,0,0,0,172,104,1.5477055069999999,0.967315942,0,1460,229.78571430000002,468.2726324,219279.2582,0,0,0,1,0,0,0,0,0,247.4615385,69.125,532.8,172,0,0,0,0,0,0,8,553,5,2664,8192,34982,3,20,0.0,0.0,0,0,0.0,0.0,0,0,BENIGN
80,55468794,4,4,235,2117,235,0,58.75,117.5,2117,0,529.25,1058.5,42.40221989,0.144225238,7924113.429,20900000.0,55400000,49,75094,25031.33333,21568.22536,37844,130,55400000,18500000.0,32000000.0,55400000,990,0,0,0,0,92,92,0.072112619,0.072112619,0,2117,261.3333333,700.2015781,490282.25,0,0,0,1,0,0,0,0,1,294.0,58.75,529.25,92,0,0,0,0,0,0,4,235,4,2117,8192,946,1,20,0.0,0.0,0,0,0.0,0.0,0,0,BENIGN
88,604,7,4,440,356,220,0,62.85714286,107.34900800000001,178,0,89.0,102.76834790000001,1317880.795,18211.92053,60.4,133.00309099999998,435,1,604,100.66666670000001,182.5679782,467,1,535,178.33333330000002,303.6862416,529,3,0,0,0,0,164,104,11589.40397,6622.5165560000005,0,220,66.33333333,98.79577957,9760.606061,0,0,0,1,0,0,0,0,0,72.36363636,62.85714286,89.0,164,0,0,0,0,0,0,7,440,4,356,8192,2053,2,20,0.0,0.0,0,0,0.0,0.0,0,0,BENIGN
80,60032035,5,3,282,250,282,0,56.4,126.11423390000002,250,0,83.33333333,144.33756730000002,8.861935132000001,0.13326218199999998,8576005.0,22700000.0,59900000,23,60000000,15000000.0,30000000.0,59900000,88,15681,7840.5,10700.646920000001,15407,274,0,0,0,0,112,72,0.083288864,0.049973317999999996,0,282,59.11111111,117.56747469999999,13822.11111,0,0,0,1,0,0,0,0,0,66.5,56.4,83.33333333,112,0,0,0,0,0,0,5,282,3,250,8192,946,1,20,0.0,0.0,0,0,0.0,0.0,0,0,BENIGN
80,46033236,4,4,233,2398,233,0,58.25,116.5,2398,0,599.5,1199.0,57.15435691,0.173787478,6576176.571,17400000.0,46000000,36,33550,11183.33333,9751.867581999999,18136,36,46000000,15300000.0,26600000.0,46000000,2998,0,0,0,0,92,92,0.086893739,0.086893739,0,2398,292.3333333,793.3760143,629445.5,0,0,0,1,0,0,0,0,1,328.875,58.25,599.5,92,0,0,0,0,0,0,4,233,4,2398,8192,30,1,20,0.0,0.0,0,0,0.0,0.0,0,0,BENIGN
88,511,7,4,452,370,226,0,64.57142857,110.27670819999999,185,0,92.5,106.8097998,1608610.5680000002,21526.41879,51.1,90.76765209,299,1,511,85.16666667,131.9005939,349,1,462,154.0,224.7198256,412,1,0,0,0,0,164,104,13698.630140000001,7827.78865,0,226,68.5,101.9335791,10390.45455,0,0,0,1,0,0,0,0,0,74.72727273,64.57142857,92.5,164,0,0,0,0,0,0,7,452,4,370,8192,2053,2,20,0.0,0.0,0,0,0.0,0.0,0,0,BENIGN
49214,9749,5,0,0,0,0,0,0.0,0.0,0,0,0.0,0.0,0.0,512.8731152,2437.25,4177.206912,8656,3,9749,2437.25,4177.206912,8656,3,0,0.0,0.0,0,0,0,0,0,0,100,0,512.8731152,0.0,0,0,0.0,0.0,0.0,0,0,0,0,1,0,0,0,0,0.0,0.0,0.0,100,0,0,0,0,0,0,5,0,0,0,378,-1,0,20,0.0,0.0,0,0,0.0,0.0,0,0,BENIGN
3268,112987750,46,27,9834,7806,1337,0,213.78260869999997,306.1758328,3069,0,289.1111111,680.2870623,156.1231195,0.64608774,1569274.3059999999,4814455.211,16400000,1,113000000,2510838.889,5914777.847999999,16400000,1,113000000,4345676.692,7303207.374,16400000,2,0,0,0,0,1488,880,0.407123781,0.238963958,0,3069,238.3783784,474.0551006,224728.2384,0,0,0,1,0,0,0,0,0,241.64383560000002,213.78260869999997,289.1111111,1488,0,0,0,0,0,0,46,9834,27,7806,29200,255,24,32,9804.285714,24847.02908,66152,363,16100000.0,499009.5254,16400000,15400000,BENIGN
389,550,10,4,165,326,79,0,16.5,33.01262385,163,0,81.5,94.10809388,892727.2727,25454.54545,42.30769231,31.96713055,102,1,550,61.11111111,49.27333063,157,1,282,94.0,119.05880900000001,229,4,0,0,0,0,336,144,18181.818180000002,7272.727273,0,163,32.73333333,59.52006464,3542.6380950000002,0,0,0,1,0,0,0,0,0,35.07142857,16.5,81.5,336,0,0,0,0,0,0,10,165,4,326,29200,260,3,32,0.0,0.0,0,0,0.0,0.0,0,0,BENIGN
80,64692,3,5,427,2267,427,0,142.33333330000002,246.52856490000002,1460,0,453.4,662.3804043,41643.479869999996,123.6628949,9241.714286,13884.04676,29431,1,34231,17115.5,17446.44561,29452,4779,35290,8822.5,16964.319190000002,34260,1,0,0,0,0,72,112,46.37358561,77.28930934,0,1460,299.3333333,519.4677565000001,269846.75,0,0,0,1,0,0,0,0,1,336.75,142.33333330000002,453.4,72,0,0,0,0,0,0,3,427,5,2267,8192,237,1,20,0.0,0.0,0,0,0.0,0.0,0,0,BENIGN
80,66588,3,4,428,2266,428,0,142.66666669999998,247.10591519999997,2266,0,566.5,1133.0,40457.74013,105.12404640000001,11098.0,16689.86727,32681,4,32788,16394.0,22956.92876,32627,161,33993,11331.0,18665.053359999998,32874,4,0,0,0,0,104,136,45.05316273,60.07088364,0,2266,336.75,793.7915793,630105.0714,0,0,0,1,0,0,0,0,1,384.85714289999993,142.66666669999998,566.5,104,0,0,0,0,0,0,3,428,4,2266,29200,235,1,32,0.0,0.0,0,0,0.0,0.0,0,0,BENIGN
80,917809,3,5,26,11607,20,0,8.666666667000001,10.26320288,10135,0,2321.4,4413.201989,12674.750409999999,8.716410495,131115.5714,346440.2527,916768,4,781,390.5,546.5935419,777,4,917763,229440.75,458218.2902,916768,6,0,0,0,0,72,112,3.268653936,5.447756559,0,10135,1292.555556,3350.634907,11200000.0,0,0,0,1,0,0,0,0,1,1454.125,8.666666667000001,2321.4,72,0,0,0,0,0,0,3,26,5,11607,8192,229,2,20,0.0,0.0,0,0,0.0,0.0,0,0,DDoS
22,1311995,41,42,2728,6634,456,0,66.53658537,110.12994540000001,976,0,157.952381,319.1214275,7135.697926000001,63.26243621,15999.939019999998,105972.70599999999,955542,1,1311995,32799.875,159024.3343,997364,1,356348,8691.414634,20251.35026,97681,1,0,0,0,0,1328,1360,31.25011909,32.01231712,0,976,111.452381,241.64279150000002,58391.238670000006,0,0,0,1,0,0,0,0,1,112.7951807,66.53658537,157.952381,1328,0,0,0,0,0,0,41,2728,42,6634,29200,243,24,32,0.0,0.0,0,0,0.0,0.0,0,0,BENIGN
80,6731582,4,0,24,0,6,6,6.0,0.0,0,0,0.0,0.0,3.565283762,0.59421396,2243860.667,3885880.5239999997,6730889,303,6731582,2243860.667,3885880.5239999997,6730889,303,0,0.0,0.0,0,0,0,0,0,0,80,0,0.59421396,0.0,6,6,6.0,0.0,0.0,0,0,0,0,1,0,0,0,0,7.5,6.0,0.0,80,0,0,0,0,0,0,4,24,0,0,256,-1,3,20,693.0,0.0,693,693,6730889.0,0.0,6730889,6730889,DDoS
80,5010694,4,0,24,0,6,6,6.0,0.0,0,0,0.0,0.0,4.789755671,0.798292612,1670231.333,2892319.315,5009994,227,5010694,1670231.333,2892319.315,5009994,227,0,0.0,0.0,0,0,0,0,0,0,80,0,0.798292612,0.0,6,6,6.0,0.0,0.0,0,0,0,0,1,0,0,0,0,7.5,6.0,0.0,80,0,0,0,0,0,0,4,24,0,0,256,-1,3,20,700.0,0.0,700,700,5009994.0,0.0,5009994,5009994,DDoS
49666,46115502,27,22,7132,4370,1793,0,264.1481481,454.30062089999996,348,0,198.63636359999998,133.18535079999998,249.4172133,1.062549422,960739.625,6479645.659,44900000,3,46100000,1773673.154,8799645.838,44900000,3,1144476,54498.85714,242190.1206,1111150,3,0,0,0,0,564,464,0.5854864160000001,0.477063006,0,1793,230.04,345.36717880000003,119278.4882,0,0,0,1,0,0,0,0,0,234.73469390000002,264.1481481,198.63636359999998,564,0,0,0,0,0,0,27,7132,22,4370,8192,2052,18,20,0.0,0.0,0,0,0.0,0.0,0,0,BENIGN
80,104952660,5,3,287,241,287,0,57.4,128.3503019,241,0,80.33333333,139.1414149,5.030839619,0.076224843,15000000.0,39600000.0,105000000,46,105000000,26200000.0,52400000.0,105000000,54,38890,19445.0,27113.30242,38617,273,0,0,0,0,112,72,0.047640527,0.028584316000000002,0,287,58.66666667,116.97969909999999,13684.25,0,0,0,1,0,0,0,0,0,66.0,57.4,80.33333333,112,0,0,0,0,0,0,5,287,3,241,8192,946,1,20,0.0,0.0,0,0,0.0,0.0,0,0,BENIGN
80,1293792,3,7,26,11607,20,0,8.666666667000001,10.26320288,5840,0,1658.142857,2137.2970800000003,8991.398927,7.72921768,143754.6667,430865.8067,1292730,2,747,373.5,523.9661249,744,3,1293746,215624.3333,527671.9348,1292730,2,0,0,0,0,72,152,2.3187653040000002,5.410452376,0,5840,1057.5454550000002,1853.4375289999998,3435230.673,0,0,0,1,0,0,0,0,2,1163.3,8.666666667000001,1658.142857,72,0,0,0,0,0,0,3,26,7,11607,8192,229,2,20,0.0,0.0,0,0,0.0,0.0,0,0,DDoS
80,14457,3,5,26,11607,20,0,8.666666667000001,10.26320288,7215,0,2321.4,3327.7697940000003,804662.1014,553.3651517999999,2065.285714,5015.4815229999995,13429,3,786,393.0,486.48946550000005,737,49,14350,3587.5,6568.112337,13429,3,0,0,0,0,72,112,207.5119319,345.85321989999994,0,7215,1292.555556,2650.585648,7025604.278,0,0,0,1,0,0,0,0,1,1454.125,8.666666667000001,2321.4,72,0,0,0,0,0,0,3,26,5,11607,8192,229,2,20,0.0,0.0,0,0,0.0,0.0,0,0,DDoS
80,85845,3,6,26,11607,20,0,8.666666667000001,10.26320288,5840,0,1934.5,2538.9192780000003,135511.678,104.8401188,10730.625,29899.38078,84724,3,959,479.5,673.8727625,956,3,85791,17158.2,37772.60478,84724,3,0,0,0,0,72,132,34.94670627,69.89341255,0,5840,1163.3,2138.329153,4572451.567,0,0,0,1,0,0,0,0,2,1292.555556,8.666666667000001,1934.5,72,0,0,0,0,0,0,3,26,6,11607,8192,229,2,20,0.0,0.0,0,0,0.0,0.0,0,0,DDoS
443,17734955,10,8,1026,3890,469,0,102.6,178.9035743,1448,0,486.25,623.7070627,277.1926966,1.01494478,1043232.647,2834416.776,9999832,4,10700000,1192931.6670000001,3303441.521,9999832,139,17600000,2512397.143,4200291.157,10100000,4,0,0,0,0,328,264,0.563858211,0.451086569,0,1448,258.7368421,455.5803188,207553.4269,0,0,0,1,0,0,0,0,0,273.1111111,102.6,486.25,328,0,0,0,0,0,0,10,1026,8,3890,29200,543,3,32,442474.0,415890.5102,736553,148395,8425001.5,2227146.652,9999832,6850171,BENIGN
1093,45,2,0,0,0,0,0,0.0,0.0,0,0,0.0,0.0,0.0,44444.44444,45.0,0.0,45,45,45,45.0,0.0,45,45,0,0.0,0.0,0,0,0,0,0,0,40,0,44444.44444,0.0,0,0,0.0,0.0,0.0,0,0,0,0,1,0,0,0,0,0.0,0.0,0.0,40,0,0,0,0,0,0,2,0,0,0,35152,-1,0,20,0.0,0.0,0,0,0.0,0.0,0,0,BENIGN
80,4163944,4,0,24,0,6,6,6.0,0.0,0,0,0.0,0.0,5.763766275,0.9606277129999999,1387981.333,2403402.0730000003,4163191,336,4163944,1387981.333,2403402.0730000003,4163191,336,0,0.0,0.0,0,0,0,0,0,0,80,0,0.9606277129999999,0.0,6,6,6.0,0.0,0.0,0,0,0,0,1,0,0,0,0,7.5,6.0,0.0,80,0,0,0,0,0,0,4,24,0,0,256,-1,3,20,0.0,0.0,0,0,0.0,0.0,0,0,DDoS
80,3011082,5,0,30,0,6,6,6.0,0.0,0,0,0.0,0.0,9.963195954,1.660532659,752770.5,1504368.4119999998,3009323,170,3011082,752770.5,1504368.4119999998,3009323,170,0,0.0,0.0,0,0,0,0,0,0,100,0,1.660532659,0.0,6,6,6.0,0.0,0.0,0,0,0,0,1,0,0,0,0,7.2,6.0,0.0,100,0,0,0,0,0,0,5,30,0,0,256,-1,4,20,0.0,0.0,0,0,0.0,0.0,0,0,DDoS
443,779057,9,8,1397,4065,837,0,155.22222219999998,280.663846,1460,0,508.125,659.7812273,7011.04027,21.82125313,48691.0625,69412.05105,196190,1,779057,97382.125,89931.25179,221862,3,604654,86379.14286,112467.3399,261703,1,0,0,0,0,192,164,11.55242813,10.268825,0,1460,303.44444439999995,503.0680251,253077.4379,0,0,0,1,0,0,0,0,0,321.29411760000005,155.22222219999998,508.125,192,0,0,0,0,0,0,9,1397,8,4065,8192,65535,4,20,0.0,0.0,0,0,0.0,0.0,0,0,BENIGN
48231,3,2,0,0,0,0,0,0.0,0.0,0,0,0.0,0.0,0.0,666666.6667,3.0,0.0,3,3,3,3.0,0.0,3,3,0,0.0,0.0,0,0,0,0,0,0,64,0,666666.6667,0.0,0,0,0.0,0.0,0.0,0,0,0,0,1,0,0,0,0,0.0,0.0,0.0,64,0,0,0,0,0,0,2,0,0,0,340,-1,0,32,0.0,0.0,0,0,0.0,0.0,0,0,BENIGN
80,4065868,5,0,30,0,6,6,6.0,0.0,0,0,0.0,0.0,7.378498269,1.229749712,1016467.0,2032283.385,4064892,1,4065868,1016467.0,2032283.385,4064892,1,0,0.0,0.0,0,0,0,0,0,0,100,0,1.229749712,0.0,6,6,6.0,0.0,0.0,0,0,0,0,1,0,0,0,0,7.2,6.0,0.0,100,0,0,0,0,0,0,5,30,0,0,256,-1,4,20,0.0,0.0,0,0,0.0,0.0,0,0,DDoS
389,572849,15,12,4076,1020,1646,0,271.7333333,562.9358586,210,0,85.0,91.22200691,8895.887048999999,47.13283954,22032.65385,101642.2098,517763,2,572849,40917.785710000004,137973.1114,517763,2,572795,52072.272730000004,172091.1181,570946,3,0,0,0,0,324,264,26.18491086,20.94792869,0,1646,182.0,421.41314289999997,177589.03699999998,0,0,0,1,0,0,0,0,0,188.74074069999998,271.7333333,85.0,324,0,0,0,0,0,0,15,4076,12,1020,8192,0,8,20,0.0,0.0,0,0,0.0,0.0,0,0,BENIGN
1153,3,2,0,0,0,0,0,0.0,0.0,0,0,0.0,0.0,0.0,666666.6667,3.0,0.0,3,3,3,3.0,0.0,3,3,0,0.0,0.0,0,0,0,0,0,0,40,0,666666.6667,0.0,0,0,0.0,0.0,0.0,0,0,0,0,1,0,0,0,0,0.0,0.0,0.0,40,0,0,0,0,0,0,2,0,0,0,34945,-1,0,20,0.0,0.0,0,0,0.0,0.0,0,0,BENIGN
80,846121,3,4,26,11601,20,0,8.666666667000001,10.26320288,8760,0,2900.25,4128.3193009999995,13741.533419999998,8.273048417,141020.1667,343799.4803,842794,3,3001,1500.5,2117.78481,2998,3,846082,282027.3333,485640.3736,842794,184,0,0,0,0,72,92,3.545592179,4.7274562389999994,0,8760,1453.375,3113.952607,9696700.839,0,0,0,1,0,0,0,0,1,1661.0,8.666666667000001,2900.25,72,0,0,0,0,0,0,3,26,4,11601,8192,229,2,20,0.0,0.0,0,0,0.0,0.0,0,0,DDoS
135,87,1,3,0,0,0,0,0.0,0.0,0,0,0.0,0.0,0.0,45977.01149,29.0,24.57641145,47,1,0,0.0,0.0,0,0,48,24.0,32.52691193,47,1,0,0,0,0,20,60,11494.25287,34482.75862,0,0,0.0,0.0,0.0,0,0,0,0,1,1,0,0,3,0.0,0.0,0.0,20,0,0,0,0,0,0,1,0,3,0,255,2052,0,20,0.0,0.0,0,0,0.0,0.0,0,0,BENIGN
80,66723,3,5,26,11601,20,0,8.666666667000001,10.26320288,5840,0,2320.2,2436.833027,174257.7522,119.8986856,9531.857143000001,20983.5688,56433,44,9900,4950.0,6704.786499,9691,209,66679,16669.75,26902.84852,56433,159,0,0,0,0,72,112,44.9620071,74.93667851,0,5840,1291.888889,2110.95076,4456113.1110000005,0,0,0,1,0,0,0,0,1,1453.375,8.666666667000001,2320.2,72,0,0,0,0,0,0,3,26,5,11601,8192,229,2,20,0.0,0.0,0,0,0.0,0.0,0,0,DDoS
1078,504,6,1,38,0,38,0,6.333333333,15.51343504,0,0,0.0,0.0,75396.8254,13888.88889,84.0,143.7428259,353,1,504,100.8,222.043239,498,1,0,0.0,0.0,0,0,0,0,0,0,120,20,11904.7619,1984.126984,0,38,4.75,13.43502884,180.5,0,0,0,0,1,0,0,0,0,5.428571429,6.333333333,0.0,120,0,0,0,0,0,0,6,38,1,0,12491,0,1,20,0.0,0.0,0,0,0.0,0.0,0,0,BENIGN
80,4726615,4,0,24,0,6,6,6.0,0.0,0,0,0.0,0.0,5.077629551,0.846271592,1575538.333,2728255.1289999997,4725856,352,4726615,1575538.333,2728255.1289999997,4725856,352,0,0.0,0.0,0,0,0,0,0,0,80,0,0.846271592,0.0,6,6,6.0,0.0,0.0,0,0,0,0,1,0,0,0,0,7.5,6.0,0.0,80,0,0,0,0,0,0,4,24,0,0,256,-1,3,20,0.0,0.0,0,0,0.0,0.0,0,0,DDoS
443,2314,2,0,0,0,0,0,0.0,0.0,0,0,0.0,0.0,0.0,864.3042351,2314.0,0.0,2314,2314,2314,2314.0,0.0,2314,2314,0,0.0,0.0,0,0,0,0,0,0,64,0,864.3042351,0.0,0,0,0.0,0.0,0.0,0,0,0,0,1,0,0,0,0,0.0,0.0,0.0,64,0,0,0,0,0,0,2,0,0,0,662,-1,0,32,0.0,0.0,0,0,0.0,0.0,0,0,BENIGN
80,3983206,4,0,24,0,6,6,6.0,0.0,0,0,0.0,0.0,6.02529721,1.004216202,1327735.3329999999,2299065.93,3982468,330,3983206,1327735.3329999999,2299065.93,3982468,330,0,0.0,0.0,0,0,0,0,0,0,80,0,1.004216202,0.0,6,6,6.0,0.0,0.0,0,0,0,0,1,0,0,0,0,7.5,6.0,0.0,80,0,0,0,0,0,0,4,24,0,0,256,-1,3,20,0.0,0.0,0,0,0.0,0.0,0,0,DDoS
80,3040798,5,0,30,0,6,6,6.0,0.0,0,0,0.0,0.0,9.865831272000001,1.644305212,760199.5,1519818.333,3039927,275,3040798,760199.5,1519818.333,3039927,275,0,0.0,0.0,0,0,0,0,0,0,100,0,1.644305212,0.0,6,6,6.0,0.0,0.0,0,0,0,0,1,0,0,0,0,7.2,6.0,0.0,100,0,0,0,0,0,0,5,30,0,0,256,-1,4,20,0.0,0.0,0,0,0.0,0.0,0,0,DDoS
443,156009,9,10,533,5370,196,0,59.22222222,83.73138267,2085,0,537.0,802.7386457,37837.56065,121.7878456,8667.166667,11182.95167,29073,2,156009,19501.125,12720.32013,32919,2,106292,11810.22222,18743.09329,53719,94,0,0,0,0,192,212,57.68897948,64.09886609,0,2085,295.15,608.2146673,369925.0816,0,0,0,1,0,0,0,0,1,310.6842105,59.22222222,537.0,192,0,0,0,0,0,0,9,533,10,5370,8192,12501,4,20,0.0,0.0,0,0,0.0,0.0,0,0,BENIGN
389,30894,13,13,4154,5688,1684,0,319.53846150000004,618.6711048,2634,0,437.53846150000004,818.9074648,318573.1857,841.5873632000001,1235.76,5625.253041,28213,1,30894,2574.5,8087.363751999999,28213,3,30807,2567.25,8136.197483,28376,1,0,0,0,0,284,284,420.79368160000007,420.79368160000007,0,2634,364.5185185,703.5309501,494955.7977,0,0,0,1,0,0,0,0,1,378.53846150000004,319.53846150000004,437.53846150000004,284,0,0,0,0,0,0,13,4154,13,5688,8192,0,6,20,0.0,0.0,0,0,0.0,0.0,0,0,BENIGN
88,1176,9,6,3104,3036,1552,0,344.8888889,684.3676724999999,1518,0,506.0,783.8918292999999,5221088.435,12755.10204,84.0,204.1202511,787,1,1176,147.0,313.53195330000005,918,1,1073,214.6,327.4069333,787,2,0,0,0,0,204,144,7653.061223999999,5102.040816,0,1552,383.75,686.5289991000001,471322.0667,0,0,0,1,0,0,0,0,0,409.3333333,344.8888889,506.0,204,0,0,0,0,0,0,9,3104,6,3036,8192,2053,2,20,0.0,0.0,0,0,0.0,0.0,0,0,BENIGN
443,7744454,14,14,5759,17325,3457,0,411.35714289999993,960.2359171,3121,0,1237.5,987.4540496,2980.713682,3.615490517,286831.6296,993905.4391,4293900,10,7744404,595723.3846,1393537.562,4293900,44,7698207,592169.7692,1424810.949,4345012,49,0,0,0,0,292,292,1.807745259,1.807745259,0,3457,796.0,1036.759546,1074870.357,0,0,0,1,0,0,0,0,1,824.4285714,411.35714289999993,1237.5,292,0,0,0,0,0,0,14,5759,14,17325,8192,256,5,20,0.0,0.0,0,0,0.0,0.0,0,0,BENIGN
80,6028764,5,0,30,0,6,6,6.0,0.0,0,0,0.0,0.0,4.976144364,0.8293573940000001,1507191.0,3012639.418,6026150,312,6028764,1507191.0,3012639.418,6026150,312,0,0.0,0.0,0,0,0,0,0,0,100,0,0.8293573940000001,0.0,6,6,6.0,0.0,0.0,0,0,0,0,1,0,0,0,0,7.2,6.0,0.0,100,0,0,0,0,0,0,5,30,0,0,256,-1,4,20,2614.0,0.0,2614,2614,6026150.0,0.0,6026150,6026150,DDoS
80,859717,3,6,26,11601,20,0,8.666666667000001,10.26320288,5840,0,1933.5,2189.7729329999997,13524.21785,10.46856117,107464.625,302286.8837,855581,2,3471,1735.5,2451.5392100000004,3469,2,859659,171931.8,382174.5231,855581,14,0,0,0,0,72,132,3.489520389,6.979040777000001,0,5840,1162.7,1911.59573,3654198.233,0,0,0,1,0,0,0,0,2,1291.888889,8.666666667000001,1933.5,72,0,0,0,0,0,0,3,26,6,11601,8192,229,2,20,0.0,0.0,0,0,0.0,0.0,0,0,DDoS
88,1103,9,6,3104,3036,1552,0,344.8888889,684.3676724999999,1518,0,506.0,783.8918292999999,5566636.446,13599.27471,78.78571429,219.8258676,839,1,1103,137.875,304.51199249999996,889,1,1011,202.2,361.5192941,844,3,0,0,0,0,204,144,8159.564823000001,5439.709882,0,1552,383.75,686.5289991000001,471322.0667,0,0,0,1,0,0,0,0,0,409.3333333,344.8888889,506.0,204,0,0,0,0,0,0,9,3104,6,3036,8192,2053,2,20,0.0,0.0,0,0,0.0,0.0,0,0,BENIGN
80,905592,3,5,26,11607,20,0,8.666666667000001,10.26320288,7215,0,2321.4,3327.7697940000003,12845.74069,8.834000300000001,129370.2857,341876.4369,904673,4,696,348.0,486.48946550000005,692,4,905545,226386.25,452191.26700000005,904673,4,0,0,0,0,72,112,3.3127501130000003,5.521250188,0,7215,1292.555556,2650.585648,7025604.278,0,0,0,1,0,0,0,0,1,1454.125,8.666666667000001,2321.4,72,0,0,0,0,0,0,3,26,5,11607,8192,229,2,20,0.0,0.0,0,0,0.0,0.0,0,0,DDoS
80,125016,3,6,26,11607,20,0,8.666666667000001,10.26320288,5840,0,1934.5,2538.9192780000003,93052.08932999999,71.99078518,15627.0,43662.97495,123685,17,972,486.0,663.2661607999999,955,17,124945,24989.0,55174.06467000001,123685,46,0,0,0,0,72,132,23.99692839,47.99385679,0,5840,1163.3,2138.329153,4572451.567,0,0,0,1,0,0,0,0,2,1292.555556,8.666666667000001,1934.5,72,0,0,0,0,0,0,3,26,6,11607,8192,229,2,20,0.0,0.0,0,0,0.0,0.0,0,0,DDoS
123,69016385,7,4,336,192,48,48,48.0,0.0,48,48,48.0,0.0,7.65035723,0.15938244199999999,6901638.5,18300000.0,59000000,16153,69000000,11500000.0,23300000.0,59000000,1999812,69000000,23000000.0,36400000.0,65000000,1999440,0,0,0,0,140,80,0.101425191,0.057957252,48,48,48.0,0.0,0.0,0,0,0,0,0,0,0,0,0,52.36363636,48.0,48.0,140,0,0,0,0,0,0,7,336,4,192,-1,-1,6,20,9999919.0,0.0,9999919,9999919,59000000.0,0.0,59000000,59000000,BENIGN
80,7001059,4,0,24,0,6,6,6.0,0.0,0,0,0.0,0.0,3.4280528130000003,0.5713421360000001,2333686.333,4041435.43,7000334,318,7001059,2333686.333,4041435.43,7000334,318,0,0.0,0.0,0,0,0,0,0,0,80,0,0.5713421360000001,0.0,6,6,6.0,0.0,0.0,0,0,0,0,1,0,0,0,0,7.5,6.0,0.0,80,0,0,0,0,0,0,4,24,0,0,256,-1,3,20,725.0,0.0,725,725,7000334.0,0.0,7000334,7000334,DDoS
123,71082592,8,8,384,384,48,48,48.0,0.0,48,48,48.0,0.0,10.80433308,0.22509027199999998,4738839.467,14200000.0,55900000,88621,71000000,10100000.0,20300000.0,56000000,1996212,71000000,10100000.0,20300000.0,56000000,1996159,0,0,0,0,176,176,0.11254513599999999,0.11254513599999999,48,48,48.0,0.0,0.0,0,0,0,0,0,0,0,0,1,51.0,48.0,48.0,176,0,0,0,0,0,0,8,384,8,384,-1,-1,7,0,15100000.0,0.0,15100000,15100000,55900000.0,0.0,55900000,55900000,BENIGN
49666,30351316,25,22,6740,4402,1645,0,269.6,426.7225875,348,0,200.0909091,134.7395757,367.10105089999996,1.548532525,659811.2174,4426798.522,30000000,3,30400000,1264638.1670000001,6127228.342,30000000,3,120476,5736.952381,16612.29146,73111,3,0,0,0,0,524,464,0.823687513,0.7248450120000001,0,1645,232.125,321.66552110000003,103468.7074,0,0,0,1,0,0,0,0,0,237.0638298,269.6,200.0909091,524,0,0,0,0,0,0,25,6740,22,4402,8192,2052,18,20,0.0,0.0,0,0,0.0,0.0,0,0,BENIGN
80,2072737,4,0,24,0,6,6,6.0,0.0,0,0,0.0,0.0,11.57889303,1.929815505,690912.3333,1196024.107,2071962,220,2072737,690912.3333,1196024.107,2071962,220,0,0.0,0.0,0,0,0,0,0,0,80,0,1.929815505,0.0,6,6,6.0,0.0,0.0,0,0,0,0,1,0,0,0,0,7.5,6.0,0.0,80,0,0,0,0,0,0,4,24,0,0,256,-1,3,20,0.0,0.0,0,0,0.0,0.0,0,0,DDoS
80,209025,3,5,427,2267,427,0,142.33333330000002,246.52856490000002,1460,0,453.4,662.3804043,12888.41048,38.27293386,29860.714289999996,54445.159770000006,149364,1,178828,89414.0,84782.10306000001,149364,29464,179649,44912.25,89174.84698999999,178673,1,0,0,0,0,72,112,14.352350199999998,23.92058366,0,1460,299.3333333,519.4677565000001,269846.75,0,0,0,1,0,0,0,0,1,336.75,142.33333330000002,453.4,72,0,0,0,0,0,0,3,427,5,2267,8192,237,1,20,0.0,0.0,0,0,0.0,0.0,0,0,BENIGN
123,69070374,8,8,384,384,48,48,48.0,0.0,48,48,48.0,0.0,11.11909427,0.231647797,4604691.6,14200000.0,55900000,92445,69000000,9853964.143,20400000.0,56000000,1995352,69000000,9853883.714,20400000.0,56000000,1995316,0,0,0,0,208,208,0.11582389900000001,0.11582389900000001,48,48,48.0,0.0,0.0,0,0,0,0,0,0,0,0,1,51.0,48.0,48.0,208,0,0,0,0,0,0,8,384,8,384,-1,-1,7,20,13100000.0,0.0,13100000,13100000,55900000.0,0.0,55900000,55900000,BENIGN
135,14263712,21,12,1664,1784,168,0,79.23809524,85.18797143,268,0,148.66666669999998,84.88423489,241.73230640000003,2.3135632580000003,445741.0,1978382.148,11100000,1,14300000,713185.6,2487010.106,11100000,1,3124260,284023.6364,663060.7968,2017717,4,0,0,0,0,444,264,1.4722675280000002,0.84129573,0,268,101.4117647,90.75512095,8236.491979,0,0,0,1,0,0,0,0,0,104.4848485,79.23809524,148.66666669999998,444,0,0,0,0,0,0,21,1664,12,1784,8192,2050,10,20,0.0,0.0,0,0,0.0,0.0,0,0,BENIGN
49671,14257993,11,6,2378,2160,968,0,216.1818182,381.7917805,952,0,360.0,462.1203306,318.2776145,1.192313673,891124.5625,3549720.687,14200000,2,14300000,1425799.3,4489301.086,14200000,2,975,195.0,299.4052438,721,3,0,0,0,0,244,144,0.771497082,0.42081659,0,968,252.11111110000002,396.5309704,157236.8105,0,0,0,1,0,0,0,0,0,266.94117650000004,216.1818182,360.0,244,0,0,0,0,0,0,11,2378,6,2160,8192,2049,4,20,0.0,0.0,0,0,0.0,0.0,0,0,BENIGN
80,109373101,5,3,138,328,138,0,27.6,61.71547618,328,0,109.33333329999999,189.37088830000002,4.260645403,0.073144127,15600000.0,41300000.0,109000000,32,109000000,27300000.0,54600000.0,109000000,32,120952,60476.0,51811.12807,97112,23840,0,0,0,0,112,72,0.045715079000000006,0.027429047999999998,0,328,51.77777778,113.1920688,12812.444440000001,0,0,0,1,0,0,0,0,0,58.25,27.6,109.33333329999999,112,0,0,0,0,0,0,5,138,3,328,65535,946,1,20,0.0,0.0,0,0,0.0,0.0,0,0,BENIGN
80,918742,3,6,26,11607,20,0,8.666666667000001,10.26320288,5840,0,1934.5,2538.9192780000003,12661.87896,9.796003666,114842.75,324152.9864,917080,14,1308,654.0,661.8519472,1122,186,918695,183739.0,409950.4589,917080,14,0,0,0,0,72,132,3.265334555,6.530669111,0,5840,1163.3,2138.329153,4572451.567,0,0,0,1,0,0,0,0,2,1292.555556,8.666666667000001,1934.5,72,0,0,0,0,0,0,3,26,6,11607,8192,229,2,20,0.0,0.0,0,0,0.0,0.0,0,0,DDoS
80,168252,3,4,436,860,436,0,145.33333330000002,251.7247174,860,0,215.0,430.0,7702.731617,41.60426028,28042.0,46989.568660000004,121151,4,144545,72272.5,69124.63761,121151,23394,144923,48307.66667,83192.8673,144370,4,0,0,0,0,72,92,17.83039726,23.77386302,0,860,162.0,320.65646949999996,102820.5714,0,0,0,1,0,0,0,0,1,185.1428571,145.33333330000002,215.0,72,0,0,0,0,0,0,3,436,4,860,8192,31,1,20,0.0,0.0,0,0,0.0,0.0,0,0,BENIGN
80,9613,3,6,26,11607,20,0,8.666666667000001,10.26320288,5840,0,1934.5,2538.9192780000003,1210132.113,936.2321856000001,1201.625,2939.405282,8443,3,1016,508.0,650.5382387,968,48,9494,1898.8,3682.11036,8443,3,0,0,0,0,72,132,312.0773952,624.1547904,0,5840,1163.3,2138.329153,4572451.567,0,0,0,1,0,0,0,0,2,1292.555556,8.666666667000001,1934.5,72,0,0,0,0,0,0,3,26,6,11607,8192,229,2,20,0.0,0.0,0,0,0.0,0.0,0,0,DDoS
123,82028633,8,8,384,384,48,48,48.0,0.0,48,48,48.0,0.0,9.362584404,0.195053842,5468575.533,14500000.0,56000000,28646,82000000,11700000.0,20200000.0,56000000,1999947,82000000,11700000.0,20200000.0,56000000,1999907,0,0,0,0,156,156,0.097526921,0.097526921,48,48,48.0,0.0,0.0,0,0,0,0,0,0,0,0,1,51.0,48.0,48.0,156,0,0,0,0,0,0,8,384,8,384,-1,-1,7,0,5028854.5,7070881.842999999,10000000,28986,36000000.0,28300000.0,56000000,16000000,BENIGN
445,90030854,10,10,8,2,1,0,0.8,0.421637021,1,0,0.2,0.421637021,0.111073033,0.222146066,4738466.0,11200000.0,30000000,3,90000000,10000000.0,15000000.0,30000000,3,90000000,10000000.0,15000000.0,30000000,3,0,0,0,0,224,296,0.111073033,0.111073033,0,1,0.523809524,0.511766316,0.261904762,0,0,0,0,1,0,0,0,1,0.55,0.8,0.2,224,0,0,0,0,0,0,10,8,10,2,254,2049,7,20,22761.33333,39318.13089,68162,57,30000000.0,35592.50011,30000000,29900000,BENIGN
80,6029868,5,0,30,0,6,6,6.0,0.0,0,0,0.0,0.0,4.975233289,0.829205548,1507467.0,3013931.416,6028364,1,6029868,1507467.0,3013931.416,6028364,1,0,0.0,0.0,0,0,0,0,0,0,100,0,0.829205548,0.0,6,6,6.0,0.0,0.0,0,0,0,0,1,0,0,0,0,7.2,6.0,0.0,100,0,0,0,0,0,0,5,30,0,0,256,-1,4,20,1504.0,0.0,1504,1504,6028364.0,0.0,6028364,6028364,DDoS
80,4019245,5,0,30,0,6,6,6.0,0.0,0,0,0.0,0.0,7.464088405,1.244014734,1004811.25,2008528.533,4017604,260,4019245,1004811.25,2008528.533,4017604,260,0,0.0,0.0,0,0,0,0,0,0,100,0,1.244014734,0.0,6,6,6.0,0.0,0.0,0,0,0,0,1,0,0,0,0,7.2,6.0,0.0,100,0,0,0,0,0,0,5,30,0,0,256,-1,4,20,0.0,0.0,0,0,0.0,0.0,0,0,DDoS
443,306899,12,10,1117,4289,509,0,93.08333333,148.8406459,1625,0,428.9,673.8828533,17614.91566,71.68482139,14614.2381,21659.91156,74866,3,306899,27899.909089999997,40982.3426,136356,4,258297,28699.66667,36190.17686,96713,3,0,0,0,0,252,204,39.10081167,32.58400972,0,1625,235.04347830000003,476.90445760000006,227437.8617,0,0,0,1,0,0,0,0,0,245.7272727,93.08333333,428.9,252,0,0,0,0,0,0,12,1117,10,4289,8192,17688,7,20,0.0,0.0,0,0,0.0,0.0,0,0,BENIGN
443,5603458,7,4,635,154,517,0,90.71428571,190.7072051,154,0,38.5,77.0,140.80590949999998,1.963073516,560345.8,1652424.405,5260665,1,5603458,933909.6667,2188207.06,5399414,1,241663,80554.33333,71807.14678,139111,437,0,0,0,0,232,136,1.249228601,0.713844915,0,517,65.75,150.0479469,22514.38636,0,0,0,1,0,0,0,0,0,71.72727273,90.71428571,38.5,232,0,0,0,0,0,0,7,635,4,154,29200,115,3,32,342792.0,0.0,342792,342792,5260665.0,0.0,5260665,5260665,BENIGN
80,3983689,5,0,30,0,6,6,6.0,0.0,0,0,0.0,0.0,7.530708346,1.2551180579999999,995922.25,1990595.1709999999,3981815,494,3983689,995922.25,1990595.1709999999,3981815,494,0,0.0,0.0,0,0,0,0,0,0,100,0,1.2551180579999999,0.0,6,6,6.0,0.0,0.0,0,0,0,0,1,0,0,0,0,7.2,6.0,0.0,100,0,0,0,0,0,0,5,30,0,0,256,-1,4,20,0.0,0.0,0,0,0.0,0.0,0,0,DDoS
22,167,1,1,0,0,0,0,0.0,0.0,0,0,0.0,0.0,0.0,11976.0479,167.0,0.0,167,167,0,0.0,0.0,0,0,0,0.0,0.0,0,0,0,0,0,0,32,32,5988.0239520000005,5988.0239520000005,0,0,0.0,0.0,0.0,0,0,0,0,1,1,0,0,1,0.0,0.0,0.0,32,0,0,0,0,0,0,1,0,1,0,290,243,0,32,0.0,0.0,0,0,0.0,0.0,0,0,BENIGN
53708,374373,15,8,20514,0,2920,0,1367.6,1158.048593,0,0,0.0,0.0,54795.618270000006,61.43605442,17016.95455,65537.45582,305476,2,374373,26740.92857,81599.31831,305476,2,361753,51679.0,113918.118,305692,3,0,0,0,0,324,184,40.06699201,21.36906241,0,2920,854.75,1128.594287,1273725.065,0,0,0,1,0,0,0,0,0,891.9130435000001,1367.6,0.0,324,0,0,0,0,0,0,15,20514,8,0,8192,389,10,20,0.0,0.0,0,0,0.0,0.0,0,0,BENIGN
80,32222867,2,0,0,0,0,0,0.0,0.0,0,0,0.0,0.0,0.0,0.062067724000000005,32200000.0,0.0,32200000,32200000,32200000,32200000.0,0.0,32200000,32200000,0,0.0,0.0,0,0,0,0,0,0,64,0,0.062067724000000005,0.0,0,0,0.0,0.0,0.0,0,0,0,0,1,0,0,0,0,0.0,0.0,0.0,64,0,0,0,0,0,0,2,0,0,0,238,-1,0,32,0.0,0.0,0,0,0.0,0.0,0,0,BENIGN
88,911,9,6,3078,2992,1539,0,342.0,678.6352113,1496,0,498.66666669999995,772.5310781000001,6663007.683999999,16465.422609999998,65.07142857,176.6079815,675,1,911,113.875,273.1427871,787,1,862,172.4,282.4938937,675,4,0,0,0,0,204,144,9879.253568,6586.169045000001,0,1539,379.375,678.7374431,460684.5167,0,0,0,1,0,0,0,0,0,404.6666667,342.0,498.66666669999995,204,0,0,0,0,0,0,9,3078,6,2992,8192,2053,2,20,0.0,0.0,0,0,0.0,0.0,0,0,BENIGN
80,2039001,5,0,30,0,6,6,6.0,0.0,0,0,0.0,0.0,14.71308744,2.45218124,509750.25,1018825.277,2037988,2,2039001,509750.25,1018825.277,2037988,2,0,0.0,0.0,0,0,0,0,0,0,100,0,2.45218124,0.0,6,6,6.0,0.0,0.0,0,0,0,0,1,0,0,0,0,7.2,6.0,0.0,100,0,0,0,0,0,0,5,30,0,0,256,-1,4,20,0.0,0.0,0,0,0.0,0.0,0,0,DDoS
80,9733523,4,0,24,0,6,6,6.0,0.0,0,0,0.0,0.0,2.465705377,0.410950896,3244507.667,5619037.247,9732813,273,9733523,3244507.667,5619037.247,9732813,273,0,0.0,0.0,0,0,0,0,0,0,80,0,0.410950896,0.0,6,6,6.0,0.0,0.0,0,0,0,0,1,0,0,0,0,7.5,6.0,0.0,80,0,0,0,0,0,0,4,24,0,0,256,-1,3,20,710.0,0.0,710,710,9732813.0,0.0,9732813,9732813,DDoS
80,3014700,5,0,30,0,6,6,6.0,0.0,0,0,0.0,0.0,9.951238929,1.6585398219999998,753675.0,1506182.696,3012949,221,3014700,753675.0,1506182.696,3012949,221,0,0.0,0.0,0,0,0,0,0,0,100,0,1.6585398219999998,0.0,6,6,6.0,0.0,0.0,0,0,0,0,1,0,0,0,0,7.2,6.0,0.0,100,0,0,0,0,0,0,5,30,0,0,256,-1,4,20,0.0,0.0,0,0,0.0,0.0,0,0,DDoS
80,7731078,4,0,24,0,6,6,6.0,0.0,0,0,0.0,0.0,3.104353623,0.5173922710000001,2577026.0,4462932.881,7730377,290,7731078,2577026.0,4462932.881,7730377,290,0,0.0,0.0,0,0,0,0,0,0,80,0,0.5173922710000001,0.0,6,6,6.0,0.0,0.0,0,0,0,0,1,0,0,0,0,7.5,6.0,0.0,80,0,0,0,0,0,0,4,24,0,0,256,-1,3,20,701.0,0.0,701,701,7730377.0,0.0,7730377,7730377,DDoS
80,5603992,3,1,0,0,0,0,0.0,0.0,0,0,0.0,0.0,0.0,0.713776893,1867997.333,3218435.24,5584309,39,5603992,2801996.0,3934784.7789999996,5584309,19683,0,0.0,0.0,0,0,0,0,0,0,80,32,0.53533267,0.178444223,0,0,0.0,0.0,0.0,0,0,0,1,0,0,0,0,0,0.0,0.0,0.0,80,0,0,0,0,0,0,3,0,1,0,29200,29200,0,20,0.0,0.0,0,0,0.0,0.0,0,0,BENIGN
49217,1484,3,0,0,0,0,0,0.0,0.0,0,0,0.0,0.0,0.0,2021.5633420000001,742.0,1045.1038230000001,1481,3,1484,742.0,1045.1038230000001,1481,3,0,0.0,0.0,0,0,0,0,0,0,60,0,2021.5633420000001,0.0,0,0,0.0,0.0,0.0,0,0,0,0,1,0,0,0,0,0.0,0.0,0.0,60,0,0,0,0,0,0,3,0,0,0,351,-1,0,20,0.0,0.0,0,0,0.0,0.0,0,0,BENIGN
80,842118,3,6,26,11607,20,0,8.666666667000001,10.26320288,4380,0,1934.5,2177.344966,13813.97856,10.68733835,105264.75,296930.2848,840129,18,1643,821.5,697.914393,1315,328,842070,168414.0,375500.7439,840129,18,0,0,0,0,72,132,3.562446118,7.124892236,0,4380,1163.3,1903.962654,3625073.789,0,0,0,1,0,0,0,0,2,1292.555556,8.666666667000001,1934.5,72,0,0,0,0,0,0,3,26,6,11607,8192,229,2,20,0.0,0.0,0,0,0.0,0.0,0,0,DDoS
80,4184,3,6,26,11607,20,0,8.666666667000001,10.26320288,5840,0,1934.5,2538.9192780000003,2780353.728,2151.051625,523.0,1043.5712039999999,3003,3,1003,501.5,704.9854607999999,1000,3,4060,812.0,1288.414141,3003,3,0,0,0,0,72,132,717.0172084,1434.034417,0,5840,1163.3,2138.329153,4572451.567,0,0,0,1,0,0,0,0,2,1292.555556,8.666666667000001,1934.5,72,0,0,0,0,0,0,3,26,6,11607,8192,229,2,20,0.0,0.0,0,0,0.0,0.0,0,0,DDoS
80,866913,3,6,26,11607,20,0,8.666666667000001,10.26320288,5840,0,1934.5,2538.9192780000003,13418.87825,10.381664599999999,108364.125,306087.1703,865891,2,810,405.0,568.5138521,807,3,866820,173364.0,387134.5153,865891,2,0,0,0,0,72,132,3.460554865,6.9211097310000005,0,5840,1163.3,2138.329153,4572451.567,0,0,0,1,0,0,0,0,2,1292.555556,8.666666667000001,1934.5,72,0,0,0,0,0,0,3,26,6,11607,8192,229,2,20,0.0,0.0,0,0,0.0,0.0,0,0,DDoS
123,72085715,8,8,384,384,48,48,48.0,0.0,48,48,48.0,0.0,10.65398325,0.221957984,4805714.333000001,14700000.0,57900000,89373,72000000,10300000.0,21100000.0,58000000,1993025,72000000,10300000.0,21100000.0,58000000,1992916,0,0,0,0,184,176,0.110978992,0.110978992,48,48,48.0,0.0,0.0,0,0,0,0,0,0,0,0,1,51.0,48.0,48.0,184,0,0,0,0,0,0,8,384,8,384,-1,-1,7,0,14100000.0,0.0,14100000,14100000,57900000.0,0.0,57900000,57900000,BENIGN
135,75,1,1,0,0,0,0,0.0,0.0,0,0,0.0,0.0,0.0,26666.66667,75.0,0.0,75,75,0,0.0,0.0,0,0,0,0.0,0.0,0,0,0,0,0,0,20,20,13333.33333,13333.33333,0,0,0.0,0.0,0.0,0,0,0,0,1,1,0,0,1,0.0,0.0,0.0,20,0,0,0,0,0,0,1,0,1,0,255,2052,0,20,0.0,0.0,0,0,0.0,0.0,0,0,BENIGN
88,706,7,4,2794,2820,1397,0,399.14285710000007,681.666201,1410,0,705.0,814.0638796000001,7951841.36,15580.73654,70.6,81.23108327,273,1,706,117.66666670000001,174.5080705,469,1,521,173.66666669999998,217.6610515,425,48,0,0,0,0,164,104,9915.014164,5665.722379999999,0,1410,467.83333330000005,691.0467467,477545.6061,0,0,0,1,0,0,0,0,0,510.3636364,399.14285710000007,705.0,164,0,0,0,0,0,0,7,2794,4,2820,8192,2053,2,20,0.0,0.0,0,0,0.0,0.0,0,0,BENIGN
389,33799,13,14,5754,940,1684,0,442.61538459999997,660.3381127,210,0,67.14285714,94.37637998,198053.1968,798.8402024000001,1299.961538,4133.934644,18804,1,33799,2816.583333,5976.5385,18905,3,33723,2594.076923,5747.671303,19064,1,0,0,0,0,284,304,384.6267641,414.2134383,0,1684,239.0714286,485.26151239999996,235478.7354,0,0,0,1,0,0,0,0,1,247.9259259,442.61538459999997,67.14285714,284,0,0,0,0,0,0,13,5754,14,940,8192,0,8,20,0.0,0.0,0,0,0.0,0.0,0,0,BENIGN
1123,1,2,0,31,0,31,0,15.5,21.92031022,0,0,0.0,0.0,31000000.0,2000000.0,1.0,0.0,1,1,1,1.0,0.0,1,1,0,0.0,0.0,0,0,1,0,0,0,40,0,2000000.0,0.0,0,31,20.66666667,17.89785834,320.3333333,0,1,0,0,1,0,0,0,0,31.0,15.5,0.0,40,0,0,0,0,0,0,2,31,0,0,946,-1,0,20,0.0,0.0,0,0,0.0,0.0,0,0,BENIGN
80,108736,3,7,26,11607,20,0,8.666666667000001,10.26320288,4380,0,1658.142857,1964.0533280000002,106983.8876,91.96586227,12081.77778,35709.78647,107305,2,1014,507.0,663.2661607999999,976,38,108654,18109.0,43698.91402,107305,2,0,0,0,0,72,152,27.58975868,64.37610359,0,4380,1057.5454550000002,1734.6211899999998,3008910.673,0,0,0,1,0,0,0,0,2,1163.3,8.666666667000001,1658.142857,72,0,0,0,0,0,0,3,26,7,11607,8192,229,2,20,0.0,0.0,0,0,0.0,0.0,0,0,DDoS
80,99343,3,6,26,11607,20,0,8.666666667000001,10.26320288,4380,0,1934.5,2177.344966,117099.3427,90.59521053,12417.875,34666.27137,98211,2,986,493.0,305.4701295,709,277,99257,19851.4,43806.3046,98211,2,0,0,0,0,72,132,30.19840351,60.39680702,0,4380,1163.3,1903.962654,3625073.789,0,0,0,1,0,0,0,0,2,1292.555556,8.666666667000001,1934.5,72,0,0,0,0,0,0,3,26,6,11607,8192,229,2,20,0.0,0.0,0,0,0.0,0.0,0,0,DDoS
123,67016042,7,7,336,336,48,48,48.0,0.0,48,48,48.0,0.0,10.02744985,0.208905205,5155080.154,15600000.0,57000000,16153,67000000,11200000.0,22500000.0,57000000,1999904,67000000,11200000.0,22500000.0,57000000,1999750,0,0,0,0,156,156,0.104452603,0.104452603,48,48,48.0,0.0,0.0,0,0,0,0,0,0,0,0,1,51.42857143,48.0,48.0,156,0,0,0,0,0,0,7,336,7,336,-1,-1,6,0,10000000.0,0.0,10000000,10000000,57000000.0,0.0,57000000,57000000,BENIGN
58892,2,1,1,0,0,0,0,0.0,0.0,0,0,0.0,0.0,0.0,1000000.0,2.0,0.0,2,2,0,0.0,0.0,0,0,0,0.0,0.0,0,0,0,0,0,0,32,32,500000.0,500000.0,0,0,0.0,0.0,0.0,0,0,0,0,1,0,0,0,1,0.0,0.0,0.0,32,0,0,0,0,0,0,1,0,1,0,2081,237,0,32,0.0,0.0,0,0,0.0,0.0,0,0,BENIGN
88,2687,9,6,3074,3010,1537,0,341.55555560000005,677.7532942,1505,0,501.66666669999995,777.1786581,2264235.207,5582.433940999999,191.9285714,423.9485572,1505,3,2687,335.875,542.269421,1505,3,1091,218.2,322.49217039999996,730,4,0,0,0,0,204,144,3349.460365,2232.9735760000003,0,1537,380.25,680.2620573,462756.4667,0,0,0,1,0,0,0,0,0,405.6,341.55555560000005,501.66666669999995,204,0,0,0,0,0,0,9,3074,6,3010,8192,2053,2,20,0.0,0.0,0,0,0.0,0.0,0,0,BENIGN
26654,80394,15,6,20514,0,2896,0,1367.6,1152.338232,0,0,0.0,0.0,255168.2961,261.21352340000004,4019.7,17439.68857,78092,1,80394,5742.428571,20829.41618,78092,2,78344,15668.8,35032.0298,78336,1,0,0,0,0,496,208,186.58108810000002,74.63243526,0,2896,932.4545455,1144.696705,1310330.545,0,0,0,1,0,0,0,0,0,976.8571429,1367.6,0.0,496,0,0,0,0,0,0,15,20514,6,0,29200,362,10,32,0.0,0.0,0,0,0.0,0.0,0,0,BENIGN
80,2922376,4,0,24,0,6,6,6.0,0.0,0,0,0.0,0.0,8.212495586000001,1.368749264,974125.3333,1686634.418,2921683,237,2922376,974125.3333,1686634.418,2921683,237,0,0.0,0.0,0,0,0,0,0,0,80,0,1.368749264,0.0,6,6,6.0,0.0,0.0,0,0,0,0,1,0,0,0,0,7.5,6.0,0.0,80,0,0,0,0,0,0,4,24,0,0,256,-1,3,20,0.0,0.0,0,0,0.0,0.0,0,0,DDoS
80,914144,3,5,26,11607,20,0,8.666666667000001,10.26320288,8760,0,2321.4,3802.315321,12725.566209999999,8.75135646,130592.0,345089.3925,913181,3,719,359.5,504.167135,716,3,914099,228524.75,456437.6076,913181,4,0,0,0,0,72,112,3.281758673,5.469597788,0,8760,1292.555556,2952.520834,8717379.277999999,0,0,0,1,0,0,0,0,1,1454.125,8.666666667000001,2321.4,72,0,0,0,0,0,0,3,26,5,11607,8192,229,2,20,0.0,0.0,0,0,0.0,0.0,0,0,DDoS
80,853220,3,4,26,11601,20,0,8.666666667000001,10.26320288,8760,0,2900.25,4128.3193009999995,13627.200490000001,8.204214622,142203.3333,341799.8259,839820,1,13055,6527.5,9229.864815,13054,1,853152,284384.0,481065.3178,839820,187,0,0,0,0,72,92,3.516091981,4.6881226410000005,0,8760,1453.375,3113.952607,9696700.839,0,0,0,1,0,0,0,0,1,1661.0,8.666666667000001,2900.25,72,0,0,0,0,0,0,3,26,4,11601,8192,229,2,20,0.0,0.0,0,0,0.0,0.0,0,0,DDoS
389,21500,13,11,5458,940,1536,0,419.84615379999997,614.730679,210,0,85.45454545,99.28581332,297581.3953,1116.2790699999998,934.7826087000001,4112.6702780000005,19792,2,21500,1791.6666670000002,5705.602324,19895,2,21443,2144.3,6286.328076,20028,3,0,0,0,0,284,244,604.6511628,511.62790700000005,0,1536,255.92,472.92414119999995,223657.2433,0,0,0,1,0,0,0,0,0,266.5833333,419.84615379999997,85.45454545,284,0,0,0,0,0,0,13,5458,11,940,8192,0,8,20,0.0,0.0,0,0,0.0,0.0,0,0,BENIGN
80,306157,3,6,26,11607,20,0,8.666666667000001,10.26320288,5840,0,1934.5,2538.9192780000003,37996.84476,29.39668209,38269.625,107926.2565,305373,3,649,324.5,432.0422433,630,19,306140,61228.0,136481.48,305373,3,0,0,0,0,72,132,9.798894031,19.59778806,0,5840,1163.3,2138.329153,4572451.567,0,0,0,1,0,0,0,0,2,1292.555556,8.666666667000001,1934.5,72,0,0,0,0,0,0,3,26,6,11607,8192,229,2,20,0.0,0.0,0,0,0.0,0.0,0,0,DDoS
443,2583611,2,2,0,0,0,0,0.0,0.0,0,0,0.0,0.0,0.0,1.548220688,861203.6667,1329216.3,2392069,92,191542,191542.0,0.0,191542,191542,2392161,2392161.0,0.0,2392161,2392161,0,0,0,0,72,72,0.774110344,0.774110344,0,0,0.0,0.0,0.0,0,0,0,1,0,0,0,0,1,0.0,0.0,0.0,72,0,0,0,0,0,0,2,0,2,0,29200,227,0,32,0.0,0.0,0,0,0.0,0.0,0,0,BENIGN
80,913357,3,5,26,11607,20,0,8.666666667000001,10.26320288,8760,0,2321.4,3802.315321,12736.53128,8.758897122999999,130479.5714,344873.0512,912578,2,592,296.0,412.9503602,588,4,913341,228335.25,456161.9051,912578,2,0,0,0,0,72,112,3.284586421,5.474310702,0,8760,1292.555556,2952.520834,8717379.277999999,0,0,0,1,0,0,0,0,1,1454.125,8.666666667000001,2321.4,72,0,0,0,0,0,0,3,26,5,11607,8192,229,2,20,0.0,0.0,0,0,0.0,0.0,0,0,DDoS
80,2060995,5,0,30,0,6,6,6.0,0.0,0,0,0.0,0.0,14.55607607,2.426012678,515248.75,1029805.615,2059957,1,2060995,515248.75,1029805.615,2059957,1,0,0.0,0.0,0,0,0,0,0,0,100,0,2.426012678,0.0,6,6,6.0,0.0,0.0,0,0,0,0,1,0,0,0,0,7.2,6.0,0.0,100,0,0,0,0,0,0,5,30,0,0,256,-1,4,20,0.0,0.0,0,0,0.0,0.0,0,0,DDoS
80,4021871,4,0,24,0,6,6,6.0,0.0,0,0,0.0,0.0,5.967371902000001,0.9945619840000001,1340623.6670000001,2320195.168,4019754,4,4021871,1340623.6670000001,2320195.168,4019754,4,0,0.0,0.0,0,0,0,0,0,0,80,0,0.9945619840000001,0.0,6,6,6.0,0.0,0.0,0,0,0,0,1,0,0,0,0,7.5,6.0,0.0,80,0,0,0,0,0,0,4,24,0,0,256,-1,3,20,0.0,0.0,0,0,0.0,0.0,0,0,DDoS
80,100287,3,6,26,11607,20,0,8.666666667000001,10.26320288,5840,0,1934.5,2538.9192780000003,115997.0884,89.74243919999999,12535.875,35089.36317,99376,2,761,380.5,409.4148263,670,91,100268,20053.6,44343.78655,99376,2,0,0,0,0,72,132,29.914146399999996,59.82829279999999,0,5840,1163.3,2138.329153,4572451.567,0,0,0,1,0,0,0,0,2,1292.555556,8.666666667000001,1934.5,72,0,0,0,0,0,0,3,26,6,11607,8192,229,2,20,0.0,0.0,0,0,0.0,0.0,0,0,DDoS
43540,291,5,1,407,0,258,0,81.4,102.16310490000001,0,0,0.0,0.0,1398625.43,20618.5567,58.2,76.96557672,189,1,291,72.75,113.63501509999999,240,1,0,0.0,0.0,0,0,1,0,0,0,160,20,17182.13058,3436.426117,0,258,95.0,114.2132508,13044.66667,0,1,0,0,1,0,0,0,0,110.83333329999999,81.4,0.0,160,0,0,0,0,0,0,5,407,1,0,118,0,3,32,0.0,0.0,0,0,0.0,0.0,0,0,BENIGN
51070,4,3,0,0,0,0,0,0.0,0.0,0,0,0.0,0.0,0.0,750000.0,2.0,1.4142135619999998,3,1,4,2.0,1.4142135619999998,3,1,0,0.0,0.0,0,0,0,0,0,0,108,0,750000.0,0.0,0,0,0.0,0.0,0.0,0,0,0,0,1,0,0,0,0,0.0,0.0,0.0,108,0,0,0,0,0,0,3,0,0,0,115,-1,0,32,0.0,0.0,0,0,0.0,0.0,0,0,BENIGN
443,729,2,0,0,0,0,0,0.0,0.0,0,0,0.0,0.0,0.0,2743.484225,729.0,0.0,729,729,729,729.0,0.0,729,729,0,0.0,0.0,0,0,0,0,0,0,64,0,2743.484225,0.0,0,0,0.0,0.0,0.0,0,0,0,0,1,0,0,0,0,0.0,0.0,0.0,64,0,0,0,0,0,0,2,0,0,0,247,-1,0,32,0.0,0.0,0,0,0.0,0.0,0,0,BENIGN
389,5167,13,11,4130,5688,1672,0,317.6923077,614.2608546,2634,0,517.0909091,871.4825821000001,1900135.475,4644.861621999999,224.6521739,658.0233215,3074,1,5167,430.58333330000005,940.6241117999999,3074,1,5098,509.8,995.7235002,3180,1,0,0,0,0,284,244,2515.966712,2128.89491,0,2634,392.72,722.2699472,521673.8767,0,0,0,1,0,0,0,0,0,409.0833333,317.6923077,517.0909091,284,0,0,0,0,0,0,13,4130,11,5688,8192,0,6,20,0.0,0.0,0,0,0.0,0.0,0,0,BENIGN
80,1658555,3,6,26,11607,20,0,8.666666667000001,10.26320288,4380,0,1934.5,2177.344966,7013.936831,5.426410338999999,207319.375,585957.8976,1657491,2,927,463.5,649.8311319000001,923,4,1658507,331701.4,741139.0262,1657491,2,0,0,0,0,72,132,1.808803446,3.617606893,0,4380,1163.3,1903.962654,3625073.789,0,0,0,1,0,0,0,0,2,1292.555556,8.666666667000001,1934.5,72,0,0,0,0,0,0,3,26,6,11607,8192,229,2,20,0.0,0.0,0,0,0.0,0.0,0,0,DDoS
443,639150,11,11,564,4085,198,0,51.27272727,74.70487388,1460,0,371.36363639999996,567.9514544,7273.722913,34.42071501,30435.714289999996,57025.30932000001,215962,1,639150,63915.0,69930.09811,215962,3,578146,57814.6,98798.85421,260187,1,0,0,0,0,232,232,17.21035751,17.21035751,0,1460,202.13043480000002,420.3748656,176715.0277,0,0,0,1,0,0,0,0,1,211.3181818,51.27272727,371.36363639999996,232,0,0,0,0,0,0,11,564,11,4085,8192,123,5,20,0.0,0.0,0,0,0.0,0.0,0,0,BENIGN
80,5181899,5,0,30,0,6,6,6.0,0.0,0,0,0.0,0.0,5.78938339,0.964897232,1295474.75,2590072.865,5180584,3,5181899,1295474.75,2590072.865,5180584,3,0,0.0,0.0,0,0,0,0,0,0,100,0,0.964897232,0.0,6,6,6.0,0.0,0.0,0,0,0,0,1,0,0,0,0,7.2,6.0,0.0,100,0,0,0,0,0,0,5,30,0,0,256,-1,4,20,1315.0,0.0,1315,1315,5180584.0,0.0,5180584,5180584,DDoS
443,71019154,40,47,1310,63668,517,0,32.75,111.07764669999999,3864,0,1354.638298,1087.173448,914.936272,1.2250216329999999,825804.1163,2616896.894,10000000,0,61500000,1577035.513,3505645.035,10200000,48,70900000,1540663.37,3494563.8989999997,10200000,2,0,0,0,0,1288,1512,0.5632283370000001,0.661793296,0,3864,738.3863636,1034.8072,1070825.9409999999,0,0,0,1,0,0,0,0,1,746.8735632,32.75,1354.638298,1288,0,0,0,0,0,0,40,1310,47,63668,29200,252,4,32,717506.0,1435892.074,3971244,148771,9428080.714,1273501.011,10000000,6591485,BENIGN
80,930512,3,6,26,11607,20,0,8.666666667000001,10.26320288,4380,0,1934.5,2177.344966,12501.71948,9.672094503,116314.0,328526.3745,929375,3,989,494.5,563.5641046000001,893,96,930463,186092.6,415507.7186,929375,3,0,0,0,0,72,132,3.2240315010000002,6.4480630020000005,0,4380,1163.3,1903.962654,3625073.789,0,0,0,1,0,0,0,0,2,1292.555556,8.666666667000001,1934.5,72,0,0,0,0,0,0,3,26,6,11607,8192,229,2,20,0.0,0.0,0,0,0.0,0.0,0,0,DDoS
80,1655458,3,6,26,11607,20,0,8.666666667000001,10.26320288,5840,0,1934.5,2538.9192780000003,7027.058373000001,5.436561967,206932.25,584828.1901,1654308,3,1024,512.0,654.7808794,975,49,1655351,331070.2,739712.5339,1654308,3,0,0,0,0,72,132,1.812187322,3.624374644,0,5840,1163.3,2138.329153,4572451.567,0,0,0,1,0,0,0,0,2,1292.555556,8.666666667000001,1934.5,72,0,0,0,0,0,0,3,26,6,11607,8192,229,2,20,0.0,0.0,0,0,0.0,0.0,0,0,DDoS
80,30996,3,6,26,11601,20,0,8.666666667000001,10.26320288,4380,0,1933.5,1998.0254,375112.9178,290.3600465,3874.5,6996.507762,16756,48,13713,6856.5,9532.506517,13597,116,30885,6177.0,8322.822929,16756,48,0,0,0,0,72,132,96.78668215,193.5733643,0,4380,1162.7,1791.113375,3208087.122,0,0,0,1,0,0,0,0,2,1291.888889,8.666666667000001,1933.5,72,0,0,0,0,0,0,3,26,6,11601,8192,229,2,20,0.0,0.0,0,0,0.0,0.0,0,0,DDoS
80,5035408,4,0,24,0,6,6,6.0,0.0,0,0,0.0,0.0,4.766247343,0.794374557,1678469.333,2906535.985,5034648,334,5035408,1678469.333,2906535.985,5034648,334,0,0.0,0.0,0,0,0,0,0,0,80,0,0.794374557,0.0,6,6,6.0,0.0,0.0,0,0,0,0,1,0,0,0,0,7.5,6.0,0.0,80,0,0,0,0,0,0,4,24,0,0,256,-1,3,20,760.0,0.0,760,760,5034648.0,0.0,5034648,5034648,DDoS
53,48291,1,1,101,165,101,101,101.0,0.0,165,165,165.0,0.0,5508.272763,41.41558468,48291.0,0.0,48291,48291,0,0.0,0.0,0,0,0,0.0,0.0,0,0,0,0,0,0,20,20,20.70779234,20.70779234,101,165,122.33333329999999,36.95041723,1365.333333,0,0,0,0,0,0,0,0,1,183.5,101.0,165.0,20,0,0,0,0,0,0,1,101,1,165,-1,-1,0,20,0.0,0.0,0,0,0.0,0.0,0,0,BENIGN
443,550624,10,8,533,4162,200,0,53.3,74.4506548,1430,0,520.25,633.3310464,8526.689719,32.69018423,32389.647060000003,50292.25329,188830,3,550624,61180.44444,59108.15617,188830,3,469488,67069.71429,95574.52022,237549,5,0,0,0,0,212,172,18.16121346,14.52897077,0,1430,247.10526319999997,464.94765470000004,216176.3216,0,0,0,1,0,0,0,0,0,260.8333333,53.3,520.25,212,0,0,0,0,0,0,10,533,8,4162,8192,176,5,20,0.0,0.0,0,0,0.0,0.0,0,0,BENIGN
443,656,2,0,0,0,0,0,0.0,0.0,0,0,0.0,0.0,0.0,3048.780488,656.0,0.0,656,656,656,656.0,0.0,656,656,0,0.0,0.0,0,0,0,0,0,0,64,0,3048.780488,0.0,0,0,0.0,0.0,0.0,0,0,0,0,1,0,0,0,0,0.0,0.0,0.0,64,0,0,0,0,0,0,2,0,0,0,801,-1,0,32,0.0,0.0,0,0,0.0,0.0,0,0,BENIGN
53,23608,1,1,50,105,50,50,50.0,0.0,105,105,105.0,0.0,6565.570993,84.71704507,23608.0,0.0,23608,23608,0,0.0,0.0,0,0,0,0.0,0.0,0,0,0,0,0,0,20,20,42.35852253,42.35852253,50,105,68.33333333,31.75426481,1008.333333,0,0,0,0,0,0,0,0,1,102.5,50.0,105.0,20,0,0,0,0,0,0,1,50,1,105,-1,-1,0,20,0.0,0.0,0,0,0.0,0.0,0,0,BENIGN
53,48352,1,1,101,165,101,101,101.0,0.0,165,165,165.0,0.0,5501.323627000001,41.36333554,48352.0,0.0,48352,48352,0,0.0,0.0,0,0,0,0.0,0.0,0,0,0,0,0,0,0,0,20.68166777,20.68166777,101,165,122.33333329999999,36.95041723,1365.333333,0,0,0,0,0,0,0,0,1,183.5,101.0,165.0,0,0,0,0,0,0,0,1,101,1,165,-1,-1,0,0,0.0,0.0,0,0,0.0,0.0,0,0,BENIGN
80,1281820,3,6,26,11607,20,0,8.666666667000001,10.26320288,5840,0,1934.5,2538.9192780000003,9075.377198,7.021266637,160227.5,452919.5003,1281146,3,547,273.5,381.13055510000004,543,4,1281776,256355.2,572875.5212,1281146,3,0,0,0,0,72,132,2.340422212,4.680844424,0,5840,1163.3,2138.329153,4572451.567,0,0,0,1,0,0,0,0,2,1292.555556,8.666666667000001,1934.5,72,0,0,0,0,0,0,3,26,6,11607,8192,229,2,20,0.0,0.0,0,0,0.0,0.0,0,0,DDoS
123,70024132,3,3,144,144,48,48,48.0,0.0,48,48,48.0,0.0,4.112867832,0.08568474699999999,14000000.0,28600000.0,65000000,36781,70000000,35000000.0,42400000.0,65000000,4991701,70000000,35000000.0,42400000.0,65000000,4991774,0,0,0,0,72,72,0.042842372999999996,0.042842372999999996,48,48,48.0,0.0,0.0,0,0,0,0,0,0,0,0,1,56.0,48.0,48.0,72,0,0,0,0,0,0,3,144,3,144,-1,-1,2,20,5028603.0,0.0,5028603,5028603,65000000.0,0.0,65000000,65000000,BENIGN
80,6033843,5,0,30,0,6,6,6.0,0.0,0,0,0.0,0.0,4.971955684,0.828659281,1508460.75,3014921.611,6030843,1,6033843,1508460.75,3014921.611,6030843,1,0,0.0,0.0,0,0,0,0,0,0,100,0,0.828659281,0.0,6,6,6.0,0.0,0.0,0,0,0,0,1,0,0,0,0,7.2,6.0,0.0,100,0,0,0,0,0,0,5,30,0,0,256,-1,4,20,3000.0,0.0,3000,3000,6030843.0,0.0,6030843,6030843,DDoS
88,914,9,4,626,3064,313,0,69.55555556,138.0200267,1532,0,766.0,884.5006124,4037199.125,14223.19475,76.16666667,191.73648269999998,680,1,914,114.25,276.512335,796,1,824,274.6666667,393.46452610000006,729,47,0,0,0,0,204,104,9846.827133,4376.367615,0,1532,263.5714286,548.9435607999999,301339.033,0,0,0,1,0,0,0,0,0,283.8461538,69.55555556,766.0,204,0,0,0,0,0,0,9,626,4,3064,8192,2053,2,20,0.0,0.0,0,0,0.0,0.0,0,0,BENIGN
88,662,7,4,466,412,233,0,66.57142857,113.6923585,206,0,103.0,118.93415549999999,1326283.988,16616.3142,66.2,131.312858,425,1,662,110.33333329999999,214.547586,545,1,492,164.0,277.9946043,485,3,0,0,0,0,164,104,10574.01813,6042.2960729999995,0,233,73.16666667,108.38050259999999,11746.33333,0,0,0,1,0,0,0,0,0,79.81818182,66.57142857,103.0,164,0,0,0,0,0,0,7,466,4,412,8192,2053,2,20,0.0,0.0,0,0,0.0,0.0,0,0,BENIGN
43970,249,2,1,258,0,258,0,129.0,182.4335495,0,0,0.0,0.0,1036144.578,12048.19277,124.5,84.14570696,184,65,249,249.0,0.0,249,249,0,0.0,0.0,0,0,1,0,0,0,64,20,8032.128514,4016.064257,0,258,129.0,148.9563695,22188.0,0,1,0,0,1,0,0,0,0,172.0,129.0,0.0,64,0,0,0,0,0,0,2,258,1,0,130,0,0,32,0.0,0.0,0,0,0.0,0.0,0,0,BENIGN
80,111384,3,6,26,11607,20,0,8.666666667000001,10.26320288,4380,0,1934.5,2177.344966,104440.4941,80.80155139,13923.0,38958.7302,110340,15,787,393.5,320.31937189999996,620,167,111314,22262.8,49268.631010000005,110396,15,0,0,0,0,72,132,26.93385046,53.86770093,0,4380,1163.3,1903.962654,3625073.789,0,0,0,1,0,0,0,0,2,1292.555556,8.666666667000001,1934.5,72,0,0,0,0,0,0,3,26,6,11607,8192,229,2,20,0.0,0.0,0,0,0.0,0.0,0,0,DDoS
80,128063,3,2,427,654,427,0,142.33333330000002,246.52856490000002,654,0,327.0,462.4478348999999,8441.157868,39.04328338,32015.75,28663.53747,69768,33,98825,49412.5,28787.02417,69768,29057,99039,99039.0,0.0,99039,99039,0,0,0,0,72,44,23.42597003,15.61731335,0,654,180.16666669999998,288.196056,83056.96667000001,0,0,0,1,0,0,0,0,0,216.2,142.33333330000002,327.0,72,0,0,0,0,0,0,3,427,2,654,8192,16384,1,20,0.0,0.0,0,0,0.0,0.0,0,0,BENIGN
53,23667,1,1,63,79,63,63,63.0,0.0,79,79,79.0,0.0,5999.915494,84.50585203,23667.0,0.0,23667,23667,0,0.0,0.0,0,0,0,0.0,0.0,0,0,0,0,0,0,20,20,42.25292602,42.25292602,63,79,68.33333333,9.237604307,85.33333333,0,0,0,0,0,0,0,0,1,102.5,63.0,79.0,20,0,0,0,0,0,0,1,63,1,79,-1,-1,0,20,0.0,0.0,0,0,0.0,0.0,0,0,BENIGN
88,1051,9,6,3110,3108,1555,0,345.55555560000005,685.6905481000001,1554,0,518.0,802.4821493,5916270.219,14272.121790000001,75.07142857,202.0314006,773,1,1051,131.375,316.34517200000005,911,1,964,192.8,329.06108860000006,773,1,0,0,0,0,304,208,8563.273073,5708.8487159999995,0,1555,388.625,695.1935822,483294.1167,0,0,0,1,0,0,0,0,0,414.53333330000004,345.55555560000005,518.0,304,0,0,0,0,0,0,9,3110,6,3108,29200,2081,2,32,0.0,0.0,0,0,0.0,0.0,0,0,BENIGN
37065,19,3,0,0,0,0,0,0.0,0.0,0,0,0.0,0.0,0.0,157894.7368,9.5,7.778174592999999,15,4,19,9.5,7.778174592999999,15,4,0,0.0,0.0,0,0,0,0,0,0,96,0,157894.7368,0.0,0,0,0.0,0.0,0.0,0,0,0,0,1,0,0,0,0,0.0,0.0,0.0,96,0,0,0,0,0,0,3,0,0,0,395,-1,0,32,0.0,0.0,0,0,0.0,0.0,0,0,BENIGN
443,6895,2,0,0,0,0,0,0.0,0.0,0,0,0.0,0.0,0.0,290.0652647,6895.0,0.0,6895,6895,6895,6895.0,0.0,6895,6895,0,0.0,0.0,0,0,0,0,0,0,40,0,290.0652647,0.0,0,0,0.0,0.0,0.0,0,0,0,0,1,0,0,0,0,0.0,0.0,0.0,40,0,0,0,0,0,0,2,0,0,0,253,-1,0,20,0.0,0.0,0,0,0.0,0.0,0,0,BENIGN
80,3675,2,0,0,0,0,0,0.0,0.0,0,0,0.0,0.0,0.0,544.2176871,3675.0,0.0,3675,3675,3675,3675.0,0.0,3675,3675,0,0.0,0.0,0,0,0,0,0,0,40,0,544.2176871,0.0,0,0,0.0,0.0,0.0,0,0,0,0,1,0,0,0,0,0.0,0.0,0.0,40,0,0,0,0,0,0,2,0,0,0,64130,-1,0,20,0.0,0.0,0,0,0.0,0.0,0,0,BENIGN
57731,1655,6,4,6333,0,2796,0,1055.5,1057.451985,0,0,0.0,0.0,3826586.103,6042.2960729999995,183.88888889999998,325.0013248,1034,2,1655,331.0,403.42161569999996,1034,2,462,154.0,94.88413988,231,48,0,0,0,0,192,80,3625.3776439999997,2416.918429,0,2796,575.7272727000001,928.9469405,862942.4182,0,0,0,0,1,0,0,0,0,633.3,1055.5,0.0,192,0,0,0,0,0,0,6,6333,4,0,115,0,4,32,0.0,0.0,0,0,0.0,0.0,0,0,BENIGN
80,16392,3,4,26,11601,20,0,8.666666667000001,10.26320288,8760,0,2900.25,4128.3193009999995,709309.4192,427.03757930000006,2732.0,5489.226576,13821,6,14063,7031.5,9610.288263,13827,236,16386,5462.0,7556.692332,14119,187,0,0,0,0,72,92,183.0161054,244.02147390000002,0,8760,1453.375,3113.952607,9696700.839,0,0,0,1,0,0,0,0,1,1661.0,8.666666667000001,2900.25,72,0,0,0,0,0,0,3,26,4,11601,8192,229,2,20,0.0,0.0,0,0,0.0,0.0,0,0,DDoS
80,934541,3,6,26,11607,20,0,8.666666667000001,10.26320288,4380,0,1934.5,2177.344966,12447.821979999999,9.630396098,116817.625,329989.2164,933499,3,930,465.0,586.8986284,880,50,934464,186892.8,417365.7259,933499,3,0,0,0,0,72,132,3.2101320330000003,6.420264065,0,4380,1163.3,1903.962654,3625073.789,0,0,0,1,0,0,0,0,2,1292.555556,8.666666667000001,1934.5,72,0,0,0,0,0,0,3,26,6,11607,8192,229,2,20,0.0,0.0,0,0,0.0,0.0,0,0,DDoS
80,35665,2,0,0,0,0,0,0.0,0.0,0,0,0.0,0.0,0.0,56.07738679,35665.0,0.0,35665,35665,35665,35665.0,0.0,35665,35665,0,0.0,0.0,0,0,0,0,0,0,40,0,56.07738679,0.0,0,0,0.0,0.0,0.0,0,0,0,0,1,0,0,0,0,0.0,0.0,0.0,40,0,0,0,0,0,0,2,0,0,0,256,-1,0,20,0.0,0.0,0,0,0.0,0.0,0,0,BENIGN
1279,42010,3,0,0,0,0,0,0.0,0.0,0,0,0.0,0.0,0.0,71.41156867,21005.0,29701.313239999996,42007,3,42010,21005.0,29701.313239999996,42007,3,0,0.0,0.0,0,0,0,0,0,0,60,0,71.41156867,0.0,0,0,0.0,0.0,0.0,0,0,0,0,1,0,0,0,0,0.0,0.0,0.0,60,0,0,0,0,0,0,3,0,0,0,176,-1,0,20,0.0,0.0,0,0,0.0,0.0,0,0,BENIGN
389,4036,13,11,4076,1020,1646,0,313.53846150000004,596.249195,210,0,92.72727273,91.46266004,1262636.274,5946.481665,175.4782609,407.0568276,1701,1,4036,336.3333333,575.2944437000001,1701,1,3994,399.4,576.4620446,1733,47,0,0,0,0,284,244,3221.010902,2725.470763,0,1646,203.84,441.7581993,195150.3067,0,0,0,1,0,0,0,0,0,212.33333330000002,313.53846150000004,92.72727273,284,0,0,0,0,0,0,13,4076,11,1020,8192,0,8,20,0.0,0.0,0,0,0.0,0.0,0,0,BENIGN
123,69027645,7,7,336,336,48,48,48.0,0.0,48,48,48.0,0.0,9.735229993999999,0.20281729199999998,5309818.846,16200000.0,59000000,27658,69000000,11500000.0,23300000.0,59000000,1999943,69000000,11500000.0,23300000.0,59000000,1999564,0,0,0,0,152,152,0.10140864599999999,0.10140864599999999,48,48,48.0,0.0,0.0,0,0,0,0,0,0,0,0,1,51.42857143,48.0,48.0,152,0,0,0,0,0,0,7,336,7,336,-1,-1,6,20,10000000.0,0.0,10000000,10000000,59000000.0,0.0,59000000,59000000,BENIGN
123,66021966,7,7,336,336,48,48,48.0,0.0,48,48,48.0,0.0,10.17843062,0.212050638,5078612.768999999,15300000.0,56000000,22006,66000000,11000000.0,22000000.0,56000000,1999896,66000000,11000000.0,22000000.0,56000000,1999801,0,0,0,0,164,164,0.106025319,0.106025319,48,48,48.0,0.0,0.0,0,0,0,0,0,0,0,0,1,51.42857143,48.0,48.0,164,0,0,0,0,0,0,7,336,7,336,-1,-1,6,20,10000000.0,0.0,10000000,10000000,56000000.0,0.0,56000000,56000000,BENIGN
80,449014,3,5,26,11607,20,0,8.666666667000001,10.26320288,5840,0,2321.4,3173.3738829999998,25907.87815,17.8168164,64144.85714,169220.3782,447900,3,909,454.5,637.1032098,905,4,448958,112239.5,223774.0281,447900,3,0,0,0,0,72,112,6.681306151,11.13551025,0,5840,1292.555556,2554.159212,6523729.278,0,0,0,1,0,0,0,0,1,1454.125,8.666666667000001,2321.4,72,0,0,0,0,0,0,3,26,5,11607,8192,229,2,20,0.0,0.0,0,0,0.0,0.0,0,0,DDoS
1140,244,2,0,0,0,0,0,0.0,0.0,0,0,0.0,0.0,0.0,8196.721311,244.0,0.0,244,244,244,244.0,0.0,244,244,0,0.0,0.0,0,0,0,0,0,0,40,0,8196.721311,0.0,0,0,0.0,0.0,0.0,0,0,0,0,1,0,0,0,0,0.0,0.0,0.0,40,0,0,0,0,0,0,2,0,0,0,360,-1,0,20,0.0,0.0,0,0,0.0,0.0,0,0,BENIGN
3268,53502,18,13,4112,6798,1313,0,228.4444444,416.9378882,3069,0,522.9230769,942.6004332999998,203917.6106,579.4175918999999,1783.4,7335.036439,38620,0,53502,3147.176471,9703.190817,38863,1,14862,1238.5,3816.7272390000003,13346,3,0,0,0,0,592,432,336.4360211,242.98157080000001,0,3069,340.9375,681.3588386,464249.8669,0,0,0,1,0,0,0,0,0,351.93548389999995,228.4444444,522.9230769,592,0,0,0,0,0,0,18,4112,13,6798,29200,2081,10,32,0.0,0.0,0,0,0.0,0.0,0,0,BENIGN
88,773,9,4,612,2944,306,0,68.0,134.9333169,1472,0,736.0,849.8595962000002,4600258.732,16817.59379,64.41666667,148.6982658,531,1,773,96.625,196.6657335,580,1,675,225.0,348.90113210000004,627,1,0,0,0,0,204,104,11642.94955,5174.644243,0,1472,254.0,527.5207615,278278.1538,0,0,0,1,0,0,0,0,0,273.53846150000004,68.0,736.0,204,0,0,0,0,0,0,9,612,4,2944,8192,2053,2,20,0.0,0.0,0,0,0.0,0.0,0,0,BENIGN
80,1393,3,6,26,11607,20,0,8.666666667000001,10.26320288,4380,0,1934.5,2177.344966,8351040.919,6460.875808,174.125,295.81289330000004,874,3,950,475.0,666.0945879,946,4,1321,264.2,401.5161267,956,3,0,0,0,0,72,132,2153.625269,4307.250538,0,4380,1163.3,1903.962654,3625073.789,0,0,0,1,0,0,0,0,2,1292.555556,8.666666667000001,1934.5,72,0,0,0,0,0,0,3,26,6,11607,8192,229,2,20,0.0,0.0,0,0,0.0,0.0,0,0,DDoS
1127,47,2,0,31,0,31,0,15.5,21.92031022,0,0,0.0,0.0,659574.4681,42553.19149,47.0,0.0,47,47,47,47.0,0.0,47,47,0,0.0,0.0,0,0,1,0,0,0,40,0,42553.19149,0.0,0,31,20.66666667,17.89785834,320.3333333,0,1,0,0,1,0,0,0,0,31.0,15.5,0.0,40,0,0,0,0,0,0,2,31,0,0,946,-1,0,20,0.0,0.0,0,0,0.0,0.0,0,0,BENIGN
80,1328,2,0,0,0,0,0,0.0,0.0,0,0,0.0,0.0,0.0,1506.024096,1328.0,0.0,1328,1328,1328,1328.0,0.0,1328,1328,0,0.0,0.0,0,0,0,0,0,0,40,0,1506.024096,0.0,0,0,0.0,0.0,0.0,0,0,0,0,1,0,0,0,0,0.0,0.0,0.0,40,0,0,0,0,0,0,2,0,0,0,253,-1,0,20,0.0,0.0,0,0,0.0,0.0,0,0,BENIGN
22,231,1,1,0,0,0,0,0.0,0.0,0,0,0.0,0.0,0.0,8658.008658,231.0,0.0,231,231,0,0.0,0.0,0,0,0,0.0,0.0,0,0,0,0,0,0,20,20,4329.004329,4329.004329,0,0,0.0,0.0,0.0,0,0,0,0,1,1,0,0,1,0.0,0.0,0.0,20,0,0,0,0,0,0,1,0,1,0,250,245,0,20,0.0,0.0,0,0,0.0,0.0,0,0,BENIGN
443,155932,9,11,533,5370,196,0,59.22222222,83.73138267,1460,0,488.1818182,650.8961235,37856.24503,128.2610369,8206.947368000001,12268.31496,28712,3,155932,19491.5,12928.45326,30533,49,101968,10196.8,16012.33004,42153,3,0,0,0,0,192,232,57.71746659,70.54357027,0,1460,281.0952381,514.1275041,264327.0905,0,0,0,1,0,0,0,0,1,295.15,59.22222222,488.1818182,192,0,0,0,0,0,0,9,533,11,5370,8192,12501,4,20,0.0,0.0,0,0,0.0,0.0,0,0,BENIGN
80,901739,3,6,26,11607,20,0,8.666666667000001,10.26320288,5755,0,1934.5,2529.1245719999997,12900.62867,9.980715041,112717.375,318402.0317,900722,3,717,358.5,502.7529214,714,3,901708,180341.6,402704.9889,900722,14,0,0,0,0,72,132,3.326905014,6.6538100270000005,0,5755,1163.3,2131.87096,4544873.789,0,0,0,1,0,0,0,0,2,1292.555556,8.666666667000001,1934.5,72,0,0,0,0,0,0,3,26,6,11607,8192,229,2,20,0.0,0.0,0,0,0.0,0.0,0,0,DDoS
443,5899937,8,6,351,4275,194,0,43.875,74.71170782,1460,0,712.5,709.1678927,784.0761689,2.372906694,453841.3077,1549100.246,5606416,1,5899937,842848.1429,2102014.865,5606416,1,69631,13926.2,18856.02075,39892,48,0,0,0,0,172,132,1.355946682,1.016960012,0,1460,308.4,546.9622343,299167.6857,0,0,0,1,0,0,0,0,0,330.42857139999995,43.875,712.5,172,0,0,0,0,0,0,8,351,6,4275,8192,946,3,20,293520.0,0.0,293520,293520,5606416.0,0.0,5606416,5606416,BENIGN
80,71285,3,4,427,2267,427,0,142.33333330000002,246.52856490000002,2267,0,566.75,1133.5,37791.961839999996,98.19737673,11880.83333,14294.30206,29428,5,41194,20597.0,12423.86615,29382,11812,41915,13971.666669999999,23627.717669999998,41252,5,0,0,0,0,72,84,42.08459003,56.11278670000001,0,2267,336.75,794.1224717,630630.5,0,0,0,1,0,0,0,0,1,384.85714289999993,142.33333330000002,566.75,72,0,0,0,0,0,0,3,427,4,2267,8192,30016,1,20,0.0,0.0,0,0,0.0,0.0,0,0,BENIGN
80,8034753,5,0,30,0,6,6,6.0,0.0,0,0,0.0,0.0,3.733779993,0.622296665,2008688.25,4016964.51,8034135,1,8034753,2008688.25,4016964.51,8034135,1,0,0.0,0.0,0,0,0,0,0,0,100,0,0.622296665,0.0,6,6,6.0,0.0,0.0,0,0,0,0,1,0,0,0,0,7.2,6.0,0.0,100,0,0,0,0,0,0,5,30,0,0,256,-1,4,20,618.0,0.0,618,618,8034135.0,0.0,8034135,8034135,DDoS
88,1002,9,6,3064,2990,1532,0,340.44444439999995,675.5485014,1495,0,498.33333330000005,772.0146802999999,6041916.168,14970.05988,71.57142857,179.0817236,691,1,1002,125.25,275.2483294,804,1,929,185.8,283.0780811,691,47,0,0,0,0,204,144,8982.035928,5988.0239520000005,0,1532,378.375,676.9251928,458227.7167,0,0,0,1,0,0,0,0,0,403.6,340.44444439999995,498.33333330000005,204,0,0,0,0,0,0,9,3064,6,2990,8192,2053,2,20,0.0,0.0,0,0,0.0,0.0,0,0,BENIGN
88,612,7,4,466,414,233,0,66.57142857,113.6923585,207,0,103.5,119.5115057,1437908.497,17973.856209999998,61.2,122.89543880000001,401,1,612,102.0,194.8722659,496,1,479,159.66666669999998,270.4890632,472,3,0,0,0,0,164,104,11437.9085,6535.947712,0,233,73.33333333,108.6038115,11794.78788,0,0,0,1,0,0,0,0,0,80.0,66.57142857,103.5,164,0,0,0,0,0,0,7,466,4,414,8192,2053,2,20,0.0,0.0,0,0,0.0,0.0,0,0,BENIGN
80,844770,3,4,26,11607,20,0,8.666666667000001,10.26320288,11595,0,2901.75,5795.50069,13770.612119999998,8.286279106,140795.0,343590.4241,842145,4,2438,1219.0,343.6538957,1462,976,844758,281586.0,485459.6344,842145,183,0,0,0,0,72,92,3.5512624739999996,4.735016632,0,11595,1454.125,4097.537534,16800000.0,0,0,0,1,0,0,0,0,1,1661.857143,8.666666667000001,2901.75,72,0,0,0,0,0,0,3,26,4,11607,8192,229,2,20,0.0,0.0,0,0,0.0,0.0,0,0,DDoS
80,152727,3,6,26,11607,20,0,8.666666667000001,10.26320288,4380,0,1934.5,2177.344966,76168.5884,58.92867666,19090.875,53498.45714,151491,4,930,465.0,651.9524522999999,926,4,152645,30529.0,67620.74115,151491,16,0,0,0,0,72,132,19.64289222,39.28578444,0,4380,1163.3,1903.962654,3625073.789,0,0,0,1,0,0,0,0,2,1292.555556,8.666666667000001,1934.5,72,0,0,0,0,0,0,3,26,6,11607,8192,229,2,20,0.0,0.0,0,0,0.0,0.0,0,0,DDoS
80,109543074,5,3,181,1644,181,0,36.2,80.94566079,1644,0,548.0,949.1638425000001,16.66011308,0.073030633,15600000.0,41400000.0,109000000,33,110000000,27400000.0,54700000.0,109000000,80,24553,12276.5,15429.777069999998,23187,1366,0,0,0,0,112,72,0.045644145,0.027386487,0,1644,202.77777780000002,543.7632246000001,295678.4444,0,0,0,1,0,0,0,0,0,228.125,36.2,548.0,112,0,0,0,0,0,0,5,181,3,1644,65535,946,1,20,0.0,0.0,0,0,0.0,0.0,0,0,BENIGN
80,4062912,5,0,30,0,6,6,6.0,0.0,0,0,0.0,0.0,7.383866547,1.230644424,1015728.0,2030780.7219999998,4061899,1,4062912,1015728.0,2030780.7219999998,4061899,1,0,0.0,0.0,0,0,0,0,0,0,100,0,1.230644424,0.0,6,6,6.0,0.0,0.0,0,0,0,0,1,0,0,0,0,7.2,6.0,0.0,100,0,0,0,0,0,0,5,30,0,0,256,-1,4,20,0.0,0.0,0,0,0.0,0.0,0,0,DDoS
443,1683635,12,10,561,5332,195,0,46.75,72.18678423,1460,0,533.2,667.8096535,3500.1648219999997,13.06696523,80173.09524,248773.301,1132879,2,1683635,153057.7273,337443.2789,1132879,43,316175,35130.55556,77407.17804,236383,2,0,0,0,0,252,212,7.127435577999999,5.939529649,0,1460,256.21739130000003,496.82665319999995,246836.7233,0,0,0,1,0,0,0,0,0,267.8636364,46.75,533.2,252,0,0,0,0,0,0,12,561,10,5332,8192,12501,5,20,0.0,0.0,0,0,0.0,0.0,0,0,BENIGN
123,67036702,2,2,96,96,48,48,48.0,0.0,48,48,48.0,0.0,2.8641027119999998,0.059668806,22300000.0,38600000.0,67000000,36726,67000000,67000000.0,0.0,67000000,67000000,67000000,67000000.0,0.0,67000000,67000000,0,0,0,0,52,52,0.029834403,0.029834403,48,48,48.0,0.0,0.0,0,0,0,0,0,0,0,0,1,60.0,48.0,48.0,52,0,0,0,0,0,0,2,96,2,96,-1,-1,1,20,36965.0,0.0,36965,36965,67000000.0,0.0,67000000,67000000,BENIGN
80,234094,3,4,426,2266,426,0,142.0,245.95121469999998,2266,0,566.5,1133.0,11499.65399,29.90251779,39015.66667,68098.02798,175041,4,204123,102061.5,103208.5987,175041,29082,205073,68357.66667,117505.4652,204040,4,0,0,0,0,72,84,12.81536477,17.08715302,0,2266,336.5,793.7590494,630053.4286,0,0,0,1,0,0,0,0,1,384.57142860000005,142.0,566.5,72,0,0,0,0,0,0,3,426,4,2266,8192,30016,1,20,0.0,0.0,0,0,0.0,0.0,0,0,BENIGN
138,61236758,24,0,5640,0,235,235,235.0,0.0,0,0,0.0,0.0,92.10154463,0.391921467,2662467.739,12800000.0,61200000,1,61200000,2662467.739,12800000.0,61200000,1,0,0.0,0.0,0,0,0,0,0,0,408,0,0.391921467,0.0,235,235,235.0,0.0,0.0,0,0,0,0,0,0,0,0,0,244.79166669999998,235.0,0.0,408,0,0,0,0,0,0,24,5640,0,0,-1,-1,23,14,22.0,0.0,22,22,61200000.0,0.0,61200000,61200000,BENIGN
443,8389,2,0,0,0,0,0,0.0,0.0,0,0,0.0,0.0,0.0,238.4074383,8389.0,0.0,8389,8389,8389,8389.0,0.0,8389,8389,0,0.0,0.0,0,0,0,0,0,0,64,0,238.4074383,0.0,0,0,0.0,0.0,0.0,0,0,0,0,1,0,0,0,0,0.0,0.0,0.0,64,0,0,0,0,0,0,2,0,0,0,809,-1,0,32,0.0,0.0,0,0,0.0,0.0,0,0,BENIGN
80,60789,3,4,436,860,436,0,145.33333330000002,251.7247174,860,0,215.0,430.0,21319.64665,115.1524124,10131.5,11419.2316,23369,5,37096,18548.0,6880.148981,23413,13683,37420,12473.33333,21104.07682,36840,5,0,0,0,0,72,92,49.3510339,65.80137854,0,860,162.0,320.65646949999996,102820.5714,0,0,0,1,0,0,0,0,1,185.1428571,145.33333330000002,215.0,72,0,0,0,0,0,0,3,436,4,860,8192,31,1,20,0.0,0.0,0,0,0.0,0.0,0,0,BENIGN
80,62486120,10,10,432,1770,432,0,43.2,136.6103949,1770,0,177.0,559.7231458,35.23982606,0.32007108100000004,3288743.1580000003,4715191.367,10000000,40,60300000,6701710.556,5007572.562,10100000,239,62400000,6938806.222,4700919.199,10100000,904,0,0,0,0,328,328,0.160035541,0.160035541,0,1770,104.8571429,392.9776439,154431.4286,0,0,0,1,0,0,0,0,1,110.1,43.2,177.0,328,0,0,0,0,0,0,10,432,10,1770,29200,939,1,32,43148.83333,15603.91412,75000,36725,10000000.0,6378.0833170000005,10000000,9996827,BENIGN
443,67086404,120,206,1661,321282,517,0,13.84166667,79.53309082,3864,0,1559.621359,732.969751,4813.836795,4.859404895,206419.7046,1364424.5990000002,10000000,1,63100000,530187.7059,2223957.426,10200000,1,66900000,326527.9463,1734910.425,10200000,1,0,0,0,0,3848,6600,1.7887379980000002,3.0706668969999997,0,3864,987.5932722000001,948.1218388,898935.0212,0,0,0,1,0,0,0,0,1,990.6226993999999,13.84166667,1559.621359,3848,0,0,0,0,0,0,120,1661,206,321282,29200,19,4,32,502323.3333,867389.6402,2272875,148012,10000000.0,27248.503660000002,10000000,9959921,BENIGN
80,1083538,3,6,26,11601,20,0,8.666666667000001,10.26320288,4380,0,1933.5,1757.789948,10730.58813,8.306123089,135442.25,377725.315,1070206,41,12982,6491.0,8165.669109,12265,717,1083407,216681.4,477167.0977,1070206,41,0,0,0,0,72,132,2.7687076960000003,5.537415393,0,4380,1162.7,1645.2417619999999,2706820.4560000002,0,0,0,1,0,0,0,0,2,1291.888889,8.666666667000001,1933.5,72,0,0,0,0,0,0,3,26,6,11601,8192,229,2,20,0.0,0.0,0,0,0.0,0.0,0,0,DDoS
80,5603939,3,1,0,0,0,0,0.0,0.0,0,0,0.0,0.0,0.0,0.713783644,1867979.667,3216296.42,5581817,22,5603939,2801969.5,3931298.0360000003,5581817,22122,0,0.0,0.0,0,0,0,0,0,0,104,40,0.535337733,0.178445911,0,0,0.0,0.0,0.0,0,0,0,1,0,0,0,0,0,0.0,0.0,0.0,104,0,0,0,0,0,0,3,0,1,0,29200,28960,0,32,0.0,0.0,0,0,0.0,0.0,0,0,BENIGN
88,8783,9,6,3110,3108,1555,0,345.55555560000005,685.6905481000001,1554,0,518.0,802.4821493,707958.5563,1707.8447,627.3571429,1823.6514350000002,6887,3,8783,1097.875,2370.844602,6887,3,1852,370.4,442.39495930000004,903,48,0,0,0,0,304,208,1024.7068199999999,683.13788,0,1555,388.625,695.1935822,483294.1167,0,0,0,1,0,0,0,0,0,414.53333330000004,345.55555560000005,518.0,304,0,0,0,0,0,0,9,3110,6,3108,29200,2081,2,32,0.0,0.0,0,0,0.0,0.0,0,0,BENIGN
1099,3,3,0,0,0,0,0,0.0,0.0,0,0,0.0,0.0,0.0,1000000.0,1.5,0.7071067809999999,2,1,3,1.5,0.7071067809999999,2,1,0,0.0,0.0,0,0,0,0,0,0,60,0,1000000.0,0.0,0,0,0.0,0.0,0.0,0,0,0,0,1,0,0,0,0,0.0,0.0,0.0,60,0,0,0,0,0,0,3,0,0,0,12499,-1,0,20,0.0,0.0,0,0,0.0,0.0,0,0,BENIGN
80,37917,3,6,26,11601,20,0,8.666666667000001,10.26320288,4380,0,1933.5,1757.789948,306643.4581,237.36055069999998,4739.625,8760.714468,21880,15,22138,11069.0,15464.4253,22004,134,37793,7558.6,10499.23675,22100,15,0,0,0,0,72,132,79.12018356,158.2403671,0,4380,1162.7,1645.2417619999999,2706820.4560000002,0,0,0,1,0,0,0,0,2,1291.888889,8.666666667000001,1933.5,72,0,0,0,0,0,0,3,26,6,11601,8192,229,2,20,0.0,0.0,0,0,0.0,0.0,0,0,DDoS
80,500999,3,6,26,11607,20,0,8.666666667000001,10.26320288,4380,0,1934.5,2177.344966,23219.607219999998,17.96410771,62624.875,176680.4377,499886,2,970,485.0,681.6509371000001,967,3,500934,100186.8,223439.0317,499886,2,0,0,0,0,72,132,5.988035904,11.97607181,0,4380,1163.3,1903.962654,3625073.789,0,0,0,1,0,0,0,0,2,1292.555556,8.666666667000001,1934.5,72,0,0,0,0,0,0,3,26,6,11607,8192,229,2,20,0.0,0.0,0,0,0.0,0.0,0,0,DDoS
80,47366,3,4,438,860,438,0,146.0,252.8794179,860,0,215.0,430.0,27403.62285,147.7853313,7894.333333,11874.117629999999,23233,4,23596,11798.0,16288.91181,23316,280,24155,8051.666667,13483.434659999999,23618,4,0,0,0,0,104,136,63.33657054,84.44876071,0,860,162.25,320.9012977,102977.6429,0,0,0,1,0,0,0,0,1,185.4285714,146.0,215.0,104,0,0,0,0,0,0,3,438,4,860,29200,31,1,32,0.0,0.0,0,0,0.0,0.0,0,0,BENIGN
88,534,7,4,2794,2820,1397,0,399.14285710000007,681.666201,1410,0,705.0,814.0638796000001,10500000.0,20599.25094,53.4,85.93304887,292,2,534,89.0,146.4581852,385,2,448,149.33333330000002,173.782431,350,49,0,0,0,0,164,104,13108.61423,7490.6367040000005,0,1410,467.83333330000005,691.0467467,477545.6061,0,0,0,1,0,0,0,0,0,510.3636364,399.14285710000007,705.0,164,0,0,0,0,0,0,7,2794,4,2820,8192,2053,2,20,0.0,0.0,0,0,0.0,0.0,0,0,BENIGN
80,4948,3,6,26,11601,20,0,8.666666667000001,10.26320288,4380,0,1933.5,1757.789948,2349838.319,1818.916734,618.5,1074.193385,2997,13,3136,1568.0,2105.763994,3057,79,4888,977.6,1369.828018,3186,13,0,0,0,0,72,132,606.3055780000001,1212.6111560000002,0,4380,1162.7,1645.2417619999999,2706820.4560000002,0,0,0,1,0,0,0,0,2,1291.888889,8.666666667000001,1933.5,72,0,0,0,0,0,0,3,26,6,11601,8192,229,2,20,0.0,0.0,0,0,0.0,0.0,0,0,DDoS
389,121684,19,11,3412,6654,1293,0,179.5789474,400.3188057,3069,0,604.9090909,1009.026507,82722.46146,246.5402189,4196.0,22223.95122,119747,0,121684,6760.222222,28198.27273,119747,0,121498,12149.8,38013.152,120336,2,0,0,0,0,624,368,156.14213869999998,90.39808027,0,3069,324.7096774,693.6665477999999,481173.2796,0,0,0,1,0,0,0,0,0,335.53333330000004,179.5789474,604.9090909,624,0,0,0,0,0,0,19,3412,11,6654,29200,2076,10,32,0.0,0.0,0,0,0.0,0.0,0,0,BENIGN
80,500825,3,6,26,11607,20,0,8.666666667000001,10.26320288,5840,0,1934.5,2538.9192780000003,23227.67434,17.97034892,62603.125,176295.563,498911,3,1536,768.0,1081.873375,1533,3,500641,100128.2,222927.1318,498911,47,0,0,0,0,72,132,5.990116307999999,11.98023262,0,5840,1163.3,2138.329153,4572451.567,0,0,0,1,0,0,0,0,2,1292.555556,8.666666667000001,1934.5,72,0,0,0,0,0,0,3,26,6,11607,8192,229,2,20,0.0,0.0,0,0,0.0,0.0,0,0,DDoS
123,65094239,2,2,96,96,48,48,48.0,0.0,48,48,48.0,0.0,2.949569777,0.06144937,21700000.0,37400000.0,64900000,94164,65000000,65000000.0,0.0,65000000,65000000,65000000,65000000.0,0.0,65000000,65000000,0,0,0,0,40,40,0.030724685,0.030724685,48,48,48.0,0.0,0.0,0,0,0,0,0,0,0,0,1,60.0,48.0,48.0,40,0,0,0,0,0,0,2,96,2,96,-1,-1,1,20,94164.0,0.0,94164,94164,64900000.0,0.0,64900000,64900000,BENIGN
88,1075,9,9,3100,3030,1550,0,344.44444439999995,683.4857553999999,1515,0,336.6666667,668.052206,5702325.581,16744.18605,63.23529412,167.88780830000002,709,1,1075,134.375,255.32664649999998,762,1,1009,126.125,243.25732259999998,709,1,0,0,0,0,204,204,8372.093023000001,8372.093023000001,0,1550,322.63157889999997,641.9466238,412095.4678,0,0,0,1,0,0,0,0,1,340.55555560000005,344.44444439999995,336.6666667,204,0,0,0,0,0,0,9,3100,9,3030,8192,0,2,20,0.0,0.0,0,0,0.0,0.0,0,0,BENIGN
80,6999281,4,0,24,0,6,6,6.0,0.0,0,0,0.0,0.0,3.428923628,0.571487271,2333093.667,4040369.93,6998511,345,6999281,2333093.667,4040369.93,6998511,345,0,0.0,0.0,0,0,0,0,0,0,80,0,0.571487271,0.0,6,6,6.0,0.0,0.0,0,0,0,0,1,0,0,0,0,7.5,6.0,0.0,80,0,0,0,0,0,0,4,24,0,0,256,-1,3,20,770.0,0.0,770,770,6998511.0,0.0,6998511,6998511,DDoS
443,6743932,12,14,976,12589,623,0,81.33333333,181.90923480000004,1460,0,899.2142857000001,664.3056732000001,2011.4378379999998,3.85531764,269757.28,1105184.5,5546461,2,6743932,613084.7273,1644446.169,5546461,2,1115283,85791.0,231499.3911,846997,47,0,0,0,0,252,284,1.779377372,2.075940267,0,1460,502.4074074,641.0736343,410975.4046,0,0,0,1,0,0,0,0,1,521.7307691999999,81.33333333,899.2142857000001,252,0,0,0,0,0,0,12,976,14,12589,8192,40463,4,20,1197469.0,0.0,1197469,1197469,5546461.0,0.0,5546461,5546461,BENIGN
389,1,2,0,7,0,7,0,3.5,4.949747468,0,0,0.0,0.0,7000000.0,2000000.0,1.0,0.0,1,1,1,1.0,0.0,1,1,0,0.0,0.0,0,0,1,0,0,0,64,0,2000000.0,0.0,0,7,4.666666667,4.041451884,16.33333333,0,1,0,0,1,0,0,0,0,7.0,3.5,0.0,64,0,0,0,0,0,0,2,7,0,0,237,-1,0,32,0.0,0.0,0,0,0.0,0.0,0,0,BENIGN
80,3105833,5,0,30,0,6,6,6.0,0.0,0,0,0.0,0.0,9.659244396,1.609874066,776458.25,1552233.8380000002,3104809,201,3105833,776458.25,1552233.8380000002,3104809,201,0,0.0,0.0,0,0,0,0,0,0,100,0,1.609874066,0.0,6,6,6.0,0.0,0.0,0,0,0,0,1,0,0,0,0,7.2,6.0,0.0,100,0,0,0,0,0,0,5,30,0,0,256,-1,4,20,0.0,0.0,0,0,0.0,0.0,0,0,DDoS
80,868562,3,7,26,11607,20,0,8.666666667000001,10.26320288,5840,0,1658.142857,2127.5977399999997,13393.40197,11.51328287,96506.88889,289003.2956,867182,3,1027,513.5,668.2159082000001,986,41,868455,144742.5,353921.8402,867182,3,0,0,0,0,72,152,3.453984862,8.059298012000001,0,5840,1057.5454550000002,1846.7297239999998,3410410.673,0,0,0,1,0,0,0,0,2,1163.3,8.666666667000001,1658.142857,72,0,0,0,0,0,0,3,26,7,11607,8192,229,2,20,0.0,0.0,0,0,0.0,0.0,0,0,DDoS
443,271082,12,14,5727,16096,3425,0,477.25,1018.1203830000001,2920,0,1149.714286,837.7402231000001,80503.31634,95.91193809,10843.28,20509.55915,57358,9,270778,24616.181819999998,34480.58903,104267,50,224995,17307.30769,27044.2758,67208,48,0,0,0,0,252,292,44.26704835,51.64488974,0,3425,808.2592592999999,963.2904982999999,927928.584,0,0,0,1,0,0,0,0,1,839.3461537999999,477.25,1149.714286,252,0,0,0,0,0,0,12,5727,14,16096,8192,256,5,20,0.0,0.0,0,0,0.0,0.0,0,0,BENIGN
53,61344,1,1,51,67,51,51,51.0,0.0,67,67,67.0,0.0,1923.5785079999998,32.60302556,61344.0,0.0,61344,61344,0,0.0,0.0,0,0,0,0.0,0.0,0,0,0,0,0,0,20,20,16.30151278,16.30151278,51,67,56.33333333,9.237604307,85.33333333,0,0,0,0,0,0,0,0,1,84.5,51.0,67.0,20,0,0,0,0,0,0,1,51,1,67,-1,-1,0,20,0.0,0.0,0,0,0.0,0.0,0,0,BENIGN
80,865882,3,6,26,11607,20,0,8.666666667000001,10.26320288,5840,0,1934.5,2538.9192780000003,13434.85602,10.39402598,108235.25,305667.2733,864723,49,791,395.5,490.0249994,742,49,865771,173154.2,386598.8194,864723,49,0,0,0,0,72,132,3.464675325,6.929350651,0,5840,1163.3,2138.329153,4572451.567,0,0,0,1,0,0,0,0,2,1292.555556,8.666666667000001,1934.5,72,0,0,0,0,0,0,3,26,6,11607,8192,229,2,20,0.0,0.0,0,0,0.0,0.0,0,0,DDoS
443,168370,11,12,561,5370,195,0,51.0,74.11882352,1460,0,447.5,636.4046026000001,35225.99038,136.6039081,7653.181818000001,11049.519470000001,29319,1,168370,16837.0,13601.09471,32179,3,127616,11601.45455,18337.39029,54419,1,0,0,0,0,232,252,65.33230385,71.27160421,0,1460,247.125,487.9434494,238088.8098,0,0,0,1,0,0,0,0,1,257.86956519999995,51.0,447.5,232,0,0,0,0,0,0,11,561,12,5370,8192,12501,5,20,0.0,0.0,0,0,0.0,0.0,0,0,BENIGN
88,888,9,4,628,3064,314,0,69.77777778,138.4609853,1532,0,766.0,884.5006124,4157657.6580000003,14639.639640000001,74.0,179.7781461,642,1,888,111.0,231.5920058,681,1,807,269.0,381.9175304,710,48,0,0,0,0,204,104,10135.13514,4504.504505,0,1532,263.7142857,548.9575335,301354.3736,0,0,0,1,0,0,0,0,0,284.0,69.77777778,766.0,204,0,0,0,0,0,0,9,628,4,3064,8192,2053,2,20,0.0,0.0,0,0,0.0,0.0,0,0,BENIGN
80,101436,3,6,26,11607,20,0,8.666666667000001,10.26320288,5840,0,1934.5,2538.9192780000003,114683.15,88.72589613,12679.5,35484.537469999996,100497,3,776,388.0,544.4722214999999,773,3,101417,20283.4,44842.05897,100497,3,0,0,0,0,72,132,29.57529871,59.15059742,0,5840,1163.3,2138.329153,4572451.567,0,0,0,1,0,0,0,0,2,1292.555556,8.666666667000001,1934.5,72,0,0,0,0,0,0,3,26,6,11607,8192,229,2,20,0.0,0.0,0,0,0.0,0.0,0,0,DDoS
443,194,3,0,53,0,53,0,17.66666667,30.59956427,0,0,0.0,0.0,273195.8763,15463.91753,97.0,135.764502,193,1,194,97.0,135.764502,193,1,0,0.0,0.0,0,0,0,0,0,0,60,0,15463.91753,0.0,0,53,13.25,26.5,702.25,0,0,0,0,1,0,0,0,0,17.66666667,17.66666667,0.0,60,0,0,0,0,0,0,3,53,0,0,63904,-1,1,20,0.0,0.0,0,0,0.0,0.0,0,0,BENIGN
80,2014961,5,0,30,0,6,6,6.0,0.0,0,0,0.0,0.0,14.88862564,2.481437606,503740.25,1006833.2690000001,2013990,1,2014961,503740.25,1006833.2690000001,2013990,1,0,0.0,0.0,0,0,0,0,0,0,100,0,2.481437606,0.0,6,6,6.0,0.0,0.0,0,0,0,0,1,0,0,0,0,7.2,6.0,0.0,100,0,0,0,0,0,0,5,30,0,0,256,-1,4,20,0.0,0.0,0,0,0.0,0.0,0,0,DDoS
80,5167366,4,0,24,0,6,6,6.0,0.0,0,0,0.0,0.0,4.64453263,0.774088772,1722455.333,2982771.337,5166663,257,5167366,1722455.333,2982771.337,5166663,257,0,0.0,0.0,0,0,0,0,0,0,80,0,0.774088772,0.0,6,6,6.0,0.0,0.0,0,0,0,0,1,0,0,0,0,7.5,6.0,0.0,80,0,0,0,0,0,0,4,24,0,0,256,-1,3,20,703.0,0.0,703,703,5166663.0,0.0,5166663,5166663,DDoS
80,79099557,7,6,50,11607,20,0,7.142857143,6.094494002,4380,0,1934.5,2177.344966,147.3712425,0.164349846,6591629.75,20400000.0,71100000,17,78200000,13000000.0,28600000.0,71100000,216,908620,181724.0,404327.3646,905004,17,0,0,0,0,152,132,0.088496071,0.075853775,0,4380,833.0714286,1674.2943619999999,2803261.61,0,0,0,0,1,0,0,0,0,897.1538462000001,7.142857143,1934.5,152,0,0,0,0,0,0,7,50,6,11607,256,229,5,20,888.0,0.0,888,888,39100000.0,45300000.0,71100000,7071788,DDoS
88,1281,9,6,3176,3106,1588,0,352.8888889,700.2421803,1553,0,517.6666667,801.9657516,4903981.265,11709.60187,91.5,207.15982309999998,786,1,1281,160.125,294.89099080000005,863,1,1155,231.0,346.1206437,786,3,0,0,0,0,204,144,7025.761124,4683.840749,0,1588,392.625,702.4070876000001,493375.7167,0,0,0,1,0,0,0,0,0,418.8,352.8888889,517.6666667,204,0,0,0,0,0,0,9,3176,6,3106,8192,2053,2,20,0.0,0.0,0,0,0.0,0.0,0,0,BENIGN
123,77015818,9,9,432,432,48,48,48.0,0.0,48,48,48.0,0.0,11.21847463,0.233718221,4530342.235,13900000.0,58000000,15875,77000000,9624988.5,19600000.0,58000000,1999950,77000000,9624962.375,19600000.0,58000000,1999756,0,0,0,0,160,160,0.116859111,0.116859111,48,48,48.0,0.0,0.0,0,0,0,0,0,0,0,0,1,50.66666667,48.0,48.0,160,0,0,0,0,0,0,9,432,9,432,-1,-1,8,0,6015923.0,5656922.132,10000000,2015875,32500000.0,36100000.0,58000000,6984108,BENIGN
80,876002,3,4,26,11601,20,0,8.666666667000001,10.26320288,5840,0,2900.25,3345.636997,13272.80075,7.990849336,146000.3333,355168.749,870976,34,4766,2383.0,3321.987658,4732,34,875912,291970.6667,501438.653,870976,157,0,0,0,0,72,92,3.424649715,4.566199621,0,5840,1453.375,2681.356423,7189672.267999999,0,0,0,1,0,0,0,0,1,1661.0,8.666666667000001,2900.25,72,0,0,0,0,0,0,3,26,4,11601,8192,229,2,20,0.0,0.0,0,0,0.0,0.0,0,0,DDoS
443,6005870,9,7,366,3968,209,0,40.66666667,75.52648542,1460,0,566.8571429,636.4043339,721.6273413,2.664060328,400391.3333,1457546.226,5665825,3,6005870,750733.75,1987500.644,5665825,3,308980,51496.66667,91088.33015,234096,48,0,0,0,0,204,152,1.4985339340000001,1.165526393,0,1460,254.9411765,476.6389449,227184.6838,0,0,0,1,0,0,0,0,0,270.875,40.66666667,566.8571429,204,0,0,0,0,0,0,9,366,7,3968,8192,119,3,20,340042.0,0.0,340042,340042,5665825.0,0.0,5665825,5665825,BENIGN
80,6066574,4,0,24,0,6,6,6.0,0.0,0,0,0.0,0.0,3.9561043839999996,0.659350731,2022191.333,3501531.817,6065412,373,6066574,2022191.333,3501531.817,6065412,373,0,0.0,0.0,0,0,0,0,0,0,80,0,0.659350731,0.0,6,6,6.0,0.0,0.0,0,0,0,0,1,0,0,0,0,7.5,6.0,0.0,80,0,0,0,0,0,0,4,24,0,0,256,-1,3,20,1162.0,0.0,1162,1162,6065412.0,0.0,6065412,6065412,DDoS
389,1,2,1,7,0,7,0,3.5,4.949747468,0,0,0.0,0.0,7000000.0,3000000.0,0.5,0.7071067809999999,1,0,1,1.0,0.0,1,1,0,0.0,0.0,0,0,1,0,0,0,64,32,2000000.0,1000000.0,0,7,3.5,4.041451884,16.33333333,0,1,0,0,1,0,0,0,0,4.666666667,3.5,0.0,64,0,0,0,0,0,0,2,7,1,0,237,260,0,32,0.0,0.0,0,0,0.0,0.0,0,0,BENIGN
80,932450,3,5,26,11607,20,0,8.666666667000001,10.26320288,7215,0,2321.4,3327.7697940000003,12475.73596,8.579548501,133207.1429,352044.1066,931568,3,655,327.5,458.91230099999996,652,3,932386,233096.5,465647.7496,931568,3,0,0,0,0,72,112,3.217330688,5.362217813,0,7215,1292.555556,2650.585648,7025604.278,0,0,0,1,0,0,0,0,1,1454.125,8.666666667000001,2321.4,72,0,0,0,0,0,0,3,26,5,11607,8192,229,2,20,0.0,0.0,0,0,0.0,0.0,0,0,DDoS
80,903357,3,6,26,11607,20,0,8.666666667000001,10.26320288,4380,0,1934.5,2177.344966,12877.5224,9.962838612,112919.625,319084.7684,902614,2,616,308.0,429.9209230000001,612,4,903309,180661.8,403583.6349,902614,2,0,0,0,0,72,132,3.3209462039999997,6.6418924079999995,0,4380,1163.3,1903.962654,3625073.789,0,0,0,1,0,0,0,0,2,1292.555556,8.666666667000001,1934.5,72,0,0,0,0,0,0,3,26,6,11607,8192,229,2,20,0.0,0.0,0,0,0.0,0.0,0,0,DDoS
80,912720,3,5,26,11607,20,0,8.666666667000001,10.26320288,7300,0,2321.4,3346.3639670000002,12745.42028,8.76501008,130388.5714,344574.9989,911811,3,791,395.5,532.4514062,772,19,912674,228168.5,455761.81899999996,911811,3,0,0,0,0,72,112,3.28687878,5.478131299999999,0,7300,1292.555556,2662.264877,7087654.278,0,0,0,1,0,0,0,0,1,1454.125,8.666666667000001,2321.4,72,0,0,0,0,0,0,3,26,5,11607,8192,229,2,20,0.0,0.0,0,0,0.0,0.0,0,0,DDoS
80,29940,3,5,26,11607,20,0,8.666666667000001,10.26320288,8675,0,2321.4,3769.5360189999997,388543.7542,267.20106880000003,4277.142857,10735.67237,28613,3,1015,507.5,675.286976,985,30,29863,7465.75,14105.60143,28613,3,0,0,0,0,72,112,100.2004008,167.000668,0,8675,1292.555556,2931.4295620000003,8593279.277999999,0,0,0,1,0,0,0,0,1,1454.125,8.666666667000001,2321.4,72,0,0,0,0,0,0,3,26,5,11607,8192,229,2,20,0.0,0.0,0,0,0.0,0.0,0,0,DDoS
80,95829,3,2,302,511,302,0,100.66666670000001,174.3597813,511,0,255.5,361.3315652,8483.861879,52.17627232,23957.25,27626.17355,49552,56,46277,23138.5,32625.199780000003,46208,69,49677,49677.0,0.0,49677,49677,0,0,0,0,72,52,31.30576339,20.87050893,0,511,135.5,220.07430559999997,48432.7,0,0,0,1,0,0,0,0,0,162.6,100.66666670000001,255.5,72,0,0,0,0,0,0,3,302,2,511,8192,256,1,20,0.0,0.0,0,0,0.0,0.0,0,0,BENIGN
80,1270646,3,6,26,11607,20,0,8.666666667000001,10.26320288,5840,0,1934.5,2538.9192780000003,9155.18563,7.083011319,158830.75,448864.6618,1269714,3,751,375.5,460.32651460000005,701,50,1270568,254113.6,567737.9625,1269714,3,0,0,0,0,72,132,2.361003773,4.722007546,0,5840,1163.3,2138.329153,4572451.567,0,0,0,1,0,0,0,0,2,1292.555556,8.666666667000001,1934.5,72,0,0,0,0,0,0,3,26,6,11607,8192,229,2,20,0.0,0.0,0,0,0.0,0.0,0,0,DDoS
80,30931,3,4,97,179,97,0,32.33333333,56.00297611,179,0,44.75,89.5,8923.086871,226.31017430000003,5155.166667,7681.630645,15076,3,15290,7645.0,10665.99869,15187,103,15869,5289.666667,8677.169719,15304,3,0,0,0,0,72,92,96.99007468,129.3200996,0,179,34.5,67.53623366,4561.142857,0,0,0,1,0,0,0,0,1,39.42857143,32.33333333,44.75,72,0,0,0,0,0,0,3,97,4,179,8192,913,1,20,0.0,0.0,0,0,0.0,0.0,0,0,BENIGN
138,61479696,23,0,5405,0,235,235,235.0,0.0,0,0,0.0,0.0,87.91520374,0.37410725,2794531.6360000004,13100000.0,61500000,1,61500000,2794531.6360000004,13100000.0,61500000,1,0,0.0,0.0,0,0,0,0,0,0,460,0,0.37410725,0.0,235,235,235.0,0.0,0.0,0,0,0,0,0,0,0,0,0,245.21739130000003,235.0,0.0,460,0,0,0,0,0,0,23,5405,0,0,-1,-1,22,20,20.0,0.0,20,20,61500000.0,0.0,61500000,61500000,BENIGN
123,87016389,14,14,672,672,48,48,48.0,0.0,48,48,48.0,0.0,15.44536627,0.321778464,3222829.222,13300000.0,69000000,2,87000000,6693560.615,19000000.0,69000000,3,87000000,6693560.307999999,19000000.0,69000000,2,0,0,0,0,-1073740992,-1073740992,0.160889232,0.160889232,48,48,48.0,0.0,0.0,0,0,0,0,0,0,0,0,1,49.71428571,48.0,48.0,-1073740992,0,0,0,0,0,0,14,672,14,672,-1,-1,13,-536870660,3508319.0,4961353.919,7016526,112,40000000.0,41000000.0,69000000,11000000,BENIGN
123,68028776,7,7,336,336,48,48,48.0,0.0,48,48,48.0,0.0,9.878172731,0.205795265,5232982.768999999,15900000.0,58000000,28631,68000000,11300000.0,22900000.0,58000000,1999925,68000000,11300000.0,22900000.0,58000000,1999671,0,0,0,0,124,124,0.102897633,0.102897633,48,48,48.0,0.0,0.0,0,0,0,0,0,0,0,0,1,51.42857143,48.0,48.0,124,0,0,0,0,0,0,7,336,7,336,-1,-1,6,0,10000000.0,0.0,10000000,10000000,58000000.0,0.0,58000000,58000000,BENIGN
80,16816,3,4,26,11601,20,0,8.666666667000001,10.26320288,10135,0,2900.25,4871.82583,691424.8335,416.2702188,2802.666667,5889.2731189999995,14763,15,14966,7483.0,10316.68794,14778,188,16801,5600.333333,8191.142798000001,15024,188,0,0,0,0,72,92,178.4015224,237.8686965,0,10135,1453.375,3544.6520259999998,12600000.0,0,0,0,1,0,0,0,0,1,1661.0,8.666666667000001,2900.25,72,0,0,0,0,0,0,3,26,4,11601,8192,229,2,20,0.0,0.0,0,0,0.0,0.0,0,0,DDoS
443,155911,9,10,533,5370,196,0,59.22222222,83.73138267,2085,0,537.0,802.7386457,37861.34397,121.864397,8661.722222,12478.684809999999,28574,1,155911,19488.875,14247.27047,32371,4,100427,11158.555559999999,15687.48822,35747,1,0,0,0,0,192,212,57.72524068,64.13915631,0,2085,295.15,608.2146673,369925.0816,0,0,0,1,0,0,0,0,1,310.6842105,59.22222222,537.0,192,0,0,0,0,0,0,9,533,10,5370,8192,12501,4,20,0.0,0.0,0,0,0.0,0.0,0,0,BENIGN
39446,205,2,0,0,0,0,0,0.0,0.0,0,0,0.0,0.0,0.0,9756.097561,205.0,0.0,205,205,205,205.0,0.0,205,205,0,0.0,0.0,0,0,0,0,0,0,64,0,9756.097561,0.0,0,0,0.0,0.0,0.0,0,0,0,0,1,0,0,0,0,0.0,0.0,0.0,64,0,0,0,0,0,0,2,0,0,0,340,-1,0,32,0.0,0.0,0,0,0.0,0.0,0,0,BENIGN
80,5012236,4,0,24,0,6,6,6.0,0.0,0,0,0.0,0.0,4.788282116,0.7980470190000001,1670745.333,2893166.289,5011486,226,5012236,1670745.333,2893166.289,5011486,226,0,0.0,0.0,0,0,0,0,0,0,80,0,0.7980470190000001,0.0,6,6,6.0,0.0,0.0,0,0,0,0,1,0,0,0,0,7.5,6.0,0.0,80,0,0,0,0,0,0,4,24,0,0,256,-1,3,20,750.0,0.0,750,750,5011486.0,0.0,5011486,5011486,DDoS
443,592,2,0,0,0,0,0,0.0,0.0,0,0,0.0,0.0,0.0,3378.3783780000003,592.0,0.0,592,592,592,592.0,0.0,592,592,0,0.0,0.0,0,0,0,0,0,0,64,0,3378.3783780000003,0.0,0,0,0.0,0.0,0.0,0,0,0,0,1,0,0,0,0,0.0,0.0,0.0,64,0,0,0,0,0,0,2,0,0,0,2857,-1,0,32,0.0,0.0,0,0,0.0,0.0,0,0,BENIGN
80,283381,3,5,26,11607,20,0,8.666666667000001,10.26320288,7215,0,2321.4,3327.7697940000003,41050.74088,28.23054474,40483.0,106561.2077,282140,4,1002,501.0,702.8641405000001,998,4,283300,70825.0,140877.3297,282140,5,0,0,0,0,72,112,10.58645428,17.64409046,0,7215,1292.555556,2650.585648,7025604.278,0,0,0,1,0,0,0,0,1,1454.125,8.666666667000001,2321.4,72,0,0,0,0,0,0,3,26,5,11607,8192,229,2,20,0.0,0.0,0,0,0.0,0.0,0,0,DDoS
80,894397,3,4,26,11607,20,0,8.666666667000001,10.26320288,11595,0,2901.75,5795.50069,13006.52842,7.826502101,149066.1667,364696.2466,893499,3,842,421.0,591.1412691,839,3,894349,298116.3333,515616.6862,893499,4,0,0,0,0,72,92,3.3542151860000002,4.472286915,0,11595,1454.125,4097.537534,16800000.0,0,0,0,1,0,0,0,0,1,1661.857143,8.666666667000001,2901.75,72,0,0,0,0,0,0,3,26,4,11607,8192,229,2,20,0.0,0.0,0,0,0.0,0.0,0,0,DDoS
88,1113,9,6,3110,3108,1555,0,345.55555560000005,685.6905481000001,1554,0,518.0,802.4821493,5586702.606000001,13477.08895,79.5,207.52896,797,2,1113,139.125,318.0666765,923,2,1045,209.0,329.78098789999996,797,43,0,0,0,0,304,208,8086.253369,5390.83558,0,1555,388.625,695.1935822,483294.1167,0,0,0,1,0,0,0,0,0,414.53333330000004,345.55555560000005,518.0,304,0,0,0,0,0,0,9,3110,6,3108,29200,2081,2,32,0.0,0.0,0,0,0.0,0.0,0,0,BENIGN
49671,19266992,19,14,3646,2672,920,0,191.8947368,272.6032719,952,0,190.8571429,324.95937189999995,327.9183383,1.7127738469999998,602093.5,3396009.647,19200000,1,19300000,1070388.4440000001,4527671.43,19200000,1,2948,226.76923080000003,395.84196210000005,1431,3,0,0,0,0,404,304,0.986142518,0.726631329,0,952,185.8235294,288.4647419,83211.90731000001,0,0,0,1,0,0,0,0,0,191.4545455,191.8947368,190.8571429,404,0,0,0,0,0,0,19,3646,14,2672,8192,2053,12,20,0.0,0.0,0,0,0.0,0.0,0,0,BENIGN
123,76016152,8,8,384,384,48,48,48.0,0.0,48,48,48.0,0.0,10.10311598,0.210481583,5067743.467,14800000.0,58000000,16045,76000000,10900000.0,20900000.0,58000000,1999949,76000000,10900000.0,20900000.0,58000000,1999764,0,0,0,0,184,184,0.105240791,0.105240791,48,48,48.0,0.0,0.0,0,0,0,0,0,0,0,0,1,51.0,48.0,48.0,184,0,0,0,0,0,0,8,384,8,384,-1,-1,7,20,5016224.0,7070926.391,10000000,16324,33000000.0,35400000.0,58000000,7983655,BENIGN
80,8029795,5,0,30,0,6,6,6.0,0.0,0,0,0.0,0.0,3.736085417,0.622680903,2007448.75,4014187.506,8028730,49,8029795,2007448.75,4014187.506,8028730,49,0,0.0,0.0,0,0,0,0,0,0,100,0,0.622680903,0.0,6,6,6.0,0.0,0.0,0,0,0,0,1,0,0,0,0,7.2,6.0,0.0,100,0,0,0,0,0,0,5,30,0,0,256,-1,4,20,1065.0,0.0,1065,1065,8028730.0,0.0,8028730,8028730,DDoS
80,7093229,5,0,30,0,6,6,6.0,0.0,0,0,0.0,0.0,4.229385517,0.704897586,1773307.25,3545418.5330000003,7091435,176,7093229,1773307.25,3545418.5330000003,7091435,176,0,0.0,0.0,0,0,0,0,0,0,100,0,0.704897586,0.0,6,6,6.0,0.0,0.0,0,0,0,0,1,0,0,0,0,7.2,6.0,0.0,100,0,0,0,0,0,0,5,30,0,0,256,-1,4,20,1794.0,0.0,1794,1794,7091435.0,0.0,7091435,7091435,DDoS
80,4064902,4,0,24,0,6,6,6.0,0.0,0,0,0.0,0.0,5.904201381,0.984033563,1354967.333,2346009.755,4063906,4,4064902,1354967.333,2346009.755,4063906,4,0,0.0,0.0,0,0,0,0,0,0,80,0,0.984033563,0.0,6,6,6.0,0.0,0.0,0,0,0,0,1,0,0,0,0,7.5,6.0,0.0,80,0,0,0,0,0,0,4,24,0,0,256,-1,3,20,0.0,0.0,0,0,0.0,0.0,0,0,DDoS
80,10453138,4,0,24,0,6,6,6.0,0.0,0,0,0.0,0.0,2.29596127,0.38266021200000006,3484379.333,6034519.285,10500000,290,10500000,3484379.333,6034519.285,10500000,290,0,0.0,0.0,0,0,0,0,0,0,80,0,0.38266021200000006,0.0,6,6,6.0,0.0,0.0,0,0,0,0,1,0,0,0,0,7.5,6.0,0.0,80,0,0,0,0,0,0,4,24,0,0,256,-1,3,20,696.0,0.0,696,696,10500000.0,0.0,10500000,10500000,DDoS
80,5183903,4,0,24,0,6,6,6.0,0.0,0,0,0.0,0.0,4.629716258,0.771619376,1727967.667,2992066.1380000003,5182908,4,5183903,1727967.667,2992066.1380000003,5182908,4,0,0.0,0.0,0,0,0,0,0,0,80,0,0.771619376,0.0,6,6,6.0,0.0,0.0,0,0,0,0,1,0,0,0,0,7.5,6.0,0.0,80,0,0,0,0,0,0,4,24,0,0,256,-1,3,20,995.0,0.0,995,995,5182908.0,0.0,5182908,5182908,DDoS
443,66052523,16,16,656,6793,316,0,41.0,93.41234751,2576,0,424.5625,737.8476779,112.7738906,0.48446294799999995,2130726.548,3991940.021,10000000,3,61900000,4127754.2,5086432.444,10200000,224,65900000,4393630.0,4980466.271000001,10200000,4,0,0,0,0,520,520,0.24223147399999997,0.24223147399999997,0,2576,225.7272727,545.6270059,297708.8295,0,0,0,1,0,0,0,0,1,232.78125,41.0,424.5625,520,0,0,0,0,0,0,16,656,16,6793,29200,18,3,32,299401.8333,369417.9864,1053473,148302,10000000.0,11988.21809,10000000,9999306,BENIGN
80,3179936,5,0,30,0,6,6,6.0,0.0,0,0,0.0,0.0,9.434152134,1.572358689,794984.0,1589309.4,3178948,3,3179936,794984.0,1589309.4,3178948,3,0,0.0,0.0,0,0,0,0,0,0,100,0,1.572358689,0.0,6,6,6.0,0.0,0.0,0,0,0,0,1,0,0,0,0,7.2,6.0,0.0,100,0,0,0,0,0,0,5,30,0,0,256,-1,4,20,0.0,0.0,0,0,0.0,0.0,0,0,DDoS
443,3,2,0,85,0,85,0,42.5,60.1040764,0,0,0.0,0.0,28300000.0,666666.6667,3.0,0.0,3,3,3,3.0,0.0,3,3,0,0.0,0.0,0,0,1,0,0,0,40,0,666666.6667,0.0,0,85,56.66666667,49.07477288,2408.333333,0,1,0,0,1,0,0,0,0,85.0,42.5,0.0,40,0,0,0,0,0,0,2,85,0,0,256,-1,0,20,0.0,0.0,0,0,0.0,0.0,0,0,BENIGN
80,905985,3,5,26,11607,20,0,8.666666667000001,10.26320288,7215,0,2321.4,3327.7697940000003,12840.168440000001,8.83016827,129426.4286,342021.0114,905057,3,703,351.5,492.85342649999996,700,3,905942,226485.5,452381.1053,905057,3,0,0,0,0,72,112,3.311313101,5.518855169,0,7215,1292.555556,2650.585648,7025604.278,0,0,0,1,0,0,0,0,1,1454.125,8.666666667000001,2321.4,72,0,0,0,0,0,0,3,26,5,11607,8192,229,2,20,0.0,0.0,0,0,0.0,0.0,0,0,DDoS
80,682575,3,5,26,11607,20,0,8.666666667000001,10.26320288,10135,0,2321.4,4413.201989,17042.81581,11.72032377,97510.71429,257484.0143,681429,1,1047,523.5,738.9265862999999,1046,1,682523,170630.75,340532.4613,681429,4,0,0,0,0,72,112,4.395121415,7.3252023589999995,0,10135,1292.555556,3350.634907,11200000.0,0,0,0,1,0,0,0,0,1,1454.125,8.666666667000001,2321.4,72,0,0,0,0,0,0,3,26,5,11607,8192,229,2,20,0.0,0.0,0,0,0.0,0.0,0,0,DDoS
443,549,2,0,0,0,0,0,0.0,0.0,0,0,0.0,0.0,0.0,3642.98725,549.0,0.0,549,549,549,549.0,0.0,549,549,0,0.0,0.0,0,0,0,0,0,0,64,0,3642.98725,0.0,0,0,0.0,0.0,0.0,0,0,0,0,1,0,0,0,0,0.0,0.0,0.0,64,0,0,0,0,0,0,2,0,0,0,332,-1,0,32,0.0,0.0,0,0,0.0,0.0,0,0,BENIGN
443,628,2,0,0,0,0,0,0.0,0.0,0,0,0.0,0.0,0.0,3184.713376,628.0,0.0,628,628,628,628.0,0.0,628,628,0,0.0,0.0,0,0,0,0,0,0,64,0,3184.713376,0.0,0,0,0.0,0.0,0.0,0,0,0,0,1,0,0,0,0,0.0,0.0,0.0,64,0,0,0,0,0,0,2,0,0,0,346,-1,0,32,0.0,0.0,0,0,0.0,0.0,0,0,BENIGN
443,1988164,12,10,999,3950,267,0,83.25,95.78586440000001,1448,0,395.0,587.483144,2489.231271,11.06548554,94674.47619,132761.3729,451596,8,1988164,180742.1818,187649.0328,546926,227,1892866,210318.4444,235346.6254,687073,49,0,0,0,0,392,328,6.035719387,5.029766156,0,1448,215.173913,414.8205145,172076.0593,0,0,0,1,0,0,0,0,0,224.9545455,83.25,395.0,392,0,0,0,0,0,0,12,999,10,3950,29200,252,6,32,0.0,0.0,0,0,0.0,0.0,0,0,BENIGN
389,4574,13,13,4130,5688,1672,0,317.6923077,614.2608546,2634,0,437.53846150000004,818.9074648,2146480.105,5684.30258,182.96,508.6714296,2462,1,4574,381.1666667,758.2568326,2462,3,4480,373.3333333,761.705065,2615,1,0,0,0,0,284,284,2842.15129,2842.15129,0,2634,363.6296296,701.8048791,492530.0883,0,0,0,1,0,0,0,0,1,377.6153846,317.6923077,437.53846150000004,284,0,0,0,0,0,0,13,4130,13,5688,8192,0,6,20,0.0,0.0,0,0,0.0,0.0,0,0,BENIGN
80,5604028,3,1,0,0,0,0,0.0,0.0,0,0,0.0,0.0,0.0,0.713772308,1868009.333,3218447.4039999996,5584335,31,5604028,2802014.0,3934796.0930000003,5584335,19693,0,0.0,0.0,0,0,0,0,0,0,80,32,0.535329231,0.178443077,0,0,0.0,0.0,0.0,0,0,0,1,0,0,0,0,0,0.0,0.0,0.0,80,0,0,0,0,0,0,3,0,1,0,29200,29200,0,20,0.0,0.0,0,0,0.0,0.0,0,0,BENIGN
80,839391,3,6,26,11607,20,0,8.666666667000001,10.26320288,4380,0,1934.5,2177.344966,13858.8572,10.72205921,104923.875,295623.9927,836554,16,2478,1239.0,1278.44906,2143,335,839299,167859.8,373812.8782,836554,16,0,0,0,0,72,132,3.5740197360000003,7.148039471000001,0,4380,1163.3,1903.962654,3625073.789,0,0,0,1,0,0,0,0,2,1292.555556,8.666666667000001,1934.5,72,0,0,0,0,0,0,3,26,6,11607,8192,229,2,20,0.0,0.0,0,0,0.0,0.0,0,0,DDoS
88,562,7,4,472,414,236,0,67.42857143,115.15620859999999,207,0,103.5,119.5115057,1576512.456,19572.95374,56.2,106.41198759999999,346,2,562,93.66666667,172.76419380000002,442,2,414,138.0,232.9613702,407,3,0,0,0,0,164,104,12455.51601,7117.437722,0,236,73.83333333,109.4090185,11970.33333,0,0,0,1,0,0,0,0,0,80.54545455,67.42857143,103.5,164,0,0,0,0,0,0,7,472,4,414,8192,2053,2,20,0.0,0.0,0,0,0.0,0.0,0,0,BENIGN
53,23705,1,1,69,103,69,69,69.0,0.0,103,103,103.0,0.0,7255.853195999999,84.37038599,23705.0,0.0,23705,23705,0,0.0,0.0,0,0,0,0.0,0.0,0,0,0,0,0,0,20,20,42.185193,42.185193,69,103,80.33333333,19.62990915,385.3333333,0,0,0,0,0,0,0,0,1,120.5,69.0,103.0,20,0,0,0,0,0,0,1,69,1,103,-1,-1,0,20,0.0,0.0,0,0,0.0,0.0,0,0,BENIGN
80,916963,3,4,26,11607,20,0,8.666666667000001,10.26320288,11595,0,2901.75,5795.50069,12686.44427,7.633895806,152827.1667,373878.8429,916004,3,707,353.5,495.6818536,704,3,916917,305639.0,528591.6628,916004,190,0,0,0,0,72,92,3.2716696310000004,4.362226175,0,11595,1454.125,4097.537534,16800000.0,0,0,0,1,0,0,0,0,1,1661.857143,8.666666667000001,2901.75,72,0,0,0,0,0,0,3,26,4,11607,8192,229,2,20,0.0,0.0,0,0,0.0,0.0,0,0,DDoS
80,920721,3,6,26,11607,20,0,8.666666667000001,10.26320288,5840,0,1934.5,2538.9192780000003,12634.66349,9.774948111,115090.125,325115.976,919711,41,680,340.0,411.53614669999996,631,49,920642,184128.4,411203.2461,919711,47,0,0,0,0,72,132,3.2583160369999997,6.516632073999999,0,5840,1163.3,2138.329153,4572451.567,0,0,0,1,0,0,0,0,2,1292.555556,8.666666667000001,1934.5,72,0,0,0,0,0,0,3,26,6,11607,8192,229,2,20,0.0,0.0,0,0,0.0,0.0,0,0,DDoS
389,425,10,4,165,326,79,0,16.5,33.01262385,163,0,81.5,94.10809388,1155294.118,32941.17647,32.69230769,34.69722519,113,1,425,47.22222222,71.93187363,211,1,261,87.0,110.03635759999999,211,1,0,0,0,0,336,144,23529.41176,9411.764706,0,163,32.73333333,59.52006464,3542.6380950000002,0,0,0,1,0,0,0,0,0,35.07142857,16.5,81.5,336,0,0,0,0,0,0,10,165,4,326,29200,2081,3,32,0.0,0.0,0,0,0.0,0.0,0,0,BENIGN
80,79098660,8,6,56,11607,20,0,7.0,5.656854248999999,5840,0,1934.5,2538.9192780000003,147.4487684,0.176994149,6084512.307999999,19600000.0,71100000,47,78200000,11200000.0,26600000.0,71100000,81,908504,181700.8,404872.5987,905957,47,0,0,0,0,172,132,0.101139514,0.075854635,0,5840,777.9333333,1804.898987,3257660.352,0,0,0,0,1,0,0,0,0,833.5,7.0,1934.5,172,0,0,0,0,0,0,8,56,6,11607,256,229,6,20,739.0,0.0,739,739,39100000.0,45300000.0,71100000,7073920,DDoS
80,109533,3,6,26,11607,20,0,8.666666667000001,10.26320288,5755,0,1934.5,2529.1245719999997,106205.4358,82.16701816,13691.625,38269.482639999995,108401,4,948,474.0,654.7808794,937,11,109471,21894.2,48360.46123,108401,4,0,0,0,0,72,132,27.38900605,54.77801211,0,5755,1163.3,2131.87096,4544873.789,0,0,0,1,0,0,0,0,2,1292.555556,8.666666667000001,1934.5,72,0,0,0,0,0,0,3,26,6,11607,8192,229,2,20,0.0,0.0,0,0,0.0,0.0,0,0,DDoS
135,68,1,3,0,0,0,0,0.0,0.0,0,0,0.0,0.0,0.0,58823.52941,22.66666667,34.96188401,63,1,0,0.0,0.0,0,0,5,2.5,2.121320344,4,1,0,0,0,0,20,60,14705.88235,44117.64706,0,0,0.0,0.0,0.0,0,0,0,0,1,1,0,0,3,0.0,0.0,0.0,20,0,0,0,0,0,0,1,0,3,0,253,2050,0,20,0.0,0.0,0,0,0.0,0.0,0,0,BENIGN
80,6037912,5,0,30,0,6,6,6.0,0.0,0,0,0.0,0.0,4.968605041,0.82810084,1509478.0,3016285.59,6033906,3,6037912,1509478.0,3016285.59,6033906,3,0,0.0,0.0,0,0,0,0,0,0,100,0,0.82810084,0.0,6,6,6.0,0.0,0.0,0,0,0,0,1,0,0,0,0,7.2,6.0,0.0,100,0,0,0,0,0,0,5,30,0,0,256,-1,4,20,4006.0,0.0,4006,4006,6033906.0,0.0,6033906,6033906,DDoS
443,155928,2,0,0,0,0,0,0.0,0.0,0,0,0.0,0.0,0.0,12.82643271,155928.0,0.0,155928,155928,155928,155928.0,0.0,155928,155928,0,0.0,0.0,0,0,0,0,0,0,40,0,12.82643271,0.0,0,0,0.0,0.0,0.0,0,0,0,0,1,0,0,0,0,0.0,0.0,0.0,40,0,0,0,0,0,0,2,0,0,0,253,-1,0,20,0.0,0.0,0,0,0.0,0.0,0,0,BENIGN
80,901656,3,6,26,11607,20,0,8.666666667000001,10.26320288,4380,0,1934.5,2177.344966,12901.816209999999,9.981633794,112707.0,318442.564,900812,2,704,352.0,428.5067094,655,49,901578,180315.6,402769.8389,900812,2,0,0,0,0,72,132,3.327211265,6.654422529,0,4380,1163.3,1903.962654,3625073.789,0,0,0,1,0,0,0,0,2,1292.555556,8.666666667000001,1934.5,72,0,0,0,0,0,0,3,26,6,11607,8192,229,2,20,0.0,0.0,0,0,0.0,0.0,0,0,DDoS
49666,53116357,53,46,16752,7366,1749,0,316.0754717,515.1362721,300,0,160.13043480000002,98.75730267,454.0597541,1.863832642,542003.6429,4051437.438,39100000,1,53100000,1021468.4040000001,5542535.636,39100000,1,14000000,310438.4444,1429978.405,7432516,1,0,0,0,0,1084,944,0.997809394,0.866023248,0,1749,241.18,387.891513,150459.8259,0,0,0,1,0,0,0,0,0,243.6161616,316.0754717,160.13043480000002,1084,0,0,0,0,0,0,53,16752,46,7366,8192,2053,38,20,138776.0,117077.084,221562,55990,6784965.5,840127.0018,7379025,6190906,BENIGN
80,20840,3,4,26,11601,20,0,8.666666667000001,10.26320288,8760,0,2900.25,4128.3193009999995,557917.4664,335.8925144,3473.333333,7525.400419,18787,29,18960,9480.0,13203.09782,18816,144,20811,6937.0,10492.45734,19026,197,0,0,0,0,72,92,143.9539347,191.9385797,0,8760,1453.375,3113.952607,9696700.839,0,0,0,1,0,0,0,0,1,1661.0,8.666666667000001,2900.25,72,0,0,0,0,0,0,3,26,4,11601,8192,229,2,20,0.0,0.0,0,0,0.0,0.0,0,0,DDoS
49666,53968545,25,20,6732,3426,1749,0,269.28,459.9004892,348,0,171.3,119.99478059999998,188.2207497,0.8338190329999999,1226557.841,8062686.877,53500000,1,54000000,2248689.375,10900000.0,53500000,1,276696,14562.947369999998,62718.82832000001,273558,3,0,0,0,0,524,424,0.463232796,0.37058623700000004,0,1749,220.826087,349.802948,122362.1024,0,0,0,1,0,0,0,0,0,225.7333333,269.28,171.3,524,0,0,0,0,0,0,25,6732,20,3426,8192,2048,16,20,0.0,0.0,0,0,0.0,0.0,0,0,BENIGN
80,99076,3,6,26,11607,20,0,8.666666667000001,10.26320288,4380,0,1934.5,2177.344966,117414.9138,90.83935565,12384.5,34522.91902,97820,2,1124,562.0,789.1311678,1120,4,98987,19797.4,43618.46512,97820,2,0,0,0,0,72,132,30.27978522,60.55957043,0,4380,1163.3,1903.962654,3625073.789,0,0,0,1,0,0,0,0,2,1292.555556,8.666666667000001,1934.5,72,0,0,0,0,0,0,3,26,6,11607,8192,229,2,20,0.0,0.0,0,0,0.0,0.0,0,0,DDoS
80,62472,3,2,426,110,426,0,142.0,245.95121469999998,110,0,55.0,77.78174593,8579.84377,80.03585606,15618.0,15430.121519999999,28955,87,33658,16829.0,17271.790240000002,29042,4616,33517,33517.0,0.0,33517,33517,0,0,0,0,72,44,48.02151364,32.01434243,0,426,89.33333333,170.70051750000002,29138.66667,0,0,0,1,0,0,0,0,0,107.2,142.0,55.0,72,0,0,0,0,0,0,3,426,2,110,8192,16384,1,20,0.0,0.0,0,0,0.0,0.0,0,0,BENIGN
80,39620158,4,4,236,1809,236,0,59.0,118.0,1809,0,452.25,904.5,51.61513995,0.20191741800000002,5660022.571,14900000.0,39500000,17,74650,24883.33333,21468.40251,37717,99,39600000,13200000.0,22800000.0,39500000,872,0,0,0,0,92,92,0.10095870900000001,0.10095870900000001,0,1809,227.2222222,598.2795705,357938.4444,0,0,0,1,0,0,0,0,1,255.625,59.0,452.25,92,0,0,0,0,0,0,4,236,4,1809,8192,946,1,20,0.0,0.0,0,0,0.0,0.0,0,0,BENIGN
53,23769,1,1,43,91,43,43,43.0,0.0,91,91,91.0,0.0,5637.595187,84.14321175,23769.0,0.0,23769,23769,0,0.0,0.0,0,0,0,0.0,0.0,0,0,0,0,0,0,20,20,42.07160587,42.07160587,43,91,59.0,27.71281292,768.0,0,0,0,0,0,0,0,0,1,88.5,43.0,91.0,20,0,0,0,0,0,0,1,43,1,91,-1,-1,0,20,0.0,0.0,0,0,0.0,0.0,0,0,BENIGN
80,7121367,4,0,24,0,6,6,6.0,0.0,0,0,0.0,0.0,3.3701394689999997,0.5616899120000001,2373789.0,4110871.039,7120614,271,7121367,2373789.0,4110871.039,7120614,271,0,0.0,0.0,0,0,0,0,0,0,80,0,0.5616899120000001,0.0,6,6,6.0,0.0,0.0,0,0,0,0,1,0,0,0,0,7.5,6.0,0.0,80,0,0,0,0,0,0,4,24,0,0,256,-1,3,20,753.0,0.0,753,753,7120614.0,0.0,7120614,7120614,DDoS
0,343183,2,0,0,0,0,0,0.0,0.0,0,0,0.0,0.0,0.0,5.8277944999999995,343183.0,0.0,343183,343183,343183,343183.0,0.0,343183,343183,0,0.0,0.0,0,0,0,0,0,0,0,0,5.8277944999999995,0.0,0,0,0.0,0.0,0.0,0,0,0,0,0,0,0,0,0,0.0,0.0,0.0,0,0,0,0,0,0,0,2,0,0,0,-1,-1,0,0,0.0,0.0,0,0,0.0,0.0,0,0,BENIGN
123,77089834,8,8,384,384,48,48,48.0,0.0,48,48,48.0,0.0,9.962403084,0.20755006399999998,5139322.267,15000000.0,58900000,89252,77000000,11000000.0,21300000.0,59000000,1999834,77000000,11000000.0,21300000.0,59000000,1999501,0,0,0,0,196,196,0.10377503199999999,0.10377503199999999,48,48,48.0,0.0,0.0,0,0,0,0,0,0,0,0,1,51.0,48.0,48.0,196,0,0,0,0,0,0,8,384,8,384,-1,-1,7,20,5089482.5,7070576.373,10100000,89830,33400000.0,36100000.0,58900000,7910210,BENIGN
389,111231452,52,26,9666,11698,452,0,185.8846154,195.3818437,1173,243,449.92307689999996,282.4984139,192.0679773,0.701240509,1444564.312,4427877.344,16500000,2,111000000,2181008.863,5306877.992,16500000,2,111000000,4449244.36,6940015.9520000005,16500000,3,1,0,0,0,1664,832,0.46749367299999994,0.233746836,0,1173,275.53164560000005,257.3754035,66242.09834,0,1,0,0,1,0,0,0,0,279.0641026,185.8846154,449.92307689999996,1664,0,0,0,0,0,0,52,9666,26,11698,480,2076,25,32,22477.375,62567.09042000001,177323,315,13900000.0,3949480.5489999996,16500000,6370803,BENIGN
80,6044025,4,0,24,0,6,6,6.0,0.0,0,0,0.0,0.0,3.970863787,0.661810631,2014675.0,3488654.337,6043026,1,6044025,2014675.0,3488654.337,6043026,1,0,0.0,0.0,0,0,0,0,0,0,80,0,0.661810631,0.0,6,6,6.0,0.0,0.0,0,0,0,0,1,0,0,0,0,7.5,6.0,0.0,80,0,0,0,0,0,0,4,24,0,0,256,-1,3,20,999.0,0.0,999,999,6043026.0,0.0,6043026,6043026,DDoS
443,329519,7,10,495,4090,189,0,70.71428571,90.36355144,1410,0,409.0,586.3754959,13914.22042,51.59034836,20594.9375,30522.1461,81649,1,307353,51225.5,30570.31943,81649,22031,307562,34173.55556,50562.70725,104457,1,0,0,0,0,152,212,21.24308462,30.34726374,0,1410,254.7222222,465.4808779,216672.4477,0,0,0,1,0,0,0,0,1,269.70588239999995,70.71428571,409.0,152,0,0,0,0,0,0,7,495,10,4090,8192,119,3,20,0.0,0.0,0,0,0.0,0.0,0,0,BENIGN
88,917,9,4,628,3064,314,0,69.77777778,138.4609853,1532,0,766.0,884.5006124,4026172.3010000004,14176.663030000002,76.41666667,200.16377759999997,709,1,917,114.625,245.735594,720,1,822,274.0,429.2213881,769,5,0,0,0,0,204,104,9814.612868,4362.050164,0,1532,263.7142857,548.9575335,301354.3736,0,0,0,1,0,0,0,0,0,284.0,69.77777778,766.0,204,0,0,0,0,0,0,9,628,4,3064,8192,2053,2,20,0.0,0.0,0,0,0.0,0.0,0,0,BENIGN
443,59207,3,0,53,0,53,0,17.66666667,30.59956427,0,0,0.0,0.0,895.1644231,50.66968433,29603.5,41796.37473,59158,49,59207,29603.5,41796.37473,59158,49,0,0.0,0.0,0,0,0,0,0,0,60,0,50.66968433,0.0,0,53,13.25,26.5,702.25,0,0,0,0,1,0,0,0,0,17.66666667,17.66666667,0.0,60,0,0,0,0,0,0,3,53,0,0,62897,-1,1,20,0.0,0.0,0,0,0.0,0.0,0,0,BENIGN
80,8415090,4,0,24,0,6,6,6.0,0.0,0,0,0.0,0.0,2.8520194080000003,0.47533656799999996,2805030.0,4857868.179,8414413,236,8415090,2805030.0,4857868.179,8414413,236,0,0.0,0.0,0,0,0,0,0,0,80,0,0.47533656799999996,0.0,6,6,6.0,0.0,0.0,0,0,0,0,1,0,0,0,0,7.5,6.0,0.0,80,0,0,0,0,0,0,4,24,0,0,256,-1,3,20,677.0,0.0,677,677,8414413.0,0.0,8414413,8414413,DDoS
80,3017875,5,0,30,0,6,6,6.0,0.0,0,0,0.0,0.0,9.940769581,1.65679493,754468.75,1508305.501,3016927,259,3017875,754468.75,1508305.501,3016927,259,0,0.0,0.0,0,0,0,0,0,0,100,0,1.65679493,0.0,6,6,6.0,0.0,0.0,0,0,0,0,1,0,0,0,0,7.2,6.0,0.0,100,0,0,0,0,0,0,5,30,0,0,256,-1,4,20,0.0,0.0,0,0,0.0,0.0,0,0,DDoS
123,71060971,9,9,432,432,48,48,48.0,0.0,48,48,48.0,0.0,12.15857295,0.253303603,4180057.1180000002,13400000.0,55900000,71853,71000000,8873613.625,19000000.0,56000000,1987177,71000000,8873625.375,19000000.0,56000000,1987348,0,0,0,0,216,216,0.12665180199999998,0.12665180199999998,48,48,48.0,0.0,0.0,0,0,0,0,0,0,0,0,1,50.66666667,48.0,48.0,216,0,0,0,0,0,0,9,432,9,432,-1,-1,8,20,15100000.0,0.0,15100000,15100000,55900000.0,0.0,55900000,55900000,BENIGN
88,914,9,6,3130,3048,1565,0,347.77777779999997,690.1001336,1524,0,508.0,786.9902159,6759299.781,16411.37856,65.28571429,175.8195879,673,1,914,114.25,255.76537799999997,744,1,868,173.6,280.94180889999996,673,5,0,0,0,0,204,144,9846.827133,6564.551422,0,1565,386.125,690.8025164,477208.1167,0,0,0,1,0,0,0,0,0,411.8666667,347.77777779999997,508.0,204,0,0,0,0,0,0,9,3130,6,3048,8192,2053,2,20,0.0,0.0,0,0,0.0,0.0,0,0,BENIGN
80,1138961,4,0,24,0,6,6,6.0,0.0,0,0,0.0,0.0,21.07183652,3.511972754,379653.6667,656760.3488,1138015,2,1138961,379653.6667,656760.3488,1138015,2,0,0.0,0.0,0,0,0,0,0,0,80,0,3.511972754,0.0,6,6,6.0,0.0,0.0,0,0,0,0,1,0,0,0,0,7.5,6.0,0.0,80,0,0,0,0,0,0,4,24,0,0,256,-1,3,20,0.0,0.0,0,0,0.0,0.0,0,0,DDoS
21,645157,18,27,176,484,43,0,9.777777777999999,13.02285573,52,0,17.92592593,15.57099356,1023.0068029999999,69.75046384,14662.659090000001,45584.24007,214727,1,645032,37943.05882,71998.26682,215053,3,645008,24808.0,57624.133610000004,214727,1,0,0,0,0,408,564,27.90018554,41.8502783,0,52,14.34782609,14.99217187,224.7652174,0,0,0,1,0,0,0,0,1,14.66666667,9.777777777999999,17.92592593,408,0,0,0,0,0,0,18,176,27,484,8192,229,12,20,0.0,0.0,0,0,0.0,0.0,0,0,BENIGN
443,577166,22,29,764,31594,205,0,34.72727273,65.67465396,1430,0,1089.448276,577.4588783,56063.59349,88.36279337,11543.32,52240.93282,366724,2,577166,27484.09524,78962.69787999999,366724,47,536589,19163.89286,76428.79055,403790,2,0,0,0,0,452,592,38.11728342,50.24550996,0,1430,622.2692308,682.2482187,465462.63200000004,0,0,0,1,0,0,0,0,1,634.4705882000001,34.72727273,1089.448276,452,0,0,0,0,0,0,22,764,29,31594,8192,360,7,20,0.0,0.0,0,0,0.0,0.0,0,0,BENIGN
80,4178788,5,0,30,0,6,6,6.0,0.0,0,0,0.0,0.0,7.179115092999999,1.196519182,1044697.0,2088634.0019999999,4177648,274,4178788,1044697.0,2088634.0019999999,4177648,274,0,0.0,0.0,0,0,0,0,0,0,100,0,1.196519182,0.0,6,6,6.0,0.0,0.0,0,0,0,0,1,0,0,0,0,7.2,6.0,0.0,100,0,0,0,0,0,0,5,30,0,0,256,-1,4,20,0.0,0.0,0,0,0.0,0.0,0,0,DDoS
123,64094119,2,2,96,96,48,48,48.0,0.0,48,48,48.0,0.0,2.99559465,0.062408222,21400000.0,36800000.0,63900000,94180,64000000,64000000.0,0.0,64000000,64000000,64000000,64000000.0,0.0,64000000,64000000,0,0,0,0,40,40,0.031204111,0.031204111,48,48,48.0,0.0,0.0,0,0,0,0,0,0,0,0,1,60.0,48.0,48.0,40,0,0,0,0,0,0,2,96,2,96,-1,-1,1,20,94311.0,0.0,94311,94311,63900000.0,0.0,63900000,63900000,BENIGN
443,41573377,26,31,698,34122,350,0,26.84615385,81.14219238,2576,0,1100.709677,777.8383377,837.555246,1.371069759,742381.7321,2553702.418,10000000,6,41600000,1662927.68,3703321.8639999996,10200000,108,41400000,1380812.5669999998,3432124.4889999996,10200000,48,0,0,0,0,840,1000,0.625400241,0.7456695179999999,0,2576,600.3448276,783.4776624,613837.2474,0,0,0,1,0,0,0,0,1,610.8771929999999,26.84615385,1100.709677,840,0,0,0,0,0,0,26,698,31,34122,29200,252,3,32,542261.0,787600.6707,1723662,148399,9851022.75,340027.6007,10000000,9341312,BENIGN
80,49,2,0,0,0,0,0,0.0,0.0,0,0,0.0,0.0,0.0,40816.32653,49.0,0.0,49,49,49,49.0,0.0,49,49,0,0.0,0.0,0,0,0,0,0,0,40,0,40816.32653,0.0,0,0,0.0,0.0,0.0,0,0,0,0,1,0,0,0,0,0.0,0.0,0.0,40,0,0,0,0,0,0,2,0,0,0,256,-1,0,20,0.0,0.0,0,0,0.0,0.0,0,0,BENIGN
80,26073,3,5,26,11601,20,0,8.666666667000001,10.26320288,5840,0,2320.2,2634.7495519999998,445940.2447,306.8308212,3724.714286,6277.8079960000005,14768,4,15055,7527.5,10639.83574,15051,4,25790,6447.5,7481.702681000001,14792,88,0,0,0,0,72,112,115.06155790000001,191.7692632,0,5840,1291.888889,2226.6540170000003,4957988.1110000005,0,0,0,1,0,0,0,0,1,1453.375,8.666666667000001,2320.2,72,0,0,0,0,0,0,3,26,5,11601,8192,229,2,20,0.0,0.0,0,0,0.0,0.0,0,0,DDoS
80,1271982,3,6,26,11607,20,0,8.666666667000001,10.26320288,5840,0,1934.5,2538.9192780000003,9145.56967,7.075571824,158997.75,449277.6698,1270903,1,938,469.0,661.8519472,937,1,1271941,254388.2,568249.1969,1270903,4,0,0,0,0,72,132,2.358523941,4.717047883,0,5840,1163.3,2138.329153,4572451.567,0,0,0,1,0,0,0,0,2,1292.555556,8.666666667000001,1934.5,72,0,0,0,0,0,0,3,26,6,11607,8192,229,2,20,0.0,0.0,0,0,0.0,0.0,0,0,DDoS
80,7187822,4,0,24,0,6,6,6.0,0.0,0,0,0.0,0.0,3.3389808480000003,0.556496808,2395940.667,4149023.2389999996,7186820,3,7187822,2395940.667,4149023.2389999996,7186820,3,0,0.0,0.0,0,0,0,0,0,0,80,0,0.556496808,0.0,6,6,6.0,0.0,0.0,0,0,0,0,1,0,0,0,0,7.5,6.0,0.0,80,0,0,0,0,0,0,4,24,0,0,256,-1,3,20,1002.0,0.0,1002,1002,7186820.0,0.0,7186820,7186820,DDoS
443,773,2,0,0,0,0,0,0.0,0.0,0,0,0.0,0.0,0.0,2587.322122,773.0,0.0,773,773,773,773.0,0.0,773,773,0,0.0,0.0,0,0,0,0,0,0,64,0,2587.322122,0.0,0,0,0.0,0.0,0.0,0,0,0,0,1,0,0,0,0,0.0,0.0,0.0,64,0,0,0,0,0,0,2,0,0,0,1283,-1,0,32,0.0,0.0,0,0,0.0,0.0,0,0,BENIGN
80,77807512,8,6,56,11607,20,0,7.0,5.656854248999999,5840,0,1934.5,2538.9192780000003,149.89555249999998,0.179931213,5985193.231000001,19600000.0,71100000,3,76900000,11000000.0,26600000.0,71100000,17,890011,178002.2,397582.9409,889220,3,0,0,0,0,172,132,0.102817836,0.077113377,0,5840,777.9333333,1804.898987,3257660.352,0,0,0,0,1,0,0,0,0,833.5,7.0,1934.5,172,0,0,0,0,0,0,8,56,6,11607,256,229,6,20,870.0,0.0,870,870,38500000.0,46200000.0,71100000,5777267,DDoS
80,4035931,4,0,24,0,6,6,6.0,0.0,0,0,0.0,0.0,5.946583329,0.991097221,1345310.333,2329286.805,4034939,0,4035931,1345310.333,2329286.805,4034939,0,0,0.0,0.0,0,0,0,0,0,0,80,0,0.991097221,0.0,6,6,6.0,0.0,0.0,0,0,0,0,1,0,0,0,0,7.5,6.0,0.0,80,0,0,0,0,0,0,4,24,0,0,256,-1,3,20,0.0,0.0,0,0,0.0,0.0,0,0,DDoS
80,7731256,5,0,30,0,6,6,6.0,0.0,0,0,0.0,0.0,3.8803526880000003,0.646725448,1932814.0,3865002.0,7730317,250,7731256,1932814.0,3865002.0,7730317,250,0,0.0,0.0,0,0,0,0,0,0,100,0,0.646725448,0.0,6,6,6.0,0.0,0.0,0,0,0,0,1,0,0,0,0,7.2,6.0,0.0,100,0,0,0,0,0,0,5,30,0,0,256,-1,4,20,939.0,0.0,939,939,7730317.0,0.0,7730317,7730317,DDoS
443,67444653,129,251,1717,439381,572,0,13.31007752,74.22535349,3864,0,1750.5219120000002,831.1541966,6540.147816,5.634249464,177954.2296,1266022.4479999999,10000000,0,63500000,495937.5078,2149320.922,10200000,1,67300000,269184.96,1575053.211,10200000,1,0,0,0,0,4136,8040,1.9126794230000002,3.721570041,0,3864,1157.737533,1066.107948,1136586.1570000001,0,0,0,1,0,0,0,0,1,1160.784211,13.31007752,1750.5219120000002,4136,0,0,0,0,0,0,129,1717,251,439381,29200,156,5,32,557828.8333,1002925.547,2605042,148121,10000000.0,9749.642079000001,10000000,10000000,BENIGN
443,43846209,21,25,1029,28576,517,0,49.0,135.2057691,2576,0,1143.04,943.0402731,675.2009051,1.049121487,974360.2,2837540.155,10000000,2,34300000,1716037.85,3671464.363,10200000,189,43700000,1820731.417,3772647.6960000005,10200000,2,0,0,0,0,680,808,0.478946766,0.570174721,0,2576,629.893617,881.8870882000001,777724.8363,0,0,0,1,0,0,0,0,1,643.5869565,49.0,1143.04,680,0,0,0,0,0,0,21,1029,25,28576,29200,252,3,32,1112457.0,1927383.3530000001,4003532,148568,9849094.75,314875.0345,10000000,9376881,BENIGN
443,896043,8,9,646,4131,324,0,80.75,123.6951899,1871,0,459.0,701.4329974999999,5331.217363000001,18.97230378,56002.6875,131984.7869,504948,1,870806,124400.8571,188981.9908,504960,616,871048,108881.0,187052.1488,530181,1,0,0,0,0,184,192,8.928142957,10.04416083,0,1871,265.3888889,527.1287530000001,277864.7222,0,0,0,1,0,0,0,0,1,281.0,80.75,459.0,184,0,0,0,0,0,0,8,646,9,4131,8192,33,3,20,0.0,0.0,0,0,0.0,0.0,0,0,BENIGN
80,5287503,3,1,0,0,0,0,0.0,0.0,0,0,0.0,0.0,0.0,0.756500753,1762501.0,3032379.952,5263966,136,5287503,2643751.5,3705542.8819999998,5263966,23537,0,0.0,0.0,0,0,0,0,0,0,72,32,0.567375565,0.189125188,0,0,0.0,0.0,0.0,0,0,0,1,0,0,0,0,0,0.0,0.0,0.0,72,0,0,0,0,0,0,3,0,1,0,8192,29200,0,20,0.0,0.0,0,0,0.0,0.0,0,0,BENIGN
80,10401308,4,0,24,0,6,6,6.0,0.0,0,0,0.0,0.0,2.3074021080000002,0.384567018,3467102.667,6004532.866,10400000,367,10400000,3467102.667,6004532.866,10400000,367,0,0.0,0.0,0,0,0,0,0,0,80,0,0.384567018,0.0,6,6,6.0,0.0,0.0,0,0,0,0,1,0,0,0,0,7.5,6.0,0.0,80,0,0,0,0,0,0,4,24,0,0,256,-1,3,20,768.0,0.0,768,768,10400000.0,0.0,10400000,10400000,DDoS
80,128197,3,2,427,110,427,0,142.33333330000002,246.52856490000002,110,0,55.0,77.78174593,4188.865574,39.00247276,32049.25,28660.787139999997,69842,131,99103,49551.5,28695.10029,69842,29261,99067,99067.0,0.0,99067,99067,0,0,0,0,72,44,23.40148365,15.6009891,0,427,89.5,171.0950028,29273.5,0,0,0,1,0,0,0,0,0,107.4,142.33333330000002,55.0,72,0,0,0,0,0,0,3,427,2,110,8192,16384,1,20,0.0,0.0,0,0,0.0,0.0,0,0,BENIGN
80,109861018,9,5,441,4691,158,0,49.0,73.74957627,1585,0,938.2,856.5738147,46.71356677,0.127433736,8450847.537999999,30400000.0,110000000,53,110000000,13700000.0,38700000.0,110000000,59,221422,55355.5,66377.17707,152286,1612,0,0,0,0,192,112,0.08192168799999999,0.045512049000000006,0,1585,342.1333333,635.0063967,403233.1238,0,0,0,1,0,0,0,0,0,366.57142860000005,49.0,938.2,192,0,0,0,0,0,0,9,441,5,4691,65535,1013,3,20,0.0,0.0,0,0,0.0,0.0,0,0,BENIGN
80,902069,3,5,26,11607,20,0,8.666666667000001,10.26320288,7215,0,2321.4,3327.7697940000003,12895.909290000001,8.86850119,128867.0,340429.3382,900888,4,938,469.0,339.411255,709,229,902037,225509.25,450252.7076,900888,4,0,0,0,0,72,112,3.3256879460000004,5.5428132439999995,0,7215,1292.555556,2650.585648,7025604.278,0,0,0,1,0,0,0,0,1,1454.125,8.666666667000001,2321.4,72,0,0,0,0,0,0,3,26,5,11607,8192,229,2,20,0.0,0.0,0,0,0.0,0.0,0,0,DDoS
443,779,2,0,0,0,0,0,0.0,0.0,0,0,0.0,0.0,0.0,2567.394095,779.0,0.0,779,779,779,779.0,0.0,779,779,0,0.0,0.0,0,0,0,0,0,0,64,0,2567.394095,0.0,0,0,0.0,0.0,0.0,0,0,0,0,1,0,0,0,0,0.0,0.0,0.0,64,0,0,0,0,0,0,2,0,0,0,699,-1,0,32,0.0,0.0,0,0,0.0,0.0,0,0,BENIGN
123,67071220,3,3,144,144,48,48,48.0,0.0,48,48,48.0,0.0,4.293943065,0.08945714699999999,13400000.0,29300000.0,65900000,94077,67000000,33500000.0,46000000.0,66000000,981398,67000000,33500000.0,46000000.0,66000000,981331,0,0,0,0,96,96,0.04472857400000001,0.04472857400000001,48,48,48.0,0.0,0.0,0,0,0,0,0,0,0,0,1,56.0,48.0,48.0,96,0,0,0,0,0,0,3,144,3,144,-1,-1,2,32,1075475.0,0.0,1075475,1075475,65900000.0,0.0,65900000,65900000,BENIGN
389,365412,15,10,4104,1020,1660,0,273.6,567.8187337,210,0,102.0,90.7964757,14022.528,68.41592504,15225.5,62528.0043,303109,3,365412,26100.85714,81320.26587,303109,3,2049,227.66666669999998,312.1846409,898,3,0,0,0,0,324,224,41.04955502,27.36637002,0,1660,197.0769231,438.4117629,192204.8738,0,0,0,1,0,0,0,0,0,204.96,273.6,102.0,324,0,0,0,0,0,0,15,4104,10,1020,8192,2051,8,20,0.0,0.0,0,0,0.0,0.0,0,0,BENIGN
80,8032782,4,0,24,0,6,6,6.0,0.0,0,0,0.0,0.0,2.9877569189999997,0.49795948700000003,2677594.0,4637023.906,8031968,321,8032782,2677594.0,4637023.906,8031968,321,0,0.0,0.0,0,0,0,0,0,0,80,0,0.49795948700000003,0.0,6,6,6.0,0.0,0.0,0,0,0,0,1,0,0,0,0,7.5,6.0,0.0,80,0,0,0,0,0,0,4,24,0,0,256,-1,3,20,814.0,0.0,814,814,8031968.0,0.0,8031968,8031968,DDoS
80,210129,3,4,436,860,436,0,145.33333330000002,251.7247174,860,0,215.0,430.0,6167.639878,33.31286971,35021.5,63716.242029999994,163014,3,186342,93171.0,98772.91784,163014,23328,186920,62306.666670000006,107543.5352,186487,3,0,0,0,0,72,92,14.27694416,19.03592555,0,860,162.0,320.65646949999996,102820.5714,0,0,0,1,0,0,0,0,1,185.1428571,145.33333330000002,215.0,72,0,0,0,0,0,0,3,436,4,860,8192,31,1,20,0.0,0.0,0,0,0.0,0.0,0,0,BENIGN
88,1153,9,6,3176,3106,1588,0,352.8888889,700.2421803,1553,0,517.6666667,801.9657516,5448395.49,13009.54033,82.35714286,217.98221769999998,836,0,1153,144.125,303.86201639999996,894,1,1045,209.0,352.45921749999997,836,5,0,0,0,0,204,144,7805.724198000001,5203.816132,0,1588,392.625,702.4070876000001,493375.7167,0,0,0,1,0,0,0,0,0,418.8,352.8888889,517.6666667,204,0,0,0,0,0,0,9,3176,6,3106,8192,2053,2,20,0.0,0.0,0,0,0.0,0.0,0,0,BENIGN
80,46038955,9,9,459,2149,459,0,51.0,153.0,1460,0,238.7777778,511.5158301,56.64768021,0.39097325299999997,2708173.8239999996,4407186.623,10000000,36,40100000,5013228.5,5348950.675,10000000,189,46000000,5752983.0,4955358.2069999995,10000000,181,0,0,0,0,200,192,0.19548662600000002,0.19548662600000002,0,1460,137.2631579,369.6108828,136612.2047,0,0,0,1,0,0,0,0,1,144.88888889999998,51.0,238.7777778,200,0,0,0,0,0,0,9,459,9,2149,29200,30,1,20,21108.75,11939.954529999999,39018,14995,10000000.0,10232.44443,10000000,9999090,BENIGN
443,6552217,9,6,679,6068,517,0,75.44444444,174.03527739999998,2576,0,1011.333333,964.9817960000001,1029.727801,2.289301468,468015.5,1665239.366,6250720,0,6552217,819027.125,2195782.749,6250720,0,152417,30483.4,66360.93435,149176,59,0,0,0,0,296,200,1.3735808809999999,0.915720587,0,2576,421.6875,741.2209494,549408.4958,0,0,0,1,0,0,0,0,0,449.8,75.44444444,1011.333333,296,0,0,0,0,0,0,9,679,6,6068,29200,122,2,32,301313.0,0.0,301313,301313,6250720.0,0.0,6250720,6250720,BENIGN
88,1901,9,4,632,3112,316,0,70.22222222,139.34290239999999,1556,0,778.0,898.3570189,1969489.7419999999,6838.506049,158.41666669999998,307.8386408,815,1,1901,237.625,416.6807402,956,1,1634,544.6666667000001,938.1963192,1628,1,0,0,0,0,204,104,4734.350342,2104.155708,0,1556,267.4285714,557.5172594,310825.4945,0,0,0,1,0,0,0,0,0,288.0,70.22222222,778.0,204,0,0,0,0,0,0,9,632,4,3112,8192,2053,2,20,0.0,0.0,0,0,0.0,0.0,0,0,BENIGN
123,66094126,2,2,96,96,48,48,48.0,0.0,48,48,48.0,0.0,2.9049480130000003,0.06051975,22000000.0,38000000.0,65900000,94120,66000000,66000000.0,0.0,66000000,66000000,66000000,66000000.0,0.0,66000000,66000000,0,0,0,0,52,52,0.030259875,0.030259875,48,48,48.0,0.0,0.0,0,0,0,0,0,0,0,0,1,60.0,48.0,48.0,52,0,0,0,0,0,0,2,96,2,96,-1,-1,1,20,94120.0,0.0,94120,94120,65900000.0,0.0,65900000,65900000,BENIGN
123,68093121,3,3,144,144,48,48,48.0,0.0,48,48,48.0,0.0,4.229502125,0.08811462800000001,13600000.0,29800000.0,66900000,94146,68000000,34000000.0,46700000.0,67000000,1002800,68000000,34000000.0,46700000.0,67000000,1002607,0,0,0,0,60,60,0.04405731400000001,0.04405731400000001,48,48,48.0,0.0,0.0,0,0,0,0,0,0,0,0,1,56.0,48.0,48.0,60,0,0,0,0,0,0,3,144,3,144,-1,-1,2,20,1096946.0,0.0,1096946,1096946,66900000.0,0.0,66900000,66900000,BENIGN
443,123156,9,8,496,4528,192,0,55.11111111,80.26432029,1430,0,566.0,679.1749196000001,40793.78999,138.0363117,7697.25,14502.124230000001,36995,47,123156,15394.5,18101.19773,37775,48,86168,12309.71429,20878.23132,47791,48,0,0,0,0,192,172,73.07804735,64.95826432,0,1430,279.1111111,512.687141,262848.1046,0,0,0,1,0,0,0,0,0,295.52941180000005,55.11111111,566.0,192,0,0,0,0,0,0,9,496,8,4528,8192,343,4,20,0.0,0.0,0,0,0.0,0.0,0,0,BENIGN
443,4188450,9,11,703,3950,267,0,78.11111111,103.30228029999999,1448,0,359.0909091,569.9183195,1110.912151,4.775036111,220444.7368,469520.4601,1560269,3,2532977,316622.125,538962.7868,1517481,239,4093380,409338.0,598963.656,1560269,3,0,0,0,0,296,360,2.14876625,2.626269861,0,1448,221.5714286,434.4990876,188789.4571,0,0,0,1,0,0,0,0,1,232.65,78.11111111,359.0909091,296,0,0,0,0,0,0,9,703,11,3950,29200,252,4,32,0.0,0.0,0,0,0.0,0.0,0,0,BENIGN
443,285437,9,7,1689,4749,805,0,187.66666669999998,288.4644692,1460,0,678.4285714,650.465694,22554.889519999997,56.05440079999999,19029.13333,22058.00129,52595,3,285437,35679.625,23982.88654,62601,3,237575,39595.83333,32011.989830000002,71842,194,0,0,0,0,192,152,31.53060045,24.52380035,0,1460,378.70588239999995,518.715091,269065.3456,0,0,0,1,0,0,0,0,0,402.375,187.66666669999998,678.4285714,192,0,0,0,0,0,0,9,1689,7,4749,8192,256,4,20,0.0,0.0,0,0,0.0,0.0,0,0,BENIGN
123,86388852,6,6,288,288,48,48,48.0,0.0,48,48,48.0,0.0,6.667526962999999,0.138906812,7853532.0,25600000.0,84900000,3,86400000,17300000.0,37800000.0,84900000,3,86400000,17300000.0,37800000.0,84900000,3,0,0,0,0,144,144,0.069453406,0.069453406,48,48,48.0,0.0,0.0,0,0,0,0,0,0,0,0,1,52.0,48.0,48.0,144,0,0,0,0,0,0,6,288,6,288,-1,-1,5,20,139.0,0.0,139,139,84900000.0,0.0,84900000,84900000,BENIGN
443,582239,8,8,954,3883,631,0,119.25,220.09137709999996,1460,0,485.375,618.4443472999999,8307.58503,27.48012414,38815.93333,64383.64438,205294,3,543254,77607.71429,94442.3218,244556,354,543920,77702.85714,104026.5976,238715,3,0,0,0,0,172,168,13.74006207,13.74006207,0,1460,284.52941180000005,476.8780134,227412.6397,0,0,0,1,0,0,0,0,1,302.3125,119.25,485.375,172,0,0,0,0,0,0,8,954,8,3883,8192,34,3,20,0.0,0.0,0,0,0.0,0.0,0,0,BENIGN
80,136196,3,6,26,11607,20,0,8.666666667000001,10.26320288,4380,0,1934.5,2177.344966,85413.66854,66.08123587,17024.5,47746.17081,135189,3,889,444.5,572.049386,849,40,136010,27202.0,60367.398720000005,135189,3,0,0,0,0,72,132,22.02707862,44.05415724,0,4380,1163.3,1903.962654,3625073.789,0,0,0,1,0,0,0,0,2,1292.555556,8.666666667000001,1934.5,72,0,0,0,0,0,0,3,26,6,11607,8192,229,2,20,0.0,0.0,0,0,0.0,0.0,0,0,DDoS
389,1,2,0,7,0,7,0,3.5,4.949747468,0,0,0.0,0.0,7000000.0,2000000.0,1.0,0.0,1,1,1,1.0,0.0,1,1,0,0.0,0.0,0,0,1,0,0,0,64,0,2000000.0,0.0,0,7,4.666666667,4.041451884,16.33333333,0,1,0,0,1,0,0,0,0,7.0,3.5,0.0,64,0,0,0,0,0,0,2,7,0,0,237,-1,0,32,0.0,0.0,0,0,0.0,0.0,0,0,BENIGN
88,1139,10,6,3150,3152,1575,0,315.0,632.5616351,1576,0,525.3333333,813.8429005,5532923.617000001,14047.41001,75.93333333,207.95654309999998,823,1,1139,126.55555559999999,286.8340597,887,1,1011,202.2,350.8599436,823,4,0,0,0,0,336,208,8779.631255,5267.7787530000005,0,1576,370.70588239999995,671.9757031,451551.3456,0,0,0,1,0,0,0,0,0,393.875,315.0,525.3333333,336,0,0,0,0,0,0,10,3150,6,3152,29200,2081,3,32,0.0,0.0,0,0,0.0,0.0,0,0,BENIGN
389,448,10,4,165,326,79,0,16.5,33.01262385,163,0,81.5,94.10809388,1095982.143,31250.0,34.46153846,21.41500792,54,0,448,49.77777778,34.8488801,109,0,280,93.33333333,118.87107859999999,228,3,0,0,0,0,336,144,22321.42857,8928.571429000001,0,163,32.73333333,59.52006464,3542.6380950000002,0,0,0,1,0,0,0,0,0,35.07142857,16.5,81.5,336,0,0,0,0,0,0,10,165,4,326,29200,2081,3,32,0.0,0.0,0,0,0.0,0.0,0,0,BENIGN
443,65467675,15,16,1479,5740,1134,0,98.6,292.7528943,2184,0,358.75,661.9932024,110.2681591,0.473516128,2182255.833,4044359.5310000004,10000000,3,61500000,4393528.357,5169009.572,10200000,222,65300000,4354622.4,5004407.655,10200000,3,0,0,0,0,488,520,0.22912070699999998,0.244395421,0,2184,225.59375,518.9902639999999,269350.8942,0,0,0,1,0,0,0,0,1,232.87096769999997,98.6,358.75,488,0,0,0,0,0,0,15,1479,16,5740,29200,148,3,32,230916.5,201698.2511,642631,148243,10000000.0,11617.3919,10000000,9999208,BENIGN
443,601,2,0,0,0,0,0,0.0,0.0,0,0,0.0,0.0,0.0,3327.787022,601.0,0.0,601,601,601,601.0,0.0,601,601,0,0.0,0.0,0,0,0,0,0,0,64,0,3327.787022,0.0,0,0,0.0,0.0,0.0,0,0,0,0,1,0,0,0,0,0.0,0.0,0.0,64,0,0,0,0,0,0,2,0,0,0,3395,-1,0,32,0.0,0.0,0,0,0.0,0.0,0,0,BENIGN
443,301305,12,16,5695,17600,3393,0,474.58333330000005,1009.7048589999999,2920,0,1100.0,809.6755728999999,77313.68547000001,92.92909178,11159.444440000001,19811.04936,52218,7,255487,23226.09091,30733.261239999996,86678,52,253896,16926.4,25131.52901,68802,159,0,0,0,0,252,332,39.82675362,53.10233816,0,3393,803.2758621,933.4766390000001,871378.6355,0,0,0,1,0,0,0,0,1,831.9642857000001,474.58333330000005,1100.0,252,0,0,0,0,0,0,12,5695,16,17600,8192,256,5,20,0.0,0.0,0,0,0.0,0.0,0,0,BENIGN
80,104,2,0,0,0,0,0,0.0,0.0,0,0,0.0,0.0,0.0,19230.76923,104.0,0.0,104,104,104,104.0,0.0,104,104,0,0.0,0.0,0,0,0,0,0,0,64,0,19230.76923,0.0,0,0,0.0,0.0,0.0,0,0,0,0,1,0,0,0,0,0.0,0.0,0.0,64,0,0,0,0,0,0,2,0,0,0,242,-1,0,32,0.0,0.0,0,0,0.0,0.0,0,0,BENIGN
80,424395,3,4,426,2266,426,0,142.0,245.95121469999998,2266,0,566.5,1133.0,6343.147304,16.49406803,70732.5,144913.0056,365160,4,394093,197046.5,237748.3917,365160,28933,395535,131845.0,227235.5947,394233,4,0,0,0,0,72,92,7.068886297000001,9.425181729,0,2266,336.5,793.7590494,630053.4286,0,0,0,1,0,0,0,0,1,384.57142860000005,142.0,566.5,72,0,0,0,0,0,0,3,426,4,2266,8192,237,1,20,0.0,0.0,0,0,0.0,0.0,0,0,BENIGN
443,4589384,8,6,369,3710,212,0,46.125,79.96505933,1460,0,618.3333332999999,680.9950562999999,888.7903038999999,3.050518327,353029.5385,1232875.3290000001,4455903,4,4589384,655626.2857,1675997.8490000002,4455903,4,53190,10638.0,13241.97017,27417,48,0,0,0,0,172,132,1.74315333,1.307364997,0,1460,271.9333333,504.6464768999999,254668.0667,0,0,0,1,0,0,0,0,0,291.35714289999993,46.125,618.3333332999999,172,0,0,0,0,0,0,8,369,6,3710,8192,119,3,20,0.0,0.0,0,0,0.0,0.0,0,0,BENIGN
443,5225777,8,7,363,5457,206,0,45.375,78.19561095,2021,0,779.5714286,839.3100057,1113.70998,2.870386547,373269.7857,1299502.738,4883179,4,5225777,746539.5714,1826543.999,4883186,4,310142,51690.33333,91489.25889,235237,50,0,0,0,0,184,152,1.530872825,1.339513722,0,2021,363.75,654.3707919,428201.1333,0,0,0,1,0,0,0,0,0,388.0,45.375,779.5714286,184,0,0,0,0,0,0,8,363,7,5457,8192,119,3,20,0.0,0.0,0,0,0.0,0.0,0,0,BENIGN
1077,549,6,0,38,0,38,0,6.333333333,15.51343504,0,0,0.0,0.0,69216.75774,10928.96175,109.8,241.0502022,541,1,549,109.8,241.0502022,541,1,0,0.0,0.0,0,0,0,0,0,0,120,0,10928.96175,0.0,0,38,5.428571429,14.36264997,206.28571430000002,0,0,0,0,1,0,0,0,0,6.333333333,6.333333333,0.0,120,0,0,0,0,0,0,6,38,0,0,12491,-1,1,20,0.0,0.0,0,0,0.0,0.0,0,0,BENIGN
389,1,2,0,39,0,39,0,19.5,27.57716447,0,0,0.0,0.0,39000000.0,2000000.0,1.0,0.0,1,1,1,1.0,0.0,1,1,0,0.0,0.0,0,0,1,0,0,0,64,0,2000000.0,0.0,0,39,26.0,22.5166605,507.0,0,1,0,0,1,0,0,0,0,39.0,19.5,0.0,64,0,0,0,0,0,0,2,39,0,0,245,-1,0,32,0.0,0.0,0,0,0.0,0.0,0,0,BENIGN
80,6996959,4,0,24,0,6,6,6.0,0.0,0,0,0.0,0.0,3.430061545,0.571676924,2332319.667,4038954.8460000004,6996103,331,6996959,2332319.667,4038954.8460000004,6996103,331,0,0.0,0.0,0,0,0,0,0,0,80,0,0.571676924,0.0,6,6,6.0,0.0,0.0,0,0,0,0,1,0,0,0,0,7.5,6.0,0.0,80,0,0,0,0,0,0,4,24,0,0,256,-1,3,20,856.0,0.0,856,856,6996103.0,0.0,6996103,6996103,DDoS
88,1076,9,6,3150,3152,1575,0,350.0,694.5097192000001,1576,0,525.3333333,813.8429005,5856877.323,13940.52045,76.85714286,206.25706780000002,788,0,1076,134.5,315.02335510000006,908,0,1057,211.4,326.6072565,788,1,0,0,0,0,304,208,8364.312268000001,5576.208178,0,1576,393.875,704.585067,496440.1167,0,0,0,1,0,0,0,0,0,420.13333330000006,350.0,525.3333333,304,0,0,0,0,0,0,9,3150,6,3152,29200,2081,2,32,0.0,0.0,0,0,0.0,0.0,0,0,BENIGN
443,156002,9,10,533,5370,196,0,59.22222222,83.73138267,2920,0,537.0,956.7133554,37839.25847,121.79331029999999,8666.777778,11454.23262,30870,3,156002,19500.25,13061.71428,31268,3,108060,12006.66667,20513.98765,60005,3,0,0,0,0,192,212,57.69156806,64.10174229,0,2920,295.15,705.8692495,498251.3974,0,0,0,1,0,0,0,0,1,310.6842105,59.22222222,537.0,192,0,0,0,0,0,0,9,533,10,5370,8192,12501,4,20,0.0,0.0,0,0,0.0,0.0,0,0,BENIGN
443,689974,12,10,563,3995,192,0,46.91666667,67.54723375,1430,0,399.5,584.6524609,6606.046025,31.88525944,32855.904760000005,94373.97249,438268,1,689974,62724.90909,127556.6553,438268,48,201311,22367.888890000002,27836.333689999996,72801,1,0,0,0,0,252,212,17.391959699999997,14.49329975,0,1430,198.173913,418.09607989999995,174804.332,0,0,0,1,0,0,0,0,0,207.18181819999998,46.91666667,399.5,252,0,0,0,0,0,0,12,563,10,3995,8192,351,6,20,0.0,0.0,0,0,0.0,0.0,0,0,BENIGN
53,76744,1,1,50,105,50,50,50.0,0.0,105,105,105.0,0.0,2019.701866,26.06066924,76744.0,0.0,76744,76744,0,0.0,0.0,0,0,0,0.0,0.0,0,0,0,0,0,0,20,20,13.03033462,13.03033462,50,105,68.33333333,31.75426481,1008.333333,0,0,0,0,0,0,0,0,1,102.5,50.0,105.0,20,0,0,0,0,0,0,1,50,1,105,-1,-1,0,20,0.0,0.0,0,0,0.0,0.0,0,0,BENIGN
49207,347,3,0,31,0,31,0,10.33333333,17.89785834,0,0,0.0,0.0,89337.17579,8645.533141,173.5,241.12341239999998,344,3,347,173.5,241.12341239999998,344,3,0,0.0,0.0,0,0,0,0,0,0,60,0,8645.533141,0.0,0,31,7.75,15.5,240.25,0,0,0,0,1,0,0,0,0,10.33333333,10.33333333,0.0,60,0,0,0,0,0,0,3,31,0,0,125,-1,1,20,0.0,0.0,0,0,0.0,0.0,0,0,BENIGN
1284,4,2,0,31,0,31,0,15.5,21.92031022,0,0,0.0,0.0,7750000.0,500000.0,4.0,0.0,4,4,4,4.0,0.0,4,4,0,0.0,0.0,0,0,1,0,0,0,40,0,500000.0,0.0,0,31,20.66666667,17.89785834,320.3333333,0,1,0,0,1,0,0,0,0,31.0,15.5,0.0,40,0,0,0,0,0,0,2,31,0,0,123,-1,0,20,0.0,0.0,0,0,0.0,0.0,0,0,BENIGN
53,46870,1,1,44,240,44,44,44.0,0.0,240,240,240.0,0.0,6059.312993,42.67121826,46870.0,0.0,46870,46870,0,0.0,0.0,0,0,0,0.0,0.0,0,0,0,0,0,0,20,20,21.33560913,21.33560913,44,240,109.33333329999999,113.1606528,12805.33333,0,0,0,0,0,0,0,0,1,164.0,44.0,240.0,20,0,0,0,0,0,0,1,44,1,240,-1,-1,0,20,0.0,0.0,0,0,0.0,0.0,0,0,BENIGN
123,66016313,7,6,336,288,48,48,48.0,0.0,48,48,48.0,0.0,9.452209183999999,0.196921025,5501359.417,15900000.0,56000000,16366,66000000,11000000.0,22000000.0,56000000,1999915,66000000,13200000.0,25000000.0,58000000,1999769,0,0,0,0,176,156,0.106034398,0.090886627,48,48,48.0,0.0,0.0,0,0,0,0,0,0,0,0,0,51.69230769,48.0,48.0,176,0,0,0,0,0,0,7,336,6,288,-1,-1,6,20,9999910.0,0.0,9999910,9999910,56000000.0,0.0,56000000,56000000,BENIGN
1108,3,2,0,31,0,31,0,15.5,21.92031022,0,0,0.0,0.0,10300000.0,666666.6667,3.0,0.0,3,3,3,3.0,0.0,3,3,0,0.0,0.0,0,0,1,0,0,0,40,0,666666.6667,0.0,0,31,20.66666667,17.89785834,320.3333333,0,1,0,0,1,0,0,0,0,31.0,15.5,0.0,40,0,0,0,0,0,0,2,31,0,0,946,-1,0,20,0.0,0.0,0,0,0.0,0.0,0,0,BENIGN
49666,39,1,1,0,0,0,0,0.0,0.0,0,0,0.0,0.0,0.0,51282.05128,39.0,0.0,39,39,0,0.0,0.0,0,0,0,0.0,0.0,0,0,0,0,0,0,20,20,25641.02564,25641.02564,0,0,0.0,0.0,0.0,0,0,0,0,1,1,0,0,1,0.0,0.0,0.0,20,0,0,0,0,0,0,1,0,1,0,254,2052,0,20,0.0,0.0,0,0,0.0,0.0,0,0,BENIGN
443,81733,8,5,431,3517,188,0,53.875,80.11498433,1398,0,703.4,699.0692382999999,48303.62277,159.05448230000002,6811.083333,13400.37191,34867,8,81733,11676.14286,16645.69178,36024,139,36474,9118.5,17316.722869999998,35084,48,0,0,0,0,264,168,97.8796814,61.17480088,0,1398,282.0,510.16302069999995,260266.3077,0,0,0,1,0,0,0,0,0,303.6923077,53.875,703.4,264,0,0,0,0,0,0,8,431,5,3517,29200,114,3,32,0.0,0.0,0,0,0.0,0.0,0,0,BENIGN
443,1032,2,0,0,0,0,0,0.0,0.0,0,0,0.0,0.0,0.0,1937.984496,1032.0,0.0,1032,1032,1032,1032.0,0.0,1032,1032,0,0.0,0.0,0,0,0,0,0,0,64,0,1937.984496,0.0,0,0,0.0,0.0,0.0,0,0,0,0,1,0,0,0,0,0.0,0.0,0.0,64,0,0,0,0,0,0,2,0,0,0,675,-1,0,32,0.0,0.0,0,0,0.0,0.0,0,0,BENIGN
88,1099,9,6,3176,3106,1588,0,352.8888889,700.2421803,1553,0,517.6666667,801.9657516,5716105.551,13648.77161,78.5,194.3176424,746,1,1099,137.375,300.76375989999997,875,1,982,196.4,315.45094710000006,746,4,0,0,0,0,204,144,8189.262965999999,5459.508644,0,1588,392.625,702.4070876000001,493375.7167,0,0,0,1,0,0,0,0,0,418.8,352.8888889,517.6666667,204,0,0,0,0,0,0,9,3176,6,3106,8192,2053,2,20,0.0,0.0,0,0,0.0,0.0,0,0,BENIGN
5353,64061554,264,0,21912,0,153,37,83.0,43.73024812,0,0,0.0,0.0,342.04602650000004,4.1210364639999995,243580.0532,2019467.9109999998,26500000,0,64100000,243580.0532,2019467.9109999998,26500000,0,0,0.0,0.0,0,0,0,0,0,0,6000,0,4.1210364639999995,0.0,37,153,83.04528302,43.65357151,1905.634305,0,0,0,0,0,0,0,0,0,83.35984848,83.0,0.0,6000,0,0,0,0,0,0,264,21912,0,0,-1,-1,263,0,4139342.0,3653696.5539999995,6915385,14,17200000.0,9255748.091,26500000,8000758,BENIGN
80,9827,3,5,26,11601,20,0,8.666666667000001,10.26320288,7300,0,2320.2,3022.5080980000002,1183168.821,814.0836471,1403.857143,2919.3536059999997,7954,4,8005,4002.5,5654.732929,8001,4,9780,2445.0,3835.650836,8150,190,0,0,0,0,72,112,305.2813677,508.8022794,0,7300,1291.888889,2460.652985,6054813.1110000005,0,0,0,1,0,0,0,0,1,1453.375,8.666666667000001,2320.2,72,0,0,0,0,0,0,3,26,5,11601,8192,229,2,20,0.0,0.0,0,0,0.0,0.0,0,0,DDoS
49666,34239094,19,16,5742,2858,1755,0,302.2105263,523.96889,348,0,178.625,136.5527371,251.1748705,1.02222331,1007032.176,5836701.857999999,34000000,2,34200000,1902171.889,8020434.157000001,34000000,2,3980,265.3333333,421.4667699,1616,3,0,0,0,0,404,344,0.554921225,0.467302085,0,1755,238.88888889999998,393.2588953,154652.5587,0,0,0,1,0,0,0,0,0,245.71428569999998,302.2105263,178.625,404,0,0,0,0,0,0,19,5742,16,2858,8192,2048,12,20,0.0,0.0,0,0,0.0,0.0,0,0,BENIGN
443,43813765,19,24,954,27253,517,0,50.21052632,139.3351591,3864,0,1135.541667,1087.378778,643.7931093,0.981426727,1043184.8809999999,2927668.438,10000000,4,34300000,1904939.9440000001,3833388.345,10200000,229,43700000,1898507.6090000002,3838393.9189999998,10200000,4,0,0,0,0,616,776,0.43365367,0.547773057,0,3864,641.0681818,969.9759622000001,940853.3673,0,0,0,1,0,0,0,0,1,655.9767442000001,50.21052632,1135.541667,616,0,0,0,0,0,0,19,954,24,27253,29200,243,3,32,1102900.0,1909136.0080000001,3966604,148181,9850540.25,316264.9915,10000000,9376272,BENIGN
445,66119,32,28,6108,3480,1478,0,190.875,345.6729528,256,0,124.2857143,80.71479608,145011.2676,907.4547407,1120.661017,5453.277669,37263,1,66119,2132.870968,7459.094752,37335,1,28768,1065.481481,3847.6030140000003,19852,3,0,0,0,0,1040,912,483.97586169999994,423.478879,0,1478,157.1803279,257.2747888,66190.31694,0,0,0,1,0,0,0,0,0,159.8,190.875,124.2857143,1040,0,0,0,0,0,0,32,6108,28,3480,29200,2081,24,32,0.0,0.0,0,0,0.0,0.0,0,0,BENIGN
80,12740,3,6,26,11601,20,0,8.666666667000001,10.26320288,4380,0,1933.5,1771.85369,912637.3626,706.4364207,1592.5,4156.567334,11876,18,12048,6024.0,8346.688445,11926,122,12690,2538.0,5335.810857,12080,18,0,0,0,0,72,132,235.47880690000002,470.95761380000005,0,4380,1162.7,1653.6015949999999,2734398.233,0,0,0,1,0,0,0,0,2,1291.888889,8.666666667000001,1933.5,72,0,0,0,0,0,0,3,26,6,11601,8192,229,2,20,0.0,0.0,0,0,0.0,0.0,0,0,DDoS
80,55,2,0,0,0,0,0,0.0,0.0,0,0,0.0,0.0,0.0,36363.636360000004,55.0,0.0,55,55,55,55.0,0.0,55,55,0,0.0,0.0,0,0,0,0,0,0,40,0,36363.636360000004,0.0,0,0,0.0,0.0,0.0,0,0,0,0,1,0,0,0,0,0.0,0.0,0.0,40,0,0,0,0,0,0,2,0,0,0,256,-1,0,20,0.0,0.0,0,0,0.0,0.0,0,0,BENIGN
49219,915,3,0,0,0,0,0,0.0,0.0,0,0,0.0,0.0,0.0,3278.688525,457.5,642.7600641,912,3,915,457.5,642.7600641,912,3,0,0.0,0.0,0,0,0,0,0,0,60,0,3278.688525,0.0,0,0,0.0,0.0,0.0,0,0,0,0,1,0,0,0,0,0.0,0.0,0.0,60,0,0,0,0,0,0,3,0,0,0,360,-1,0,20,0.0,0.0,0,0,0.0,0.0,0,0,BENIGN
80,446543,3,5,26,11607,20,0,8.666666667000001,10.26320288,10135,0,2321.4,4413.201989,26051.24255,17.91540792,63791.85714,168200.053,445233,3,1034,517.0,726.9057711,1031,3,446449,111612.25,222414.2697,445233,5,0,0,0,0,72,112,6.718277971,11.19712995,0,10135,1292.555556,3350.634907,11200000.0,0,0,0,1,0,0,0,0,1,1454.125,8.666666667000001,2321.4,72,0,0,0,0,0,0,3,26,5,11607,8192,229,2,20,0.0,0.0,0,0,0.0,0.0,0,0,DDoS
80,6438204,5,0,30,0,6,6,6.0,0.0,0,0,0.0,0.0,4.659684595,0.7766140990000001,1609551.0,3218314.002,6437022,248,6438204,1609551.0,3218314.002,6437022,248,0,0.0,0.0,0,0,0,0,0,0,100,0,0.7766140990000001,0.0,6,6,6.0,0.0,0.0,0,0,0,0,1,0,0,0,0,7.2,6.0,0.0,100,0,0,0,0,0,0,5,30,0,0,256,-1,4,20,1182.0,0.0,1182,1182,6437022.0,0.0,6437022,6437022,DDoS
443,43845953,25,28,1029,30439,517,0,41.16,124.77969920000001,2576,0,1087.107143,787.8936448,717.6945156,1.208777467,843191.4038,2657524.1969999997,10000000,4,34300000,1430040.333,3401185.6339999996,10200000,220,43700000,1618429.074,3596573.088,10200000,4,0,0,0,0,808,904,0.57017805,0.638599416,0,2576,582.7407407000001,776.1754855,602448.3843,0,0,0,1,0,0,0,0,1,593.7358491,41.16,1087.107143,808,0,0,0,0,0,0,25,1029,28,30439,29200,252,3,32,1110329.75,1924298.835,3996778,148092,9851157.5,316328.2469,10000000,9376889,BENIGN
88,642,7,4,468,444,234,0,66.85714286,114.1803085,222,0,111.0,128.1717598,1420560.7480000001,17133.95639,64.2,123.6004315,403,1,642,107.0,198.61218490000002,507,1,480,160.0,271.93197680000003,474,3,0,0,0,0,164,104,10903.426790000001,6230.529595,0,234,76.0,112.3177311,12615.27273,0,0,0,1,0,0,0,0,0,82.90909091,66.85714286,111.0,164,0,0,0,0,0,0,7,468,4,444,8192,2053,2,20,0.0,0.0,0,0,0.0,0.0,0,0,BENIGN
80,2045979,4,0,24,0,6,6,6.0,0.0,0,0,0.0,0.0,11.73032568,1.95505428,681993.0,1180377.142,2044975,4,2045979,681993.0,1180377.142,2044975,4,0,0.0,0.0,0,0,0,0,0,0,80,0,1.95505428,0.0,6,6,6.0,0.0,0.0,0,0,0,0,1,0,0,0,0,7.5,6.0,0.0,80,0,0,0,0,0,0,4,24,0,0,256,-1,3,20,0.0,0.0,0,0,0.0,0.0,0,0,DDoS
80,5898028,3,1,0,0,0,0,0.0,0.0,0,0,0.0,0.0,0.0,0.6781927790000001,1966009.333,3373203.613,5860991,53,5898028,2949014.0,4118157.367,5860991,37037,0,0.0,0.0,0,0,0,0,0,0,104,40,0.508644584,0.169548195,0,0,0.0,0.0,0.0,0,0,0,1,0,0,0,0,0,0.0,0.0,0.0,104,0,0,0,0,0,0,3,0,1,0,29200,28960,0,32,0.0,0.0,0,0,0.0,0.0,0,0,BENIGN
443,5840400,9,5,375,4486,182,0,41.66666667,74.75292636,2576,0,897.2,1231.8095230000001,832.3060063999999,2.397096089,449261.5385,1460422.294,5305504,3,5840400,730050.0,1850327.0890000002,5305504,3,350024,87506.0,99456.85313999999,185916,172,0,0,0,0,296,168,1.540990343,0.8561057459999999,0,2576,324.0666667,782.8199452,612807.0667,0,0,0,1,0,0,0,0,0,347.2142857,41.66666667,897.2,296,0,0,0,0,0,0,9,375,5,4486,29200,17,3,32,534893.0,0.0,534893,534893,5305504.0,0.0,5305504,5305504,BENIGN
49666,93,1,1,0,0,0,0,0.0,0.0,0,0,0.0,0.0,0.0,21505.37634,93.0,0.0,93,93,0,0.0,0.0,0,0,0,0.0,0.0,0,0,0,0,0,0,20,20,10752.68817,10752.68817,0,0,0.0,0.0,0.0,0,0,0,0,1,1,0,0,1,0.0,0.0,0.0,20,0,0,0,0,0,0,1,0,1,0,251,2048,0,20,0.0,0.0,0,0,0.0,0.0,0,0,BENIGN
80,2073910,5,0,30,0,6,6,6.0,0.0,0,0,0.0,0.0,14.46543003,2.410905006,518477.5,1035768.3979999999,2072130,244,2073910,518477.5,1035768.3979999999,2072130,244,0,0.0,0.0,0,0,0,0,0,0,100,0,2.410905006,0.0,6,6,6.0,0.0,0.0,0,0,0,0,1,0,0,0,0,7.2,6.0,0.0,100,0,0,0,0,0,0,5,30,0,0,256,-1,4,20,0.0,0.0,0,0,0.0,0.0,0,0,DDoS
88,2080,7,4,472,414,236,0,67.42857143,115.15620859999999,207,0,103.5,119.5115057,425961.5385,5288.4615380000005,208.0,364.4243558,1059,1,2080,346.6666667,534.1829899,1076,1,1482,494.0,851.3031187999999,1477,2,0,0,0,0,164,104,3365.384615,1923.076923,0,236,73.83333333,109.4090185,11970.33333,0,0,0,1,0,0,0,0,0,80.54545455,67.42857143,103.5,164,0,0,0,0,0,0,7,472,4,414,8192,256,2,20,0.0,0.0,0,0,0.0,0.0,0,0,BENIGN
443,926421,7,6,319,3432,193,0,45.57142857,80.19529733,1460,0,572.0,695.9252832999999,4048.915126,14.032497099999999,77201.75,163400.8549,555104,75,926421,154403.5,216331.5003,555104,486,347302,69460.4,94923.30862000001,224531,228,0,0,0,0,164,132,7.555959979,6.476537125,0,1460,267.9285714,513.8683555,264060.6868,0,0,0,1,0,0,0,0,0,288.53846150000004,45.57142857,572.0,164,0,0,0,0,0,0,7,319,6,3432,8192,60,2,20,0.0,0.0,0,0,0.0,0.0,0,0,BENIGN
1098,2,3,0,0,0,0,0,0.0,0.0,0,0,0.0,0.0,0.0,1500000.0,1.0,0.0,1,1,2,1.0,0.0,1,1,0,0.0,0.0,0,0,0,0,0,0,60,0,1500000.0,0.0,0,0,0.0,0.0,0.0,0,0,0,0,1,0,0,0,0,0.0,0.0,0.0,60,0,0,0,0,0,0,3,0,0,0,12499,-1,0,20,0.0,0.0,0,0,0.0,0.0,0,0,BENIGN
49212,4,2,0,0,0,0,0,0.0,0.0,0,0,0.0,0.0,0.0,500000.0,4.0,0.0,4,4,4,4.0,0.0,4,4,0,0.0,0.0,0,0,0,0,0,0,40,0,500000.0,0.0,0,0,0.0,0.0,0.0,0,0,0,0,1,0,0,0,0,0.0,0.0,0.0,40,0,0,0,0,0,0,2,0,0,0,360,-1,0,20,0.0,0.0,0,0,0.0,0.0,0,0,BENIGN
443,145485,5,6,1230,613,662,0,246.0,318.4156089,445,0,102.16666670000001,176.14019040000002,12667.97264,75.60916933,14548.5,17711.77559,39233,1,106461,26615.25,18292.40648,43643,4294,106252,21250.4,29776.615869999998,62893,1,0,0,0,0,112,128,34.36780424,41.24136509,0,662,153.58333330000002,241.74271009999998,58439.537879999996,0,0,0,1,0,0,0,0,1,167.5454545,246.0,102.16666670000001,112,0,0,0,0,0,0,5,1230,6,613,8192,34,3,20,0.0,0.0,0,0,0.0,0.0,0,0,BENIGN
1080,750,6,1,38,0,38,0,6.333333333,15.51343504,0,0,0.0,0.0,50666.66667,9333.333333,125.0,228.40052540000002,582,1,750,150.0,307.0455992,698,1,0,0.0,0.0,0,0,0,0,0,0,120,20,8000.0,1333.333333,0,38,4.75,13.43502884,180.5,0,0,0,0,1,0,0,0,0,5.428571429,6.333333333,0.0,120,0,0,0,0,0,0,6,38,1,0,12491,0,1,20,0.0,0.0,0,0,0.0,0.0,0,0,BENIGN
88,884,9,4,626,3064,313,0,69.55555556,138.0200267,1532,0,766.0,884.5006124,4174208.145,14705.88235,73.66666667,191.2220667,676,1,884,110.5,261.4738446,754,1,771,257.0,439.07516439999995,764,3,0,0,0,0,204,104,10180.99548,4524.886878,0,1532,263.5714286,548.9435607999999,301339.033,0,0,0,1,0,0,0,0,0,283.8461538,69.55555556,766.0,204,0,0,0,0,0,0,9,626,4,3064,8192,2053,2,20,0.0,0.0,0,0,0.0,0.0,0,0,BENIGN
88,1110,9,6,3128,3046,1564,0,347.55555560000005,689.6591751,1523,0,507.66666669999995,786.4738182,5562162.1620000005,13513.513509999999,79.28571429,207.35752419999997,796,0,1110,138.75,300.4695135,879,0,1002,200.4,338.249612,796,4,0,0,0,0,204,144,8108.108107999999,5405.4054049999995,0,1564,385.875,690.3553554,476590.5167,0,0,0,1,0,0,0,0,0,411.6,347.55555560000005,507.66666669999995,204,0,0,0,0,0,0,9,3128,6,3046,8192,2053,2,20,0.0,0.0,0,0,0.0,0.0,0,0,BENIGN
123,67022566,7,7,336,336,48,48,48.0,0.0,48,48,48.0,0.0,10.02647377,0.20888487,5155582.0,15600000.0,57000000,22538,67000000,11200000.0,22500000.0,57000000,1999909,67000000,11200000.0,22500000.0,57000000,1999888,0,0,0,0,152,152,0.104442435,0.104442435,48,48,48.0,0.0,0.0,0,0,0,0,0,0,0,0,1,51.42857143,48.0,48.0,152,0,0,0,0,0,0,7,336,7,336,-1,-1,6,20,10000000.0,0.0,10000000,10000000,57000000.0,0.0,57000000,57000000,BENIGN
443,72482535,39,44,1054,60043,356,0,27.02564103,86.08303433,3864,0,1364.613636,1005.283929,842.920298,1.145103438,883933.3537,2781633.932,10000000,2,63000000,1657795.395,3716656.1969999997,10200000,2,72300000,1682186.4880000001,3739602.5930000003,10200000,3,0,0,0,0,1256,1416,0.538060651,0.6070427860000001,0,3864,727.3452381,989.4782548000001,979067.2167,0,0,0,1,0,0,0,0,1,736.1084337,27.02564103,1364.613636,1256,0,0,0,0,0,0,39,1054,44,60043,29200,260,4,32,431706.8571,590737.998,1726971,148213,9922940.571,258242.7254,10000000,9337895,BENIGN
3268,58230081,21,13,4102,6798,1293,0,195.33333330000002,388.12167339999996,3069,0,522.9230769,942.6004332999998,187.18847390000002,0.583890653,1764547.909,10100000.0,58100000,1,58200000,2911504.05,13000000.0,58100000,1,42542,3545.166667,11834.15326,41120,3,0,0,0,0,688,432,0.360638344,0.223252308,0,3069,311.42857139999995,656.1077872999999,430477.4286,0,0,0,1,0,0,0,0,0,320.5882353,195.33333330000002,522.9230769,688,0,0,0,0,0,0,21,4102,13,6798,29200,2081,10,32,0.0,0.0,0,0,0.0,0.0,0,0,BENIGN
443,5265834,7,4,635,168,517,0,90.71428571,190.7072051,168,0,42.0,84.0,152.49246369999997,2.088937859,526583.4,1418488.1709999999,4532089,3,5265834,877639.0,1841302.971,4608385,3,697394,232464.6667,365566.7033,653871,512,0,0,0,0,232,136,1.329324092,0.759613767,0,517,66.91666667,150.8487854,22755.35606,0,0,0,1,0,0,0,0,0,73.0,90.71428571,42.0,232,0,0,0,0,0,0,7,635,4,168,29200,340,3,32,0.0,0.0,0,0,0.0,0.0,0,0,BENIGN
80,1174006,5,0,30,0,6,6,6.0,0.0,0,0,0.0,0.0,25.55353209,4.2589220160000005,293501.5,585374.4548,1171562,4,1174006,293501.5,585374.4548,1171562,4,0,0.0,0.0,0,0,0,0,0,0,100,0,4.2589220160000005,0.0,6,6,6.0,0.0,0.0,0,0,0,0,1,0,0,0,0,7.2,6.0,0.0,100,0,0,0,0,0,0,5,30,0,0,256,-1,4,20,0.0,0.0,0,0,0.0,0.0,0,0,DDoS
443,60494983,11,9,3276,4556,821,0,297.8181818,350.899364,1460,0,506.22222220000003,603.9734634,129.4652814,0.330605928,3183946.474,13700000.0,60000000,8,60500000,6049498.3,18900000.0,60000000,334,434621,54327.625,40894.57387,125536,48,0,0,0,0,232,192,0.18183326,0.148772668,0,1460,372.952381,474.90067130000006,225530.6476,0,0,0,1,0,0,0,0,0,391.6,297.8181818,506.22222220000003,232,0,0,0,0,0,0,11,3276,9,4556,8192,513,6,20,0.0,0.0,0,0,0.0,0.0,0,0,BENIGN
80,884558,3,4,26,11607,20,0,8.666666667000001,10.26320288,11595,0,2901.75,5795.50069,13151.20094,7.913556827000001,147426.3333,360612.9389,883524,3,997,498.5,700.7428202000001,994,3,884534,294844.6667,509811.5025,883524,5,0,0,0,0,72,92,3.391524355,4.522032473,0,11595,1454.125,4097.537534,16800000.0,0,0,0,1,0,0,0,0,1,1661.857143,8.666666667000001,2901.75,72,0,0,0,0,0,0,3,26,4,11607,8192,229,2,20,0.0,0.0,0,0,0.0,0.0,0,0,DDoS
80,137228,3,6,26,11607,20,0,8.666666667000001,10.26320288,4380,0,1934.5,2177.344966,84771.32947000001,65.58428309,17153.5,48078.43517,136139,3,958,479.0,673.1656557,955,3,137199,27439.8,60766.15527,136139,3,0,0,0,0,72,132,21.8614277,43.72285539,0,4380,1163.3,1903.962654,3625073.789,0,0,0,1,0,0,0,0,2,1292.555556,8.666666667000001,1934.5,72,0,0,0,0,0,0,3,26,6,11607,8192,229,2,20,0.0,0.0,0,0,0.0,0.0,0,0,DDoS
80,2029960,6,0,36,0,6,6,6.0,0.0,0,0,0.0,0.0,17.73433959,2.955723265,405992.0,906700.2574,2027946,1,2029960,405992.0,906700.2574,2027946,1,0,0.0,0.0,0,0,0,0,0,0,120,0,2.955723265,0.0,6,6,6.0,0.0,0.0,0,0,0,0,1,0,0,0,0,7.0,6.0,0.0,120,0,0,0,0,0,0,6,36,0,0,256,-1,5,20,0.0,0.0,0,0,0.0,0.0,0,0,DDoS
1034,6,1,1,0,0,0,0,0.0,0.0,0,0,0.0,0.0,0.0,333333.3333,6.0,0.0,6,6,0,0.0,0.0,0,0,0,0.0,0.0,0,0,0,0,0,0,20,20,166666.6667,166666.6667,0,0,0.0,0.0,0.0,0,0,0,0,1,0,0,0,1,0.0,0.0,0.0,20,0,0,0,0,0,0,1,0,1,0,2053,251,0,20,0.0,0.0,0,0,0.0,0.0,0,0,BENIGN
389,1544744,19,13,5508,9232,1660,0,289.89473680000003,512.5101511,2634,0,710.1538462,801.2267517000001,9542.034149,20.71540657,49830.451610000004,237173.2682,1312814,2,1544744,85819.11111,309847.1589,1312814,3,30779,2564.916667,7223.868385,25234,2,0,0,0,0,404,284,12.29977265,8.415633917000001,0,2634,446.66666669999995,661.4516547999999,437518.2917,0,0,0,1,0,0,0,0,0,460.625,289.89473680000003,710.1538462,404,0,0,0,0,0,0,19,5508,13,9232,8192,2050,10,20,0.0,0.0,0,0,0.0,0.0,0,0,BENIGN
80,10415,3,4,26,11601,20,0,8.666666667000001,10.26320288,10135,0,2900.25,4871.82583,1116370.619,672.1075372,1735.8333329999998,3347.610576,8534,63,9020,4510.0,5779.890829,8597,423,10352,3450.666667,4952.028305,9149,190,0,0,0,0,72,92,288.0460874,384.0614498,0,10135,1453.375,3544.6520259999998,12600000.0,0,0,0,1,0,0,0,0,1,1661.0,8.666666667000001,2900.25,72,0,0,0,0,0,0,3,26,4,11601,8192,229,2,20,0.0,0.0,0,0,0.0,0.0,0,0,DDoS
80,2156293,5,0,30,0,6,6,6.0,0.0,0,0,0.0,0.0,13.91276603,2.318794338,539073.25,1077329.872,2155068,199,2156293,539073.25,1077329.872,2155068,199,0,0.0,0.0,0,0,0,0,0,0,100,0,2.318794338,0.0,6,6,6.0,0.0,0.0,0,0,0,0,1,0,0,0,0,7.2,6.0,0.0,100,0,0,0,0,0,0,5,30,0,0,256,-1,4,20,0.0,0.0,0,0,0.0,0.0,0,0,DDoS
80,1590,3,6,26,11607,20,0,8.666666667000001,10.26320288,4380,0,1934.5,2177.344966,7316352.201,5660.377358,198.75,315.2054885,914,3,1046,523.0,733.9768389,1042,4,1462,292.4,430.16659560000005,1008,3,0,0,0,0,72,132,1886.792453,3773.584906,0,4380,1163.3,1903.962654,3625073.789,0,0,0,1,0,0,0,0,2,1292.555556,8.666666667000001,1934.5,72,0,0,0,0,0,0,3,26,6,11607,8192,229,2,20,0.0,0.0,0,0,0.0,0.0,0,0,DDoS
80,5114543,4,0,24,0,6,6,6.0,0.0,0,0,0.0,0.0,4.692501363,0.782083561,1704847.667,2952130.202,5113674,388,5114543,1704847.667,2952130.202,5113674,388,0,0.0,0.0,0,0,0,0,0,0,80,0,0.782083561,0.0,6,6,6.0,0.0,0.0,0,0,0,0,1,0,0,0,0,7.5,6.0,0.0,80,0,0,0,0,0,0,4,24,0,0,256,-1,3,20,869.0,0.0,869,869,5113674.0,0.0,5113674,5113674,DDoS
80,6067515,4,0,24,0,6,6,6.0,0.0,0,0,0.0,0.0,3.955490839,0.659248473,2022505.0,3502586.0530000003,6066943,225,6067515,2022505.0,3502586.0530000003,6066943,225,0,0.0,0.0,0,0,0,0,0,0,80,0,0.659248473,0.0,6,6,6.0,0.0,0.0,0,0,0,0,1,0,0,0,0,7.5,6.0,0.0,80,0,0,0,0,0,0,4,24,0,0,256,-1,3,20,572.0,0.0,572,572,6066943.0,0.0,6066943,6066943,DDoS
80,1282555,3,6,26,11607,20,0,8.666666667000001,10.26320288,4380,0,1934.5,2177.344966,9070.176328,7.017242925,160319.375,453092.9174,1281667,4,755,377.5,528.2087655,751,4,1282472,256494.4,573088.9887,1281667,4,0,0,0,0,72,132,2.339080975,4.67816195,0,4380,1163.3,1903.962654,3625073.789,0,0,0,1,0,0,0,0,2,1292.555556,8.666666667000001,1934.5,72,0,0,0,0,0,0,3,26,6,11607,8192,229,2,20,0.0,0.0,0,0,0.0,0.0,0,0,DDoS
80,3115628,5,0,30,0,6,6,6.0,0.0,0,0,0.0,0.0,9.628877388,1.604812898,778907.0,1557120.6709999999,3114588,213,3115628,778907.0,1557120.6709999999,3114588,213,0,0.0,0.0,0,0,0,0,0,0,100,0,1.604812898,0.0,6,6,6.0,0.0,0.0,0,0,0,0,1,0,0,0,0,7.2,6.0,0.0,100,0,0,0,0,0,0,5,30,0,0,256,-1,4,20,0.0,0.0,0,0,0.0,0.0,0,0,DDoS
80,19373,3,5,26,11601,20,0,8.666666667000001,10.26320288,7300,0,2320.2,3022.5080980000002,600165.1783,412.9458525,2767.571429,6238.381517,16853,50,17035,8517.5,11858.88783,16903,132,19323,4830.75,8168.903531999999,17043,202,0,0,0,0,72,112,154.85469469999998,258.0911578,0,7300,1291.888889,2460.652985,6054813.1110000005,0,0,0,1,0,0,0,0,1,1453.375,8.666666667000001,2320.2,72,0,0,0,0,0,0,3,26,5,11601,8192,229,2,20,0.0,0.0,0,0,0.0,0.0,0,0,DDoS
123,112041681,10,9,480,432,48,48,48.0,0.0,48,48,48.0,0.0,8.139827891,0.169579748,6224537.833,16300000.0,64000000,41801,112000000,12400000.0,21900000.0,64000000,1999854,112000000,14000000.0,23200000.0,64000000,1998594,0,0,0,0,236,204,0.089252499,0.080327249,48,48,48.0,0.0,0.0,0,0,0,0,0,0,0,0,0,50.52631579,48.0,48.0,236,0,0,0,0,0,0,10,480,9,432,-1,-1,9,20,7522801.5,10600000.0,15000000,45451,48500000.0,21900000.0,64000000,33000000,BENIGN
53,448,1,1,44,60,44,44,44.0,0.0,60,60,60.0,0.0,232142.8571,4464.285714,448.0,0.0,448,448,0,0.0,0.0,0,0,0,0.0,0.0,0,0,0,0,0,0,32,32,2232.142857,2232.142857,44,60,49.33333333,9.237604307,85.33333333,0,0,0,0,0,0,0,0,1,74.0,44.0,60.0,32,0,0,0,0,0,0,1,44,1,60,-1,-1,0,32,0.0,0.0,0,0,0.0,0.0,0,0,BENIGN
80,99737,3,5,26,11607,20,0,8.666666667000001,10.26320288,7215,0,2321.4,3327.7697940000003,116636.7547,80.21095481,14248.14286,37266.25114,98758,4,754,377.0,527.5016588000001,750,4,99719,24929.75,49220.03293,98758,4,0,0,0,0,72,112,30.07910805,50.13184676,0,7215,1292.555556,2650.585648,7025604.278,0,0,0,1,0,0,0,0,1,1454.125,8.666666667000001,2321.4,72,0,0,0,0,0,0,3,26,5,11607,8192,229,2,20,0.0,0.0,0,0,0.0,0.0,0,0,DDoS
80,902189,3,6,26,11607,20,0,8.666666667000001,10.26320288,5755,0,1934.5,2529.1245719999997,12894.19401,9.975736791000001,112773.625,318556.2707,901160,16,706,353.0,476.5899705,690,16,902144,180428.8,402901.0905,901160,18,0,0,0,0,72,132,3.325245597,6.650491194,0,5755,1163.3,2131.87096,4544873.789,0,0,0,1,0,0,0,0,2,1292.555556,8.666666667000001,1934.5,72,0,0,0,0,0,0,3,26,6,11607,8192,229,2,20,0.0,0.0,0,0,0.0,0.0,0,0,DDoS
80,2990681,4,0,24,0,6,6,6.0,0.0,0,0,0.0,0.0,8.024928102,1.337488017,996893.6667,1725916.176,2989810,315,2990681,996893.6667,1725916.176,2989810,315,0,0.0,0.0,0,0,0,0,0,0,80,0,1.337488017,0.0,6,6,6.0,0.0,0.0,0,0,0,0,1,0,0,0,0,7.5,6.0,0.0,80,0,0,0,0,0,0,4,24,0,0,256,-1,3,20,0.0,0.0,0,0,0.0,0.0,0,0,DDoS
88,977,9,6,3130,3048,1565,0,347.77777779999997,690.1001336,1524,0,508.0,786.9902159,6323439.098999999,15353.1218,69.78571429,177.1653632,682,0,977,122.125,258.9922434,760,1,909,181.8,283.22729389999995,682,3,0,0,0,0,204,144,9211.873081,6141.248721,0,1565,386.125,690.8025164,477208.1167,0,0,0,1,0,0,0,0,0,411.8666667,347.77777779999997,508.0,204,0,0,0,0,0,0,9,3130,6,3048,8192,2053,2,20,0.0,0.0,0,0,0.0,0.0,0,0,BENIGN
88,1706,7,4,472,414,236,0,67.42857143,115.15620859999999,207,0,103.5,119.5115057,519343.4936,6447.831184000001,170.6,230.4855744,662,3,1706,284.3333333,324.0368292,711,3,1389,463.0,795.0113207,1381,4,0,0,0,0,164,104,4103.165299,2344.6658850000003,0,236,73.83333333,109.4090185,11970.33333,0,0,0,1,0,0,0,0,0,80.54545455,67.42857143,103.5,164,0,0,0,0,0,0,7,472,4,414,8192,2053,2,20,0.0,0.0,0,0,0.0,0.0,0,0,BENIGN
88,3788,7,4,2842,2868,1421,0,406.0,693.3770017999999,1434,0,717.0,827.920286,1507391.763,2903.907075,378.8,568.5073633999999,1636,1,3788,631.3333332999999,787.6790378,1956,1,2137,712.3333332999999,1189.842987,2086,3,0,0,0,0,164,104,1847.940866,1055.966209,0,1434,475.83333330000005,702.8633428999999,494016.8788,0,0,0,1,0,0,0,0,0,519.0909091,406.0,717.0,164,0,0,0,0,0,0,7,2842,4,2868,8192,2053,2,20,0.0,0.0,0,0,0.0,0.0,0,0,BENIGN
443,5615973,8,5,361,3017,204,0,45.125,77.60971497,1506,0,603.4,803.3957929,601.4986183,2.314825944,467997.75,1477839.015,5156741,3,5615973,802281.8571,1922697.0980000002,5156741,3,177838,44459.5,50199.02319,90040,250,0,0,0,0,172,104,1.424508273,0.8903176709999999,0,1506,241.28571430000002,529.5590951,280432.8352,0,0,0,1,0,0,0,0,0,259.8461538,45.125,603.4,172,0,0,0,0,0,0,8,361,5,3017,8192,30016,3,20,459229.0,0.0,459229,459229,5156741.0,0.0,5156741,5156741,BENIGN
88,491,7,4,2686,2744,1343,0,383.7142857,655.316899,1372,0,686.0,792.1245693,11100000.0,22403.25866,49.1,93.42192224,307,1,491,81.83333333,134.2645399,346,1,387,129.0,217.3729514,380,3,0,0,0,0,164,104,14256.61914,8146.639511,0,1372,452.5,668.4439869,446817.3636,0,0,0,1,0,0,0,0,0,493.6363636,383.7142857,686.0,164,0,0,0,0,0,0,7,2686,4,2744,8192,2053,2,20,0.0,0.0,0,0,0.0,0.0,0,0,BENIGN
443,664372,13,11,926,5034,358,0,71.23076923,108.30216509999998,1430,0,457.6363636,550.316504,8970.877761,36.12433998,28885.73913,80174.78497000001,389609,1,664372,55364.333329999994,107063.9099,389609,4,599173,59917.3,131989.0033,426671,1,0,0,0,0,272,232,19.56735082,16.55698916,0,1430,238.4,414.22980739999997,171586.3333,0,0,0,1,0,0,0,0,0,248.33333330000002,71.23076923,457.6363636,272,0,0,0,0,0,0,13,926,11,5034,8192,360,7,20,0.0,0.0,0,0,0.0,0.0,0,0,BENIGN
80,5884832,3,1,0,0,0,0,0.0,0.0,0,0,0.0,0.0,0.0,0.679713542,1961610.667,3369227.789,5852014,59,5884832,2942416.0,4114792.953,5852014,32818,0,0.0,0.0,0,0,0,0,0,0,104,40,0.509785156,0.169928385,0,0,0.0,0.0,0.0,0,0,0,1,0,0,0,0,0,0.0,0.0,0.0,104,0,0,0,0,0,0,3,0,1,0,29200,28960,0,32,0.0,0.0,0,0,0.0,0.0,0,0,BENIGN
123,66094190,2,2,96,96,48,48,48.0,0.0,48,48,48.0,0.0,2.9049452000000002,0.060519692,22000000.0,38000000.0,65900000,94250,66000000,66000000.0,0.0,66000000,66000000,66000000,66000000.0,0.0,66000000,66000000,0,0,0,0,52,52,0.030259846,0.030259846,48,48,48.0,0.0,0.0,0,0,0,0,0,0,0,0,1,60.0,48.0,48.0,52,0,0,0,0,0,0,2,96,2,96,-1,-1,1,20,94271.0,0.0,94271,94271,65900000.0,0.0,65900000,65900000,BENIGN
80,2019967,5,0,30,0,6,6,6.0,0.0,0,0,0.0,0.0,14.85172778,2.475287963,504991.75,1009322.94,2018976,1,2019967,504991.75,1009322.94,2018976,1,0,0.0,0.0,0,0,0,0,0,0,100,0,2.475287963,0.0,6,6,6.0,0.0,0.0,0,0,0,0,1,0,0,0,0,7.2,6.0,0.0,100,0,0,0,0,0,0,5,30,0,0,256,-1,4,20,0.0,0.0,0,0,0.0,0.0,0,0,DDoS
88,1396,7,4,2856,2884,1428,0,408.0,696.7926521,1442,0,721.0,832.5390882,4111747.8510000003,7879.6561599999995,139.6,251.72833680000002,773,2,1396,232.66666669999998,396.30123219999996,977,2,1157,385.6666667,661.9322725,1150,3,0,0,0,0,164,104,5014.326647999999,2865.3295129999997,0,1442,478.33333330000005,706.5577675,499223.8788,0,0,0,1,0,0,0,0,0,521.8181818,408.0,721.0,164,0,0,0,0,0,0,7,2856,4,2884,8192,2053,2,20,0.0,0.0,0,0,0.0,0.0,0,0,BENIGN
135,70,1,1,0,0,0,0,0.0,0.0,0,0,0.0,0.0,0.0,28571.42857,70.0,0.0,70,70,0,0.0,0.0,0,0,0,0.0,0.0,0,0,0,0,0,0,20,20,14285.71429,14285.71429,0,0,0.0,0.0,0.0,0,0,0,0,1,1,0,0,1,0.0,0.0,0.0,20,0,0,0,0,0,0,1,0,1,0,255,2052,0,20,0.0,0.0,0,0,0.0,0.0,0,0,BENIGN
123,66093101,7,7,336,336,48,48,48.0,0.0,48,48,48.0,0.0,10.16747572,0.21182241100000002,5084084.692,15300000.0,55900000,92973,66000000,11000000.0,22000000.0,56000000,1999925,66000000,11000000.0,22000000.0,56000000,1984730,0,0,0,0,144,132,0.105911205,0.105911205,48,48,48.0,0.0,0.0,0,0,0,0,0,0,0,0,1,51.42857143,48.0,48.0,144,0,0,0,0,0,0,7,336,7,336,-1,-1,6,0,10100000.0,0.0,10100000,10100000,55900000.0,0.0,55900000,55900000,BENIGN
80,10426959,4,0,24,0,6,6,6.0,0.0,0,0,0.0,0.0,2.301725748,0.38362095799999996,3475653.0,6019338.147999999,10400000,371,10400000,3475653.0,6019338.147999999,10400000,371,0,0.0,0.0,0,0,0,0,0,0,80,0,0.38362095799999996,0.0,6,6,6.0,0.0,0.0,0,0,0,0,1,0,0,0,0,7.5,6.0,0.0,80,0,0,0,0,0,0,4,24,0,0,256,-1,3,20,773.0,0.0,773,773,10400000.0,0.0,10400000,10400000,DDoS
88,60,1,4,0,0,0,0,0.0,0.0,0,0,0.0,0.0,0.0,83333.33333,15.0,22.4053565,48,1,0,0.0,0.0,0,0,50,16.66666667,27.13546265,48,1,0,0,0,0,20,80,16666.66667,66666.66667,0,0,0.0,0.0,0.0,0,0,0,0,1,1,0,0,4,0.0,0.0,0.0,20,0,0,0,0,0,0,1,0,4,0,255,0,0,20,0.0,0.0,0,0,0.0,0.0,0,0,BENIGN
123,16485,1,1,48,48,48,48,48.0,0.0,48,48,48.0,0.0,5823.475887,121.32241429999999,16485.0,0.0,16485,16485,0,0.0,0.0,0,0,0,0.0,0.0,0,0,0,0,0,0,20,20,60.66120716,60.66120716,48,48,48.0,0.0,0.0,0,0,0,0,0,0,0,0,1,72.0,48.0,48.0,20,0,0,0,0,0,0,1,48,1,48,-1,-1,0,20,0.0,0.0,0,0,0.0,0.0,0,0,BENIGN
389,280404,21,12,5803,1138,2740,0,276.3333333,695.933857,212,0,94.83333333,79.79158458,24753.56985,117.6873368,8762.625,42292.32027,237113,1,280404,14020.2,53305.378039999996,237113,1,279498,25408.90909,83865.68598,278273,3,0,0,0,0,688,400,74.89194163,42.79539522,0,2740,204.14705880000002,551.884108,304576.0686,0,0,0,1,0,0,0,0,0,210.33333330000002,276.3333333,94.83333333,688,0,0,0,0,0,0,21,5803,12,1138,29200,2081,10,32,0.0,0.0,0,0,0.0,0.0,0,0,BENIGN
443,65669613,19,20,801,10435,437,0,42.15789474,111.4172653,1288,0,521.75,611.2390242,171.09892209999998,0.593881983,1728147.711,3676742.778,10000000,0,61900000,3439239.778,4901138.99,10200000,211,65500000,3445622.895,4786766.4180000005,10200000,4,0,0,0,0,616,648,0.28932712,0.304554863,0,1288,280.9,497.2781196,247285.5282,0,0,0,1,0,0,0,0,1,288.10256410000005,42.15789474,521.75,616,0,0,0,0,0,0,19,801,20,10435,29200,139,3,32,312740.5,268977.3075,861788,202664,10000000.0,5015.76584,10000000,9996940,BENIGN
389,493,11,4,172,326,79,0,15.63636364,31.4492376,163,0,81.5,94.10809388,1010141.988,30425.96349,35.21428571,26.82472617,75,1,493,49.3,42.124287,119,1,287,95.66666667,160.50337480000002,281,3,0,0,0,0,368,144,22312.37323,8113.590264,0,163,31.125,57.86060836,3347.85,0,0,0,1,0,0,0,0,0,33.2,15.63636364,81.5,368,0,0,0,0,0,0,11,172,4,326,29200,2081,4,32,0.0,0.0,0,0,0.0,0.0,0,0,BENIGN
135,30136887,11,6,568,512,168,0,51.63636364,73.50547289,172,0,85.33333333,76.92767166,35.83648172,0.564092768,1883555.438,7480935.243,29900000,1,30100000,3013688.7,9459899.38,29900000,1,1601,320.2,472.2019695,1059,3,0,0,0,0,244,144,0.365001203,0.199091565,0,172,60.0,73.50070028,5402.352940999999,0,0,0,1,0,0,0,0,0,63.52941176,51.63636364,85.33333333,244,0,0,0,0,0,0,11,568,6,512,8192,2052,4,20,0.0,0.0,0,0,0.0,0.0,0,0,BENIGN
1281,45,2,0,37,0,37,0,18.5,26.1629509,0,0,0.0,0.0,822222.2222,44444.44444,45.0,0.0,45,45,45,45.0,0.0,45,45,0,0.0,0.0,0,0,0,0,0,0,40,0,44444.44444,0.0,0,37,12.33333333,21.36195996,456.33333330000005,0,0,0,0,1,0,0,0,0,18.5,18.5,0.0,40,0,0,0,0,0,0,2,37,0,0,40958,-1,1,20,0.0,0.0,0,0,0.0,0.0,0,0,BENIGN
80,2524594,5,0,30,0,6,6,6.0,0.0,0,0,0.0,0.0,11.88309883,1.9805164709999998,631148.5,1260812.47,2522367,272,2524594,631148.5,1260812.47,2522367,272,0,0.0,0.0,0,0,0,0,0,0,100,0,1.9805164709999998,0.0,6,6,6.0,0.0,0.0,0,0,0,0,1,0,0,0,0,7.2,6.0,0.0,100,0,0,0,0,0,0,5,30,0,0,256,-1,4,20,0.0,0.0,0,0,0.0,0.0,0,0,DDoS
443,71174120,45,53,1310,68639,517,0,29.11111111,105.0928642,3864,0,1295.075472,963.5725961,982.7870017999999,1.3769049759999998,733753.8144,2482571.275,10000000,2,61500000,1397831.523,3334590.727,10200000,2,71000000,1365882.0380000002,3327713.725,10200000,2,0,0,0,0,1448,1704,0.632252285,0.744652691,0,3864,706.5555555999999,949.0837495999999,900759.9637,0,0,0,1,0,0,0,0,1,713.7653061000001,29.11111111,1295.075472,1448,0,0,0,0,0,0,45,1310,53,68639,29200,252,4,32,715716.5714,1433623.5469999998,3964258,148346,9452014.571,1272645.11,10000000,6595676,BENIGN
5353,87434104,235,0,29021,0,221,45,123.49361699999999,65.74155369,0,0,0.0,0.0,331.91853829999997,2.6877384139999996,373650.0171,2696031.535,32000000,1,87400000,373650.0171,2696031.535,32000000,1,0,0.0,0.0,0,0,0,0,0,0,-9663668122,0,2.6877384139999996,0.0,45,221,123.8644068,65.8483642,4336.007068,0,0,0,0,0,0,0,0,0,124.39148940000001,123.49361699999999,0.0,-9663668122,0,0,0,0,0,0,235,29021,0,0,-1,-1,234,-536870661,3141653.5,3674923.703,7002887,15,18700000.0,9979773.872000001,32000000,8001331,BENIGN
1094,2,3,0,0,0,0,0,0.0,0.0,0,0,0.0,0.0,0.0,1500000.0,1.0,0.0,1,1,2,1.0,0.0,1,1,0,0.0,0.0,0,0,0,0,0,0,60,0,1500000.0,0.0,0,0,0.0,0.0,0.0,0,0,0,0,1,0,0,0,0,0.0,0.0,0.0,60,0,0,0,0,0,0,3,0,0,0,12499,-1,0,20,0.0,0.0,0,0,0.0,0.0,0,0,BENIGN
88,928,9,4,600,2942,300,0,66.66666667,132.2875656,1471,0,735.5,849.2822460000001,3816810.345,14008.62069,77.33333333,172.75170480000003,620,1,928,116.0,243.45782859999997,715,1,717,239.0,373.10052260000003,669,1,0,0,0,0,204,104,9698.275862,4310.344828,0,1471,253.0,527.0787416999999,277812.0,0,0,0,1,0,0,0,0,0,272.46153849999996,66.66666667,735.5,204,0,0,0,0,0,0,9,600,4,2942,8192,2053,2,20,0.0,0.0,0,0,0.0,0.0,0,0,BENIGN
5353,88491785,270,0,34674,0,219,45,128.4222222,64.17222027,0,0,0.0,0.0,391.83298199999996,3.0511306780000003,328965.7435,2565645.523,32000000,1,88500000,328965.7435,2565645.523,32000000,1,0,0.0,0.0,0,0,0,0,0,0,4644,0,3.0511306780000003,0.0,45,219,128.7195572,64.24002117,4126.78032,0,0,0,0,0,0,0,0,0,129.1962963,128.4222222,0.0,4644,0,0,0,0,0,0,270,34674,0,0,-1,-1,269,0,2975340.0,3435857.035,6001247,15,19100000.0,10000000.0,32000000,8002622,BENIGN
389,523735,15,11,4814,3970,1660,0,320.9333333,569.2956132,1268,0,360.9090909,488.37863480000004,16771.84072,49.64342654,20949.4,72190.35539,300168,2,523735,37409.64286,94692.7255,300168,3,523702,52370.2,162397.4373,514540,3,0,0,0,0,324,244,28.64043839,21.00298815,0,1660,325.3333333,520.4493621,270867.5385,0,0,0,1,0,0,0,0,0,337.8461538,320.9333333,360.9090909,324,0,0,0,0,0,0,15,4814,11,3970,8192,0,8,20,0.0,0.0,0,0,0.0,0.0,0,0,BENIGN
80,914014,3,5,26,11607,20,0,8.666666667000001,10.26320288,7215,0,2321.4,3327.7697940000003,12727.37617,8.752601164,130573.4286,345067.6009,913113,3,714,357.0,480.8326112,697,17,913999,228499.75,456408.9488,913113,3,0,0,0,0,72,112,3.282225436,5.470375727,0,7215,1292.555556,2650.585648,7025604.278,0,0,0,1,0,0,0,0,1,1454.125,8.666666667000001,2321.4,72,0,0,0,0,0,0,3,26,5,11607,8192,229,2,20,0.0,0.0,0,0,0.0,0.0,0,0,DDoS
80,132606,3,6,26,11607,20,0,8.666666667000001,10.26320288,4380,0,1934.5,2177.344966,87726.04557999999,67.87023212,16575.75,46455.99542,131546,3,929,464.5,652.659559,926,3,132576,26515.2,58715.41337,131546,3,0,0,0,0,72,132,22.62341071,45.24682141,0,4380,1163.3,1903.962654,3625073.789,0,0,0,1,0,0,0,0,2,1292.555556,8.666666667000001,1934.5,72,0,0,0,0,0,0,3,26,6,11607,8192,229,2,20,0.0,0.0,0,0,0.0,0.0,0,0,DDoS
123,67085836,7,7,336,336,48,48,48.0,0.0,48,48,48.0,0.0,10.017017599999999,0.208687867,5160448.923,15600000.0,56900000,85993,67000000,11200000.0,22500000.0,57000000,1999804,67000000,11200000.0,22500000.0,57000000,1999551,0,0,0,0,188,188,0.10434393300000001,0.10434393300000001,48,48,48.0,0.0,0.0,0,0,0,0,0,0,0,0,1,51.42857143,48.0,48.0,188,0,0,0,0,0,0,7,336,7,336,-1,-1,6,20,10100000.0,0.0,10100000,10100000,56900000.0,0.0,56900000,56900000,BENIGN
80,5822589,3,1,0,0,0,0,0.0,0.0,0,0,0.0,0.0,0.0,0.686979624,1940863.0,3329733.215,5785649,65,5822589,2911294.5,4064951.117,5785649,36940,0,0.0,0.0,0,0,0,0,0,0,104,40,0.515234718,0.171744906,0,0,0.0,0.0,0.0,0,0,0,1,0,0,0,0,0,0.0,0.0,0.0,104,0,0,0,0,0,0,3,0,1,0,29200,42408,0,32,0.0,0.0,0,0,0.0,0.0,0,0,BENIGN
80,670265,3,6,26,11607,20,0,8.666666667000001,10.26320288,4380,0,1934.5,2177.344966,17355.82195,13.42752493,83783.125,236570.5187,669265,3,868,434.0,609.5260454,865,3,670104,134020.8,299210.7799,669265,3,0,0,0,0,72,132,4.475841645,8.951683289,0,4380,1163.3,1903.962654,3625073.789,0,0,0,1,0,0,0,0,2,1292.555556,8.666666667000001,1934.5,72,0,0,0,0,0,0,3,26,6,11607,8192,229,2,20,0.0,0.0,0,0,0.0,0.0,0,0,DDoS
123,11015273,7,7,336,336,48,48,48.0,0.0,48,48,48.0,0.0,61.00620475,1.270962599,847328.6923,970192.4587,1990896,16291,11000000,1833130.667,406216.7533,2007447,1004055,11000000,1833120.333,406230.847,2007228,1004014,0,0,0,0,176,176,0.6354812989999999,0.6354812989999999,48,48,48.0,0.0,0.0,0,0,0,0,0,0,0,0,1,51.42857143,48.0,48.0,176,0,0,0,0,0,0,7,336,7,336,-1,-1,6,20,0.0,0.0,0,0,0.0,0.0,0,0,BENIGN
1065,79,1,3,0,0,0,0,0.0,0.0,0,0,0.0,0.0,0.0,50632.91139,26.33333333,23.71356855,48,1,0,0.0,0.0,0,0,49,24.5,33.23401872,48,1,0,0,0,0,20,60,12658.22785,37974.68354,0,0,0.0,0.0,0.0,0,0,0,0,1,1,0,0,3,0.0,0.0,0.0,20,0,0,0,0,0,0,1,0,3,0,229,255,0,20,0.0,0.0,0,0,0.0,0.0,0,0,BENIGN
80,109722768,6,4,188,490,188,0,31.33333333,76.75067861,490,0,122.5,245.0,6.17920977,0.091138787,12200000.0,36600000.0,110000000,35,110000000,21900000.0,49000000.0,110000000,108,31726,10575.33333,8156.7141870000005,16494,1271,0,0,0,0,144,104,0.054683272000000005,0.036455515,0,490,61.63636364,152.8576284,23365.45455,0,0,0,1,0,0,0,0,0,67.8,31.33333333,122.5,144,0,0,0,0,0,0,6,188,4,490,65535,946,1,20,0.0,0.0,0,0,0.0,0.0,0,0,BENIGN
49172,12,1,1,0,0,0,0,0.0,0.0,0,0,0.0,0.0,0.0,166666.6667,12.0,0.0,12,12,0,0.0,0.0,0,0,0,0.0,0.0,0,0,0,0,0,0,20,20,83333.33333,83333.33333,0,0,0.0,0.0,0.0,0,0,0,0,1,0,0,0,1,0.0,0.0,0.0,20,0,0,0,0,0,0,1,0,1,0,2049,255,0,20,0.0,0.0,0,0,0.0,0.0,0,0,BENIGN
88,495,7,4,2762,2820,1381,0,394.57142860000005,673.8590004,1410,0,705.0,814.0638796000001,11300000.0,22222.22222,49.5,88.21218107,293,1,495,82.5,148.11853359999998,380,1,452,150.66666669999998,177.8238829,356,48,0,0,0,0,164,104,14141.41414,8080.808081,0,1410,465.16666669999995,687.1523363,472178.3333,0,0,0,1,0,0,0,0,0,507.4545455,394.57142860000005,705.0,164,0,0,0,0,0,0,7,2762,4,2820,8192,2053,2,20,0.0,0.0,0,0,0.0,0.0,0,0,BENIGN
80,7003621,4,0,24,0,6,6,6.0,0.0,0,0,0.0,0.0,3.426798795,0.571133132,2334540.333,4043036.711,7003037,273,7003621,2334540.333,4043036.711,7003037,273,0,0.0,0.0,0,0,0,0,0,0,80,0,0.571133132,0.0,6,6,6.0,0.0,0.0,0,0,0,0,1,0,0,0,0,7.5,6.0,0.0,80,0,0,0,0,0,0,4,24,0,0,256,-1,3,20,584.0,0.0,584,584,7003037.0,0.0,7003037,7003037,DDoS
49666,62,1,3,0,0,0,0,0.0,0.0,0,0,0.0,0.0,0.0,64516.12903,20.66666667,34.06366588,60,1,0,0.0,0.0,0,0,2,1.0,0.0,1,1,0,0,0,0,20,60,16129.03226,48387.09677,0,0,0.0,0.0,0.0,0,0,0,0,1,1,0,0,3,0.0,0.0,0.0,20,0,0,0,0,0,0,1,0,3,0,256,2053,0,20,0.0,0.0,0,0,0.0,0.0,0,0,BENIGN
80,898313,3,5,26,11607,20,0,8.666666667000001,10.26320288,10135,0,2321.4,4413.201989,12949.829290000001,8.905581907,128330.4286,339018.5799,897152,4,901,450.5,631.4463556,897,4,898266,224566.5,448390.5042,897152,5,0,0,0,0,72,112,3.339593215,5.565988692,0,10135,1292.555556,3350.634907,11200000.0,0,0,0,1,0,0,0,0,1,1454.125,8.666666667000001,2321.4,72,0,0,0,0,0,0,3,26,5,11607,8192,229,2,20,0.0,0.0,0,0,0.0,0.0,0,0,DDoS
443,241632,4,1,201,0,201,0,50.25,100.5,0,0,0.0,0.0,831.8434643999999,20.69262349,60408.0,75444.90216,170763,51,241632,80544.0,78147.50803,170763,33875,0,0.0,0.0,0,0,0,0,0,0,92,32,16.55409879,4.1385246989999995,0,201,33.5,82.05790638,6733.5,0,0,0,1,0,0,0,0,0,40.2,50.25,0.0,92,0,0,0,0,0,0,4,201,1,0,8192,42780,1,20,0.0,0.0,0,0,0.0,0.0,0,0,BENIGN
80,4040786,6,6,444,1870,444,0,74.0,181.262241,1460,0,311.6666667,571.7344372,572.6608635,2.969719258,367344.1818,1205011.4409999999,4000513,38,40273,8054.6,10746.88082,19863,113,4021050,804210.0,1786829.985,4000552,49,0,0,0,0,140,132,1.484859629,1.484859629,0,1460,178.0,408.49949,166871.8333,0,0,0,1,0,0,0,0,1,192.83333330000002,74.0,311.6666667,140,0,0,0,0,0,0,6,444,6,1870,29200,30,1,20,0.0,0.0,0,0,0.0,0.0,0,0,BENIGN
443,2830799,72,119,2238,150460,613,0,31.08333333,107.8403554,2860,0,1264.369748,466.6719507,53941.66099,67.47211653,14898.94211,97518.63227,1085339,1,2830799,39870.40845,166774.0006,1161888,4,2470249,20934.31356,123502.9378,1121875,1,0,0,0,0,1452,2392,25.43451513,42.0376014,0,2860,795.3020832999999,706.6981571,499422.2852,0,0,0,1,0,0,0,0,1,799.4659686000001,31.08333333,1264.369748,1452,0,0,0,0,0,0,72,2238,119,150460,8192,368,12,20,0.0,0.0,0,0,0.0,0.0,0,0,BENIGN
123,83014424,14,14,672,672,48,48,48.0,0.0,48,48,48.0,0.0,16.18995754,0.337290782,3074608.296,12900000.0,67000000,1,83000000,6385713.307999999,18400000.0,67000000,3,83000000,6385718.692000001,18400000.0,67000000,1,0,0,0,0,276,276,0.168645391,0.168645391,48,48,48.0,0.0,0.0,0,0,0,0,0,0,0,0,1,49.71428571,48.0,48.0,276,0,0,0,0,0,0,14,672,14,672,-1,-1,13,0,3507341.0,4959959.504,7014562,120,38000000.0,41000000.0,67000000,8999855,BENIGN
80,869285,3,6,26,11607,20,0,8.666666667000001,10.26320288,5840,0,1934.5,2538.9192780000003,13382.262429999999,10.35333636,108660.625,306117.2189,866260,14,2686,1343.0,1436.8409789999998,2359,327,869103,173820.6,387086.9201,866260,14,0,0,0,0,72,132,3.4511121210000004,6.902224242000001,0,5840,1163.3,2138.329153,4572451.567,0,0,0,1,0,0,0,0,2,1292.555556,8.666666667000001,1934.5,72,0,0,0,0,0,0,3,26,6,11607,8192,229,2,20,0.0,0.0,0,0,0.0,0.0,0,0,DDoS
443,43849481,21,24,954,27413,517,0,45.42857143,133.04494409999998,4045,0,1142.208333,1107.436954,646.9175769999999,1.026237916,996579.1136,2867532.332,10000000,1,34300000,1716256.8,3673335.3910000003,10200000,48,43700000,1900063.6519999998,3838563.88,10200000,1,0,0,0,0,680,776,0.47891102700000004,0.547326889,0,4045,616.673913,970.9457944000001,942735.7357,0,0,0,1,0,0,0,0,1,630.3777778,45.42857143,1142.208333,680,0,0,0,0,0,0,21,954,24,27413,29200,243,3,32,1112507.5,1928465.01,4005205,148108,9849862.5,316157.0671,10000000,9375798,BENIGN
80,516691,3,6,26,11607,20,0,8.666666667000001,10.26320288,5840,0,1934.5,2538.9192780000003,22514.42351,17.41853448,64586.375,182101.8805,515265,14,1078,539.0,692.9646456,1029,49,516539,103307.8,230291.4414,515265,14,0,0,0,0,72,132,5.806178161,11.61235632,0,5840,1163.3,2138.329153,4572451.567,0,0,0,1,0,0,0,0,2,1292.555556,8.666666667000001,1934.5,72,0,0,0,0,0,0,3,26,6,11607,8192,229,2,20,0.0,0.0,0,0,0.0,0.0,0,0,DDoS
80,142029,2,0,0,0,0,0,0.0,0.0,0,0,0.0,0.0,0.0,14.08163122,142029.0,0.0,142029,142029,142029,142029.0,0.0,142029,142029,0,0.0,0.0,0,0,0,0,0,0,40,0,14.08163122,0.0,0,0,0.0,0.0,0.0,0,0,0,0,1,0,0,0,0,0.0,0.0,0.0,40,0,0,0,0,0,0,2,0,0,0,64240,-1,0,20,0.0,0.0,0,0,0.0,0.0,0,0,BENIGN
49671,47,1,2,0,0,0,0,0.0,0.0,0,0,0.0,0.0,0.0,63829.787229999994,23.5,27.57716447,43,4,0,0.0,0.0,0,0,4,4.0,0.0,4,4,0,0,0,0,20,40,21276.59574,42553.19149,0,0,0.0,0.0,0.0,0,0,0,0,1,1,0,0,2,0.0,0.0,0.0,20,0,0,0,0,0,0,1,0,2,0,252,2047,0,20,0.0,0.0,0,0,0.0,0.0,0,0,BENIGN
443,64791,2,0,0,0,0,0,0.0,0.0,0,0,0.0,0.0,0.0,30.86848482,64791.0,0.0,64791,64791,64791,64791.0,0.0,64791,64791,0,0.0,0.0,0,0,0,0,0,0,40,0,30.86848482,0.0,0,0,0.0,0.0,0.0,0,0,0,0,1,0,0,0,0,0.0,0.0,0.0,40,0,0,0,0,0,0,2,0,0,0,254,-1,0,20,0.0,0.0,0,0,0.0,0.0,0,0,BENIGN
80,904862,3,6,26,11607,20,0,8.666666667000001,10.26320288,5755,0,1934.5,2529.1245719999997,12856.10402,9.94626805,113107.75,319460.928,903733,3,785,392.5,550.8361825000001,782,3,904794,180958.8,404043.1868,903733,15,0,0,0,0,72,132,3.315422683,6.630845366,0,5755,1163.3,2131.87096,4544873.789,0,0,0,1,0,0,0,0,2,1292.555556,8.666666667000001,1934.5,72,0,0,0,0,0,0,3,26,6,11607,8192,229,2,20,0.0,0.0,0,0,0.0,0.0,0,0,DDoS
80,101190,3,5,26,11607,20,0,8.666666667000001,10.26320288,7215,0,2321.4,3327.7697940000003,114961.9528,79.05919557,14455.71429,37858.15827,100309,4,653,326.5,456.0838739,649,4,101064,25266.0,50029.28261,100309,4,0,0,0,0,72,112,29.64719834,49.41199723,0,7215,1292.555556,2650.585648,7025604.278,0,0,0,1,0,0,0,0,1,1454.125,8.666666667000001,2321.4,72,0,0,0,0,0,0,3,26,5,11607,8192,229,2,20,0.0,0.0,0,0,0.0,0.0,0,0,DDoS
443,71027581,38,44,1310,55250,517,0,34.47368421,113.77235139999999,3864,0,1255.681818,1050.2439980000001,796.3103798,1.154481102,876883.7159999999,2689693.5810000002,10000000,2,71000000,1919660.108,3794444.475,10200000,48,70900000,1648357.07,3592550.613,10200000,150,0,0,0,0,1224,1416,0.5350034379999999,0.619477665,0,3864,681.4457831,980.2157335,960822.8842,0,0,0,1,0,0,0,0,1,689.7560976,34.47368421,1255.681818,1224,0,0,0,0,0,0,38,1310,44,55250,29200,252,4,32,715558.8571,1433834.608,3964503,147851,9431203.714,1270626.321,10000000,6599815,BENIGN
80,3182843,9,5,1299,2238,433,0,144.33333330000002,216.5,746,0,447.6,408.60102789999996,1111.270647,4.3985832789999995,244834.0769,530235.2941,1956947,121,3182843,397855.375,644462.3127,1956947,36667,2611136,652784.0,957688.0896,2077333,19931,0,0,0,0,192,112,2.8276606789999996,1.5709226,0,746,235.8,316.0007233,99856.45714,0,0,0,1,0,0,0,0,0,252.6428571,144.33333330000002,447.6,192,0,0,0,0,0,0,9,1299,5,2238,8192,360,3,20,0.0,0.0,0,0,0.0,0.0,0,0,BENIGN
80,4730808,4,0,24,0,6,6,6.0,0.0,0,0,0.0,0.0,5.0731291569999994,0.845521526,1576936.0,2730727.923,4730109,244,4730808,1576936.0,2730727.923,4730109,244,0,0.0,0.0,0,0,0,0,0,0,80,0,0.845521526,0.0,6,6,6.0,0.0,0.0,0,0,0,0,1,0,0,0,0,7.5,6.0,0.0,80,0,0,0,0,0,0,4,24,0,0,256,-1,3,20,0.0,0.0,0,0,0.0,0.0,0,0,DDoS
443,8043,2,0,0,0,0,0,0.0,0.0,0,0,0.0,0.0,0.0,248.663434,8043.0,0.0,8043,8043,8043,8043.0,0.0,8043,8043,0,0.0,0.0,0,0,0,0,0,0,64,0,248.663434,0.0,0,0,0.0,0.0,0.0,0,0,0,0,1,0,0,0,0,0.0,0.0,0.0,64,0,0,0,0,0,0,2,0,0,0,774,-1,0,32,0.0,0.0,0,0,0.0,0.0,0,0,BENIGN
443,5219210,10,8,346,5822,189,0,34.6,67.15355538,1624,0,727.75,760.8072311000001,1181.7880480000001,3.448797807,307012.3529,1154008.206,4780513,3,5219210,579912.2222,1577411.582,4780513,3,388082,55440.285710000004,90474.73564,251026,49,0,0,0,0,224,172,1.9159987809999999,1.532799025,0,1624,324.63157889999997,593.4355914,352165.8012,0,0,0,1,0,0,0,0,0,342.6666667,34.6,727.75,224,0,0,0,0,0,0,10,346,8,5822,8192,119,3,20,0.0,0.0,0,0,0.0,0.0,0,0,BENIGN
443,3266983,13,10,562,3971,191,0,43.23076923,65.78013105,1430,0,397.1,583.4183652,1387.518698,7.0401345829999995,148499.2273,603031.2218,2843458,1,3266983,272248.5833,811105.3015,2843458,4,374941,41660.111110000005,80794.73934,250519,1,0,0,0,0,272,212,3.9792065030000003,3.06092808,0,1430,188.875,409.6831557,167840.288,0,0,0,1,0,0,0,0,0,197.08695649999999,43.23076923,397.1,272,0,0,0,0,0,0,13,562,10,3971,8192,351,6,20,0.0,0.0,0,0,0.0,0.0,0,0,BENIGN
80,25079,3,4,26,11601,20,0,8.666666667000001,10.26320288,8760,0,2900.25,4128.3193009999995,463614.9767,279.1179872,4179.833333,6603.735138,15625,49,9161,4580.5,6131.3229,8916,245,25030,8343.333333,7757.242315,15625,185,0,0,0,0,72,92,119.6219945,159.4959927,0,8760,1453.375,3113.952607,9696700.839,0,0,0,1,0,0,0,0,1,1661.0,8.666666667000001,2900.25,72,0,0,0,0,0,0,3,26,4,11601,8192,229,2,20,0.0,0.0,0,0,0.0,0.0,0,0,DDoS
80,2020955,5,0,30,0,6,6,6.0,0.0,0,0,0.0,0.0,14.844467100000001,2.474077849,505238.75,1009808.936,2019952,3,2020955,505238.75,1009808.936,2019952,3,0,0.0,0.0,0,0,0,0,0,0,100,0,2.474077849,0.0,6,6,6.0,0.0,0.0,0,0,0,0,1,0,0,0,0,7.2,6.0,0.0,100,0,0,0,0,0,0,5,30,0,0,256,-1,4,20,0.0,0.0,0,0,0.0,0.0,0,0,DDoS
443,8676,2,0,0,0,0,0,0.0,0.0,0,0,0.0,0.0,0.0,230.52097740000002,8676.0,0.0,8676,8676,8676,8676.0,0.0,8676,8676,0,0.0,0.0,0,0,0,0,0,0,64,0,230.52097740000002,0.0,0,0,0.0,0.0,0.0,0,0,0,0,1,0,0,0,0,0.0,0.0,0.0,64,0,0,0,0,0,0,2,0,0,0,705,-1,0,32,0.0,0.0,0,0,0.0,0.0,0,0,BENIGN
123,70059569,9,9,432,432,48,48,48.0,0.0,48,48,48.0,0.0,12.33236248,0.256924218,4121151.1180000002,13900000.0,57900000,52041,70000000,8750011.5,19900000.0,58000000,1004054,70000000,8749907.875,19900000.0,58000000,998449,0,0,0,0,240,240,0.128462109,0.128462109,48,48,48.0,0.0,0.0,0,0,0,0,0,0,0,0,1,50.66666667,48.0,48.0,240,0,0,0,0,0,0,9,432,9,432,-1,-1,8,20,12100000.0,0.0,12100000,12100000,57900000.0,0.0,57900000,57900000,BENIGN
443,1061248,9,9,504,4574,200,0,56.0,81.9954267,1430,0,508.22222220000003,658.7521874,4784.932457,16.96116271,62426.35294,198717.3191,830679,1,1061248,132656.0,282414.8036,830679,49,1011868,126483.5,301313.9227,867895,1,0,0,0,0,192,192,8.480581353,8.480581353,0,1430,267.2631579,501.17039040000003,251171.7602,0,0,0,1,0,0,0,0,1,282.1111111,56.0,508.22222220000003,192,0,0,0,0,0,0,9,504,9,4574,8192,351,4,20,0.0,0.0,0,0,0.0,0.0,0,0,BENIGN
53,88394,1,1,47,79,47,47,47.0,0.0,79,79,79.0,0.0,1425.436116,22.62597009,88394.0,0.0,88394,88394,0,0.0,0.0,0,0,0,0.0,0.0,0,0,0,0,0,0,20,20,11.31298504,11.31298504,47,79,57.66666667,18.47520861,341.3333333,0,0,0,0,0,0,0,0,1,86.5,47.0,79.0,20,0,0,0,0,0,0,1,47,1,79,-1,-1,0,20,0.0,0.0,0,0,0.0,0.0,0,0,BENIGN
80,163,2,0,0,0,0,0,0.0,0.0,0,0,0.0,0.0,0.0,12269.93865,163.0,0.0,163,163,163,163.0,0.0,163,163,0,0.0,0.0,0,0,0,0,0,0,64,0,12269.93865,0.0,0,0,0.0,0.0,0.0,0,0,0,0,1,0,0,0,0,0.0,0.0,0.0,64,0,0,0,0,0,0,2,0,0,0,242,-1,0,32,0.0,0.0,0,0,0.0,0.0,0,0,BENIGN
88,1249,9,6,3122,3040,1561,0,346.8888889,688.3362994,1520,0,506.66666669999995,784.9246248,4933546.837,12009.60769,89.21428571,191.87463,725,1,1249,156.125,316.6699217,917,1,1056,211.2,318.4622427,725,3,0,0,0,0,204,144,7205.764612000001,4803.843074,0,1561,385.125,689.0138726,474740.1167,0,0,0,1,0,0,0,0,0,410.8,346.8888889,506.66666669999995,204,0,0,0,0,0,0,9,3122,6,3040,8192,2053,2,20,0.0,0.0,0,0,0.0,0.0,0,0,BENIGN
80,2050967,4,0,24,0,6,6,6.0,0.0,0,0,0.0,0.0,11.70179725,1.9502995419999998,683655.6667,1183264.757,2049972,4,2050967,683655.6667,1183264.757,2049972,4,0,0.0,0.0,0,0,0,0,0,0,80,0,1.9502995419999998,0.0,6,6,6.0,0.0,0.0,0,0,0,0,1,0,0,0,0,7.5,6.0,0.0,80,0,0,0,0,0,0,4,24,0,0,256,-1,3,20,0.0,0.0,0,0,0.0,0.0,0,0,DDoS
80,36129,3,4,26,11607,20,0,8.666666667000001,10.26320288,11595,0,2901.75,5795.50069,321985.1089,193.750173,6021.5,13874.064030000001,34321,4,1410,705.0,991.3637072,1406,4,36112,12037.33333,19305.34771,34321,371,0,0,0,0,72,92,83.03578842,110.71438459999999,0,11595,1454.125,4097.537534,16800000.0,0,0,0,1,0,0,0,0,1,1661.857143,8.666666667000001,2901.75,72,0,0,0,0,0,0,3,26,4,11607,8192,229,2,20,0.0,0.0,0,0,0.0,0.0,0,0,DDoS
123,112016593,10,10,480,480,48,48,48.0,0.0,48,48,48.0,0.0,8.570158887,0.178544977,5895610.158,15200000.0,64000000,16510,112000000,12400000.0,20600000.0,64000000,1999879,112000000,12400000.0,20600000.0,64000000,1999476,0,0,0,0,252,252,0.08927248800000001,0.08927248800000001,48,48,48.0,0.0,0.0,0,0,0,0,0,0,0,0,1,50.4,48.0,48.0,252,0,0,0,0,0,0,10,480,10,480,-1,-1,9,0,4016663.333,3999871.5089999996,8016377,16634,33300000.0,26900000.0,64000000,14000000,BENIGN
443,3047100,9,11,703,3950,267,0,78.11111111,103.30228029999999,1448,0,359.0909091,569.9183195,1527.025697,6.563617866,160373.6842,307466.7296,1072676,4,2145892,268236.5,425961.5334,1167844,192,2951836,295183.6,384676.1944,1072676,4,0,0,0,0,296,360,2.95362804,3.609989826,0,1448,221.5714286,434.4990876,188789.4571,0,0,0,1,0,0,0,0,1,232.65,78.11111111,359.0909091,296,0,0,0,0,0,0,9,703,11,3950,29200,254,4,32,0.0,0.0,0,0,0.0,0.0,0,0,BENIGN
