Destination Port,Flow Duration,Total Fwd Packets,Total Backward Packets,Total Length of Fwd Packets,Total Length of Bwd Packets,Fwd Packet Length Max,Fwd Packet Length Min,Fwd Packet Length Mean,Fwd Packet Length Std,Bwd Packet Length Max,Bwd Packet Length Min,Bwd Packet Length Mean,Bwd Packet Length Std,Flow Bytes/s,Flow Packets/s,Flow IAT Mean,Flow IAT Std,Flow IAT Max,Flow IAT Min,Fwd IAT Total,Fwd IAT Mean,Fwd IAT Std,Fwd IAT Max,Fwd IAT Min,Bwd IAT Total,Bwd IAT Mean,Bwd IAT Std,Bwd IAT Max,Bwd IAT Min,Fwd PSH Flags,Bwd PSH Flags,Fwd URG Flags,Bwd URG Flags,Fwd Header Length,Bwd Header Length,Fwd Packets/s,Bwd Packets/s,Min Packet Length,Max Packet Length,Packet Length Mean,Packet Length Std,Packet Length Variance,FIN Flag Count,SYN Flag Count,RST Flag Count,PSH Flag Count,ACK Flag Count,URG Flag Count,CWE Flag Count,ECE Flag Count,Down/Up Ratio,Average Packet Size,Avg Fwd Segment Size,Avg Bwd Segment Size,Fwd Header Length.1,Fwd Avg Bytes/Bulk,Fwd Avg Packets/Bulk,Fwd Avg Bulk Rate,Bwd Avg Bytes/Bulk,Bwd Avg Packets/Bulk,Bwd Avg Bulk Rate,Subflow Fwd Packets,Subflow Fwd Bytes,Subflow Bwd Packets,Subflow Bwd Bytes,Init_Win_bytes_forward,Init_Win_bytes_backward,act_data_pkt_fwd,min_seg_size_forward,Active Mean,Active Std,Active Max,Active Min,Idle Mean,Idle Std,Idle Max,Idle Min,Label
88,640,7,4,440,358,220,0,62.85714286,107.34900800000001,179,0,89.5,103.3456982,1246875.0,17187.5,64.0,135.557286,445,1,640,106.66666670000001,194.3251571,497,1,538,179.33333330000002,303.6862416,530,4,0,0,0,0,164,104,10937.5,6250.0,0,220,66.5,99.00183653,9801.363636,0,0,0,1,0,0,0,0,0,72.54545455,62.85714286,89.5,164,0,0,0,0,0,0,7,440,4,358,8192,2053,2,20,0.0,0.0,0,0,0.0,0.0,0,0,BENIGN
88,900,9,4,600,2944,300,0,66.66666667,132.2875656,1472,0,736.0,849.8595962000002,3937777.778,14444.444440000001,75.0,192.7952282,684,1,900,112.5,252.41122909999999,734,1,766,255.33333330000002,435.32325149999997,758,3,0,0,0,0,204,104,10000.0,4444.444444,0,1472,253.1428571,527.4342623,278186.9011,0,0,0,1,0,0,0,0,0,272.6153846,66.66666667,736.0,204,0,0,0,0,0,0,9,600,4,2944,8192,2053,2,20,0.0,0.0,0,0,0.0,0.0,0,0,BENIGN
88,1205,7,4,2776,2830,1388,0,396.57142860000005,677.2746506,1415,0,707.5,816.9506309,4652282.158,9128.630705,120.5,236.4333357,777,1,1205,200.83333330000002,397.05839199999997,1008,1,927,309.0,491.6472313,876,1,0,0,0,0,164,104,5809.1286310000005,3319.502075,0,1415,467.16666669999995,690.0989169,476236.5152,0,0,0,1,0,0,0,0,0,509.6363636,396.57142860000005,707.5,164,0,0,0,0,0,0,7,2776,4,2830,8192,2053,2,20,0.0,0.0,0,0,0.0,0.0,0,0,BENIGN
88,511,7,4,452,370,226,0,64.57142857,110.27670819999999,185,0,92.5,106.8097998,1608610.5680000002,21526.41879,51.1,90.76765209,299,1,511,85.16666667,131.9005939,349,1,462,154.0,224.7198256,412,1,0,0,0,0,164,104,13698.630140000001,7827.78865,0,226,68.5,101.9335791,10390.45455,0,0,0,1,0,0,0,0,0,74.72727273,64.57142857,92.5,164,0,0,0,0,0,0,7,452,4,370,8192,2053,2,20,0.0,0.0,0,0,0.0,0.0,0,0,BENIGN
88,773,9,4,612,2944,306,0,68.0,134.9333169,1472,0,736.0,849.8595962000002,4600258.732,16817.59379,64.41666667,148.6982658,531,1,773,96.625,196.6657335,580,1,675,225.0,348.90113210000004,627,1,0,0,0,0,204,104,11642.94955,5174.644243,0,1472,254.0,527.5207615,278278.1538,0,0,0,1,0,0,0,0,0,273.53846150000004,68.0,736.0,204,0,0,0,0,0,0,9,612,4,2944,8192,2053,2,20,0.0,0.0,0,0,0.0,0.0,0,0,BENIGN
88,986,9,6,3100,3030,1550,0,344.44444439999995,683.4857553999999,1515,0,505.0,782.3426359,6217038.54,15212.981740000001,70.42857143,182.10846909999998,696,1,986,123.25,268.4142587,785,1,889,177.8,300.8308495,697,1,0,0,0,0,204,144,9127.789047,6085.192698,0,1550,383.125,685.4144124,469792.9167,0,0,0,1,0,0,0,0,0,408.6666667,344.44444439999995,505.0,204,0,0,0,0,0,0,9,3100,6,3030,8192,2053,2,20,0.0,0.0,0,0,0.0,0.0,0,0,BENIGN
88,935,9,6,3074,3010,1537,0,341.55555560000005,677.7532942,1505,0,501.66666669999995,777.1786581,6506951.872,16042.78075,66.78571429,187.3619199,714,1,935,116.875,281.5312403,811,1,859,171.8,308.5226086,714,2,0,0,0,0,204,144,9625.668448999999,6417.112299,0,1537,380.25,680.2620573,462756.4667,0,0,0,1,0,0,0,0,0,405.6,341.55555560000005,501.66666669999995,204,0,0,0,0,0,0,9,3074,6,3010,8192,2053,2,20,0.0,0.0,0,0,0.0,0.0,0,0,BENIGN
389,572849,15,12,4076,1020,1646,0,271.7333333,562.9358586,210,0,85.0,91.22200691,8895.887048999999,47.13283954,22032.65385,101642.2098,517763,2,572849,40917.785710000004,137973.1114,517763,2,572795,52072.272730000004,172091.1181,570946,3,0,0,0,0,324,264,26.18491086,20.94792869,0,1646,182.0,421.41314289999997,177589.03699999998,0,0,0,1,0,0,0,0,0,188.74074069999998,271.7333333,85.0,324,0,0,0,0,0,0,15,4076,12,1020,8192,0,8,20,0.0,0.0,0,0,0.0,0.0,0,0,BENIGN
49193,1,2,1,0,0,0,0,0.0,0.0,0,0,0.0,0.0,0.0,3000000.0,0.5,0.7071067809999999,1,0,1,1.0,0.0,1,1,0,0.0,0.0,0,0,0,0,0,0,40,20,2000000.0,1000000.0,0,0,0.0,0.0,0.0,1,0,0,0,0,0,0,0,0,0.0,0.0,0.0,40,0,0,0,0,0,0,2,0,1,0,0,254,0,20,0.0,0.0,0,0,0.0,0.0,0,0,BENIGN
88,1075,9,9,3100,3030,1550,0,344.44444439999995,683.4857553999999,1515,0,336.6666667,668.052206,5702325.581,16744.18605,63.23529412,167.88780830000002,709,1,1075,134.375,255.32664649999998,762,1,1009,126.125,243.25732259999998,709,1,0,0,0,0,204,204,8372.093023000001,8372.093023000001,0,1550,322.63157889999997,641.9466238,412095.4678,0,0,0,1,0,0,0,0,1,340.55555560000005,344.44444439999995,336.6666667,204,0,0,0,0,0,0,9,3100,9,3030,8192,0,2,20,0.0,0.0,0,0,0.0,0.0,0,0,BENIGN
88,2687,9,6,3074,3010,1537,0,341.55555560000005,677.7532942,1505,0,501.66666669999995,777.1786581,2264235.207,5582.433940999999,191.9285714,423.9485572,1505,3,2687,335.875,542.269421,1505,3,1091,218.2,322.49217039999996,730,4,0,0,0,0,204,144,3349.460365,2232.9735760000003,0,1537,380.25,680.2620573,462756.4667,0,0,0,1,0,0,0,0,0,405.6,341.55555560000005,501.66666669999995,204,0,0,0,0,0,0,9,3074,6,3010,8192,2053,2,20,0.0,0.0,0,0,0.0,0.0,0,0,BENIGN
135,14263712,21,12,1664,1784,168,0,79.23809524,85.18797143,268,0,148.66666669999998,84.88423489,241.73230640000003,2.3135632580000003,445741.0,1978382.148,11100000,1,14300000,713185.6,2487010.106,11100000,1,3124260,284023.6364,663060.7968,2017717,4,0,0,0,0,444,264,1.4722675280000002,0.84129573,0,268,101.4117647,90.75512095,8236.491979,0,0,0,1,0,0,0,0,0,104.4848485,79.23809524,148.66666669999998,444,0,0,0,0,0,0,21,1664,12,1784,8192,2050,10,20,0.0,0.0,0,0,0.0,0.0,0,0,BENIGN
49671,14257993,11,6,2378,2160,968,0,216.1818182,381.7917805,952,0,360.0,462.1203306,318.2776145,1.192313673,891124.5625,3549720.687,14200000,2,14300000,1425799.3,4489301.086,14200000,2,975,195.0,299.4052438,721,3,0,0,0,0,244,144,0.771497082,0.42081659,0,968,252.11111110000002,396.5309704,157236.8105,0,0,0,1,0,0,0,0,0,266.94117650000004,216.1818182,360.0,244,0,0,0,0,0,0,11,2378,6,2160,8192,2049,4,20,0.0,0.0,0,0,0.0,0.0,0,0,BENIGN
135,68,1,3,0,0,0,0,0.0,0.0,0,0,0.0,0.0,0.0,58823.52941,22.66666667,34.96188401,63,1,0,0.0,0.0,0,0,5,2.5,2.121320344,4,1,0,0,0,0,20,60,14705.88235,44117.64706,0,0,0.0,0.0,0.0,0,0,0,0,1,1,0,0,3,0.0,0.0,0.0,20,0,0,0,0,0,0,1,0,3,0,253,2050,0,20,0.0,0.0,0,0,0.0,0.0,0,0,BENIGN
49671,58,1,3,0,0,0,0,0.0,0.0,0,0,0.0,0.0,0.0,68965.51724,19.33333333,30.08875759,54,0,0,0.0,0.0,0,0,4,2.0,2.828427125,4,0,0,0,0,0,20,60,17241.37931,51724.137930000004,0,0,0.0,0.0,0.0,0,0,0,0,1,1,0,0,3,0.0,0.0,0.0,20,0,0,0,0,0,0,1,0,3,0,252,2049,0,20,0.0,0.0,0,0,0.0,0.0,0,0,BENIGN
80,26641766,4,4,227,301,227,0,56.75,113.5,301,0,75.25,150.5,19.81850603,0.300280394,3805966.5710000005,10000000.0,26600000,30,75494,25164.66667,21765.99872,38095,35,26600000,8868151.332999999,15300000.0,26600000,736,0,0,0,0,92,92,0.150140197,0.150140197,0,301,58.66666667,117.8738733,13894.25,0,0,0,1,0,0,0,0,1,66.0,56.75,75.25,92,0,0,0,0,0,0,4,227,4,301,65535,946,1,20,0.0,0.0,0,0,0.0,0.0,0,0,BENIGN
49666,34256029,39,34,12094,6500,1755,0,310.10256410000005,490.9717965,348,0,191.1764706,128.0128948,542.7949632,2.131011741,475778.1806,3665524.167,31100000,1,34300000,901474.4474,5038710.097,31100000,1,3123992,94666.42424,392212.6272,1981403,1,0,0,0,0,804,704,1.138485725,0.9925260159999999,0,1755,251.27027030000002,370.5182338,137283.7616,0,0,0,1,0,0,0,0,0,254.71232880000002,310.10256410000005,191.1764706,804,0,0,0,0,0,0,39,12094,34,6500,8192,2053,28,20,0.0,0.0,0,0,0.0,0.0,0,0,BENIGN
49666,62,1,3,0,0,0,0,0.0,0.0,0,0,0.0,0.0,0.0,64516.12903,20.66666667,34.06366588,60,1,0,0.0,0.0,0,0,2,1.0,0.0,1,1,0,0,0,0,20,60,16129.03226,48387.09677,0,0,0.0,0.0,0.0,0,0,0,0,1,1,0,0,3,0.0,0.0,0.0,20,0,0,0,0,0,0,1,0,3,0,256,2053,0,20,0.0,0.0,0,0,0.0,0.0,0,0,BENIGN
443,310531,15,13,938,4633,376,0,62.53333333,106.54969779999999,1430,0,356.3846154,515.0487903,17940.23785,90.16813136,11501.14815,20369.31564,68414,3,310531,22180.78571,26718.8112,68529,4,272770,22730.83333,48027.453760000004,166490,3,0,0,0,0,312,272,48.30435609,41.86377528,0,1430,192.1034483,377.1046032,142207.8818,0,0,0,1,0,0,0,0,0,198.96428569999998,62.53333333,356.3846154,312,0,0,0,0,0,0,15,938,13,4633,8192,360,7,20,0.0,0.0,0,0,0.0,0.0,0,0,BENIGN
49212,4,2,0,0,0,0,0,0.0,0.0,0,0,0.0,0.0,0.0,500000.0,4.0,0.0,4,4,4,4.0,0.0,4,4,0,0.0,0.0,0,0,0,0,0,0,40,0,500000.0,0.0,0,0,0.0,0.0,0.0,0,0,0,0,1,0,0,0,0,0.0,0.0,0.0,40,0,0,0,0,0,0,2,0,0,0,360,-1,0,20,0.0,0.0,0,0,0.0,0.0,0,0,BENIGN
443,123156,9,8,496,4528,192,0,55.11111111,80.26432029,1430,0,566.0,679.1749196000001,40793.78999,138.0363117,7697.25,14502.124230000001,36995,47,123156,15394.5,18101.19773,37775,48,86168,12309.71429,20878.23132,47791,48,0,0,0,0,192,172,73.07804735,64.95826432,0,1430,279.1111111,512.687141,262848.1046,0,0,0,1,0,0,0,0,0,295.52941180000005,55.11111111,566.0,192,0,0,0,0,0,0,9,496,8,4528,8192,343,4,20,0.0,0.0,0,0,0.0,0.0,0,0,BENIGN
49220,36020,2,1,38,0,38,0,19.0,26.87005769,0,0,0.0,0.0,1054.969461,83.28706274,18010.0,25331.393330000003,35922,98,36020,36020.0,0.0,36020,36020,0,0.0,0.0,0,0,1,0,0,0,40,20,55.524708499999996,27.76235425,0,38,19.0,21.93931023,481.33333330000005,0,1,0,0,1,0,0,0,0,25.33333333,19.0,0.0,40,0,0,0,0,0,0,2,38,1,0,351,0,0,20,0.0,0.0,0,0,0.0,0.0,0,0,BENIGN
443,689974,12,10,563,3995,192,0,46.91666667,67.54723375,1430,0,399.5,584.6524609,6606.046025,31.88525944,32855.904760000005,94373.97249,438268,1,689974,62724.90909,127556.6553,438268,48,201311,22367.888890000002,27836.333689999996,72801,1,0,0,0,0,252,212,17.391959699999997,14.49329975,0,1430,198.173913,418.09607989999995,174804.332,0,0,0,1,0,0,0,0,0,207.18181819999998,46.91666667,399.5,252,0,0,0,0,0,0,12,563,10,3995,8192,351,6,20,0.0,0.0,0,0,0.0,0.0,0,0,BENIGN
443,1581930,14,13,1044,5121,438,0,74.57142857,121.3917462,1430,0,393.9230769,579.8994829,3897.1383060000003,17.067759,60843.46154,258333.5705,1324171,2,1581930,121686.9231,384917.9783,1401302,4,219825,18318.75,25900.25979,77559,2,0,0,0,0,292,272,8.849949113,8.21780989,0,1430,220.1785714,428.8097267,183877.7817,0,0,0,1,0,0,0,0,0,228.33333330000002,74.57142857,393.9230769,292,0,0,0,0,0,0,14,1044,13,5121,8192,360,8,20,0.0,0.0,0,0,0.0,0.0,0,0,BENIGN
443,2346262,12,10,563,4564,192,0,46.91666667,67.54723375,1430,0,456.4,641.627133,2185.177955,9.376616934,111726.7619,447364.0539,2062365,1,2346262,213296.5455,614043.4294,2062365,4,225202,25022.44444,34520.27296,99464,1,0,0,0,0,252,212,5.114518327,4.262098606,0,1430,222.91304350000001,463.2840198,214632.083,0,0,0,1,0,0,0,0,0,233.0454545,46.91666667,456.4,252,0,0,0,0,0,0,12,563,10,4564,8192,351,6,20,0.0,0.0,0,0,0.0,0.0,0,0,BENIGN
443,2830799,72,119,2238,150460,613,0,31.08333333,107.8403554,2860,0,1264.369748,466.6719507,53941.66099,67.47211653,14898.94211,97518.63227,1085339,1,2830799,39870.40845,166774.0006,1161888,4,2470249,20934.31356,123502.9378,1121875,1,0,0,0,0,1452,2392,25.43451513,42.0376014,0,2860,795.3020832999999,706.6981571,499422.2852,0,0,0,1,0,0,0,0,1,799.4659686000001,31.08333333,1264.369748,1452,0,0,0,0,0,0,72,2238,119,150460,8192,368,12,20,0.0,0.0,0,0,0.0,0.0,0,0,BENIGN
80,2989643,7,4,866,1492,433,0,123.7142857,211.28236580000004,746,0,373.0,430.7033008,788.7229345,3.679369075,298964.3,658683.6578,2095890,69,2989643,498273.8333,815309.6326,2095890,98,789933,263311.0,406350.334,732426,20451,0,0,0,0,152,92,2.341416684,1.337952391,0,746,196.5,305.20678530000004,93151.18182,0,0,0,1,0,0,0,0,0,214.36363640000002,123.7142857,373.0,152,0,0,0,0,0,0,7,866,4,1492,8192,351,2,20,0.0,0.0,0,0,0.0,0.0,0,0,BENIGN
80,3182843,9,5,1299,2238,433,0,144.33333330000002,216.5,746,0,447.6,408.60102789999996,1111.270647,4.3985832789999995,244834.0769,530235.2941,1956947,121,3182843,397855.375,644462.3127,1956947,36667,2611136,652784.0,957688.0896,2077333,19931,0,0,0,0,192,112,2.8276606789999996,1.5709226,0,746,235.8,316.0007233,99856.45714,0,0,0,1,0,0,0,0,0,252.6428571,144.33333330000002,447.6,192,0,0,0,0,0,0,9,1299,5,2238,8192,360,3,20,0.0,0.0,0,0,0.0,0.0,0,0,BENIGN
443,3266983,13,10,562,3971,191,0,43.23076923,65.78013105,1430,0,397.1,583.4183652,1387.518698,7.0401345829999995,148499.2273,603031.2218,2843458,1,3266983,272248.5833,811105.3015,2843458,4,374941,41660.111110000005,80794.73934,250519,1,0,0,0,0,272,212,3.9792065030000003,3.06092808,0,1430,188.875,409.6831557,167840.288,0,0,0,1,0,0,0,0,0,197.08695649999999,43.23076923,397.1,272,0,0,0,0,0,0,13,562,10,3971,8192,351,6,20,0.0,0.0,0,0,0.0,0.0,0,0,BENIGN
80,4770553,6,4,870,1592,435,0,145.0,224.6330341,796,0,398.0,459.5708143,516.0827267,2.096193041,530061.4444,1542432.779,4643029,73,4770553,954110.6,2062315.48,4643029,91,59834,19944.66667,16712.73602,34382,1636,0,0,0,0,132,92,1.257715825,0.8384772159999999,0,796,223.8181818,330.8536892,109464.1636,0,0,0,1,0,0,0,0,0,246.2,145.0,398.0,132,0,0,0,0,0,0,6,870,4,1592,8192,290,2,20,0.0,0.0,0,0,0.0,0.0,0,0,BENIGN
443,4953235,14,12,2356,10073,679,0,168.28571430000002,276.38418870000004,1460,0,839.4166667000002,645.0021082999999,2509.269195,5.2490947839999995,198129.4,726367.0293,3653585,3,4953235,381018.0769,996862.0629,3653585,3,1172197,106563.3636,148538.7807,467616,40,0,0,0,0,292,252,2.8264356530000003,2.422659131,0,1460,460.33333330000005,578.4526442000001,334607.4615,0,0,0,1,0,0,0,0,0,478.03846150000004,168.28571430000002,839.4166667000002,292,0,0,0,0,0,0,14,2356,12,10073,8192,125,6,20,0.0,0.0,0,0,0.0,0.0,0,0,BENIGN
80,10637980,6,4,293,384,292,0,48.83333333,119.1275227,384,0,96.0,192.0,63.63990156,0.9400280879999999,1181997.778,3306519.3419999997,9989850,85,10600000,2127596.0,4400440.449,9989850,179,10100000,3367968.667,5789001.847,10100000,542,0,0,0,0,132,104,0.5640168529999999,0.376011235,0,384,61.54545455,138.2225478,19105.47273,0,0,0,1,0,0,0,0,0,67.7,48.83333333,96.0,132,0,0,0,0,0,0,6,293,4,384,8192,946,2,20,114131.0,0.0,114131,114131,9989850.0,0.0,9989850,9989850,BENIGN
443,4589384,8,6,369,3710,212,0,46.125,79.96505933,1460,0,618.3333332999999,680.9950562999999,888.7903038999999,3.050518327,353029.5385,1232875.3290000001,4455903,4,4589384,655626.2857,1675997.8490000002,4455903,4,53190,10638.0,13241.97017,27417,48,0,0,0,0,172,132,1.74315333,1.307364997,0,1460,271.9333333,504.6464768999999,254668.0667,0,0,0,1,0,0,0,0,0,291.35714289999993,46.125,618.3333332999999,172,0,0,0,0,0,0,8,369,6,3710,8192,119,3,20,0.0,0.0,0,0,0.0,0.0,0,0,BENIGN
49219,915,3,0,0,0,0,0,0.0,0.0,0,0,0.0,0.0,0.0,3278.688525,457.5,642.7600641,912,3,915,457.5,642.7600641,912,3,0,0.0,0.0,0,0,0,0,0,0,60,0,3278.688525,0.0,0,0,0.0,0.0,0.0,0,0,0,0,1,0,0,0,0,0.0,0.0,0.0,60,0,0,0,0,0,0,3,0,0,0,360,-1,0,20,0.0,0.0,0,0,0.0,0.0,0,0,BENIGN
49214,9749,5,0,0,0,0,0,0.0,0.0,0,0,0.0,0.0,0.0,512.8731152,2437.25,4177.206912,8656,3,9749,2437.25,4177.206912,8656,3,0,0.0,0.0,0,0,0,0,0,0,100,0,512.8731152,0.0,0,0,0.0,0.0,0.0,0,0,0,0,1,0,0,0,0,0.0,0.0,0.0,100,0,0,0,0,0,0,5,0,0,0,378,-1,0,20,0.0,0.0,0,0,0.0,0.0,0,0,BENIGN
49217,1484,3,0,0,0,0,0,0.0,0.0,0,0,0.0,0.0,0.0,2021.5633420000001,742.0,1045.1038230000001,1481,3,1484,742.0,1045.1038230000001,1481,3,0,0.0,0.0,0,0,0,0,0,0,60,0,2021.5633420000001,0.0,0,0,0.0,0.0,0.0,0,0,0,0,1,0,0,0,0,0.0,0.0,0.0,60,0,0,0,0,0,0,3,0,0,0,351,-1,0,20,0.0,0.0,0,0,0.0,0.0,0,0,BENIGN
49222,640,3,0,0,0,0,0,0.0,0.0,0,0,0.0,0.0,0.0,4687.5,320.0,448.30569929999996,637,3,640,320.0,448.30569929999996,637,3,0,0.0,0.0,0,0,0,0,0,0,60,0,4687.5,0.0,0,0,0.0,0.0,0.0,0,0,0,0,1,0,0,0,0,0.0,0.0,0.0,60,0,0,0,0,0,0,3,0,0,0,351,-1,0,20,0.0,0.0,0,0,0.0,0.0,0,0,BENIGN
49210,2451,3,0,0,0,0,0,0.0,0.0,0,0,0.0,0.0,0.0,1223.990208,1225.5,1728.87608,2448,3,2451,1225.5,1728.87608,2448,3,0,0.0,0.0,0,0,0,0,0,0,60,0,1223.990208,0.0,0,0,0.0,0.0,0.0,0,0,0,0,1,0,0,0,0,0.0,0.0,0.0,60,0,0,0,0,0,0,3,0,0,0,351,-1,0,20,0.0,0.0,0,0,0.0,0.0,0,0,BENIGN
49207,347,3,0,31,0,31,0,10.33333333,17.89785834,0,0,0.0,0.0,89337.17579,8645.533141,173.5,241.12341239999998,344,3,347,173.5,241.12341239999998,344,3,0,0.0,0.0,0,0,0,0,0,0,60,0,8645.533141,0.0,0,31,7.75,15.5,240.25,0,0,0,0,1,0,0,0,0,10.33333333,10.33333333,0.0,60,0,0,0,0,0,0,3,31,0,0,125,-1,1,20,0.0,0.0,0,0,0.0,0.0,0,0,BENIGN
49219,237019,2,0,0,0,0,0,0.0,0.0,0,0,0.0,0.0,0.0,8.43814209,237019.0,0.0,237019,237019,237019,237019.0,0.0,237019,237019,0,0.0,0.0,0,0,0,0,0,0,40,0,8.43814209,0.0,0,0,0.0,0.0,0.0,0,0,0,0,1,0,0,0,0,0.0,0.0,0.0,40,0,0,0,0,0,0,2,0,0,0,360,-1,0,20,0.0,0.0,0,0,0.0,0.0,0,0,BENIGN
445,90030854,10,10,8,2,1,0,0.8,0.421637021,1,0,0.2,0.421637021,0.111073033,0.222146066,4738466.0,11200000.0,30000000,3,90000000,10000000.0,15000000.0,30000000,3,90000000,10000000.0,15000000.0,30000000,3,0,0,0,0,224,296,0.111073033,0.111073033,0,1,0.523809524,0.511766316,0.261904762,0,0,0,0,1,0,0,0,1,0.55,0.8,0.2,224,0,0,0,0,0,0,10,8,10,2,254,2049,7,20,22761.33333,39318.13089,68162,57,30000000.0,35592.50011,30000000,29900000,BENIGN
80,46033236,4,4,233,2398,233,0,58.25,116.5,2398,0,599.5,1199.0,57.15435691,0.173787478,6576176.571,17400000.0,46000000,36,33550,11183.33333,9751.867581999999,18136,36,46000000,15300000.0,26600000.0,46000000,2998,0,0,0,0,92,92,0.086893739,0.086893739,0,2398,292.3333333,793.3760143,629445.5,0,0,0,1,0,0,0,0,1,328.875,58.25,599.5,92,0,0,0,0,0,0,4,233,4,2398,8192,30,1,20,0.0,0.0,0,0,0.0,0.0,0,0,BENIGN
80,4,2,0,0,0,0,0,0.0,0.0,0,0,0.0,0.0,0.0,500000.0,4.0,0.0,4,4,4,4.0,0.0,4,4,0,0.0,0.0,0,0,0,0,0,0,40,0,500000.0,0.0,0,0,0.0,0.0,0.0,0,0,0,0,1,0,0,0,0,0.0,0.0,0.0,40,0,0,0,0,0,0,2,0,0,0,256,-1,0,20,0.0,0.0,0,0,0.0,0.0,0,0,BENIGN
443,60494983,11,9,3276,4556,821,0,297.8181818,350.899364,1460,0,506.22222220000003,603.9734634,129.4652814,0.330605928,3183946.474,13700000.0,60000000,8,60500000,6049498.3,18900000.0,60000000,334,434621,54327.625,40894.57387,125536,48,0,0,0,0,232,192,0.18183326,0.148772668,0,1460,372.952381,474.90067130000006,225530.6476,0,0,0,1,0,0,0,0,0,391.6,297.8181818,506.22222220000003,232,0,0,0,0,0,0,11,3276,9,4556,8192,513,6,20,0.0,0.0,0,0,0.0,0.0,0,0,BENIGN
80,82523355,2,0,0,0,0,0,0.0,0.0,0,0,0.0,0.0,0.0,0.024235562999999998,82500000.0,0.0,82500000,82500000,82500000,82500000.0,0.0,82500000,82500000,0,0.0,0.0,0,0,0,0,0,0,40,0,0.024235562999999998,0.0,0,0,0.0,0.0,0.0,0,0,0,0,1,0,0,0,0,0.0,0.0,0.0,40,0,0,0,0,0,0,2,0,0,0,1022,-1,0,20,0.0,0.0,0,0,0.0,0.0,0,0,BENIGN
80,109373101,5,3,138,328,138,0,27.6,61.71547618,328,0,109.33333329999999,189.37088830000002,4.260645403,0.073144127,15600000.0,41300000.0,109000000,32,109000000,27300000.0,54600000.0,109000000,32,120952,60476.0,51811.12807,97112,23840,0,0,0,0,112,72,0.045715079000000006,0.027429047999999998,0,328,51.77777778,113.1920688,12812.444440000001,0,0,0,1,0,0,0,0,0,58.25,27.6,109.33333329999999,112,0,0,0,0,0,0,5,138,3,328,65535,946,1,20,0.0,0.0,0,0,0.0,0.0,0,0,BENIGN
80,109543074,5,3,181,1644,181,0,36.2,80.94566079,1644,0,548.0,949.1638425000001,16.66011308,0.073030633,15600000.0,41400000.0,109000000,33,110000000,27400000.0,54700000.0,109000000,80,24553,12276.5,15429.777069999998,23187,1366,0,0,0,0,112,72,0.045644145,0.027386487,0,1644,202.77777780000002,543.7632246000001,295678.4444,0,0,0,1,0,0,0,0,0,228.125,36.2,548.0,112,0,0,0,0,0,0,5,181,3,1644,65535,946,1,20,0.0,0.0,0,0,0.0,0.0,0,0,BENIGN
80,109722768,6,4,188,490,188,0,31.33333333,76.75067861,490,0,122.5,245.0,6.17920977,0.091138787,12200000.0,36600000.0,110000000,35,110000000,21900000.0,49000000.0,110000000,108,31726,10575.33333,8156.7141870000005,16494,1271,0,0,0,0,144,104,0.054683272000000005,0.036455515,0,490,61.63636364,152.8576284,23365.45455,0,0,0,1,0,0,0,0,0,67.8,31.33333333,122.5,144,0,0,0,0,0,0,6,188,4,490,65535,946,1,20,0.0,0.0,0,0,0.0,0.0,0,0,BENIGN
80,109861018,9,5,441,4691,158,0,49.0,73.74957627,1585,0,938.2,856.5738147,46.71356677,0.127433736,8450847.537999999,30400000.0,110000000,53,110000000,13700000.0,38700000.0,110000000,59,221422,55355.5,66377.17707,152286,1612,0,0,0,0,192,112,0.08192168799999999,0.045512049000000006,0,1585,342.1333333,635.0063967,403233.1238,0,0,0,1,0,0,0,0,0,366.57142860000005,49.0,938.2,192,0,0,0,0,0,0,9,441,5,4691,65535,1013,3,20,0.0,0.0,0,0,0.0,0.0,0,0,BENIGN
389,493,11,4,172,326,79,0,15.63636364,31.4492376,163,0,81.5,94.10809388,1010141.988,30425.96349,35.21428571,26.82472617,75,1,493,49.3,42.124287,119,1,287,95.66666667,160.50337480000002,281,3,0,0,0,0,368,144,22312.37323,8113.590264,0,163,31.125,57.86060836,3347.85,0,0,0,1,0,0,0,0,0,33.2,15.63636364,81.5,368,0,0,0,0,0,0,11,172,4,326,29200,2081,4,32,0.0,0.0,0,0,0.0,0.0,0,0,BENIGN
389,420,11,4,172,326,79,0,15.63636364,31.4492376,163,0,81.5,94.10809388,1185714.2859999998,35714.285710000004,30.0,24.35632914,71,1,420,42.0,36.37764882,123,1,242,80.66666667,98.16482737,191,3,0,0,0,0,368,144,26190.47619,9523.809524,0,163,31.125,57.86060836,3347.85,0,0,0,1,0,0,0,0,0,33.2,15.63636364,81.5,368,0,0,0,0,0,0,11,172,4,326,29200,2081,4,32,0.0,0.0,0,0,0.0,0.0,0,0,BENIGN
53566,1,1,1,0,0,0,0,0.0,0.0,0,0,0.0,0.0,0.0,2000000.0,1.0,0.0,1,1,0,0.0,0.0,0,0,0,0.0,0.0,0,0,0,0,0,0,32,32,1000000.0,1000000.0,0,0,0.0,0.0,0.0,0,0,0,0,1,0,0,0,1,0.0,0.0,0.0,32,0,0,0,0,0,0,1,0,1,0,2081,237,0,32,0.0,0.0,0,0,0.0,0.0,0,0,BENIGN
88,1170,9,6,3226,3232,1613,0,358.44444439999995,711.2661441,1616,0,538.6666667000001,834.4988117,5519658.12,12820.51282,83.57142857,221.9936639,848,1,1170,146.25,342.7467828,984,1,1047,209.4,361.2489446000001,848,4,0,0,0,0,304,208,7692.307692,5128.2051280000005,0,1616,403.625,722.0267654,521322.65,0,0,0,1,0,0,0,0,0,430.53333330000004,358.44444439999995,538.6666667000001,304,0,0,0,0,0,0,9,3226,6,3232,29200,2081,2,32,0.0,0.0,0,0,0.0,0.0,0,0,BENIGN
51130,10,1,1,0,0,0,0,0.0,0.0,0,0,0.0,0.0,0.0,200000.0,10.0,0.0,10,10,0,0.0,0.0,0,0,0,0.0,0.0,0,0,0,0,0,0,32,32,100000.0,100000.0,0,0,0.0,0.0,0.0,0,0,0,0,1,0,0,0,1,0.0,0.0,0.0,32,0,0,0,0,0,0,1,0,1,0,2081,254,0,32,0.0,0.0,0,0,0.0,0.0,0,0,BENIGN
88,1155,9,6,3226,3232,1613,0,358.44444439999995,711.2661441,1616,0,538.6666667000001,834.4988117,5591341.991,12987.012990000001,82.5,207.7101346,801,1,1155,144.375,302.1806165,890,1,1006,201.2,340.3104465,801,4,0,0,0,0,304,208,7792.207792,5194.805195,0,1616,403.625,722.0267654,521322.65,0,0,0,1,0,0,0,0,0,430.53333330000004,358.44444439999995,538.6666667000001,304,0,0,0,0,0,0,9,3226,6,3232,29200,2081,2,32,0.0,0.0,0,0,0.0,0.0,0,0,BENIGN
0,106007973,26,0,0,0,0,0,0.0,0.0,0,0,0.0,0.0,0.0,0.24526457100000001,4240318.92,8677062.222000001,27200000,1,106000000,4240318.92,8677062.222000001,27200000,1,0,0.0,0.0,0,0,0,0,0,0,0,0,0.24526457100000001,0.0,0,0,0.0,0.0,0.0,0,0,0,0,0,0,0,0,0,0.0,0.0,0.0,0,0,0,0,0,0,0,26,0,0,0,-1,-1,0,0,1730944.25,2273625.292,4789258,19,19800000.0,8154880.571,27200000,7234941,BENIGN
123,64015367,4,4,192,192,48,48,48.0,0.0,48,48,48.0,0.0,5.99855969,0.124969994,9145052.429,24200000.0,64000000,3,64000000,21300000.0,37000000.0,64000000,3,64000000,21300000.0,37000000.0,64000000,4,0,0,0,0,80,80,0.062484997,0.062484997,48,48,48.0,0.0,0.0,0,0,0,0,0,0,0,0,1,54.0,48.0,48.0,80,0,0,0,0,0,0,4,192,4,192,-1,-1,3,20,139.0,0.0,139,139,64000000.0,0.0,64000000,64000000,BENIGN
88,1260,9,6,3074,3010,1537,0,341.55555560000005,677.7532942,1505,0,501.66666669999995,777.1786581,4828571.429,11904.7619,90.0,252.53149080000003,964,1,1260,157.5,364.6411151,1056,1,1160,232.0,412.8686232,964,4,0,0,0,0,204,144,7142.857143000001,4761.904762,0,1537,380.25,680.2620573,462756.4667,0,0,0,1,0,0,0,0,0,405.6,341.55555560000005,501.66666669999995,204,0,0,0,0,0,0,9,3074,6,3010,8192,2053,2,20,0.0,0.0,0,0,0.0,0.0,0,0,BENIGN
88,491,7,4,2686,2744,1343,0,383.7142857,655.316899,1372,0,686.0,792.1245693,11100000.0,22403.25866,49.1,93.42192224,307,1,491,81.83333333,134.2645399,346,1,387,129.0,217.3729514,380,3,0,0,0,0,164,104,14256.61914,8146.639511,0,1372,452.5,668.4439869,446817.3636,0,0,0,1,0,0,0,0,0,493.6363636,383.7142857,686.0,164,0,0,0,0,0,0,7,2686,4,2744,8192,2053,2,20,0.0,0.0,0,0,0.0,0.0,0,0,BENIGN
88,1344,9,6,3076,3010,1538,0,341.77777779999997,678.1942527000001,1505,0,501.66666669999995,777.1786581,4528273.81,11160.71429,96.0,278.5202658,1061,0,1344,168.0,380.59840099999997,1107,1,1244,248.8,456.871645,1061,3,0,0,0,0,204,144,6696.428571,4464.285714,0,1538,380.375,680.4888316,463065.05,0,0,0,1,0,0,0,0,0,405.7333333,341.77777779999997,501.66666669999995,204,0,0,0,0,0,0,9,3076,6,3010,8192,2053,2,20,0.0,0.0,0,0,0.0,0.0,0,0,BENIGN
88,689,7,4,2688,2744,1344,0,384.0,655.804849,1372,0,686.0,792.1245693,7883889.695,15965.16691,68.9,145.5315544,479,1,689,114.83333329999999,210.08038140000002,541,1,633,211.0,280.59223080000004,535,49,0,0,0,0,164,104,10159.651670000001,5805.515239,0,1372,452.66666669999995,668.6862742000001,447141.3333,0,0,0,1,0,0,0,0,0,493.8181818,384.0,686.0,164,0,0,0,0,0,0,7,2688,4,2744,8192,2053,2,20,0.0,0.0,0,0,0.0,0.0,0,0,BENIGN
56922,4,1,1,0,0,0,0,0.0,0.0,0,0,0.0,0.0,0.0,500000.0,4.0,0.0,4,4,0,0.0,0.0,0,0,0,0.0,0.0,0,0,0,0,0,0,20,20,250000.0,250000.0,0,0,0.0,0.0,0.0,0,0,0,0,1,0,0,0,1,0.0,0.0,0.0,20,0,0,0,0,0,0,1,0,1,0,2053,251,0,20,0.0,0.0,0,0,0.0,0.0,0,0,BENIGN
88,691,7,4,466,414,233,0,66.57142857,113.6923585,207,0,103.5,119.5115057,1273516.643,15918.958030000002,69.1,107.661455,367,1,691,115.16666670000001,177.2584742,474,1,581,193.66666669999998,252.3020676,485,48,0,0,0,0,164,104,10130.24602,5788.712012,0,233,73.33333333,108.6038115,11794.78788,0,0,0,1,0,0,0,0,0,80.0,66.57142857,103.5,164,0,0,0,0,0,0,7,466,4,414,8192,2053,2,20,0.0,0.0,0,0,0.0,0.0,0,0,BENIGN
88,914,9,4,626,3064,313,0,69.55555556,138.0200267,1532,0,766.0,884.5006124,4037199.125,14223.19475,76.16666667,191.73648269999998,680,1,914,114.25,276.512335,796,1,824,274.6666667,393.46452610000006,729,47,0,0,0,0,204,104,9846.827133,4376.367615,0,1532,263.5714286,548.9435607999999,301339.033,0,0,0,1,0,0,0,0,0,283.8461538,69.55555556,766.0,204,0,0,0,0,0,0,9,626,4,3064,8192,2053,2,20,0.0,0.0,0,0,0.0,0.0,0,0,BENIGN
88,1103,9,6,3104,3036,1552,0,344.8888889,684.3676724999999,1518,0,506.0,783.8918292999999,5566636.446,13599.27471,78.78571429,219.8258676,839,1,1103,137.875,304.51199249999996,889,1,1011,202.2,361.5192941,844,3,0,0,0,0,204,144,8159.564823000001,5439.709882,0,1552,383.75,686.5289991000001,471322.0667,0,0,0,1,0,0,0,0,0,409.3333333,344.8888889,506.0,204,0,0,0,0,0,0,9,3104,6,3036,8192,2053,2,20,0.0,0.0,0,0,0.0,0.0,0,0,BENIGN
88,534,7,4,2794,2820,1397,0,399.14285710000007,681.666201,1410,0,705.0,814.0638796000001,10500000.0,20599.25094,53.4,85.93304887,292,2,534,89.0,146.4581852,385,2,448,149.33333330000002,173.782431,350,49,0,0,0,0,164,104,13108.61423,7490.6367040000005,0,1410,467.83333330000005,691.0467467,477545.6061,0,0,0,1,0,0,0,0,0,510.3636364,399.14285710000007,705.0,164,0,0,0,0,0,0,7,2794,4,2820,8192,2053,2,20,0.0,0.0,0,0,0.0,0.0,0,0,BENIGN
1034,6,1,1,0,0,0,0,0.0,0.0,0,0,0.0,0.0,0.0,333333.3333,6.0,0.0,6,6,0,0.0,0.0,0,0,0,0.0,0.0,0,0,0,0,0,0,20,20,166666.6667,166666.6667,0,0,0.0,0.0,0.0,0,0,0,0,1,0,0,0,1,0.0,0.0,0.0,20,0,0,0,0,0,0,1,0,1,0,2053,251,0,20,0.0,0.0,0,0,0.0,0.0,0,0,BENIGN
88,914,9,6,3130,3048,1565,0,347.77777779999997,690.1001336,1524,0,508.0,786.9902159,6759299.781,16411.37856,65.28571429,175.8195879,673,1,914,114.25,255.76537799999997,744,1,868,173.6,280.94180889999996,673,5,0,0,0,0,204,144,9846.827133,6564.551422,0,1565,386.125,690.8025164,477208.1167,0,0,0,1,0,0,0,0,0,411.8666667,347.77777779999997,508.0,204,0,0,0,0,0,0,9,3130,6,3048,8192,2053,2,20,0.0,0.0,0,0,0.0,0.0,0,0,BENIGN
389,4574,13,13,4130,5688,1672,0,317.6923077,614.2608546,2634,0,437.53846150000004,818.9074648,2146480.105,5684.30258,182.96,508.6714296,2462,1,4574,381.1666667,758.2568326,2462,3,4480,373.3333333,761.705065,2615,1,0,0,0,0,284,284,2842.15129,2842.15129,0,2634,363.6296296,701.8048791,492530.0883,0,0,0,1,0,0,0,0,1,377.6153846,317.6923077,437.53846150000004,284,0,0,0,0,0,0,13,4130,13,5688,8192,0,6,20,0.0,0.0,0,0,0.0,0.0,0,0,BENIGN
88,2080,7,4,472,414,236,0,67.42857143,115.15620859999999,207,0,103.5,119.5115057,425961.5385,5288.4615380000005,208.0,364.4243558,1059,1,2080,346.6666667,534.1829899,1076,1,1482,494.0,851.3031187999999,1477,2,0,0,0,0,164,104,3365.384615,1923.076923,0,236,73.83333333,109.4090185,11970.33333,0,0,0,1,0,0,0,0,0,80.54545455,67.42857143,103.5,164,0,0,0,0,0,0,7,472,4,414,8192,256,2,20,0.0,0.0,0,0,0.0,0.0,0,0,BENIGN
88,1901,9,4,632,3112,316,0,70.22222222,139.34290239999999,1556,0,778.0,898.3570189,1969489.7419999999,6838.506049,158.41666669999998,307.8386408,815,1,1901,237.625,416.6807402,956,1,1634,544.6666667000001,938.1963192,1628,1,0,0,0,0,204,104,4734.350342,2104.155708,0,1556,267.4285714,557.5172594,310825.4945,0,0,0,1,0,0,0,0,0,288.0,70.22222222,778.0,204,0,0,0,0,0,0,9,632,4,3112,8192,2053,2,20,0.0,0.0,0,0,0.0,0.0,0,0,BENIGN
88,1577,9,6,3122,3040,1561,0,346.8888889,688.3362994,1520,0,506.66666669999995,784.9246248,3907419.15,9511.731135,112.6428571,231.08493509999997,749,1,1577,197.125,334.93429530000003,888,1,1371,274.2,370.8277228,749,2,0,0,0,0,204,144,5707.038681,3804.692454,0,1561,385.125,689.0138726,474740.1167,0,0,0,1,0,0,0,0,0,410.8,346.8888889,506.66666669999995,204,0,0,0,0,0,0,9,3122,6,3040,8192,2053,2,20,0.0,0.0,0,0,0.0,0.0,0,0,BENIGN
88,9742,9,6,3078,2992,1539,0,342.0,678.6352113,1496,0,498.66666669999995,772.5310781000001,623075.3439,1539.724902,695.8571429,2126.827969,8038,3,9742,1217.75,2782.267151,8038,3,1527,305.4,372.7422702,732,5,0,0,0,0,204,144,923.8349414999999,615.8899610000001,0,1539,379.375,678.7374431,460684.5167,0,0,0,1,0,0,0,0,0,404.6666667,342.0,498.66666669999995,204,0,0,0,0,0,0,9,3078,6,2992,8192,2053,2,20,0.0,0.0,0,0,0.0,0.0,0,0,BENIGN
88,1396,7,4,2856,2884,1428,0,408.0,696.7926521,1442,0,721.0,832.5390882,4111747.8510000003,7879.6561599999995,139.6,251.72833680000002,773,2,1396,232.66666669999998,396.30123219999996,977,2,1157,385.6666667,661.9322725,1150,3,0,0,0,0,164,104,5014.326647999999,2865.3295129999997,0,1442,478.33333330000005,706.5577675,499223.8788,0,0,0,1,0,0,0,0,0,521.8181818,408.0,721.0,164,0,0,0,0,0,0,7,2856,4,2884,8192,2053,2,20,0.0,0.0,0,0,0.0,0.0,0,0,BENIGN
88,1840,8,6,5038,258,2519,0,629.75,958.1053849,129,0,43.0,66.61531355,2878260.87,7608.695651999999,141.5384615,254.4653268,784,1,1840,262.8571429,424.8056138,929,2,1416,283.2,403.5767585,879,1,0,0,0,0,184,144,4347.8260869999995,3260.869565,0,2519,353.0666667,744.5939897000001,554420.2095,0,0,0,1,0,0,0,0,0,378.2857143,629.75,43.0,184,0,0,0,0,0,0,8,5038,6,258,8192,2053,3,20,0.0,0.0,0,0,0.0,0.0,0,0,BENIGN
88,1706,7,4,472,414,236,0,67.42857143,115.15620859999999,207,0,103.5,119.5115057,519343.4936,6447.831184000001,170.6,230.4855744,662,3,1706,284.3333333,324.0368292,711,3,1389,463.0,795.0113207,1381,4,0,0,0,0,164,104,4103.165299,2344.6658850000003,0,236,73.83333333,109.4090185,11970.33333,0,0,0,1,0,0,0,0,0,80.54545455,67.42857143,103.5,164,0,0,0,0,0,0,7,472,4,414,8192,2053,2,20,0.0,0.0,0,0,0.0,0.0,0,0,BENIGN
88,2104,9,4,632,3112,316,0,70.22222222,139.34290239999999,1556,0,778.0,898.3570189,1779467.6809999999,6178.707224,175.33333330000002,251.8128213,678,3,2104,263.0,320.0044643,757,3,1568,522.6666667,899.2231832999998,1561,3,0,0,0,0,204,104,4277.56654,1901.140684,0,1556,267.4285714,557.5172594,310825.4945,0,0,0,1,0,0,0,0,0,288.0,70.22222222,778.0,204,0,0,0,0,0,0,9,632,4,3112,8192,2053,2,20,0.0,0.0,0,0,0.0,0.0,0,0,BENIGN
88,1249,9,6,3122,3040,1561,0,346.8888889,688.3362994,1520,0,506.66666669999995,784.9246248,4933546.837,12009.60769,89.21428571,191.87463,725,1,1249,156.125,316.6699217,917,1,1056,211.2,318.4622427,725,3,0,0,0,0,204,144,7205.764612000001,4803.843074,0,1561,385.125,689.0138726,474740.1167,0,0,0,1,0,0,0,0,0,410.8,346.8888889,506.66666669999995,204,0,0,0,0,0,0,9,3122,6,3040,8192,2053,2,20,0.0,0.0,0,0,0.0,0.0,0,0,BENIGN
88,9267,9,6,3096,3028,1548,0,344.0,682.6038382999999,1514,0,504.66666669999995,781.8262382,660839.5381,1618.6468109999998,661.9285714,2122.800815,7999,3,9267,1158.375,2783.899882,7999,3,1155,231.0,359.0348173,825,3,0,0,0,0,204,144,971.1880867999998,647.4587245,0,1548,382.75,684.7402913999999,468869.2667,0,0,0,1,0,0,0,0,0,408.2666667,344.0,504.66666669999995,204,0,0,0,0,0,0,9,3096,6,3028,8192,2053,2,20,0.0,0.0,0,0,0.0,0.0,0,0,BENIGN
88,3788,7,4,2842,2868,1421,0,406.0,693.3770017999999,1434,0,717.0,827.920286,1507391.763,2903.907075,378.8,568.5073633999999,1636,1,3788,631.3333332999999,787.6790378,1956,1,2137,712.3333332999999,1189.842987,2086,3,0,0,0,0,164,104,1847.940866,1055.966209,0,1434,475.83333330000005,702.8633428999999,494016.8788,0,0,0,1,0,0,0,0,0,519.0909091,406.0,717.0,164,0,0,0,0,0,0,7,2842,4,2868,8192,2053,2,20,0.0,0.0,0,0,0.0,0.0,0,0,BENIGN
389,1447028,19,13,5260,9232,1536,0,276.8421053,475.8584364,2634,0,710.1538462,801.2267517000001,10015.01008,22.11429219,46678.32258,184860.3321,1016548,2,1447028,80390.44443999999,239692.5104,1016548,3,230817,19234.75,37246.07707,110410,2,0,0,0,0,404,284,13.13036099,8.983931202,0,2634,439.15151519999995,647.7764912,419614.3826,0,0,0,1,0,0,0,0,0,452.875,276.8421053,710.1538462,404,0,0,0,0,0,0,19,5260,13,9232,8192,2050,10,20,0.0,0.0,0,0,0.0,0.0,0,0,BENIGN
88,662,7,4,466,412,233,0,66.57142857,113.6923585,206,0,103.0,118.93415549999999,1326283.988,16616.3142,66.2,131.312858,425,1,662,110.33333329999999,214.547586,545,1,492,164.0,277.9946043,485,3,0,0,0,0,164,104,10574.01813,6042.2960729999995,0,233,73.16666667,108.38050259999999,11746.33333,0,0,0,1,0,0,0,0,0,79.81818182,66.57142857,103.0,164,0,0,0,0,0,0,7,466,4,412,8192,2053,2,20,0.0,0.0,0,0,0.0,0.0,0,0,BENIGN
88,885,9,4,626,3064,313,0,69.55555556,138.0200267,1532,0,766.0,884.5006124,4169491.525,14689.26554,73.75,200.35973330000002,707,1,885,110.625,246.4032337,717,1,783,261.0,445.13818080000004,775,3,0,0,0,0,204,104,10169.49153,4519.7740109999995,0,1532,263.5714286,548.9435607999999,301339.033,0,0,0,1,0,0,0,0,0,283.8461538,69.55555556,766.0,204,0,0,0,0,0,0,9,626,4,3064,8192,2053,2,20,0.0,0.0,0,0,0.0,0.0,0,0,BENIGN
88,599,7,4,466,414,233,0,66.57142857,113.6923585,207,0,103.5,119.5115057,1469115.1919999998,18363.9399,59.9,107.5292725,354,1,599,99.83333333,173.1501275,450,1,427,142.33333330000002,241.3324125,421,3,0,0,0,0,164,104,11686.14357,6677.796327,0,233,73.33333333,108.6038115,11794.78788,0,0,0,1,0,0,0,0,0,80.0,66.57142857,103.5,164,0,0,0,0,0,0,7,466,4,414,8192,2053,2,20,0.0,0.0,0,0,0.0,0.0,0,0,BENIGN
88,815,9,4,626,3064,313,0,69.55555556,138.0200267,1532,0,766.0,884.5006124,4527607.362,15950.92025,67.91666667,198.31355259999998,696,1,815,101.875,259.0986781,741,1,730,243.33333330000002,414.5386994,722,3,0,0,0,0,204,104,11042.944790000001,4907.975460000001,0,1532,263.5714286,548.9435607999999,301339.033,0,0,0,1,0,0,0,0,0,283.8461538,69.55555556,766.0,204,0,0,0,0,0,0,9,626,4,3064,8192,2053,2,20,0.0,0.0,0,0,0.0,0.0,0,0,BENIGN
88,1099,9,6,3176,3106,1588,0,352.8888889,700.2421803,1553,0,517.6666667,801.9657516,5716105.551,13648.77161,78.5,194.3176424,746,1,1099,137.375,300.76375989999997,875,1,982,196.4,315.45094710000006,746,4,0,0,0,0,204,144,8189.262965999999,5459.508644,0,1588,392.625,702.4070876000001,493375.7167,0,0,0,1,0,0,0,0,0,418.8,352.8888889,517.6666667,204,0,0,0,0,0,0,9,3176,6,3106,8192,2053,2,20,0.0,0.0,0,0,0.0,0.0,0,0,BENIGN
88,1200,9,6,3150,3086,1575,0,350.0,694.5097192000001,1543,0,514.3333333,796.8017738,5196666.666999999,12500.0,85.71428571,221.01807390000002,848,1,1200,150.0,334.5888735,972,1,1100,220.0,359.70960510000003,848,3,0,0,0,0,204,144,7500.0,5000.0,0,1575,389.75,697.254951,486164.4667,0,0,0,1,0,0,0,0,0,415.7333333,350.0,514.3333333,204,0,0,0,0,0,0,9,3150,6,3086,8192,2053,2,20,0.0,0.0,0,0,0.0,0.0,0,0,BENIGN
88,558,7,4,2762,2820,1381,0,394.57142860000005,673.8590004,1410,0,705.0,814.0638796000001,10000000.0,19713.26165,55.8,90.52906225,306,1,558,93.0,127.622882,339,1,513,171.0,251.2906684,460,4,0,0,0,0,164,104,12544.80287,7168.458781,0,1410,465.16666669999995,687.1523363,472178.3333,0,0,0,1,0,0,0,0,0,507.4545455,394.57142860000005,705.0,164,0,0,0,0,0,0,7,2762,4,2820,8192,2053,2,20,0.0,0.0,0,0,0.0,0.0,0,0,BENIGN
389,495,11,4,172,326,79,0,15.63636364,31.4492376,163,0,81.5,94.10809388,1006060.6059999999,30303.0303,35.35714286,27.78103156,79,0,495,49.5,40.87990541,123,0,285,95.0,160.21547990000002,280,2,0,0,0,0,368,144,22222.22222,8080.808081,0,163,31.125,57.86060836,3347.85,0,0,0,1,0,0,0,0,0,33.2,15.63636364,81.5,368,0,0,0,0,0,0,11,172,4,326,29200,2081,4,32,0.0,0.0,0,0,0.0,0.0,0,0,BENIGN
88,1139,10,6,3150,3152,1575,0,315.0,632.5616351,1576,0,525.3333333,813.8429005,5532923.617000001,14047.41001,75.93333333,207.95654309999998,823,1,1139,126.55555559999999,286.8340597,887,1,1011,202.2,350.8599436,823,4,0,0,0,0,336,208,8779.631255,5267.7787530000005,0,1576,370.70588239999995,671.9757031,451551.3456,0,0,0,1,0,0,0,0,0,393.875,315.0,525.3333333,336,0,0,0,0,0,0,10,3150,6,3152,29200,2081,3,32,0.0,0.0,0,0,0.0,0.0,0,0,BENIGN
55824,0,1,1,0,0,0,0,0.0,0.0,0,0,0.0,0.0,,inf,0.0,0.0,0,0,0,0.0,0.0,0,0,0,0.0,0.0,0,0,0,0,0,0,32,32,0.0,0.0,0,0,0.0,0.0,0.0,0,0,0,0,1,0,0,0,1,0.0,0.0,0.0,32,0,0,0,0,0,0,1,0,1,0,2081,253,0,32,0.0,0.0,0,0,0.0,0.0,0,0,BENIGN
389,26534,17,12,3452,6654,1313,0,203.05882350000002,425.7784739,3069,0,554.5,977.7881812,380869.8274,1092.937363,947.6428571,4642.216315,24628,1,26534,1658.375,6128.181240999999,24628,1,26442,2403.818182,7574.998017,25239,3,0,0,0,0,560,388,640.6874199,452.2499435,0,3069,336.8666667,704.7521322000001,496675.5678,0,0,0,1,0,0,0,0,0,348.4827586,203.05882350000002,554.5,560,0,0,0,0,0,0,17,3452,12,6654,29200,0,10,32,0.0,0.0,0,0,0.0,0.0,0,0,BENIGN
88,1085,9,6,3150,3152,1575,0,350.0,694.5097192000001,1576,0,525.3333333,813.8429005,5808294.931,13824.88479,77.5,218.84759359999998,834,1,1085,135.625,327.1207455,942,1,990,198.0,360.8649332,834,1,0,0,0,0,304,208,8294.930876,5529.953917,0,1576,393.875,704.585067,496440.1167,0,0,0,1,0,0,0,0,0,420.13333330000006,350.0,525.3333333,304,0,0,0,0,0,0,9,3150,6,3152,29200,2081,2,32,0.0,0.0,0,0,0.0,0.0,0,0,BENIGN
88,1281,9,6,3176,3106,1588,0,352.8888889,700.2421803,1553,0,517.6666667,801.9657516,4903981.265,11709.60187,91.5,207.15982309999998,786,1,1281,160.125,294.89099080000005,863,1,1155,231.0,346.1206437,786,3,0,0,0,0,204,144,7025.761124,4683.840749,0,1588,392.625,702.4070876000001,493375.7167,0,0,0,1,0,0,0,0,0,418.8,352.8888889,517.6666667,204,0,0,0,0,0,0,9,3176,6,3106,8192,2053,2,20,0.0,0.0,0,0,0.0,0.0,0,0,BENIGN
389,5167,13,11,4130,5688,1672,0,317.6923077,614.2608546,2634,0,517.0909091,871.4825821000001,1900135.475,4644.861621999999,224.6521739,658.0233215,3074,1,5167,430.58333330000005,940.6241117999999,3074,1,5098,509.8,995.7235002,3180,1,0,0,0,0,284,244,2515.966712,2128.89491,0,2634,392.72,722.2699472,521673.8767,0,0,0,1,0,0,0,0,0,409.0833333,317.6923077,517.0909091,284,0,0,0,0,0,0,13,4130,11,5688,8192,0,6,20,0.0,0.0,0,0,0.0,0.0,0,0,BENIGN
53,46870,1,1,44,240,44,44,44.0,0.0,240,240,240.0,0.0,6059.312993,42.67121826,46870.0,0.0,46870,46870,0,0.0,0.0,0,0,0,0.0,0.0,0,0,0,0,0,0,20,20,21.33560913,21.33560913,44,240,109.33333329999999,113.1606528,12805.33333,0,0,0,0,0,0,0,0,1,164.0,44.0,240.0,20,0,0,0,0,0,0,1,44,1,240,-1,-1,0,20,0.0,0.0,0,0,0.0,0.0,0,0,BENIGN
389,437,10,4,165,326,79,0,16.5,33.01262385,163,0,81.5,94.10809388,1123569.794,32036.613269999998,33.61538462,20.42277512,49,1,437,48.55555556,33.27953993,108,1,280,93.33333333,119.6258055,229,3,0,0,0,0,336,144,22883.29519,9153.318078,0,163,32.73333333,59.52006464,3542.6380950000002,0,0,0,1,0,0,0,0,0,35.07142857,16.5,81.5,336,0,0,0,0,0,0,10,165,4,326,29200,2081,3,32,0.0,0.0,0,0,0.0,0.0,0,0,BENIGN
389,1,2,0,7,0,7,0,3.5,4.949747468,0,0,0.0,0.0,7000000.0,2000000.0,1.0,0.0,1,1,1,1.0,0.0,1,1,0,0.0,0.0,0,0,1,0,0,0,64,0,2000000.0,0.0,0,7,4.666666667,4.041451884,16.33333333,0,1,0,0,1,0,0,0,0,7.0,3.5,0.0,64,0,0,0,0,0,0,2,7,0,0,237,-1,0,32,0.0,0.0,0,0,0.0,0.0,0,0,BENIGN
88,1076,9,6,3150,3152,1575,0,350.0,694.5097192000001,1576,0,525.3333333,813.8429005,5856877.323,13940.52045,76.85714286,206.25706780000002,788,0,1076,134.5,315.02335510000006,908,0,1057,211.4,326.6072565,788,1,0,0,0,0,304,208,8364.312268000001,5576.208178,0,1576,393.875,704.585067,496440.1167,0,0,0,1,0,0,0,0,0,420.13333330000006,350.0,525.3333333,304,0,0,0,0,0,0,9,3150,6,3152,29200,2081,2,32,0.0,0.0,0,0,0.0,0.0,0,0,BENIGN
389,534,11,4,172,326,79,0,15.63636364,31.4492376,163,0,81.5,94.10809388,932584.2697,28089.887639999997,38.14285714,31.28493651,108,1,534,53.4,37.62446013,129,1,324,108.0,181.0,317,3,0,0,0,0,368,144,20599.25094,7490.6367040000005,0,163,31.125,57.86060836,3347.85,0,0,0,1,0,0,0,0,0,33.2,15.63636364,81.5,368,0,0,0,0,0,0,11,172,4,326,29200,2081,4,32,0.0,0.0,0,0,0.0,0.0,0,0,BENIGN
88,1195,10,6,3150,3152,1575,0,315.0,632.5616351,1576,0,525.3333333,813.8429005,5273640.166999999,13389.12134,79.66666667,231.4950375,913,1,1195,132.7777778,327.38730039999996,1002,1,1102,220.4,390.74134669999995,913,3,0,0,0,0,336,208,8368.200837,5020.920502,0,1576,370.70588239999995,671.9757031,451551.3456,0,0,0,1,0,0,0,0,0,393.875,315.0,525.3333333,336,0,0,0,0,0,0,10,3150,6,3152,29200,2081,3,32,0.0,0.0,0,0,0.0,0.0,0,0,BENIGN
389,14737,17,12,3452,6654,1313,0,203.05882350000002,425.7784739,1621,0,554.5,727.5332545,685756.9383,1967.836059,526.3214286,2431.6591359999998,12919,0,14737,921.0625,3206.354679,12919,0,14569,1324.4545449999998,4048.0990439999996,13522,1,0,0,0,0,560,400,1153.559069,814.2769899,0,1621,336.8666667,578.6183146000001,334799.154,0,0,0,1,0,0,0,0,0,348.4827586,203.05882350000002,554.5,560,0,0,0,0,0,0,17,3452,12,6654,29200,2075,10,32,0.0,0.0,0,0,0.0,0.0,0,0,BENIGN
80,5194037,5,5,72,651,72,0,14.4,32.19937888,646,0,130.2,288.349094,139.1980843,1.925284706,577115.2222,1660967.8830000001,5005034,3,189003,47250.75,54463.77529,94625,3,5099888,1274972.0,2487133.346,5005080,3,0,0,0,0,168,168,0.962642353,0.962642353,0,646,65.72727273,193.650247,37500.41818,0,0,0,1,0,0,0,0,1,72.3,14.4,130.2,168,0,0,0,0,0,0,5,72,5,651,29200,114,1,32,0.0,0.0,0,0,0.0,0.0,0,0,BENIGN
88,1115,9,6,3150,3150,1575,0,350.0,694.5097192000001,1575,0,525.0,813.3265027000001,5650224.215,13452.9148,79.64285714,220.33596969999996,842,1,1115,139.375,339.26177739999997,976,1,1026,205.2,359.5659884,842,3,0,0,0,0,304,208,8071.748879000001,5381.165919,0,1575,393.75,704.3614129,496125.0,0,0,0,1,0,0,0,0,0,420.0,350.0,525.0,304,0,0,0,0,0,0,9,3150,6,3150,29200,2081,2,32,0.0,0.0,0,0,0.0,0.0,0,0,BENIGN
88,562,7,4,472,414,236,0,67.42857143,115.15620859999999,207,0,103.5,119.5115057,1576512.456,19572.95374,56.2,106.41198759999999,346,2,562,93.66666667,172.76419380000002,442,2,414,138.0,232.9613702,407,3,0,0,0,0,164,104,12455.51601,7117.437722,0,236,73.83333333,109.4090185,11970.33333,0,0,0,1,0,0,0,0,0,80.54545455,67.42857143,103.5,164,0,0,0,0,0,0,7,472,4,414,8192,2053,2,20,0.0,0.0,0,0,0.0,0.0,0,0,BENIGN
88,853,9,4,632,3112,316,0,70.22222222,139.34290239999999,1556,0,778.0,898.3570189,4389214.537,15240.32825,71.08333333,176.4809845,628,1,853,106.625,241.3236934,701,1,735,245.0,342.0803999,640,47,0,0,0,0,204,104,10550.99648,4689.331770000001,0,1556,267.4285714,557.5172594,310825.4945,0,0,0,1,0,0,0,0,0,288.0,70.22222222,778.0,204,0,0,0,0,0,0,9,632,4,3112,8192,2053,2,20,0.0,0.0,0,0,0.0,0.0,0,0,BENIGN
88,911,9,6,3078,2992,1539,0,342.0,678.6352113,1496,0,498.66666669999995,772.5310781000001,6663007.683999999,16465.422609999998,65.07142857,176.6079815,675,1,911,113.875,273.1427871,787,1,862,172.4,282.4938937,675,4,0,0,0,0,204,144,9879.253568,6586.169045000001,0,1539,379.375,678.7374431,460684.5167,0,0,0,1,0,0,0,0,0,404.6666667,342.0,498.66666669999995,204,0,0,0,0,0,0,9,3078,6,2992,8192,2053,2,20,0.0,0.0,0,0,0.0,0.0,0,0,BENIGN
389,21500,13,11,5458,940,1536,0,419.84615379999997,614.730679,210,0,85.45454545,99.28581332,297581.3953,1116.2790699999998,934.7826087000001,4112.6702780000005,19792,2,21500,1791.6666670000002,5705.602324,19895,2,21443,2144.3,6286.328076,20028,3,0,0,0,0,284,244,604.6511628,511.62790700000005,0,1536,255.92,472.92414119999995,223657.2433,0,0,0,1,0,0,0,0,0,266.5833333,419.84615379999997,85.45454545,284,0,0,0,0,0,0,13,5458,11,940,8192,0,8,20,0.0,0.0,0,0,0.0,0.0,0,0,BENIGN
389,39097,21,20,5100,6972,1536,0,242.8571429,443.78466460000004,2634,0,348.6,662.8365203,308770.4939,1048.673811,977.425,4127.733773,22711,1,39097,1954.85,5847.231709000001,22873,1,39043,2054.894737,5912.312322,22788,1,0,0,0,0,444,424,537.1256107,511.54820060000003,0,2634,287.42857139999995,551.8430823,304530.7875,0,0,0,1,0,0,0,0,0,294.4390244,242.8571429,348.6,444,0,0,0,0,0,0,21,5100,20,6972,8192,0,14,20,0.0,0.0,0,0,0.0,0.0,0,0,BENIGN
389,550,10,4,165,326,79,0,16.5,33.01262385,163,0,81.5,94.10809388,892727.2727,25454.54545,42.30769231,31.96713055,102,1,550,61.11111111,49.27333063,157,1,282,94.0,119.05880900000001,229,4,0,0,0,0,336,144,18181.818180000002,7272.727273,0,163,32.73333333,59.52006464,3542.6380950000002,0,0,0,1,0,0,0,0,0,35.07142857,16.5,81.5,336,0,0,0,0,0,0,10,165,4,326,29200,260,3,32,0.0,0.0,0,0,0.0,0.0,0,0,BENIGN
389,1,2,1,7,0,7,0,3.5,4.949747468,0,0,0.0,0.0,7000000.0,3000000.0,0.5,0.7071067809999999,1,0,1,1.0,0.0,1,1,0,0.0,0.0,0,0,1,0,0,0,64,32,2000000.0,1000000.0,0,7,3.5,4.041451884,16.33333333,0,1,0,0,1,0,0,0,0,4.666666667,3.5,0.0,64,0,0,0,0,0,0,2,7,1,0,237,260,0,32,0.0,0.0,0,0,0.0,0.0,0,0,BENIGN
88,1169,9,6,3150,3152,1575,0,350.0,694.5097192000001,1576,0,525.3333333,813.8429005,5390932.421,12831.4799,83.5,218.42645299999998,839,2,1169,146.125,320.4133212,936,2,1071,214.2,352.39565830000004,839,4,0,0,0,0,304,208,7698.887938,5132.591959,0,1576,393.875,704.585067,496440.1167,0,0,0,1,0,0,0,0,0,420.13333330000006,350.0,525.3333333,304,0,0,0,0,0,0,9,3150,6,3152,29200,2081,2,32,0.0,0.0,0,0,0.0,0.0,0,0,BENIGN
88,1110,9,6,3128,3046,1564,0,347.55555560000005,689.6591751,1523,0,507.66666669999995,786.4738182,5562162.1620000005,13513.513509999999,79.28571429,207.35752419999997,796,0,1110,138.75,300.4695135,879,0,1002,200.4,338.249612,796,4,0,0,0,0,204,144,8108.108107999999,5405.4054049999995,0,1564,385.875,690.3553554,476590.5167,0,0,0,1,0,0,0,0,0,411.6,347.55555560000005,507.66666669999995,204,0,0,0,0,0,0,9,3128,6,3046,8192,2053,2,20,0.0,0.0,0,0,0.0,0.0,0,0,BENIGN
445,16523256,25,18,2168,2608,252,0,86.72,79.59246195,307,0,144.88888889999998,98.30258742,289.0471466,2.602392652,393410.8571,2353800.438,15300000,3,16500000,688469.0,3108754.9439999997,15300000,3,16500000,971948.2941,3741877.425,15500000,3,0,0,0,0,524,384,1.5130189840000001,1.089373668,0,307,108.54545449999999,91.97862607,8460.067653,0,0,0,1,0,0,0,0,0,111.06976740000002,86.72,144.88888889999998,524,0,0,0,0,0,0,25,2168,18,2608,8192,2049,16,20,1260627.0,0.0,1260627,1260627,15300000.0,0.0,15300000,15300000,BENIGN
49155,5,1,1,0,0,0,0,0.0,0.0,0,0,0.0,0.0,0.0,400000.0,5.0,0.0,5,5,0,0.0,0.0,0,0,0,0.0,0.0,0,0,0,0,0,0,20,20,200000.0,200000.0,0,0,0.0,0.0,0.0,0,0,0,0,1,0,0,0,1,0.0,0.0,0.0,20,0,0,0,0,0,0,1,0,1,0,2049,251,0,20,0.0,0.0,0,0,0.0,0.0,0,0,BENIGN
445,15637683,48,42,10926,7460,2954,0,227.625,497.98639749999995,1032,0,177.61904760000002,210.8009062,1175.74963,5.755328331,175704.3034,1579066.77,14900000,1,15600000,332716.6596,2171798.485,14900000,3,15600000,381404.1707,2356224.12,15100000,1,0,0,0,0,984,864,3.069508443,2.685819888,0,2954,202.043956,388.369209,150830.6425,0,0,0,1,0,0,0,0,0,204.2888889,227.625,177.61904760000002,984,0,0,0,0,0,0,48,10926,42,7460,8192,2049,37,20,735669.0,0.0,735669,735669,14900000.0,0.0,14900000,14900000,BENIGN
49172,12,1,1,0,0,0,0,0.0,0.0,0,0,0.0,0.0,0.0,166666.6667,12.0,0.0,12,12,0,0.0,0.0,0,0,0,0.0,0.0,0,0,0,0,0,0,20,20,83333.33333,83333.33333,0,0,0.0,0.0,0.0,0,0,0,0,1,0,0,0,1,0.0,0.0,0.0,20,0,0,0,0,0,0,1,0,1,0,2049,255,0,20,0.0,0.0,0,0,0.0,0.0,0,0,BENIGN
88,1153,9,6,3176,3106,1588,0,352.8888889,700.2421803,1553,0,517.6666667,801.9657516,5448395.49,13009.54033,82.35714286,217.98221769999998,836,0,1153,144.125,303.86201639999996,894,1,1045,209.0,352.45921749999997,836,5,0,0,0,0,204,144,7805.724198000001,5203.816132,0,1588,392.625,702.4070876000001,493375.7167,0,0,0,1,0,0,0,0,0,418.8,352.8888889,517.6666667,204,0,0,0,0,0,0,9,3176,6,3106,8192,2053,2,20,0.0,0.0,0,0,0.0,0.0,0,0,BENIGN
88,549,7,4,2762,2820,1381,0,394.57142860000005,673.8590004,1410,0,705.0,814.0638796000001,10200000.0,20036.42987,54.9,76.08978614,258,0,549,91.5,145.45892890000002,384,2,467,155.66666669999998,185.618785,370,48,0,0,0,0,164,104,12750.45537,7285.974498999999,0,1410,465.16666669999995,687.1523363,472178.3333,0,0,0,1,0,0,0,0,0,507.4545455,394.57142860000005,705.0,164,0,0,0,0,0,0,7,2762,4,2820,8192,2053,2,20,0.0,0.0,0,0,0.0,0.0,0,0,BENIGN
389,816083,15,12,4104,1020,1660,0,273.6,567.8187337,210,0,85.0,91.22200691,6278.773115,33.08487004,31387.807689999998,147800.2019,753773,1,816083,58291.64286,200803.7333,753773,1,816035,74185.0,245229.1828,813578,3,0,0,0,0,324,264,18.38048336,14.70438669,0,1660,183.0,425.0164267,180638.96300000002,0,0,0,1,0,0,0,0,0,189.77777780000002,273.6,85.0,324,0,0,0,0,0,0,15,4104,12,1020,8192,0,8,20,0.0,0.0,0,0,0.0,0.0,0,0,BENIGN
80,95829,3,2,302,511,302,0,100.66666670000001,174.3597813,511,0,255.5,361.3315652,8483.861879,52.17627232,23957.25,27626.17355,49552,56,46277,23138.5,32625.199780000003,46208,69,49677,49677.0,0.0,49677,49677,0,0,0,0,72,52,31.30576339,20.87050893,0,511,135.5,220.07430559999997,48432.7,0,0,0,1,0,0,0,0,0,162.6,100.66666670000001,255.5,72,0,0,0,0,0,0,3,302,2,511,8192,256,1,20,0.0,0.0,0,0,0.0,0.0,0,0,BENIGN
80,16,2,0,0,0,0,0,0.0,0.0,0,0,0.0,0.0,0.0,125000.0,16.0,0.0,16,16,16,16.0,0.0,16,16,0,0.0,0.0,0,0,0,0,0,0,40,0,125000.0,0.0,0,0,0.0,0.0,0.0,0,0,0,0,1,0,0,0,0,0.0,0.0,0.0,40,0,0,0,0,0,0,2,0,0,0,254,-1,0,20,0.0,0.0,0,0,0.0,0.0,0,0,BENIGN
389,8599138,23,15,5706,9232,1660,0,248.08695649999999,482.47533269999997,2634,0,615.4666667,782.7480772000001,1737.1508629999998,4.419047583999999,232409.1351,988711.8659,5559493,0,8599138,390869.9091,1269221.182,5559493,1,8599067,614219.0714,1583271.596,5616561,2,0,0,0,0,484,324,2.674686695,1.744360888,0,2634,383.025641,629.8469525,396707.1835,0,0,0,1,0,0,0,0,0,393.10526319999997,248.08695649999999,615.4666667,484,0,0,0,0,0,0,23,5706,15,9232,8192,0,10,20,3039547.0,0.0,3039547,3039547,5559493.0,0.0,5559493,5559493,BENIGN
135,26241793,11,6,656,752,168,0,59.63636364,82.78076193,268,0,125.33333329999999,120.6029298,53.65487031,0.647821587,1640112.063,6505873.822000001,26000000,3,26200000,2624179.3,8226463.495,26000000,3,1048,209.6,308.6451036,695,3,0,0,0,0,244,144,0.419178674,0.228642913,0,268,78.22222222,98.36519922,9675.712418000001,0,0,0,1,0,0,0,0,0,82.82352941,59.63636364,125.33333329999999,244,0,0,0,0,0,0,11,656,6,752,8192,2052,4,20,0.0,0.0,0,0,0.0,0.0,0,0,BENIGN
49671,26240384,21,14,3678,2672,936,0,175.1428571,269.4893849,952,0,190.8571429,324.95937189999995,241.9934099,1.333821944,771776.0,4274063.86,24900000,1,26200000,1312019.2,5566136.747,24900000,1,1084754,83442.61537999999,300277.4055,1082826,3,0,0,0,0,444,304,0.8002931659999999,0.533528778,0,952,176.38888889999998,285.82454939999997,81695.67302,0,0,0,1,0,0,0,0,0,181.4285714,175.1428571,190.8571429,444,0,0,0,0,0,0,21,3678,14,2672,8192,2053,12,20,0.0,0.0,0,0,0.0,0.0,0,0,BENIGN
135,35,1,1,0,0,0,0,0.0,0.0,0,0,0.0,0.0,0.0,57142.85714,35.0,0.0,35,35,0,0.0,0.0,0,0,0,0.0,0.0,0,0,0,0,0,0,20,20,28571.42857,28571.42857,0,0,0.0,0.0,0.0,0,0,0,0,1,1,0,0,1,0.0,0.0,0.0,20,0,0,0,0,0,0,1,0,1,0,255,2052,0,20,0.0,0.0,0,0,0.0,0.0,0,0,BENIGN
49671,50,1,2,0,0,0,0,0.0,0.0,0,0,0.0,0.0,0.0,60000.0,25.0,31.11269837,47,3,0,0.0,0.0,0,0,3,3.0,0.0,3,3,0,0,0,0,20,40,20000.0,40000.0,0,0,0.0,0.0,0.0,0,0,0,0,1,1,0,0,2,0.0,0.0,0.0,20,0,0,0,0,0,0,1,0,2,0,251,2053,0,20,0.0,0.0,0,0,0.0,0.0,0,0,BENIGN
1029,0,2,0,0,0,0,0,0.0,0.0,0,0,0.0,0.0,,inf,0.0,0.0,0,0,0,0.0,0.0,0,0,0,0.0,0.0,0,0,0,0,0,0,40,0,0.0,0.0,0,0,0.0,0.0,0.0,0,0,0,0,1,0,0,0,0,0.0,0.0,0.0,40,0,0,0,0,0,0,2,0,0,0,2053,-1,0,20,0.0,0.0,0,0,0.0,0.0,0,0,BENIGN
88,676,7,4,468,444,234,0,66.85714286,114.1803085,222,0,111.0,128.1717598,1349112.426,16272.18935,67.6,128.93426399999998,418,1,676,112.66666670000001,213.6236566,544,1,500,166.66666669999998,283.47898219999996,494,3,0,0,0,0,164,104,10355.02959,5917.159763000001,0,234,76.0,112.3177311,12615.27273,0,0,0,1,0,0,0,0,0,82.90909091,66.85714286,111.0,164,0,0,0,0,0,0,7,468,4,444,8192,2053,2,20,0.0,0.0,0,0,0.0,0.0,0,0,BENIGN
88,917,9,4,628,3064,314,0,69.77777778,138.4609853,1532,0,766.0,884.5006124,4026172.3010000004,14176.663030000002,76.41666667,200.16377759999997,709,1,917,114.625,245.735594,720,1,822,274.0,429.2213881,769,5,0,0,0,0,204,104,9814.612868,4362.050164,0,1532,263.7142857,548.9575335,301354.3736,0,0,0,1,0,0,0,0,0,284.0,69.77777778,766.0,204,0,0,0,0,0,0,9,628,4,3064,8192,2053,2,20,0.0,0.0,0,0,0.0,0.0,0,0,BENIGN
88,1035,9,8,3064,2990,1532,0,340.44444439999995,675.5485014,1495,0,373.75,692.0505246,5849275.362000001,16425.120769999998,64.6875,170.4968108,700,1,1035,129.375,278.7282022,816,1,955,136.4285714,251.06496980000003,700,1,0,0,0,0,204,184,8695.652173999999,7729.468599,0,1532,336.3333333,647.5263338,419290.3529,0,0,0,1,0,0,0,0,0,356.11764710000006,340.44444439999995,373.75,204,0,0,0,0,0,0,9,3064,8,2990,8192,2053,2,20,0.0,0.0,0,0,0.0,0.0,0,0,BENIGN
389,33799,13,14,5754,940,1684,0,442.61538459999997,660.3381127,210,0,67.14285714,94.37637998,198053.1968,798.8402024000001,1299.961538,4133.934644,18804,1,33799,2816.583333,5976.5385,18905,3,33723,2594.076923,5747.671303,19064,1,0,0,0,0,284,304,384.6267641,414.2134383,0,1684,239.0714286,485.26151239999996,235478.7354,0,0,0,1,0,0,0,0,1,247.9259259,442.61538459999997,67.14285714,284,0,0,0,0,0,0,13,5754,14,940,8192,0,8,20,0.0,0.0,0,0,0.0,0.0,0,0,BENIGN
389,2924095,25,21,5740,7080,1684,0,229.6,450.54836960000006,2634,0,337.14285710000007,647.9580454,4384.262481000001,15.73136304,64979.888889999995,426987.4492,2865148,0,2924095,121837.2917,584427.0479,2865148,2,2924030,146201.5,652744.4584,2919405,2,0,0,0,0,524,444,8.549653825,7.1817092129999995,0,2634,272.76595739999993,541.2718602000001,292975.2266,0,0,0,1,0,0,0,0,0,278.6956522,229.6,337.14285710000007,524,0,0,0,0,0,0,25,5740,21,7080,8192,0,16,20,0.0,0.0,0,0,0.0,0.0,0,0,BENIGN
80,18633923,2,0,0,0,0,0,0.0,0.0,0,0,0.0,0.0,0.0,0.107331129,18600000.0,0.0,18600000,18600000,18600000,18600000.0,0.0,18600000,18600000,0,0.0,0.0,0,0,0,0,0,0,64,0,0.107331129,0.0,0,0,0.0,0.0,0.0,0,0,0,0,1,0,0,0,0,0.0,0.0,0.0,64,0,0,0,0,0,0,2,0,0,0,239,-1,0,32,0.0,0.0,0,0,0.0,0.0,0,0,BENIGN
49671,22953788,21,14,3014,2080,760,0,143.5238095,219.0731885,680,0,148.5714286,228.1530236,221.92415469999997,1.524802791,675111.4118,3875894.9839999997,22600000,1,23000000,1147689.4,5051821.808,22600000,1,292168,22474.46154,80570.56457999999,290629,3,0,0,0,0,444,304,0.9148816740000001,0.609921116,0,760,141.5,217.60836380000003,47353.4,0,0,0,1,0,0,0,0,0,145.5428571,143.5238095,148.5714286,444,0,0,0,0,0,0,21,3014,14,2080,8192,2047,12,20,0.0,0.0,0,0,0.0,0.0,0,0,BENIGN
49671,47,1,2,0,0,0,0,0.0,0.0,0,0,0.0,0.0,0.0,63829.787229999994,23.5,27.57716447,43,4,0,0.0,0.0,0,0,4,4.0,0.0,4,4,0,0,0,0,20,40,21276.59574,42553.19149,0,0,0.0,0.0,0.0,0,0,0,0,1,1,0,0,2,0.0,0.0,0.0,20,0,0,0,0,0,0,1,0,2,0,252,2047,0,20,0.0,0.0,0,0,0.0,0.0,0,0,BENIGN
49422,0,2,0,0,0,0,0,0.0,0.0,0,0,0.0,0.0,,inf,0.0,0.0,0,0,0,0.0,0.0,0,0,0,0.0,0.0,0,0,0,0,0,0,40,0,0.0,0.0,0,0,0.0,0.0,0.0,0,0,0,0,1,0,0,0,0,0.0,0.0,0.0,40,0,0,0,0,0,0,2,0,0,0,2047,-1,0,20,0.0,0.0,0,0,0.0,0.0,0,0,BENIGN
88,612,7,4,466,414,233,0,66.57142857,113.6923585,207,0,103.5,119.5115057,1437908.497,17973.856209999998,61.2,122.89543880000001,401,1,612,102.0,194.8722659,496,1,479,159.66666669999998,270.4890632,472,3,0,0,0,0,164,104,11437.9085,6535.947712,0,233,73.33333333,108.6038115,11794.78788,0,0,0,1,0,0,0,0,0,80.0,66.57142857,103.5,164,0,0,0,0,0,0,7,466,4,414,8192,2053,2,20,0.0,0.0,0,0,0.0,0.0,0,0,BENIGN
88,934,9,4,626,3064,313,0,69.55555556,138.0200267,1532,0,766.0,884.5006124,3950749.465,13918.62955,77.83333333,218.4198764,766,0,934,116.75,301.4596633,861,1,837,279.0,437.0308914,783,5,0,0,0,0,204,104,9635.974304000001,4282.655246,0,1532,263.5714286,548.9435607999999,301339.033,0,0,0,1,0,0,0,0,0,283.8461538,69.55555556,766.0,204,0,0,0,0,0,0,9,626,4,3064,8192,2053,2,20,0.0,0.0,0,0,0.0,0.0,0,0,BENIGN
88,977,9,6,3130,3048,1565,0,347.77777779999997,690.1001336,1524,0,508.0,786.9902159,6323439.098999999,15353.1218,69.78571429,177.1653632,682,0,977,122.125,258.9922434,760,1,909,181.8,283.22729389999995,682,3,0,0,0,0,204,144,9211.873081,6141.248721,0,1565,386.125,690.8025164,477208.1167,0,0,0,1,0,0,0,0,0,411.8666667,347.77777779999997,508.0,204,0,0,0,0,0,0,9,3130,6,3048,8192,2053,2,20,0.0,0.0,0,0,0.0,0.0,0,0,BENIGN
443,7744454,14,14,5759,17325,3457,0,411.35714289999993,960.2359171,3121,0,1237.5,987.4540496,2980.713682,3.615490517,286831.6296,993905.4391,4293900,10,7744404,595723.3846,1393537.562,4293900,44,7698207,592169.7692,1424810.949,4345012,49,0,0,0,0,292,292,1.807745259,1.807745259,0,3457,796.0,1036.759546,1074870.357,0,0,0,1,0,0,0,0,1,824.4285714,411.35714289999993,1237.5,292,0,0,0,0,0,0,14,5759,14,17325,8192,256,5,20,0.0,0.0,0,0,0.0,0.0,0,0,BENIGN
443,4,2,0,85,0,85,0,42.5,60.1040764,0,0,0.0,0.0,21300000.0,500000.0,4.0,0.0,4,4,4,4.0,0.0,4,4,0,0.0,0.0,0,0,1,0,0,0,40,0,500000.0,0.0,0,85,56.66666667,49.07477288,2408.333333,0,1,0,0,1,0,0,0,0,85.0,42.5,0.0,40,0,0,0,0,0,0,2,85,0,0,256,-1,0,20,0.0,0.0,0,0,0.0,0.0,0,0,BENIGN
80,30931,3,4,97,179,97,0,32.33333333,56.00297611,179,0,44.75,89.5,8923.086871,226.31017430000003,5155.166667,7681.630645,15076,3,15290,7645.0,10665.99869,15187,103,15869,5289.666667,8677.169719,15304,3,0,0,0,0,72,92,96.99007468,129.3200996,0,179,34.5,67.53623366,4561.142857,0,0,0,1,0,0,0,0,1,39.42857143,32.33333333,44.75,72,0,0,0,0,0,0,3,97,4,179,8192,913,1,20,0.0,0.0,0,0,0.0,0.0,0,0,BENIGN
80,320,2,0,0,0,0,0,0.0,0.0,0,0,0.0,0.0,0.0,6250.0,320.0,0.0,320,320,320,320.0,0.0,320,320,0,0.0,0.0,0,0,0,0,0,0,40,0,6250.0,0.0,0,0,0.0,0.0,0.0,0,0,0,0,1,0,0,0,0,0.0,0.0,0.0,40,0,0,0,0,0,0,2,0,0,0,255,-1,0,20,0.0,0.0,0,0,0.0,0.0,0,0,BENIGN
88,1138,9,6,3082,3000,1541,0,342.44444439999995,679.5171284,1500,0,500.0,774.5966692000001,5344463.972,13181.01933,81.28571429,188.65492659999998,730,1,1138,142.25,292.24683789999995,858,1,972,194.4,308.7236628,730,3,0,0,0,0,204,144,7908.611599,5272.407733,0,1541,380.125,680.0706703,462496.1167,0,0,0,1,0,0,0,0,0,405.46666669999996,342.44444439999995,500.0,204,0,0,0,0,0,0,9,3082,6,3000,8192,2053,2,20,0.0,0.0,0,0,0.0,0.0,0,0,BENIGN
88,1152,7,5,2796,2836,1398,0,399.42857139999995,682.154151,1418,0,567.2,776.6705865,4888888.8889999995,10416.66667,104.7272727,232.14223700000002,792,2,1152,192.0,413.3850505,1034,2,987,246.75,416.0187295,866,4,0,0,0,0,164,124,6076.388889,4340.277778,0,1418,433.2307692,676.4059622000001,457525.0256,0,0,0,1,0,0,0,0,0,469.33333330000005,399.42857139999995,567.2,164,0,0,0,0,0,0,7,2796,5,2836,8192,2053,2,20,0.0,0.0,0,0,0.0,0.0,0,0,BENIGN
88,909,8,6,4930,258,2465,0,616.25,939.5848247000001,129,0,43.0,66.61531355,5707370.737000001,15401.54015,69.92307692,126.88213789999999,478,0,909,129.8571429,236.57023519999998,661,1,785,157.0,196.1224108,478,2,0,0,0,0,184,144,8800.880088,6600.6600659999995,0,2465,345.8666667,729.8128788,532626.8381,0,0,0,1,0,0,0,0,0,370.57142860000005,616.25,43.0,184,0,0,0,0,0,0,8,4930,6,258,8192,2053,3,20,0.0,0.0,0,0,0.0,0.0,0,0,BENIGN
389,14649,13,12,4104,1020,1660,0,315.6923077,601.4639619,210,0,85.0,91.22200691,349784.9683,1706.601133,610.375,2483.271296,12229,1,14649,1220.75,3530.470768,12384,1,14587,1326.090909,3654.0855340000003,12295,3,0,0,0,0,284,264,887.4325892999999,819.1685438999999,0,1660,197.0769231,438.4117629,192204.8738,0,0,0,1,0,0,0,0,0,204.96,315.6923077,85.0,284,0,0,0,0,0,0,13,4104,12,1020,8192,0,8,20,0.0,0.0,0,0,0.0,0.0,0,0,BENIGN
1049,8,2,1,0,0,0,0,0.0,0.0,0,0,0.0,0.0,0.0,375000.0,4.0,4.242640687,7,1,1,1.0,0.0,1,1,0,0.0,0.0,0,0,0,0,0,0,40,20,250000.0,125000.0,0,0,0.0,0.0,0.0,1,0,0,0,0,0,0,0,0,0.0,0.0,0.0,40,0,0,0,0,0,0,2,0,1,0,0,254,0,20,0.0,0.0,0,0,0.0,0.0,0,0,BENIGN
88,1176,9,6,3104,3036,1552,0,344.8888889,684.3676724999999,1518,0,506.0,783.8918292999999,5221088.435,12755.10204,84.0,204.1202511,787,1,1176,147.0,313.53195330000005,918,1,1073,214.6,327.4069333,787,2,0,0,0,0,204,144,7653.061223999999,5102.040816,0,1552,383.75,686.5289991000001,471322.0667,0,0,0,1,0,0,0,0,0,409.3333333,344.8888889,506.0,204,0,0,0,0,0,0,9,3104,6,3036,8192,2053,2,20,0.0,0.0,0,0,0.0,0.0,0,0,BENIGN
88,706,7,4,2794,2820,1397,0,399.14285710000007,681.666201,1410,0,705.0,814.0638796000001,7951841.36,15580.73654,70.6,81.23108327,273,1,706,117.66666670000001,174.5080705,469,1,521,173.66666669999998,217.6610515,425,48,0,0,0,0,164,104,9915.014164,5665.722379999999,0,1410,467.83333330000005,691.0467467,477545.6061,0,0,0,1,0,0,0,0,0,510.3636364,399.14285710000007,705.0,164,0,0,0,0,0,0,7,2794,4,2820,8192,2053,2,20,0.0,0.0,0,0,0.0,0.0,0,0,BENIGN
1054,24,1,1,0,0,0,0,0.0,0.0,0,0,0.0,0.0,0.0,83333.33333,24.0,0.0,24,24,0,0.0,0.0,0,0,0,0.0,0.0,0,0,0,0,0,0,20,20,41666.66667,41666.66667,0,0,0.0,0.0,0.0,0,0,0,0,1,0,0,0,1,0.0,0.0,0.0,20,0,0,0,0,0,0,1,0,1,0,2053,251,0,20,0.0,0.0,0,0,0.0,0.0,0,0,BENIGN
135,30136887,11,6,568,512,168,0,51.63636364,73.50547289,172,0,85.33333333,76.92767166,35.83648172,0.564092768,1883555.438,7480935.243,29900000,1,30100000,3013688.7,9459899.38,29900000,1,1601,320.2,472.2019695,1059,3,0,0,0,0,244,144,0.365001203,0.199091565,0,172,60.0,73.50070028,5402.352940999999,0,0,0,1,0,0,0,0,0,63.52941176,51.63636364,85.33333333,244,0,0,0,0,0,0,11,568,6,512,8192,2052,4,20,0.0,0.0,0,0,0.0,0.0,0,0,BENIGN
135,30146749,13,8,992,1096,168,0,76.30769231,85.82869044,268,0,137.0,104.19213020000001,69.26119961,0.696592525,1507337.45,6663465.602999999,29800000,3,30100000,2512229.083,8598835.105,29800000,3,129933,18561.85714,45065.98583,120478,3,0,0,0,0,284,184,0.43122394399999997,0.265368581,0,268,94.90909091,95.63567231,9146.181818000001,0,0,0,1,0,0,0,0,0,99.42857143,76.30769231,137.0,284,0,0,0,0,0,0,13,992,8,1096,8192,2051,6,20,0.0,0.0,0,0,0.0,0.0,0,0,BENIGN
49671,30115431,17,12,3134,2432,912,0,184.35294119999998,285.8312311,952,0,202.66666669999998,351.7574922,184.822193,0.96296148,1075551.107,5648501.22,29900000,1,30100000,1882214.438,7470642.369,29900000,1,18647,1695.181818,2798.807632,8105,3,0,0,0,0,364,264,0.564494661,0.39846681899999997,0,952,185.5333333,305.4802588,93318.18851,0,0,0,1,0,0,0,0,0,191.9310345,184.35294119999998,202.66666669999998,364,0,0,0,0,0,0,17,3134,12,2432,8192,2047,10,20,0.0,0.0,0,0,0.0,0.0,0,0,BENIGN
135,41,1,1,0,0,0,0,0.0,0.0,0,0,0.0,0.0,0.0,48780.4878,41.0,0.0,41,41,0,0.0,0.0,0,0,0,0.0,0.0,0,0,0,0,0,0,20,20,24390.2439,24390.2439,0,0,0.0,0.0,0.0,0,0,0,0,1,1,0,0,1,0.0,0.0,0.0,20,0,0,0,0,0,0,1,0,1,0,254,2051,0,20,0.0,0.0,0,0,0.0,0.0,0,0,BENIGN
135,75,1,1,0,0,0,0,0.0,0.0,0,0,0.0,0.0,0.0,26666.66667,75.0,0.0,75,75,0,0.0,0.0,0,0,0,0.0,0.0,0,0,0,0,0,0,20,20,13333.33333,13333.33333,0,0,0.0,0.0,0.0,0,0,0,0,1,1,0,0,1,0.0,0.0,0.0,20,0,0,0,0,0,0,1,0,1,0,255,2052,0,20,0.0,0.0,0,0,0.0,0.0,0,0,BENIGN
49671,94,2,3,0,0,0,0,0.0,0.0,0,0,0.0,0.0,0.0,53191.48936,23.5,34.7802626,75,1,90,90.0,0.0,90,90,80,40.0,55.15432893,79,1,0,0,0,0,40,60,21276.59574,31914.89362,0,0,0.0,0.0,0.0,0,0,0,0,1,1,0,0,1,0.0,0.0,0.0,40,0,0,0,0,0,0,2,0,3,0,251,2047,0,20,0.0,0.0,0,0,0.0,0.0,0,0,BENIGN
49666,30351316,25,22,6740,4402,1645,0,269.6,426.7225875,348,0,200.0909091,134.7395757,367.10105089999996,1.548532525,659811.2174,4426798.522,30000000,3,30400000,1264638.1670000001,6127228.342,30000000,3,120476,5736.952381,16612.29146,73111,3,0,0,0,0,524,464,0.823687513,0.7248450120000001,0,1645,232.125,321.66552110000003,103468.7074,0,0,0,1,0,0,0,0,0,237.0638298,269.6,200.0909091,524,0,0,0,0,0,0,25,6740,22,4402,8192,2052,18,20,0.0,0.0,0,0,0.0,0.0,0,0,BENIGN
49666,81,1,2,0,0,0,0,0.0,0.0,0,0,0.0,0.0,0.0,37037.037039999996,40.5,53.03300859,78,3,0,0.0,0.0,0,0,3,3.0,0.0,3,3,0,0,0,0,20,40,12345.67901,24691.35802,0,0,0.0,0.0,0.0,0,0,0,0,1,1,0,0,2,0.0,0.0,0.0,20,0,0,0,0,0,0,1,0,2,0,254,2052,0,20,0.0,0.0,0,0,0.0,0.0,0,0,BENIGN
49158,1,2,0,0,0,0,0,0.0,0.0,0,0,0.0,0.0,0.0,2000000.0,1.0,0.0,1,1,1,1.0,0.0,1,1,0,0.0,0.0,0,0,0,0,0,0,40,0,2000000.0,0.0,0,0,0.0,0.0,0.0,0,0,0,0,1,0,0,0,0,0.0,0.0,0.0,40,0,0,0,0,0,0,2,0,0,0,2052,-1,0,20,0.0,0.0,0,0,0.0,0.0,0,0,BENIGN
389,1544744,19,13,5508,9232,1660,0,289.89473680000003,512.5101511,2634,0,710.1538462,801.2267517000001,9542.034149,20.71540657,49830.451610000004,237173.2682,1312814,2,1544744,85819.11111,309847.1589,1312814,3,30779,2564.916667,7223.868385,25234,2,0,0,0,0,404,284,12.29977265,8.415633917000001,0,2634,446.66666669999995,661.4516547999999,437518.2917,0,0,0,1,0,0,0,0,0,460.625,289.89473680000003,710.1538462,404,0,0,0,0,0,0,19,5508,13,9232,8192,2050,10,20,0.0,0.0,0,0,0.0,0.0,0,0,BENIGN
1047,34,3,1,0,0,0,0,0.0,0.0,0,0,0.0,0.0,0.0,117647.0588,11.33333333,7.234178138,16,3,18,9.0,8.485281374,15,3,0,0.0,0.0,0,0,0,0,0,0,60,20,88235.29412,29411.764710000003,0,0,0.0,0.0,0.0,1,0,0,0,1,0,0,0,0,0.0,0.0,0.0,60,0,0,0,0,0,0,3,0,1,0,0,256,0,20,0.0,0.0,0,0,0.0,0.0,0,0,BENIGN
443,271082,12,14,5727,16096,3425,0,477.25,1018.1203830000001,2920,0,1149.714286,837.7402231000001,80503.31634,95.91193809,10843.28,20509.55915,57358,9,270778,24616.181819999998,34480.58903,104267,50,224995,17307.30769,27044.2758,67208,48,0,0,0,0,252,292,44.26704835,51.64488974,0,3425,808.2592592999999,963.2904982999999,927928.584,0,0,0,1,0,0,0,0,1,839.3461537999999,477.25,1149.714286,252,0,0,0,0,0,0,12,5727,14,16096,8192,256,5,20,0.0,0.0,0,0,0.0,0.0,0,0,BENIGN
443,344,3,0,85,0,85,0,28.33333333,49.07477288,0,0,0.0,0.0,247093.0233,8720.930233,172.0,239.002092,341,3,344,172.0,239.002092,341,3,0,0.0,0.0,0,0,0,0,0,0,60,0,8720.930233,0.0,0,85,21.25,42.5,1806.25,0,0,0,0,1,0,0,0,0,28.33333333,28.33333333,0.0,60,0,0,0,0,0,0,3,85,0,0,256,-1,1,20,0.0,0.0,0,0,0.0,0.0,0,0,BENIGN
53,62958,1,1,48,80,48,48,48.0,0.0,80,80,80.0,0.0,2033.1014329999998,31.76720989,62958.0,0.0,62958,62958,0,0.0,0.0,0,0,0,0.0,0.0,0,0,0,0,0,0,20,20,15.88360494,15.88360494,48,80,58.66666667,18.47520861,341.3333333,0,0,0,0,0,0,0,0,1,88.0,48.0,80.0,20,0,0,0,0,0,0,1,48,1,80,-1,-1,0,20,0.0,0.0,0,0,0.0,0.0,0,0,BENIGN
389,425,10,4,165,326,79,0,16.5,33.01262385,163,0,81.5,94.10809388,1155294.118,32941.17647,32.69230769,34.69722519,113,1,425,47.22222222,71.93187363,211,1,261,87.0,110.03635759999999,211,1,0,0,0,0,336,144,23529.41176,9411.764706,0,163,32.73333333,59.52006464,3542.6380950000002,0,0,0,1,0,0,0,0,0,35.07142857,16.5,81.5,336,0,0,0,0,0,0,10,165,4,326,29200,2081,3,32,0.0,0.0,0,0,0.0,0.0,0,0,BENIGN
389,0,2,0,7,0,7,0,3.5,4.949747468,0,0,0.0,0.0,inf,inf,0.0,0.0,0,0,0,0.0,0.0,0,0,0,0.0,0.0,0,0,1,0,0,0,64,0,0.0,0.0,0,7,4.666666667,4.041451884,16.33333333,0,1,0,0,1,0,0,0,0,7.0,3.5,0.0,64,0,0,0,0,0,0,2,7,0,0,237,-1,0,32,0.0,0.0,0,0,0.0,0.0,0,0,BENIGN
88,1148,9,6,3110,3108,1555,0,345.55555560000005,685.6905481000001,1554,0,518.0,802.4821493,5416376.307,13066.20209,82.0,211.84283,814,1,1148,143.5,311.8410767,912,1,992,198.4,347.5777611,814,3,0,0,0,0,304,208,7839.721254000001,5226.480836,0,1555,388.625,695.1935822,483294.1167,0,0,0,1,0,0,0,0,0,414.53333330000004,345.55555560000005,518.0,304,0,0,0,0,0,0,9,3110,6,3108,29200,2081,2,32,0.0,0.0,0,0,0.0,0.0,0,0,BENIGN
389,121684,19,11,3412,6654,1293,0,179.5789474,400.3188057,3069,0,604.9090909,1009.026507,82722.46146,246.5402189,4196.0,22223.95122,119747,0,121684,6760.222222,28198.27273,119747,0,121498,12149.8,38013.152,120336,2,0,0,0,0,624,368,156.14213869999998,90.39808027,0,3069,324.7096774,693.6665477999999,481173.2796,0,0,0,1,0,0,0,0,0,335.53333330000004,179.5789474,604.9090909,624,0,0,0,0,0,0,19,3412,11,6654,29200,2076,10,32,0.0,0.0,0,0,0.0,0.0,0,0,BENIGN
88,1051,9,6,3110,3108,1555,0,345.55555560000005,685.6905481000001,1554,0,518.0,802.4821493,5916270.219,14272.121790000001,75.07142857,202.0314006,773,1,1051,131.375,316.34517200000005,911,1,964,192.8,329.06108860000006,773,1,0,0,0,0,304,208,8563.273073,5708.8487159999995,0,1555,388.625,695.1935822,483294.1167,0,0,0,1,0,0,0,0,0,414.53333330000004,345.55555560000005,518.0,304,0,0,0,0,0,0,9,3110,6,3108,29200,2081,2,32,0.0,0.0,0,0,0.0,0.0,0,0,BENIGN
389,448,10,4,165,326,79,0,16.5,33.01262385,163,0,81.5,94.10809388,1095982.143,31250.0,34.46153846,21.41500792,54,0,448,49.77777778,34.8488801,109,0,280,93.33333333,118.87107859999999,228,3,0,0,0,0,336,144,22321.42857,8928.571429000001,0,163,32.73333333,59.52006464,3542.6380950000002,0,0,0,1,0,0,0,0,0,35.07142857,16.5,81.5,336,0,0,0,0,0,0,10,165,4,326,29200,2081,3,32,0.0,0.0,0,0,0.0,0.0,0,0,BENIGN
389,0,2,0,7,0,7,0,3.5,4.949747468,0,0,0.0,0.0,inf,inf,0.0,0.0,0,0,0,0.0,0.0,0,0,0,0.0,0.0,0,0,1,0,0,0,64,0,0.0,0.0,0,7,4.666666667,4.041451884,16.33333333,0,1,0,0,1,0,0,0,0,7.0,3.5,0.0,64,0,0,0,0,0,0,2,7,0,0,237,-1,0,32,0.0,0.0,0,0,0.0,0.0,0,0,BENIGN
88,1082,9,6,3110,3108,1555,0,345.55555560000005,685.6905481000001,1554,0,518.0,802.4821493,5746765.25,13863.216269999999,77.28571429,219.13691839999998,836,1,1082,135.25,311.436648,903,1,1003,200.6,361.5941095,836,1,0,0,0,0,304,208,8317.929759999999,5545.286506,0,1555,388.625,695.1935822,483294.1167,0,0,0,1,0,0,0,0,0,414.53333330000004,345.55555560000005,518.0,304,0,0,0,0,0,0,9,3110,6,3108,29200,2081,2,32,0.0,0.0,0,0,0.0,0.0,0,0,BENIGN
3268,16044,17,12,3412,6654,1293,0,200.7058824,419.263307,1621,0,554.5,727.5332545,627399.6510000001,1807.5292940000002,573.0,2559.2124510000003,13599,1,16044,1002.75,3370.344483,13599,1,15165,1378.636364,4256.960706,14208,2,0,0,0,0,560,400,1059.5861380000001,747.9431562999999,0,1621,335.53333330000004,576.3090486000001,332132.1195,0,0,0,1,0,0,0,0,0,347.1034483,200.7058824,554.5,560,0,0,0,0,0,0,17,3412,12,6654,29200,2076,10,32,0.0,0.0,0,0,0.0,0.0,0,0,BENIGN
88,1134,9,6,3110,3108,1555,0,345.55555560000005,685.6905481000001,1554,0,518.0,802.4821493,5483245.15,13227.51323,81.0,208.764129,801,1,1134,141.75,317.85834669999997,923,1,1046,209.2,334.9995522,801,1,0,0,0,0,304,208,7936.507937,5291.0052909999995,0,1555,388.625,695.1935822,483294.1167,0,0,0,1,0,0,0,0,0,414.53333330000004,345.55555560000005,518.0,304,0,0,0,0,0,0,9,3110,6,3108,29200,2081,2,32,0.0,0.0,0,0,0.0,0.0,0,0,BENIGN
88,1113,9,6,3110,3108,1555,0,345.55555560000005,685.6905481000001,1554,0,518.0,802.4821493,5586702.606000001,13477.08895,79.5,207.52896,797,2,1113,139.125,318.0666765,923,2,1045,209.0,329.78098789999996,797,43,0,0,0,0,304,208,8086.253369,5390.83558,0,1555,388.625,695.1935822,483294.1167,0,0,0,1,0,0,0,0,0,414.53333330000004,345.55555560000005,518.0,304,0,0,0,0,0,0,9,3110,6,3108,29200,2081,2,32,0.0,0.0,0,0,0.0,0.0,0,0,BENIGN
389,334,10,4,165,326,79,0,16.5,33.01262385,163,0,81.5,94.10809388,1470059.88,41916.16766,25.69230769,22.60672693,50,1,334,37.11111111,38.67959554,108,1,219,73.0,85.29361055,168,3,0,0,0,0,336,144,29940.11976,11976.0479,0,163,32.73333333,59.52006464,3542.6380950000002,0,0,0,1,0,0,0,0,0,35.07142857,16.5,81.5,336,0,0,0,0,0,0,10,165,4,326,29200,2081,3,32,0.0,0.0,0,0,0.0,0.0,0,0,BENIGN
389,1,2,0,7,0,7,0,3.5,4.949747468,0,0,0.0,0.0,7000000.0,2000000.0,1.0,0.0,1,1,1,1.0,0.0,1,1,0,0.0,0.0,0,0,1,0,0,0,64,0,2000000.0,0.0,0,7,4.666666667,4.041451884,16.33333333,0,1,0,0,1,0,0,0,0,7.0,3.5,0.0,64,0,0,0,0,0,0,2,7,0,0,237,-1,0,32,0.0,0.0,0,0,0.0,0.0,0,0,BENIGN
88,1138,9,6,3110,3108,1555,0,345.55555560000005,685.6905481000001,1554,0,518.0,802.4821493,5463971.88,13181.01933,81.28571429,200.44697309999998,773,2,1138,142.25,295.0393436,870,2,1036,207.2,322.08182189999997,773,2,0,0,0,0,304,208,7908.611599,5272.407733,0,1555,388.625,695.1935822,483294.1167,0,0,0,1,0,0,0,0,0,414.53333330000004,345.55555560000005,518.0,304,0,0,0,0,0,0,9,3110,6,3108,29200,2081,2,32,0.0,0.0,0,0,0.0,0.0,0,0,BENIGN
88,8783,9,6,3110,3108,1555,0,345.55555560000005,685.6905481000001,1554,0,518.0,802.4821493,707958.5563,1707.8447,627.3571429,1823.6514350000002,6887,3,8783,1097.875,2370.844602,6887,3,1852,370.4,442.39495930000004,903,48,0,0,0,0,304,208,1024.7068199999999,683.13788,0,1555,388.625,695.1935822,483294.1167,0,0,0,1,0,0,0,0,0,414.53333330000004,345.55555560000005,518.0,304,0,0,0,0,0,0,9,3110,6,3108,29200,2081,2,32,0.0,0.0,0,0,0.0,0.0,0,0,BENIGN
389,101443,21,12,5799,1136,2738,0,276.14285710000007,695.4339858,211,0,94.66666667,79.52510562,68363.51449,325.3058368,3170.09375,12365.80332,57570,1,101443,5072.15,15491.96269,57570,1,100624,9147.636364,29959.90835,99479,3,0,0,0,0,688,400,207.0128052,118.29303159999999,0,2738,203.9705882,551.4854038,304136.1506,0,0,0,1,0,0,0,0,0,210.15151519999998,276.14285710000007,94.66666667,688,0,0,0,0,0,0,21,5799,12,1136,29200,2081,10,32,0.0,0.0,0,0,0.0,0.0,0,0,BENIGN
389,1,2,0,39,0,39,0,19.5,27.57716447,0,0,0.0,0.0,39000000.0,2000000.0,1.0,0.0,1,1,1,1.0,0.0,1,1,0,0.0,0.0,0,0,1,0,0,0,64,0,2000000.0,0.0,0,39,26.0,22.5166605,507.0,0,1,0,0,1,0,0,0,0,39.0,19.5,0.0,64,0,0,0,0,0,0,2,39,0,0,245,-1,0,32,0.0,0.0,0,0,0.0,0.0,0,0,BENIGN
80,5195833,5,5,72,628,72,0,14.4,32.19937888,623,0,125.6,278.06348199999996,134.7233446,1.924619209,577314.7778,1660771.4409999999,5004689,3,191144,47786.0,55076.987120000005,95802,3,5100736,1275184.0,2486765.726,5004735,3,0,0,0,0,168,168,0.962309605,0.962309605,0,623,63.63636364,186.7598847,34879.25455,0,0,0,1,0,0,0,0,1,70.0,14.4,125.6,168,0,0,0,0,0,0,5,72,5,628,29200,227,1,32,0.0,0.0,0,0,0.0,0.0,0,0,BENIGN
443,233342,13,14,5775,16080,3441,0,444.2307692,987.1314632000001,3105,0,1148.5714289999999,861.4651843,93660.80687999999,115.7099879,8974.692308,18034.24553,52780,4,233280,19440.0,26792.96977,68850,38,187182,14398.615380000001,24006.71984,66468,48,0,0,0,0,272,292,55.712216399999996,59.99777151,0,3441,780.5357142999999,968.3239617999999,937651.295,0,0,0,1,0,0,0,0,1,809.4444444000001,444.2307692,1148.5714289999999,272,0,0,0,0,0,0,13,5775,14,16080,8192,256,5,20,0.0,0.0,0,0,0.0,0.0,0,0,BENIGN
443,3,2,0,85,0,85,0,42.5,60.1040764,0,0,0.0,0.0,28300000.0,666666.6667,3.0,0.0,3,3,3,3.0,0.0,3,3,0,0.0,0.0,0,0,1,0,0,0,40,0,666666.6667,0.0,0,85,56.66666667,49.07477288,2408.333333,0,1,0,0,1,0,0,0,0,85.0,42.5,0.0,40,0,0,0,0,0,0,2,85,0,0,256,-1,0,20,0.0,0.0,0,0,0.0,0.0,0,0,BENIGN
445,61385684,57,56,13950,9394,2995,0,244.73684210000002,455.4834765,784,0,167.75,149.3879939,380.28410660000003,1.840820084,548086.4643,3987765.353,30000000,2,61400000,1096172.929,5610885.324,30000000,2,61300000,1115291.055,5660771.571,30000000,2,0,0,0,0,1164,1192,0.9285552640000001,0.912264821,0,2995,204.7807018,339.8957612,115529.1285,0,0,0,0,1,0,0,0,0,206.59292040000003,244.73684210000002,167.75,1164,0,0,0,0,0,0,57,13950,56,9394,254,2050,52,20,30016.0,42345.7967,59959,73,30000000.0,41530.50258,30000000,29900000,BENIGN
88,639,7,4,466,414,233,0,66.57142857,113.6923585,207,0,103.5,119.5115057,1377151.8,17214.3975,63.9,117.13283059999999,380,1,639,106.5,196.9758868,503,1,469,156.33333330000002,264.7155706,462,3,0,0,0,0,164,104,10954.616590000001,6259.780908,0,233,73.33333333,108.6038115,11794.78788,0,0,0,1,0,0,0,0,0,80.0,66.57142857,103.5,164,0,0,0,0,0,0,7,466,4,414,8192,2053,2,20,0.0,0.0,0,0,0.0,0.0,0,0,BENIGN
88,884,9,4,626,3064,313,0,69.55555556,138.0200267,1532,0,766.0,884.5006124,4174208.145,14705.88235,73.66666667,191.2220667,676,1,884,110.5,261.4738446,754,1,771,257.0,439.07516439999995,764,3,0,0,0,0,204,104,10180.99548,4524.886878,0,1532,263.5714286,548.9435607999999,301339.033,0,0,0,1,0,0,0,0,0,283.8461538,69.55555556,766.0,204,0,0,0,0,0,0,9,626,4,3064,8192,2053,2,20,0.0,0.0,0,0,0.0,0.0,0,0,BENIGN
88,1007,9,6,3176,3106,1588,0,352.8888889,700.2421803,1553,0,517.6666667,801.9657516,6238331.677999999,14895.72989,71.92857143,191.38823380000002,729,1,1007,125.875,298.1353659,854,1,923,184.6,309.2075355,729,3,0,0,0,0,204,144,8937.437934,5958.291956,0,1588,392.625,702.4070876000001,493375.7167,0,0,0,1,0,0,0,0,0,418.8,352.8888889,517.6666667,204,0,0,0,0,0,0,9,3176,6,3106,8192,2053,2,20,0.0,0.0,0,0,0.0,0.0,0,0,BENIGN
389,30894,13,13,4154,5688,1684,0,319.53846150000004,618.6711048,2634,0,437.53846150000004,818.9074648,318573.1857,841.5873632000001,1235.76,5625.253041,28213,1,30894,2574.5,8087.363751999999,28213,3,30807,2567.25,8136.197483,28376,1,0,0,0,0,284,284,420.79368160000007,420.79368160000007,0,2634,364.5185185,703.5309501,494955.7977,0,0,0,1,0,0,0,0,1,378.53846150000004,319.53846150000004,437.53846150000004,284,0,0,0,0,0,0,13,4154,13,5688,8192,0,6,20,0.0,0.0,0,0,0.0,0.0,0,0,BENIGN
443,1424808,9,11,703,3950,267,0,78.11111111,103.30228029999999,1448,0,359.0909091,569.9183195,3265.703168,14.03697902,74989.89474,122992.6415,412204,1,910300,113787.5,165991.0219,507210,384,1329644,132964.4,154562.9656,412204,3,0,0,0,0,296,360,6.316640558,7.72033846,0,1448,221.5714286,434.4990876,188789.4571,0,0,0,1,0,0,0,0,1,232.65,78.11111111,359.0909091,296,0,0,0,0,0,0,9,703,11,3950,29200,254,4,32,0.0,0.0,0,0,0.0,0.0,0,0,BENIGN
443,1430700,9,11,703,3950,267,0,78.11111111,103.30228029999999,1448,0,359.0909091,569.9183195,3252.254141,13.97917104,75300.0,102618.23,355903,1,979657,122457.125,136582.1894,341843,374,1335510,133551.0,122338.291,355903,3,0,0,0,0,296,360,6.2906269660000005,7.688544069,0,1448,221.5714286,434.4990876,188789.4571,0,0,0,1,0,0,0,0,1,232.65,78.11111111,359.0909091,296,0,0,0,0,0,0,9,703,11,3950,29200,252,4,32,0.0,0.0,0,0,0.0,0.0,0,0,BENIGN
88,1200,9,6,3150,3086,1575,0,350.0,694.5097192000001,1543,0,514.3333333,796.8017738,5196666.666999999,12500.0,85.71428571,245.83560130000004,937,1,1200,150.0,352.6459171,1020,1,1115,223.0,402.1137899,937,3,0,0,0,0,204,144,7500.0,5000.0,0,1575,389.75,697.254951,486164.4667,0,0,0,1,0,0,0,0,0,415.7333333,350.0,514.3333333,204,0,0,0,0,0,0,9,3150,6,3086,8192,2053,2,20,0.0,0.0,0,0,0.0,0.0,0,0,BENIGN
88,498,7,4,2762,2820,1381,0,394.57142860000005,673.8590004,1410,0,705.0,814.0638796000001,11200000.0,22088.35341,49.8,100.64768029999999,331,1,498,83.0,149.69301919999998,384,1,413,137.66666669999998,232.3840213,406,3,0,0,0,0,164,104,14056.2249,8032.128514,0,1410,465.16666669999995,687.1523363,472178.3333,0,0,0,1,0,0,0,0,0,507.4545455,394.57142860000005,705.0,164,0,0,0,0,0,0,7,2762,4,2820,8192,2053,2,20,0.0,0.0,0,0,0.0,0.0,0,0,BENIGN
88,576,7,4,466,414,233,0,66.57142857,113.6923585,207,0,103.5,119.5115057,1527777.7780000002,19097.22222,57.6,107.5362471,355,1,576,96.0,163.33278909999999,426,1,417,139.0,235.5589098,411,3,0,0,0,0,164,104,12152.77778,6944.444444,0,233,73.33333333,108.6038115,11794.78788,0,0,0,1,0,0,0,0,0,80.0,66.57142857,103.5,164,0,0,0,0,0,0,7,466,4,414,8192,2053,2,20,0.0,0.0,0,0,0.0,0.0,0,0,BENIGN
49169,0,1,1,0,0,0,0,0.0,0.0,0,0,0.0,0.0,,inf,0.0,0.0,0,0,0,0.0,0.0,0,0,0,0.0,0.0,0,0,0,0,0,0,20,20,0.0,0.0,0,0,0.0,0.0,0.0,0,0,0,0,1,0,0,0,1,0.0,0.0,0.0,20,0,0,0,0,0,0,1,0,1,0,2053,255,0,20,0.0,0.0,0,0,0.0,0.0,0,0,BENIGN
88,895,9,4,626,3064,313,0,69.55555556,138.0200267,1532,0,766.0,884.5006124,4122905.028,14525.139659999999,74.58333333,191.0818284,678,1,895,111.875,233.3693807,686,1,767,255.66666669999998,436.7657648,760,3,0,0,0,0,204,104,10055.86592,4469.273743,0,1532,263.5714286,548.9435607999999,301339.033,0,0,0,1,0,0,0,0,0,283.8461538,69.55555556,766.0,204,0,0,0,0,0,0,9,626,4,3064,8192,2053,2,20,0.0,0.0,0,0,0.0,0.0,0,0,BENIGN
88,928,9,6,3176,3106,1588,0,352.8888889,700.2421803,1553,0,517.6666667,801.9657516,6769396.552,16163.7931,66.28571429,176.89433119999998,677,1,928,116.0,261.43395780000003,760,1,881,176.2,282.1953224,677,4,0,0,0,0,204,144,9698.275862,6465.517241,0,1588,392.625,702.4070876000001,493375.7167,0,0,0,1,0,0,0,0,0,418.8,352.8888889,517.6666667,204,0,0,0,0,0,0,9,3176,6,3106,8192,2053,2,20,0.0,0.0,0,0,0.0,0.0,0,0,BENIGN
88,981,9,6,3128,3046,1564,0,347.55555560000005,689.6591751,1523,0,507.66666669999995,786.4738182,6293577.982000001,15290.519880000002,70.07142857,174.5276986,672,1,981,122.625,269.9581647,786,1,900,180.0,278.6548044,672,4,0,0,0,0,204,144,9174.311926999999,6116.207950999999,0,1564,385.875,690.3553554,476590.5167,0,0,0,1,0,0,0,0,0,411.6,347.55555560000005,507.66666669999995,204,0,0,0,0,0,0,9,3128,6,3046,8192,2053,2,20,0.0,0.0,0,0,0.0,0.0,0,0,BENIGN
88,1116,9,6,3150,3086,1575,0,350.0,694.5097192000001,1543,0,514.3333333,796.8017738,5587813.62,13440.860219999999,79.71428571,207.0679668,796,1,1116,139.5,304.48316869999996,890,1,1033,206.6,333.18208239999996,796,3,0,0,0,0,204,144,8064.516129000001,5376.344086,0,1575,389.75,697.254951,486164.4667,0,0,0,1,0,0,0,0,0,415.7333333,350.0,514.3333333,204,0,0,0,0,0,0,9,3150,6,3086,8192,2053,2,20,0.0,0.0,0,0,0.0,0.0,0,0,BENIGN
88,495,7,4,2762,2820,1381,0,394.57142860000005,673.8590004,1410,0,705.0,814.0638796000001,11300000.0,22222.22222,49.5,88.21218107,293,1,495,82.5,148.11853359999998,380,1,452,150.66666669999998,177.8238829,356,48,0,0,0,0,164,104,14141.41414,8080.808081,0,1410,465.16666669999995,687.1523363,472178.3333,0,0,0,1,0,0,0,0,0,507.4545455,394.57142860000005,705.0,164,0,0,0,0,0,0,7,2762,4,2820,8192,2053,2,20,0.0,0.0,0,0,0.0,0.0,0,0,BENIGN
389,365412,15,10,4104,1020,1660,0,273.6,567.8187337,210,0,102.0,90.7964757,14022.528,68.41592504,15225.5,62528.0043,303109,3,365412,26100.85714,81320.26587,303109,3,2049,227.66666669999998,312.1846409,898,3,0,0,0,0,324,224,41.04955502,27.36637002,0,1660,197.0769231,438.4117629,192204.8738,0,0,0,1,0,0,0,0,0,204.96,273.6,102.0,324,0,0,0,0,0,0,15,4104,10,1020,8192,2051,8,20,0.0,0.0,0,0,0.0,0.0,0,0,BENIGN
49174,36,3,1,0,0,0,0,0.0,0.0,0,0,0.0,0.0,0.0,111111.1111,12.0,7.937253932999999,18,3,18,9.0,8.485281374,15,3,0,0.0,0.0,0,0,0,0,0,0,60,20,83333.33333,27777.77778,0,0,0.0,0.0,0.0,1,0,0,0,1,0,0,0,0,0.0,0.0,0.0,60,0,0,0,0,0,0,3,0,1,0,0,254,0,20,0.0,0.0,0,0,0.0,0.0,0,0,BENIGN
389,493863,21,13,5706,9232,1660,0,271.7142857,499.319351,2634,0,710.1538462,801.2267517000001,30247.254810000002,68.84500357,14965.54545,55299.67943,307702,2,493863,24693.15,70011.28116,307702,2,126381,10531.75,33830.01968,117801,2,0,0,0,0,444,284,42.52191397,26.3230896,0,2634,426.8,651.2650947000001,424146.2235,0,0,0,1,0,0,0,0,0,439.3529412,271.7142857,710.1538462,444,0,0,0,0,0,0,21,5706,13,9232,8192,2050,10,20,0.0,0.0,0,0,0.0,0.0,0,0,BENIGN
135,23970795,15,8,992,904,168,0,66.13333333,83.87564491,172,0,113.0,75.13036289,79.09625025,0.9595009259999999,1089581.591,5007839.0,23500000,1,24000000,1712199.6430000002,6274018.507,23500000,1,255436,36490.85714,96323.52821,254932,3,0,0,0,0,324,184,0.625761473,0.333739453,0,172,79.0,82.35025936,6781.565217,0,0,0,1,0,0,0,0,0,82.43478261,66.13333333,113.0,324,0,0,0,0,0,0,15,992,8,904,8192,2051,6,20,0.0,0.0,0,0,0.0,0.0,0,0,BENIGN
135,36,1,2,0,0,0,0,0.0,0.0,0,0,0.0,0.0,0.0,83333.33333,18.0,21.21320344,33,3,0,0.0,0.0,0,0,3,3.0,0.0,3,3,0,0,0,0,20,40,27777.77778,55555.55556,0,0,0.0,0.0,0.0,0,0,0,0,1,1,0,0,2,0.0,0.0,0.0,20,0,0,0,0,0,0,1,0,2,0,254,2051,0,20,0.0,0.0,0,0,0.0,0.0,0,0,BENIGN
1040,1,2,0,0,0,0,0,0.0,0.0,0,0,0.0,0.0,0.0,2000000.0,1.0,0.0,1,1,1,1.0,0.0,1,1,0,0.0,0.0,0,0,0,0,0,0,40,0,2000000.0,0.0,0,0,0.0,0.0,0.0,0,0,0,0,1,0,0,0,0,0.0,0.0,0.0,40,0,0,0,0,0,0,2,0,0,0,2051,-1,0,20,0.0,0.0,0,0,0.0,0.0,0,0,BENIGN
5353,12,9,0,405,0,45,45,45.0,0.0,0,0,0.0,0.0,33800000.0,750000.0,1.5,1.069044968,4,1,12,1.5,1.069044968,4,1,0,0.0,0.0,0,0,0,0,0,0,288,0,750000.0,0.0,45,45,45.0,0.0,0.0,0,0,0,0,0,0,0,0,0,50.0,45.0,0.0,288,0,0,0,0,0,0,9,405,0,0,-1,-1,8,32,0.0,0.0,0,0,0.0,0.0,0,0,BENIGN
443,285437,9,7,1689,4749,805,0,187.66666669999998,288.4644692,1460,0,678.4285714,650.465694,22554.889519999997,56.05440079999999,19029.13333,22058.00129,52595,3,285437,35679.625,23982.88654,62601,3,237575,39595.83333,32011.989830000002,71842,194,0,0,0,0,192,152,31.53060045,24.52380035,0,1460,378.70588239999995,518.715091,269065.3456,0,0,0,1,0,0,0,0,0,402.375,187.66666669999998,678.4285714,192,0,0,0,0,0,0,9,1689,7,4749,8192,256,4,20,0.0,0.0,0,0,0.0,0.0,0,0,BENIGN
389,28608,11,4,172,326,79,0,15.63636364,31.4492376,163,0,81.5,94.10809388,17407.718119999998,524.3288591,2043.4285710000001,7537.642629999999,28232,1,28608,2860.8,8914.631416,28232,1,28427,9475.666667,16406.27393,28420,3,0,0,0,0,368,144,384.50782999999996,139.8210291,0,163,31.125,57.86060836,3347.85,0,0,0,1,0,0,0,0,0,33.2,15.63636364,81.5,368,0,0,0,0,0,0,11,172,4,326,29200,2081,4,32,0.0,0.0,0,0,0.0,0.0,0,0,BENIGN
88,1087,9,6,3110,3108,1555,0,345.55555560000005,685.6905481000001,1554,0,518.0,802.4821493,5720331.187000001,13799.448019999998,77.64285714,210.08006060000002,804,1,1087,135.875,309.4107014,898,1,995,199.0,342.4083819,804,3,0,0,0,0,304,208,8279.668813,5519.779209,0,1555,388.625,695.1935822,483294.1167,0,0,0,1,0,0,0,0,0,414.53333330000004,345.55555560000005,518.0,304,0,0,0,0,0,0,9,3110,6,3108,29200,2081,2,32,0.0,0.0,0,0,0.0,0.0,0,0,BENIGN
389,337,11,4,172,326,79,0,15.63636364,31.4492376,163,0,81.5,94.10809388,1477744.8069999998,44510.385760000005,24.07142857,21.87187968,49,0,337,33.7,38.0848468,102,0,256,85.33333333,62.93117934,158,49,0,0,0,0,368,144,32640.94955,11869.4362,0,163,31.125,57.86060836,3347.85,0,0,0,1,0,0,0,0,0,33.2,15.63636364,81.5,368,0,0,0,0,0,0,11,172,4,326,29200,2081,4,32,0.0,0.0,0,0,0.0,0.0,0,0,BENIGN
58892,2,1,1,0,0,0,0,0.0,0.0,0,0,0.0,0.0,0.0,1000000.0,2.0,0.0,2,2,0,0.0,0.0,0,0,0,0.0,0.0,0,0,0,0,0,0,32,32,500000.0,500000.0,0,0,0.0,0.0,0.0,0,0,0,0,1,0,0,0,1,0.0,0.0,0.0,32,0,0,0,0,0,0,1,0,1,0,2081,237,0,32,0.0,0.0,0,0,0.0,0.0,0,0,BENIGN
88,1113,9,6,3110,3106,1555,0,345.55555560000005,685.6905481000001,1553,0,517.6666667,801.9657516,5584905.66,13477.08895,79.5,198.0111691,764,1,1113,139.125,289.7153468,854,2,1024,204.8,314.0409209,764,47,0,0,0,0,304,208,8086.253369,5390.83558,0,1555,388.5,694.9701193,482983.4667,0,0,0,1,0,0,0,0,0,414.4,345.55555560000005,517.6666667,304,0,0,0,0,0,0,9,3110,6,3106,29200,2081,2,32,0.0,0.0,0,0,0.0,0.0,0,0,BENIGN
88,642,7,4,468,444,234,0,66.85714286,114.1803085,222,0,111.0,128.1717598,1420560.7480000001,17133.95639,64.2,123.6004315,403,1,642,107.0,198.61218490000002,507,1,480,160.0,271.93197680000003,474,3,0,0,0,0,164,104,10903.426790000001,6230.529595,0,234,76.0,112.3177311,12615.27273,0,0,0,1,0,0,0,0,0,82.90909091,66.85714286,111.0,164,0,0,0,0,0,0,7,468,4,444,8192,2053,2,20,0.0,0.0,0,0,0.0,0.0,0,0,BENIGN
88,60,1,4,0,0,0,0,0.0,0.0,0,0,0.0,0.0,0.0,83333.33333,15.0,22.4053565,48,1,0,0.0,0.0,0,0,50,16.66666667,27.13546265,48,1,0,0,0,0,20,80,16666.66667,66666.66667,0,0,0.0,0.0,0.0,0,0,0,0,1,1,0,0,4,0.0,0.0,0.0,20,0,0,0,0,0,0,1,0,4,0,255,0,0,20,0.0,0.0,0,0,0.0,0.0,0,0,BENIGN
88,888,9,4,628,3064,314,0,69.77777778,138.4609853,1532,0,766.0,884.5006124,4157657.6580000003,14639.639640000001,74.0,179.7781461,642,1,888,111.0,231.5920058,681,1,807,269.0,381.9175304,710,48,0,0,0,0,204,104,10135.13514,4504.504505,0,1532,263.7142857,548.9575335,301354.3736,0,0,0,1,0,0,0,0,0,284.0,69.77777778,766.0,204,0,0,0,0,0,0,9,628,4,3064,8192,2053,2,20,0.0,0.0,0,0,0.0,0.0,0,0,BENIGN
88,80,1,4,0,0,0,0,0.0,0.0,0,0,0.0,0.0,0.0,62500.0,20.0,31.10198279,66,1,0,0.0,0.0,0,0,68,22.66666667,37.527767499999996,66,1,0,0,0,0,20,80,12500.0,50000.0,0,0,0.0,0.0,0.0,0,0,0,0,1,1,0,0,4,0.0,0.0,0.0,20,0,0,0,0,0,0,1,0,4,0,256,0,0,20,0.0,0.0,0,0,0.0,0.0,0,0,BENIGN
88,1002,9,6,3064,2990,1532,0,340.44444439999995,675.5485014,1495,0,498.33333330000005,772.0146802999999,6041916.168,14970.05988,71.57142857,179.0817236,691,1,1002,125.25,275.2483294,804,1,929,185.8,283.0780811,691,47,0,0,0,0,204,144,8982.035928,5988.0239520000005,0,1532,378.375,676.9251928,458227.7167,0,0,0,1,0,0,0,0,0,403.6,340.44444439999995,498.33333330000005,204,0,0,0,0,0,0,9,3064,6,2990,8192,2053,2,20,0.0,0.0,0,0,0.0,0.0,0,0,BENIGN
389,8062,13,11,5754,940,1684,0,442.61538459999997,660.3381127,210,0,85.45454545,99.28581332,830315.0583,2976.928802,350.52173910000005,952.3574992,3974,3,8062,671.8333332999999,1294.3788140000001,4056,3,8003,800.3,1458.0917550000001,4225,3,0,0,0,0,284,244,1612.503101,1364.425701,0,1684,267.76,506.8647321,256911.8567,0,0,0,1,0,0,0,0,0,278.9166667,442.61538459999997,85.45454545,284,0,0,0,0,0,0,13,5754,11,940,8192,0,8,20,0.0,0.0,0,0,0.0,0.0,0,0,BENIGN
389,15337,23,19,5740,7080,1684,0,249.56521740000002,465.0147433,2634,0,372.63157889999997,672.7114464,835887.0705,2738.475582,374.0731707,1700.8012579999997,10920,2,15337,697.1363636,2346.607547,11072,3,4320,240.0,331.7087667,1094,2,0,0,0,0,484,404,1499.64139,1238.834192,0,2634,298.1395349,559.5825647,313132.6467,0,0,0,1,0,0,0,0,0,305.23809520000003,249.56521740000002,372.63157889999997,484,0,0,0,0,0,0,23,5740,19,7080,8192,2050,16,20,0.0,0.0,0,0,0.0,0.0,0,0,BENIGN
135,53143244,25,14,1792,1864,156,0,71.68,76.8714945,240,0,133.1428571,71.23402076,68.79519813,0.7338656259999999,1398506.4209999999,6485760.75,39200000,1,53100000,2214301.833,8110793.97,39200000,3,13900000,1067252.923,2574257.847,7435371,1,0,0,0,0,524,304,0.47042668299999996,0.263438942,0,240,91.4,80.10531529,6416.861538,0,0,0,1,0,0,0,0,0,93.74358974,71.68,133.1428571,524,0,0,0,0,0,0,25,1792,14,1864,8192,2050,12,20,152583.0,135623.0806,248483,56683,6784455.5,840394.2881,7378704,6190207,BENIGN
49666,53116357,53,46,16752,7366,1749,0,316.0754717,515.1362721,300,0,160.13043480000002,98.75730267,454.0597541,1.863832642,542003.6429,4051437.438,39100000,1,53100000,1021468.4040000001,5542535.636,39100000,1,14000000,310438.4444,1429978.405,7432516,1,0,0,0,0,1084,944,0.997809394,0.866023248,0,1749,241.18,387.891513,150459.8259,0,0,0,1,0,0,0,0,0,243.6161616,316.0754717,160.13043480000002,1084,0,0,0,0,0,0,53,16752,46,7366,8192,2053,38,20,138776.0,117077.084,221562,55990,6784965.5,840127.0018,7379025,6190906,BENIGN
135,43,1,3,0,0,0,0,0.0,0.0,0,0,0.0,0.0,0.0,93023.25581,14.33333333,23.96525262,42,0,0,0.0,0.0,0,0,1,0.5,0.7071067809999999,1,0,0,0,0,0,20,60,23255.81395,69767.44186,0,0,0.0,0.0,0.0,0,0,0,0,1,1,0,0,3,0.0,0.0,0.0,20,0,0,0,0,0,0,1,0,3,0,253,2050,0,20,0.0,0.0,0,0,0.0,0.0,0,0,BENIGN
49666,15,1,3,0,0,0,0,0.0,0.0,0,0,0.0,0.0,0.0,266666.6667,5.0,4.582575695,10,1,0,0.0,0.0,0,0,11,5.5,6.3639610310000005,10,1,0,0,0,0,20,60,66666.66667,200000.0,0,0,0.0,0.0,0.0,0,0,0,0,1,1,0,0,3,0.0,0.0,0.0,20,0,0,0,0,0,0,1,0,3,0,254,2053,0,20,0.0,0.0,0,0,0.0,0.0,0,0,BENIGN
389,280404,21,12,5803,1138,2740,0,276.3333333,695.933857,212,0,94.83333333,79.79158458,24753.56985,117.6873368,8762.625,42292.32027,237113,1,280404,14020.2,53305.378039999996,237113,1,279498,25408.90909,83865.68598,278273,3,0,0,0,0,688,400,74.89194163,42.79539522,0,2740,204.14705880000002,551.884108,304576.0686,0,0,0,1,0,0,0,0,0,210.33333330000002,276.3333333,94.83333333,688,0,0,0,0,0,0,21,5803,12,1138,29200,2081,10,32,0.0,0.0,0,0,0.0,0.0,0,0,BENIGN
389,1,2,0,39,0,39,0,19.5,27.57716447,0,0,0.0,0.0,39000000.0,2000000.0,1.0,0.0,1,1,1,1.0,0.0,1,1,0,0.0,0.0,0,0,1,0,0,0,64,0,2000000.0,0.0,0,39,26.0,22.5166605,507.0,0,1,0,0,1,0,0,0,0,39.0,19.5,0.0,64,0,0,0,0,0,0,2,39,0,0,245,-1,0,32,0.0,0.0,0,0,0.0,0.0,0,0,BENIGN
80,39620158,4,4,236,1809,236,0,59.0,118.0,1809,0,452.25,904.5,51.61513995,0.20191741800000002,5660022.571,14900000.0,39500000,17,74650,24883.33333,21468.40251,37717,99,39600000,13200000.0,22800000.0,39500000,872,0,0,0,0,92,92,0.10095870900000001,0.10095870900000001,0,1809,227.2222222,598.2795705,357938.4444,0,0,0,1,0,0,0,0,1,255.625,59.0,452.25,92,0,0,0,0,0,0,4,236,4,1809,8192,946,1,20,0.0,0.0,0,0,0.0,0.0,0,0,BENIGN
80,55,2,0,0,0,0,0,0.0,0.0,0,0,0.0,0.0,0.0,36363.636360000004,55.0,0.0,55,55,55,55.0,0.0,55,55,0,0.0,0.0,0,0,0,0,0,0,40,0,36363.636360000004,0.0,0,0,0.0,0.0,0.0,0,0,0,0,1,0,0,0,0,0.0,0.0,0.0,40,0,0,0,0,0,0,2,0,0,0,256,-1,0,20,0.0,0.0,0,0,0.0,0.0,0,0,BENIGN
135,19268460,19,10,1328,1440,168,0,69.89473684,84.2363703,268,0,144.0,93.06628462,143.6544488,1.505050222,688159.2857,2853502.689,14900000,3,19300000,1070470.0,3535371.131,14900000,3,4289553,476617.0,1069877.415,3145791,3,0,0,0,0,404,224,0.9860673870000001,0.518982835,0,268,92.26666667,92.933396,8636.616092,0,0,0,1,0,0,0,0,0,95.44827586,69.89473684,144.0,404,0,0,0,0,0,0,19,1328,10,1440,8192,2051,8,20,0.0,0.0,0,0,0.0,0.0,0,0,BENIGN
49671,19266992,19,14,3646,2672,920,0,191.8947368,272.6032719,952,0,190.8571429,324.95937189999995,327.9183383,1.7127738469999998,602093.5,3396009.647,19200000,1,19300000,1070388.4440000001,4527671.43,19200000,1,2948,226.76923080000003,395.84196210000005,1431,3,0,0,0,0,404,304,0.986142518,0.726631329,0,952,185.8235294,288.4647419,83211.90731000001,0,0,0,1,0,0,0,0,0,191.4545455,191.8947368,190.8571429,404,0,0,0,0,0,0,19,3646,14,2672,8192,2053,12,20,0.0,0.0,0,0,0.0,0.0,0,0,BENIGN
135,65,1,1,0,0,0,0,0.0,0.0,0,0,0.0,0.0,0.0,30769.23077,65.0,0.0,65,65,0,0.0,0.0,0,0,0,0.0,0.0,0,0,0,0,0,0,20,20,15384.615380000001,15384.615380000001,0,0,0.0,0.0,0.0,0,0,0,0,1,1,0,0,1,0.0,0.0,0.0,20,0,0,0,0,0,0,1,0,1,0,253,2051,0,20,0.0,0.0,0,0,0.0,0.0,0,0,BENIGN
49671,54,1,3,0,0,0,0,0.0,0.0,0,0,0.0,0.0,0.0,74074.07407,18.0,27.73084925,50,1,0,0.0,0.0,0,0,4,2.0,1.4142135619999998,3,1,0,0,0,0,20,60,18518.518519999998,55555.55556,0,0,0.0,0.0,0.0,0,0,0,0,1,1,0,0,3,0.0,0.0,0.0,20,0,0,0,0,0,0,1,0,3,0,251,2053,0,20,0.0,0.0,0,0,0.0,0.0,0,0,BENIGN
80,32222867,2,0,0,0,0,0,0.0,0.0,0,0,0.0,0.0,0.0,0.062067724000000005,32200000.0,0.0,32200000,32200000,32200000,32200000.0,0.0,32200000,32200000,0,0.0,0.0,0,0,0,0,0,0,64,0,0.062067724000000005,0.0,0,0,0.0,0.0,0.0,0,0,0,0,1,0,0,0,0,0.0,0.0,0.0,64,0,0,0,0,0,0,2,0,0,0,238,-1,0,32,0.0,0.0,0,0,0.0,0.0,0,0,BENIGN
3268,112987750,46,27,9834,7806,1337,0,213.78260869999997,306.1758328,3069,0,289.1111111,680.2870623,156.1231195,0.64608774,1569274.3059999999,4814455.211,16400000,1,113000000,2510838.889,5914777.847999999,16400000,1,113000000,4345676.692,7303207.374,16400000,2,0,0,0,0,1488,880,0.407123781,0.238963958,0,3069,238.3783784,474.0551006,224728.2384,0,0,0,1,0,0,0,0,0,241.64383560000002,213.78260869999997,289.1111111,1488,0,0,0,0,0,0,46,9834,27,7806,29200,255,24,32,9804.285714,24847.02908,66152,363,16100000.0,499009.5254,16400000,15400000,BENIGN
389,112962280,46,27,9834,11710,1337,0,213.78260869999997,306.1758328,3069,0,433.70370369999995,642.2746725,190.7185301,0.646233415,1568920.5559999999,4813490.8319999995,16400000,1,113000000,2510272.889,5913603.333,16400000,1,113000000,4344698.5,7301900.373,16400000,3,0,0,0,0,1488,880,0.40721557700000005,0.23901783899999998,0,3069,291.1351351,466.0044777,217160.1733,0,0,0,1,0,0,0,0,0,295.1232877,213.78260869999997,433.70370369999995,1488,0,0,0,0,0,0,46,9834,27,11710,29200,2076,24,32,9393.428570999999,23989.27995,63796,318,16100000.0,496964.8891,16400000,15400000,BENIGN
80,5194319,5,5,72,651,72,0,14.4,32.19937888,646,0,130.2,288.349094,139.1905272,1.9251801819999999,577146.5556,1660875.775,5004817,1,189502,47375.5,54585.37525,95028,3,5100152,1275038.0,2486970.926,5004899,1,0,0,0,0,168,168,0.9625900909999999,0.9625900909999999,0,646,65.72727273,193.650247,37500.41818,0,0,0,1,0,0,0,0,1,72.3,14.4,130.2,168,0,0,0,0,0,0,5,72,5,651,29200,114,1,32,0.0,0.0,0,0,0.0,0.0,0,0,BENIGN
49666,53968545,25,20,6732,3426,1749,0,269.28,459.9004892,348,0,171.3,119.99478059999998,188.2207497,0.8338190329999999,1226557.841,8062686.877,53500000,1,54000000,2248689.375,10900000.0,53500000,1,276696,14562.947369999998,62718.82832000001,273558,3,0,0,0,0,524,424,0.463232796,0.37058623700000004,0,1749,220.826087,349.802948,122362.1024,0,0,0,1,0,0,0,0,0,225.7333333,269.28,171.3,524,0,0,0,0,0,0,25,6732,20,3426,8192,2048,16,20,0.0,0.0,0,0,0.0,0.0,0,0,BENIGN
49666,56,1,1,0,0,0,0,0.0,0.0,0,0,0.0,0.0,0.0,35714.285710000004,56.0,0.0,56,56,0,0.0,0.0,0,0,0,0.0,0.0,0,0,0,0,0,0,20,20,17857.14286,17857.14286,0,0,0.0,0.0,0.0,0,0,0,0,1,1,0,0,1,0.0,0.0,0.0,20,0,0,0,0,0,0,1,0,1,0,256,2048,0,20,0.0,0.0,0,0,0.0,0.0,0,0,BENIGN
80,55468794,4,4,235,2117,235,0,58.75,117.5,2117,0,529.25,1058.5,42.40221989,0.144225238,7924113.429,20900000.0,55400000,49,75094,25031.33333,21568.22536,37844,130,55400000,18500000.0,32000000.0,55400000,990,0,0,0,0,92,92,0.072112619,0.072112619,0,2117,261.3333333,700.2015781,490282.25,0,0,0,1,0,0,0,0,1,294.0,58.75,529.25,92,0,0,0,0,0,0,4,235,4,2117,8192,946,1,20,0.0,0.0,0,0,0.0,0.0,0,0,BENIGN
80,49,2,0,0,0,0,0,0.0,0.0,0,0,0.0,0.0,0.0,40816.32653,49.0,0.0,49,49,49,49.0,0.0,49,49,0,0.0,0.0,0,0,0,0,0,0,40,0,40816.32653,0.0,0,0,0.0,0.0,0.0,0,0,0,0,1,0,0,0,0,0.0,0.0,0.0,40,0,0,0,0,0,0,2,0,0,0,256,-1,0,20,0.0,0.0,0,0,0.0,0.0,0,0,BENIGN
0,118903732,477,0,0,0,0,0,0.0,0.0,0,0,0.0,0.0,0.0,4.011648684,249797.7563,1899108.881,33800000,0,119000000,249797.7563,1899108.881,33800000,0,0,0.0,0.0,0,0,0,0,0,0,0,0,4.011648684,0.0,0,0,0.0,0.0,0.0,0,0,0,0,0,0,0,0,0,0.0,0.0,0.0,0,0,0,0,0,0,0,477,0,0,0,-1,-1,0,0,18000000.0,12900000.0,29800000,4182193,21600000.0,10700000.0,33800000,13700000,BENIGN
80,4835287,2,0,0,0,0,0,0.0,0.0,0,0,0.0,0.0,0.0,0.41362591299999996,4835287.0,0.0,4835287,4835287,4835287,4835287.0,0.0,4835287,4835287,0,0.0,0.0,0,0,0,0,0,0,64,0,0.41362591299999996,0.0,0,0,0.0,0.0,0.0,0,0,0,0,1,0,0,0,0,0.0,0.0,0.0,64,0,0,0,0,0,0,2,0,0,0,239,-1,0,32,0.0,0.0,0,0,0.0,0.0,0,0,BENIGN
88,604,7,4,440,356,220,0,62.85714286,107.34900800000001,178,0,89.0,102.76834790000001,1317880.795,18211.92053,60.4,133.00309099999998,435,1,604,100.66666670000001,182.5679782,467,1,535,178.33333330000002,303.6862416,529,3,0,0,0,0,164,104,11589.40397,6622.5165560000005,0,220,66.33333333,98.79577957,9760.606061,0,0,0,1,0,0,0,0,0,72.36363636,62.85714286,89.0,164,0,0,0,0,0,0,7,440,4,356,8192,2053,2,20,0.0,0.0,0,0,0.0,0.0,0,0,BENIGN
88,928,9,4,600,2942,300,0,66.66666667,132.2875656,1471,0,735.5,849.2822460000001,3816810.345,14008.62069,77.33333333,172.75170480000003,620,1,928,116.0,243.45782859999997,715,1,717,239.0,373.10052260000003,669,1,0,0,0,0,204,104,9698.275862,4310.344828,0,1471,253.0,527.0787416999999,277812.0,0,0,0,1,0,0,0,0,0,272.46153849999996,66.66666667,735.5,204,0,0,0,0,0,0,9,600,4,2942,8192,2053,2,20,0.0,0.0,0,0,0.0,0.0,0,0,BENIGN
88,1144,7,4,2730,2780,1365,0,390.0,666.0517997999999,1390,0,695.0,802.5168742000001,4816433.566000001,9615.384615,114.4,236.53808709999998,770,0,1144,190.66666669999998,396.1811034,998,1,917,305.6666667,487.56162,868,1,0,0,0,0,164,104,6118.881119,3496.5034969999997,0,1390,459.16666669999995,678.2760009,460058.3333,0,0,0,1,0,0,0,0,0,500.9090909,390.0,695.0,164,0,0,0,0,0,0,7,2730,4,2780,8192,2053,2,20,0.0,0.0,0,0,0.0,0.0,0,0,BENIGN
88,966,9,6,3054,2972,1527,0,339.3333333,673.3437087,1486,0,495.33333330000005,767.3671003,6238095.238,15527.95031,69.0,193.8266474,739,0,966,120.75,288.6395429,833,1,930,186.0,312.8194367,739,1,0,0,0,0,204,144,9316.770186,6211.180124,0,1527,376.625,673.8104456,454020.5167,0,0,0,1,0,0,0,0,0,401.7333333,339.3333333,495.33333330000005,204,0,0,0,0,0,0,9,3054,6,2972,8192,2053,2,20,0.0,0.0,0,0,0.0,0.0,0,0,BENIGN
389,4036,13,11,4076,1020,1646,0,313.53846150000004,596.249195,210,0,92.72727273,91.46266004,1262636.274,5946.481665,175.4782609,407.0568276,1701,1,4036,336.3333333,575.2944437000001,1701,1,3994,399.4,576.4620446,1733,47,0,0,0,0,284,244,3221.010902,2725.470763,0,1646,203.84,441.7581993,195150.3067,0,0,0,1,0,0,0,0,0,212.33333330000002,313.53846150000004,92.72727273,284,0,0,0,0,0,0,13,4076,11,1020,8192,0,8,20,0.0,0.0,0,0,0.0,0.0,0,0,BENIGN
389,523735,15,11,4814,3970,1660,0,320.9333333,569.2956132,1268,0,360.9090909,488.37863480000004,16771.84072,49.64342654,20949.4,72190.35539,300168,2,523735,37409.64286,94692.7255,300168,3,523702,52370.2,162397.4373,514540,3,0,0,0,0,324,244,28.64043839,21.00298815,0,1660,325.3333333,520.4493621,270867.5385,0,0,0,1,0,0,0,0,0,337.8461538,320.9333333,360.9090909,324,0,0,0,0,0,0,15,4814,11,3970,8192,0,8,20,0.0,0.0,0,0,0.0,0.0,0,0,BENIGN
1061,47,1,1,0,0,0,0,0.0,0.0,0,0,0.0,0.0,0.0,42553.19149,47.0,0.0,47,47,0,0.0,0.0,0,0,0,0.0,0.0,0,0,0,0,0,0,20,20,21276.59574,21276.59574,0,0,0.0,0.0,0.0,1,0,0,0,1,0,0,0,1,0.0,0.0,0.0,20,0,0,0,0,0,0,1,0,1,0,0,256,0,20,0.0,0.0,0,0,0.0,0.0,0,0,BENIGN
80,5194640,5,5,72,628,72,0,14.4,32.19937888,623,0,125.6,278.06348199999996,134.7542852,1.9250612169999999,577182.2222,1660314.706,5003340,4,191300,47825.0,55090.015770000005,95921,4,5099552,1274888.0,2486065.067,5003389,4,0,0,0,0,168,168,0.962530608,0.962530608,0,623,63.63636364,186.7598847,34879.25455,0,0,0,1,0,0,0,0,1,70.0,14.4,125.6,168,0,0,0,0,0,0,5,72,5,628,29200,227,1,32,0.0,0.0,0,0,0.0,0.0,0,0,BENIGN
3268,58230081,21,13,4102,6798,1293,0,195.33333330000002,388.12167339999996,3069,0,522.9230769,942.6004332999998,187.18847390000002,0.583890653,1764547.909,10100000.0,58100000,1,58200000,2911504.05,13000000.0,58100000,1,42542,3545.166667,11834.15326,41120,3,0,0,0,0,688,432,0.360638344,0.223252308,0,3069,311.42857139999995,656.1077872999999,430477.4286,0,0,0,1,0,0,0,0,0,320.5882353,195.33333330000002,522.9230769,688,0,0,0,0,0,0,21,4102,13,6798,29200,2081,10,32,0.0,0.0,0,0,0.0,0.0,0,0,BENIGN
389,58251194,27,19,5104,8670,1293,0,189.037037,341.6459573,3069,0,456.31578949999994,774.3691377,236.45867239999998,0.789683384,1294470.978,8673753.923,58200000,1,58300000,2240430.538,11400000.0,58200000,1,64332,3574.0,11186.42385,45688,3,0,0,0,0,880,624,0.463509812,0.32617357199999997,0,3069,293.0638298,565.5483835,319844.9741,0,0,0,1,0,0,0,0,0,299.43478260000006,189.037037,456.31578949999994,880,0,0,0,0,0,0,27,5104,19,8670,29200,2078,16,32,0.0,0.0,0,0,0.0,0.0,0,0,BENIGN
49666,46115502,27,22,7132,4370,1793,0,264.1481481,454.30062089999996,348,0,198.63636359999998,133.18535079999998,249.4172133,1.062549422,960739.625,6479645.659,44900000,3,46100000,1773673.154,8799645.838,44900000,3,1144476,54498.85714,242190.1206,1111150,3,0,0,0,0,564,464,0.5854864160000001,0.477063006,0,1793,230.04,345.36717880000003,119278.4882,0,0,0,1,0,0,0,0,0,234.73469390000002,264.1481481,198.63636359999998,564,0,0,0,0,0,0,27,7132,22,4370,8192,2052,18,20,0.0,0.0,0,0,0.0,0.0,0,0,BENIGN
49666,68,1,1,0,0,0,0,0.0,0.0,0,0,0.0,0.0,0.0,29411.764710000003,68.0,0.0,68,68,0,0.0,0.0,0,0,0,0.0,0.0,0,0,0,0,0,0,20,20,14705.88235,14705.88235,0,0,0.0,0.0,0.0,0,0,0,0,1,1,0,0,1,0.0,0.0,0.0,20,0,0,0,0,0,0,1,0,1,0,254,2052,0,20,0.0,0.0,0,0,0.0,0.0,0,0,BENIGN
443,2929494,9,10,703,3950,267,0,78.11111111,103.30228029999999,1953,0,395.0,712.4845417,1588.328906,6.485761705,162749.6667,289420.3893,878143,3,2058449,257306.125,388742.5759,973276,243,2834390,314932.2222,357172.1116,878143,4,0,0,0,0,296,328,3.072202913,3.413558792,0,1953,232.65,522.4799442,272985.2921,0,0,0,1,0,0,0,0,1,244.89473680000003,78.11111111,395.0,296,0,0,0,0,0,0,9,703,10,3950,29200,252,4,32,0.0,0.0,0,0,0.0,0.0,0,0,BENIGN
443,3047100,9,11,703,3950,267,0,78.11111111,103.30228029999999,1448,0,359.0909091,569.9183195,1527.025697,6.563617866,160373.6842,307466.7296,1072676,4,2145892,268236.5,425961.5334,1167844,192,2951836,295183.6,384676.1944,1072676,4,0,0,0,0,296,360,2.95362804,3.609989826,0,1448,221.5714286,434.4990876,188789.4571,0,0,0,1,0,0,0,0,1,232.65,78.11111111,359.0909091,296,0,0,0,0,0,0,9,703,11,3950,29200,254,4,32,0.0,0.0,0,0,0.0,0.0,0,0,BENIGN
135,14241853,11,6,656,560,168,0,59.63636364,82.78076193,172,0,93.33333333,77.75517132,85.38214796,1.1936648970000001,890115.8125,3507027.835,14000000,1,14200000,1424185.3,4433240.813,14000000,1,615,123.0,156.21139519999997,366,4,0,0,0,0,244,144,0.772371404,0.42129349299999996,0,172,67.55555556,79.70402767,6352.732026,0,0,0,1,0,0,0,0,0,71.52941176,59.63636364,93.33333333,244,0,0,0,0,0,0,11,656,6,560,8192,2052,4,20,0.0,0.0,0,0,0.0,0.0,0,0,BENIGN
135,70,1,1,0,0,0,0,0.0,0.0,0,0,0.0,0.0,0.0,28571.42857,70.0,0.0,70,70,0,0.0,0.0,0,0,0,0.0,0.0,0,0,0,0,0,0,20,20,14285.71429,14285.71429,0,0,0.0,0.0,0.0,0,0,0,0,1,1,0,0,1,0.0,0.0,0.0,20,0,0,0,0,0,0,1,0,1,0,255,2052,0,20,0.0,0.0,0,0,0.0,0.0,0,0,BENIGN
443,60624199,13,11,7510,4897,1957,0,577.6923077,686.8357864,1460,0,445.1818182,562.2139837999999,204.6542504,0.39588151899999996,2635834.739,12500000.0,60000000,31,60600000,5052016.583000001,17300000.0,60000000,231,560751,56075.1,34474.950710000005,112915,48,0,0,0,0,272,232,0.214435823,0.18144569600000002,0,1957,496.28,618.5650410000001,382622.71,0,0,0,1,0,0,0,0,0,516.9583333,577.6923077,445.1818182,272,0,0,0,0,0,0,13,7510,11,4897,8192,513,8,20,0.0,0.0,0,0,0.0,0.0,0,0,BENIGN
443,78051514,16,13,7086,5564,885,0,442.875,411.9708525,1460,0,428.0,489.2076928,162.0724487,0.371549487,2787554.0710000005,14600000.0,77100000,49,78100000,5203434.267,19900000.0,77100000,724,807003,67250.25,34792.77627,119108,49,0,0,0,0,332,272,0.20499282100000002,0.166556667,0,1460,421.66666669999995,439.5613278,193214.1609,0,0,0,1,0,0,0,0,0,436.2068966,442.875,428.0,332,0,0,0,0,0,0,16,7086,13,5564,8192,513,10,20,0.0,0.0,0,0,0.0,0.0,0,0,BENIGN
49666,48875559,11,6,890,912,224,0,80.90909091,112.26081640000001,328,0,152.0,147.8593927,36.86914353,0.347822109,3054722.438,12200000.0,48700000,1,48900000,4887555.9,15400000.0,48700000,1,688,137.6,164.8083736,408,3,0,0,0,0,244,144,0.225061365,0.122760744,0,328,100.11111109999999,124.98700590000001,15621.75163,0,0,0,1,0,0,0,0,0,106.0,80.90909091,152.0,244,0,0,0,0,0,0,11,890,6,912,8192,2052,4,20,0.0,0.0,0,0,0.0,0.0,0,0,BENIGN
135,48876641,11,6,656,560,168,0,59.63636364,82.78076193,172,0,93.33333333,77.75517132,24.87896007,0.347814409,3054790.063,12200000.0,48700000,1,48900000,4887664.1,15400000.0,48700000,1,613,122.6,127.2686136,296,1,0,0,0,0,244,144,0.225056382,0.12275802699999999,0,172,67.55555556,79.70402767,6352.732026,0,0,0,1,0,0,0,0,0,71.52941176,59.63636364,93.33333333,244,0,0,0,0,0,0,11,656,6,560,8192,2052,4,20,0.0,0.0,0,0,0.0,0.0,0,0,BENIGN
49666,39,1,1,0,0,0,0,0.0,0.0,0,0,0.0,0.0,0.0,51282.05128,39.0,0.0,39,39,0,0.0,0.0,0,0,0,0.0,0.0,0,0,0,0,0,0,20,20,25641.02564,25641.02564,0,0,0.0,0.0,0.0,0,0,0,0,1,1,0,0,1,0.0,0.0,0.0,20,0,0,0,0,0,0,1,0,1,0,254,2052,0,20,0.0,0.0,0,0,0.0,0.0,0,0,BENIGN
135,87,1,3,0,0,0,0,0.0,0.0,0,0,0.0,0.0,0.0,45977.01149,29.0,24.57641145,47,1,0,0.0,0.0,0,0,48,24.0,32.52691193,47,1,0,0,0,0,20,60,11494.25287,34482.75862,0,0,0.0,0.0,0.0,0,0,0,0,1,1,0,0,3,0.0,0.0,0.0,20,0,0,0,0,0,0,1,0,3,0,255,2052,0,20,0.0,0.0,0,0,0.0,0.0,0,0,BENIGN
123,86388852,6,6,288,288,48,48,48.0,0.0,48,48,48.0,0.0,6.667526962999999,0.138906812,7853532.0,25600000.0,84900000,3,86400000,17300000.0,37800000.0,84900000,3,86400000,17300000.0,37800000.0,84900000,3,0,0,0,0,144,144,0.069453406,0.069453406,48,48,48.0,0.0,0.0,0,0,0,0,0,0,0,0,1,52.0,48.0,48.0,144,0,0,0,0,0,0,6,288,6,288,-1,-1,5,20,139.0,0.0,139,139,84900000.0,0.0,84900000,84900000,BENIGN
0,343183,2,0,0,0,0,0,0.0,0.0,0,0,0.0,0.0,0.0,5.8277944999999995,343183.0,0.0,343183,343183,343183,343183.0,0.0,343183,343183,0,0.0,0.0,0,0,0,0,0,0,0,0,5.8277944999999995,0.0,0,0,0.0,0.0,0.0,0,0,0,0,0,0,0,0,0,0.0,0.0,0.0,0,0,0,0,0,0,0,2,0,0,0,-1,-1,0,0,0.0,0.0,0,0,0.0,0.0,0,0,BENIGN
137,1614495,27,0,1350,0,50,50,50.0,0.0,0,0,0.0,0.0,836.1747791,16.72349558,62095.96154,219359.7573,807336,1,1614495,62095.96154,219359.7573,807336,1,0,0.0,0.0,0,0,0,0,0,0,864,0,16.72349558,0.0,50,50,50.0,0.0,0.0,0,0,0,0,0,0,0,0,0,51.85185185,50.0,0.0,864,0,0,0,0,0,0,27,1350,0,0,-1,-1,26,32,0.0,0.0,0,0,0.0,0.0,0,0,BENIGN
49666,34239094,19,16,5742,2858,1755,0,302.2105263,523.96889,348,0,178.625,136.5527371,251.1748705,1.02222331,1007032.176,5836701.857999999,34000000,2,34200000,1902171.889,8020434.157000001,34000000,2,3980,265.3333333,421.4667699,1616,3,0,0,0,0,404,344,0.554921225,0.467302085,0,1755,238.88888889999998,393.2588953,154652.5587,0,0,0,1,0,0,0,0,0,245.71428569999998,302.2105263,178.625,404,0,0,0,0,0,0,19,5742,16,2858,8192,2048,12,20,0.0,0.0,0,0,0.0,0.0,0,0,BENIGN
49666,93,1,1,0,0,0,0,0.0,0.0,0,0,0.0,0.0,0.0,21505.37634,93.0,0.0,93,93,0,0.0,0.0,0,0,0,0.0,0.0,0,0,0,0,0,0,20,20,10752.68817,10752.68817,0,0,0.0,0.0,0.0,0,0,0,0,1,1,0,0,1,0.0,0.0,0.0,20,0,0,0,0,0,0,1,0,1,0,251,2048,0,20,0.0,0.0,0,0,0.0,0.0,0,0,BENIGN
80,104952660,5,3,287,241,287,0,57.4,128.3503019,241,0,80.33333333,139.1414149,5.030839619,0.076224843,15000000.0,39600000.0,105000000,46,105000000,26200000.0,52400000.0,105000000,54,38890,19445.0,27113.30242,38617,273,0,0,0,0,112,72,0.047640527,0.028584316000000002,0,287,58.66666667,116.97969909999999,13684.25,0,0,0,1,0,0,0,0,0,66.0,57.4,80.33333333,112,0,0,0,0,0,0,5,287,3,241,8192,946,1,20,0.0,0.0,0,0,0.0,0.0,0,0,BENIGN
443,301305,12,16,5695,17600,3393,0,474.58333330000005,1009.7048589999999,2920,0,1100.0,809.6755728999999,77313.68547000001,92.92909178,11159.444440000001,19811.04936,52218,7,255487,23226.09091,30733.261239999996,86678,52,253896,16926.4,25131.52901,68802,159,0,0,0,0,252,332,39.82675362,53.10233816,0,3393,803.2758621,933.4766390000001,871378.6355,0,0,0,1,0,0,0,0,1,831.9642857000001,474.58333330000005,1100.0,252,0,0,0,0,0,0,12,5695,16,17600,8192,256,5,20,0.0,0.0,0,0,0.0,0.0,0,0,BENIGN
443,409,3,0,85,0,85,0,28.33333333,49.07477288,0,0,0.0,0.0,207823.9609,7334.963325,204.5,221.3244225,361,48,409,204.5,221.3244225,361,48,0,0.0,0.0,0,0,0,0,0,0,60,0,7334.963325,0.0,0,85,21.25,42.5,1806.25,0,0,0,0,1,0,0,0,0,28.33333333,28.33333333,0.0,60,0,0,0,0,0,0,3,85,0,0,256,-1,1,20,0.0,0.0,0,0,0.0,0.0,0,0,BENIGN
443,103906809,9,7,2243,4659,1557,0,249.2222222,503.21386550000005,1460,0,665.5714286,709.4084054,66.42490579999999,0.153984134,6927120.6,26700000.0,103000000,48,104000000,13000000.0,36600000.0,103000000,54,298543,49757.16667,54250.1028,106353,48,0,0,0,0,192,152,0.086616075,0.06736805900000001,0,1557,406.0,607.4046221,368940.375,0,0,0,1,0,0,0,0,0,431.375,249.2222222,665.5714286,192,0,0,0,0,0,0,9,2243,7,4659,8192,513,4,20,0.0,0.0,0,0,0.0,0.0,0,0,BENIGN
443,336188,9,9,2907,6525,1829,0,323.0,608.3648165,1460,0,725.0,709.9382015,28055.73072,53.54147084,19775.76471,27336.165339999996,66029,15,336188,42023.5,43682.49649,119684,15,272124,34015.5,34008.15892,84599,44,0,0,0,0,192,192,26.77073542,26.77073542,0,1829,496.42105260000005,665.8454372,443350.1462,0,0,0,1,0,0,0,0,1,524.0,323.0,725.0,192,0,0,0,0,0,0,9,2907,9,6525,8192,510,4,20,0.0,0.0,0,0,0.0,0.0,0,0,BENIGN
26654,80394,15,6,20514,0,2896,0,1367.6,1152.338232,0,0,0.0,0.0,255168.2961,261.21352340000004,4019.7,17439.68857,78092,1,80394,5742.428571,20829.41618,78092,2,78344,15668.8,35032.0298,78336,1,0,0,0,0,496,208,186.58108810000002,74.63243526,0,2896,932.4545455,1144.696705,1310330.545,0,0,0,1,0,0,0,0,0,976.8571429,1367.6,0.0,496,0,0,0,0,0,0,15,20514,6,0,29200,362,10,32,0.0,0.0,0,0,0.0,0.0,0,0,BENIGN
37065,19,3,0,0,0,0,0,0.0,0.0,0,0,0.0,0.0,0.0,157894.7368,9.5,7.778174592999999,15,4,19,9.5,7.778174592999999,15,4,0,0.0,0.0,0,0,0,0,0,0,96,0,157894.7368,0.0,0,0,0.0,0.0,0.0,0,0,0,0,1,0,0,0,0,0.0,0.0,0.0,96,0,0,0,0,0,0,3,0,0,0,395,-1,0,32,0.0,0.0,0,0,0.0,0.0,0,0,BENIGN
37065,31,1,1,0,0,0,0,0.0,0.0,0,0,0.0,0.0,0.0,64516.12903,31.0,0.0,31,31,0,0.0,0.0,0,0,0,0.0,0.0,0,0,0,0,0,0,32,32,32258.06452,32258.06452,0,0,0.0,0.0,0.0,0,0,0,0,1,1,0,0,1,0.0,0.0,0.0,32,0,0,0,0,0,0,1,0,1,0,395,229,0,32,0.0,0.0,0,0,0.0,0.0,0,0,BENIGN
21,396124,24,24,176,424,43,0,7.333333333,12.00241522,51,0,17.66666667,16.31128355,1514.677222,121.1741778,8428.170213,30903.24617,192143,1,396097,17221.6087,46220.78209,192143,1,395992,17217.04348,44591.79293,192309,1,0,0,0,0,784,784,60.58708889,60.58708889,0,51,12.24489796,15.04649823,226.3971088,0,0,0,1,0,0,0,0,1,12.5,7.333333333,17.66666667,784,0,0,0,0,0,0,24,176,24,424,29200,227,12,32,0.0,0.0,0,0,0.0,0.0,0,0,BENIGN
49810,1,2,0,14,0,14,0,7.0,9.899494937,0,0,0.0,0.0,14000000.0,2000000.0,1.0,0.0,1,1,1,1.0,0.0,1,1,0,0.0,0.0,0,0,1,0,0,0,64,0,2000000.0,0.0,0,14,9.333333332999999,8.082903769,65.33333333,0,1,0,0,1,0,0,0,0,14.0,7.0,0.0,64,0,0,0,0,0,0,2,14,0,0,227,-1,0,32,0.0,0.0,0,0,0.0,0.0,0,0,BENIGN
21,48,2,0,0,0,0,0,0.0,0.0,0,0,0.0,0.0,0.0,41666.66667,48.0,0.0,48,48,48,48.0,0.0,48,48,0,0.0,0.0,0,0,0,0,0,0,64,0,41666.66667,0.0,0,0,0.0,0.0,0.0,0,0,0,0,1,1,0,0,0,0.0,0.0,0.0,64,0,0,0,0,0,0,2,0,0,0,229,-1,0,32,0.0,0.0,0,0,0.0,0.0,0,0,BENIGN
123,66256513,6,6,288,288,48,48,48.0,0.0,48,48,48.0,0.0,8.693484971,0.18111427,6023319.364,19300000.0,64300000,3,66300000,13300000.0,28500000.0,64300000,3,66300000,13300000.0,28500000.0,64300000,3,0,0,0,0,168,168,0.090557135,0.090557135,48,48,48.0,0.0,0.0,0,0,0,0,0,0,0,0,1,52.0,48.0,48.0,168,0,0,0,0,0,0,6,288,6,288,-1,-1,5,20,1998423.0,0.0,1998423,1998423,64300000.0,0.0,64300000,64300000,BENIGN
123,79999626,6,6,288,288,48,48,48.0,0.0,48,48,48.0,0.0,7.20003366,0.150000701,7272693.272999999,19400000.0,64000000,2,80000000,16000000.0,27700000.0,64000000,3,80000000,16000000.0,27700000.0,64000000,2,0,0,0,0,-1073741218,-1073741218,0.07500035099999999,0.07500035099999999,48,48,48.0,0.0,0.0,0,0,0,0,0,0,0,0,1,52.0,48.0,48.0,-1073741218,0,0,0,0,0,0,6,288,6,288,-1,-1,5,-536870661,104.0,2.828427125,106,102,40000000.0,34000000.0,64000000,16000000,BENIGN
5353,89801855,215,0,28468,0,292,39,132.4093023,90.01770286,0,0,0.0,0.0,317.0090417,2.3941598980000003,419634.8364,2909229.0519999997,32000000,0,89800000,419634.8364,2909229.0519999997,32000000,0,0,0.0,0.0,0,0,0,0,0,0,3318,0,2.3941598980000003,0.0,39,292,133.0555556,90.3089615,8155.708527,0,0,0,0,0,0,0,0,0,133.6744186,132.4093023,0.0,3318,0,0,0,0,0,0,215,28468,0,0,-1,-1,214,0,3022883.75,3577148.203,7004138,13,19400000.0,10100000.0,32000000,8000740,BENIGN
445,111451193,202,190,42254,54958,3085,0,209.1782178,368.3632588,3254,0,289.25263160000003,466.7565212,872.2383079,3.51723467,285041.4143,2710464.663,30000000,0,111000000,554483.5025,3765076.5739999996,30000000,1,111000000,589688.4921,3884086.2210000004,30000000,1,0,0,0,0,4064,3896,1.812452559,1.70478211,0,3254,247.3587786,419.9701228999999,176374.9041,0,0,0,1,0,0,0,0,0,247.98979590000002,209.1782178,289.25263160000003,4064,0,0,0,0,0,0,202,42254,190,54958,8192,2047,182,20,309848.2,632361.1926,1439956,59,22000000.0,11000000.0,30000000,9623821,BENIGN
22,2531148,47,42,2664,6954,456,0,56.68085106,104.7674664,976,0,165.5714286,320.4037958,3799.8568240000004,35.16191072,28763.04545,152913.5734,1057510,0,2531148,55024.95652000001,213993.7671,1057510,1,1576224,38444.4878,174826.4897,1093569,1,0,0,0,0,1520,1360,18.56864948,16.59326124,0,976,106.86666670000001,236.74872659999997,56049.95955,0,0,0,1,0,0,0,0,0,108.06741570000001,56.68085106,165.5714286,1520,0,0,0,0,0,0,47,2664,42,6954,29200,243,24,32,0.0,0.0,0,0,0.0,0.0,0,0,BENIGN
22,167,1,1,0,0,0,0,0.0,0.0,0,0,0.0,0.0,0.0,11976.0479,167.0,0.0,167,167,0,0.0,0.0,0,0,0,0.0,0.0,0,0,0,0,0,0,32,32,5988.0239520000005,5988.0239520000005,0,0,0.0,0.0,0.0,0,0,0,0,1,1,0,0,1,0.0,0.0,0.0,32,0,0,0,0,0,0,1,0,1,0,290,243,0,32,0.0,0.0,0,0,0.0,0.0,0,0,BENIGN
123,66094190,2,2,96,96,48,48,48.0,0.0,48,48,48.0,0.0,2.9049452000000002,0.060519692,22000000.0,38000000.0,65900000,94250,66000000,66000000.0,0.0,66000000,66000000,66000000,66000000.0,0.0,66000000,66000000,0,0,0,0,52,52,0.030259846,0.030259846,48,48,48.0,0.0,0.0,0,0,0,0,0,0,0,0,1,60.0,48.0,48.0,52,0,0,0,0,0,0,2,96,2,96,-1,-1,1,20,94271.0,0.0,94271,94271,65900000.0,0.0,65900000,65900000,BENIGN
22,1311995,41,42,2728,6634,456,0,66.53658537,110.12994540000001,976,0,157.952381,319.1214275,7135.697926000001,63.26243621,15999.939019999998,105972.70599999999,955542,1,1311995,32799.875,159024.3343,997364,1,356348,8691.414634,20251.35026,97681,1,0,0,0,0,1328,1360,31.25011909,32.01231712,0,976,111.452381,241.64279150000002,58391.238670000006,0,0,0,1,0,0,0,0,1,112.7951807,66.53658537,157.952381,1328,0,0,0,0,0,0,41,2728,42,6634,29200,243,24,32,0.0,0.0,0,0,0.0,0.0,0,0,BENIGN
22,134,1,1,0,0,0,0,0.0,0.0,0,0,0.0,0.0,0.0,14925.373130000002,134.0,0.0,134,134,0,0.0,0.0,0,0,0,0.0,0.0,0,0,0,0,0,0,32,32,7462.686567,7462.686567,0,0,0.0,0.0,0.0,0,0,0,0,1,1,0,0,1,0.0,0.0,0.0,32,0,0,0,0,0,0,1,0,1,0,290,243,0,32,0.0,0.0,0,0,0.0,0.0,0,0,BENIGN
123,16485,1,1,48,48,48,48,48.0,0.0,48,48,48.0,0.0,5823.475887,121.32241429999999,16485.0,0.0,16485,16485,0,0.0,0.0,0,0,0,0.0,0.0,0,0,0,0,0,0,20,20,60.66120716,60.66120716,48,48,48.0,0.0,0.0,0,0,0,0,0,0,0,0,1,72.0,48.0,48.0,20,0,0,0,0,0,0,1,48,1,48,-1,-1,0,20,0.0,0.0,0,0,0.0,0.0,0,0,BENIGN
5353,87434104,235,0,29021,0,221,45,123.49361699999999,65.74155369,0,0,0.0,0.0,331.91853829999997,2.6877384139999996,373650.0171,2696031.535,32000000,1,87400000,373650.0171,2696031.535,32000000,1,0,0.0,0.0,0,0,0,0,0,0,-9663668122,0,2.6877384139999996,0.0,45,221,123.8644068,65.8483642,4336.007068,0,0,0,0,0,0,0,0,0,124.39148940000001,123.49361699999999,0.0,-9663668122,0,0,0,0,0,0,235,29021,0,0,-1,-1,234,-536870661,3141653.5,3674923.703,7002887,15,18700000.0,9979773.872000001,32000000,8001331,BENIGN
123,73016131,9,9,432,432,48,48,48.0,0.0,48,48,48.0,0.0,11.83300167,0.246520868,4295066.529,13900000.0,58000000,16148,73000000,9124989.0,19800000.0,58000000,1999904,73000000,9124983.75,19800000.0,58000000,1999816,0,0,0,0,204,204,0.123260434,0.123260434,48,48,48.0,0.0,0.0,0,0,0,0,0,0,0,0,1,50.66666667,48.0,48.0,204,0,0,0,0,0,0,9,432,9,432,-1,-1,8,20,15000000.0,0.0,15000000,15000000,58000000.0,0.0,58000000,58000000,BENIGN
123,83014424,14,14,672,672,48,48,48.0,0.0,48,48,48.0,0.0,16.18995754,0.337290782,3074608.296,12900000.0,67000000,1,83000000,6385713.307999999,18400000.0,67000000,3,83000000,6385718.692000001,18400000.0,67000000,1,0,0,0,0,276,276,0.168645391,0.168645391,48,48,48.0,0.0,0.0,0,0,0,0,0,0,0,0,1,49.71428571,48.0,48.0,276,0,0,0,0,0,0,14,672,14,672,-1,-1,13,0,3507341.0,4959959.504,7014562,120,38000000.0,41000000.0,67000000,8999855,BENIGN
123,87016389,14,14,672,672,48,48,48.0,0.0,48,48,48.0,0.0,15.44536627,0.321778464,3222829.222,13300000.0,69000000,2,87000000,6693560.615,19000000.0,69000000,3,87000000,6693560.307999999,19000000.0,69000000,2,0,0,0,0,-1073740992,-1073740992,0.160889232,0.160889232,48,48,48.0,0.0,0.0,0,0,0,0,0,0,0,0,1,49.71428571,48.0,48.0,-1073740992,0,0,0,0,0,0,14,672,14,672,-1,-1,13,-536870660,3508319.0,4961353.919,7016526,112,40000000.0,41000000.0,69000000,11000000,BENIGN
5353,88491785,270,0,34674,0,219,45,128.4222222,64.17222027,0,0,0.0,0.0,391.83298199999996,3.0511306780000003,328965.7435,2565645.523,32000000,1,88500000,328965.7435,2565645.523,32000000,1,0,0.0,0.0,0,0,0,0,0,0,4644,0,3.0511306780000003,0.0,45,219,128.7195572,64.24002117,4126.78032,0,0,0,0,0,0,0,0,0,129.1962963,128.4222222,0.0,4644,0,0,0,0,0,0,270,34674,0,0,-1,-1,269,0,2975340.0,3435857.035,6001247,15,19100000.0,10000000.0,32000000,8002622,BENIGN
123,64094119,2,2,96,96,48,48,48.0,0.0,48,48,48.0,0.0,2.99559465,0.062408222,21400000.0,36800000.0,63900000,94180,64000000,64000000.0,0.0,64000000,64000000,64000000,64000000.0,0.0,64000000,64000000,0,0,0,0,40,40,0.031204111,0.031204111,48,48,48.0,0.0,0.0,0,0,0,0,0,0,0,0,1,60.0,48.0,48.0,40,0,0,0,0,0,0,2,96,2,96,-1,-1,1,20,94311.0,0.0,94311,94311,63900000.0,0.0,63900000,63900000,BENIGN
123,67016429,7,7,336,336,48,48,48.0,0.0,48,48,48.0,0.0,10.02739194,0.20890399899999998,5155109.923,15600000.0,57000000,16466,67000000,11200000.0,22500000.0,57000000,1999952,67000000,11200000.0,22500000.0,57000000,1999847,0,0,0,0,140,140,0.104451999,0.104451999,48,48,48.0,0.0,0.0,0,0,0,0,0,0,0,0,1,51.42857143,48.0,48.0,140,0,0,0,0,0,0,7,336,7,336,-1,-1,6,20,10000000.0,0.0,10000000,10000000,57000000.0,0.0,57000000,57000000,BENIGN
123,69027645,7,7,336,336,48,48,48.0,0.0,48,48,48.0,0.0,9.735229993999999,0.20281729199999998,5309818.846,16200000.0,59000000,27658,69000000,11500000.0,23300000.0,59000000,1999943,69000000,11500000.0,23300000.0,59000000,1999564,0,0,0,0,152,152,0.10140864599999999,0.10140864599999999,48,48,48.0,0.0,0.0,0,0,0,0,0,0,0,0,1,51.42857143,48.0,48.0,152,0,0,0,0,0,0,7,336,7,336,-1,-1,6,20,10000000.0,0.0,10000000,10000000,59000000.0,0.0,59000000,59000000,BENIGN
123,15042791,7,7,336,336,48,48,48.0,0.0,48,48,48.0,0.0,44.6725611,0.9306783559999999,1157137.769,1481802.642,4958706,41354,15000000,2499995.833,1224776.307,5000060,1999941,15000000,2499974.5,1225502.37,5001520,1999042,0,0,0,0,176,176,0.46533917799999996,0.46533917799999996,48,48,48.0,0.0,0.0,0,0,0,0,0,0,0,0,1,51.42857143,48.0,48.0,176,0,0,0,0,0,0,7,336,7,336,-1,-1,6,20,0.0,0.0,0,0,0.0,0.0,0,0,BENIGN
123,76016152,8,8,384,384,48,48,48.0,0.0,48,48,48.0,0.0,10.10311598,0.210481583,5067743.467,14800000.0,58000000,16045,76000000,10900000.0,20900000.0,58000000,1999949,76000000,10900000.0,20900000.0,58000000,1999764,0,0,0,0,184,184,0.105240791,0.105240791,48,48,48.0,0.0,0.0,0,0,0,0,0,0,0,0,1,51.0,48.0,48.0,184,0,0,0,0,0,0,8,384,8,384,-1,-1,7,20,5016224.0,7070926.391,10000000,16324,33000000.0,35400000.0,58000000,7983655,BENIGN
123,66021966,7,7,336,336,48,48,48.0,0.0,48,48,48.0,0.0,10.17843062,0.212050638,5078612.768999999,15300000.0,56000000,22006,66000000,11000000.0,22000000.0,56000000,1999896,66000000,11000000.0,22000000.0,56000000,1999801,0,0,0,0,164,164,0.106025319,0.106025319,48,48,48.0,0.0,0.0,0,0,0,0,0,0,0,0,1,51.42857143,48.0,48.0,164,0,0,0,0,0,0,7,336,7,336,-1,-1,6,20,10000000.0,0.0,10000000,10000000,56000000.0,0.0,56000000,56000000,BENIGN
123,64412706,4,4,192,192,48,48,48.0,0.0,48,48,48.0,0.0,5.961556715,0.12419909800000001,9201815.143,24300000.0,64400000,3,64400000,21500000.0,37200000.0,64400000,3,64400000,21500000.0,37200000.0,64400000,3,0,0,0,0,80,80,0.062099549000000004,0.062099549000000004,48,48,48.0,0.0,0.0,0,0,0,0,0,0,0,0,1,54.0,48.0,48.0,80,0,0,0,0,0,0,4,192,4,192,-1,-1,3,20,133.0,0.0,133,133,64400000.0,0.0,64400000,64400000,BENIGN
5353,63757117,242,0,19426,0,153,37,80.27272727,44.28575635,0,0,0.0,0.0,304.68755350000004,3.795654687,264552.3527,2328976.09,32000000,1,63800000,264552.3527,2328976.09,32000000,1,0,0.0,0.0,0,0,0,0,0,0,5356,0,3.795654687,0.0,37,153,80.33333333,44.20425917,1954.016529,0,0,0,0,0,0,0,0,0,80.66528926,80.27272727,0.0,5356,0,0,0,0,0,0,242,19426,0,0,-1,-1,241,20,7876780.5,11100000.0,15800000,14,24000000.0,11300000.0,32000000,16000000,BENIGN
123,67059625,7,7,336,336,48,48,48.0,0.0,48,48,48.0,0.0,10.02093286,0.208769435,5158432.692,15600000.0,56900000,50347,67000000,11200000.0,22500000.0,57000000,1999872,67000000,11200000.0,22500000.0,57000000,1986820,0,0,0,0,152,152,0.10438471699999999,0.10438471699999999,48,48,48.0,0.0,0.0,0,0,0,0,0,0,0,0,1,51.42857143,48.0,48.0,152,0,0,0,0,0,0,7,336,7,336,-1,-1,6,20,10100000.0,0.0,10100000,10100000,56900000.0,0.0,56900000,56900000,BENIGN
80,335487,3,4,228,128,228,0,76.0,131.6358614,128,0,32.0,64.0,1061.143949,20.86519001,55914.5,64050.90232000001,147015,4,241077,120538.5,37443.42538,147015,94062,241486,80495.33333,138999.5939,240998,4,0,0,0,0,104,136,8.942224289,11.92296572,0,228,44.5,86.62398216,7503.714286,0,0,0,1,0,0,0,0,1,50.85714286,76.0,32.0,104,0,0,0,0,0,0,3,228,4,128,29200,235,1,32,0.0,0.0,0,0,0.0,0.0,0,0,BENIGN
123,67022566,7,7,336,336,48,48,48.0,0.0,48,48,48.0,0.0,10.02647377,0.20888487,5155582.0,15600000.0,57000000,22538,67000000,11200000.0,22500000.0,57000000,1999909,67000000,11200000.0,22500000.0,57000000,1999888,0,0,0,0,152,152,0.104442435,0.104442435,48,48,48.0,0.0,0.0,0,0,0,0,0,0,0,0,1,51.42857143,48.0,48.0,152,0,0,0,0,0,0,7,336,7,336,-1,-1,6,20,10000000.0,0.0,10000000,10000000,57000000.0,0.0,57000000,57000000,BENIGN
123,77015818,9,9,432,432,48,48,48.0,0.0,48,48,48.0,0.0,11.21847463,0.233718221,4530342.235,13900000.0,58000000,15875,77000000,9624988.5,19600000.0,58000000,1999950,77000000,9624962.375,19600000.0,58000000,1999756,0,0,0,0,160,160,0.116859111,0.116859111,48,48,48.0,0.0,0.0,0,0,0,0,0,0,0,0,1,50.66666667,48.0,48.0,160,0,0,0,0,0,0,9,432,9,432,-1,-1,8,0,6015923.0,5656922.132,10000000,2015875,32500000.0,36100000.0,58000000,6984108,BENIGN
80,707792,3,0,0,0,0,0,0.0,0.0,0,0,0.0,0.0,0.0,4.238533353999999,353896.0,447896.9916,670607,37185,707792,353896.0,447896.9916,670607,37185,0,0.0,0.0,0,0,0,0,0,0,96,0,4.238533353999999,0.0,0,0,0.0,0.0,0.0,0,0,0,0,1,0,0,0,0,0.0,0.0,0.0,96,0,0,0,0,0,0,3,0,0,0,237,-1,0,32,0.0,0.0,0,0,0.0,0.0,0,0,BENIGN
123,79022373,8,8,384,384,48,48,48.0,0.0,48,48,48.0,0.0,9.718766608,0.202474304,5268158.2,14600000.0,57000000,22191,79000000,11300000.0,20500000.0,57000000,1999850,79000000,11300000.0,20500000.0,57000000,1999705,0,0,0,0,208,208,0.101237152,0.101237152,48,48,48.0,0.0,0.0,0,0,0,0,0,0,0,0,1,51.0,48.0,48.0,208,0,0,0,0,0,0,8,384,8,384,-1,-1,7,20,5022396.5,7070816.789,10000000,22574,34500000.0,31800000.0,57000000,12000000,BENIGN
123,66093101,7,7,336,336,48,48,48.0,0.0,48,48,48.0,0.0,10.16747572,0.21182241100000002,5084084.692,15300000.0,55900000,92973,66000000,11000000.0,22000000.0,56000000,1999925,66000000,11000000.0,22000000.0,56000000,1984730,0,0,0,0,144,132,0.105911205,0.105911205,48,48,48.0,0.0,0.0,0,0,0,0,0,0,0,0,1,51.42857143,48.0,48.0,144,0,0,0,0,0,0,7,336,7,336,-1,-1,6,0,10100000.0,0.0,10100000,10100000,55900000.0,0.0,55900000,55900000,BENIGN
123,67027685,7,7,336,336,48,48,48.0,0.0,48,48,48.0,0.0,10.02570803,0.208868917,5155975.768999999,15600000.0,57000000,27706,67000000,11200000.0,22500000.0,57000000,1999883,67000000,11200000.0,22500000.0,57000000,1999677,0,0,0,0,132,132,0.10443445900000001,0.10443445900000001,48,48,48.0,0.0,0.0,0,0,0,0,0,0,0,0,1,51.42857143,48.0,48.0,132,0,0,0,0,0,0,7,336,7,336,-1,-1,6,0,10000000.0,0.0,10000000,10000000,57000000.0,0.0,57000000,57000000,BENIGN
123,67071862,7,7,336,336,48,48,48.0,0.0,48,48,48.0,0.0,10.01910458,0.208731345,5159374.0,15600000.0,56900000,71960,67000000,11200000.0,22500000.0,57000000,1999890,67000000,11200000.0,22500000.0,57000000,1999591,0,0,0,0,188,188,0.104365673,0.104365673,48,48,48.0,0.0,0.0,0,0,0,0,0,0,0,0,1,51.42857143,48.0,48.0,188,0,0,0,0,0,0,7,336,7,336,-1,-1,6,20,10100000.0,0.0,10100000,10100000,56900000.0,0.0,56900000,56900000,BENIGN
443,2583611,2,2,0,0,0,0,0.0,0.0,0,0,0.0,0.0,0.0,1.548220688,861203.6667,1329216.3,2392069,92,191542,191542.0,0.0,191542,191542,2392161,2392161.0,0.0,2392161,2392161,0,0,0,0,72,72,0.774110344,0.774110344,0,0,0.0,0.0,0.0,0,0,0,1,0,0,0,0,1,0.0,0.0,0.0,72,0,0,0,0,0,0,2,0,2,0,29200,227,0,32,0.0,0.0,0,0,0.0,0.0,0,0,BENIGN
443,240203,3,0,188,0,188,0,62.66666667,108.5418506,0,0,0.0,0.0,782.6713238,12.48943602,120101.5,169822.3001,240184,19,240203,120101.5,169822.3001,240184,19,0,0.0,0.0,0,0,0,0,0,0,96,0,12.48943602,0.0,0,188,47.0,94.0,8836.0,0,0,0,0,1,0,0,0,0,62.66666667,62.66666667,0.0,96,0,0,0,0,0,0,3,188,0,0,229,-1,1,32,0.0,0.0,0,0,0.0,0.0,0,0,BENIGN
443,6552217,9,6,679,6068,517,0,75.44444444,174.03527739999998,2576,0,1011.333333,964.9817960000001,1029.727801,2.289301468,468015.5,1665239.366,6250720,0,6552217,819027.125,2195782.749,6250720,0,152417,30483.4,66360.93435,149176,59,0,0,0,0,296,200,1.3735808809999999,0.915720587,0,2576,421.6875,741.2209494,549408.4958,0,0,0,1,0,0,0,0,0,449.8,75.44444444,1011.333333,296,0,0,0,0,0,0,9,679,6,6068,29200,122,2,32,301313.0,0.0,301313,301313,6250720.0,0.0,6250720,6250720,BENIGN
80,5088178,3,1,0,0,0,0,0.0,0.0,0,0,0.0,0.0,0.0,0.78613602,1696059.333,2904799.0330000003,5050161,63,5088178,2544089.0,3544121.0110000004,5050161,38017,0,0.0,0.0,0,0,0,0,0,0,104,40,0.589602015,0.196534005,0,0,0.0,0.0,0.0,0,0,0,1,0,0,0,0,0,0.0,0.0,0.0,104,0,0,0,0,0,0,3,0,1,0,29200,42408,0,32,0.0,0.0,0,0,0.0,0.0,0,0,BENIGN
43970,249,2,1,258,0,258,0,129.0,182.4335495,0,0,0.0,0.0,1036144.578,12048.19277,124.5,84.14570696,184,65,249,249.0,0.0,249,249,0,0.0,0.0,0,0,1,0,0,0,64,20,8032.128514,4016.064257,0,258,129.0,148.9563695,22188.0,0,1,0,0,1,0,0,0,0,172.0,129.0,0.0,64,0,0,0,0,0,0,2,258,1,0,130,0,0,32,0.0,0.0,0,0,0.0,0.0,0,0,BENIGN
123,66094126,2,2,96,96,48,48,48.0,0.0,48,48,48.0,0.0,2.9049480130000003,0.06051975,22000000.0,38000000.0,65900000,94120,66000000,66000000.0,0.0,66000000,66000000,66000000,66000000.0,0.0,66000000,66000000,0,0,0,0,52,52,0.030259875,0.030259875,48,48,48.0,0.0,0.0,0,0,0,0,0,0,0,0,1,60.0,48.0,48.0,52,0,0,0,0,0,0,2,96,2,96,-1,-1,1,20,94120.0,0.0,94120,94120,65900000.0,0.0,65900000,65900000,BENIGN
123,67016042,7,7,336,336,48,48,48.0,0.0,48,48,48.0,0.0,10.02744985,0.208905205,5155080.154,15600000.0,57000000,16153,67000000,11200000.0,22500000.0,57000000,1999904,67000000,11200000.0,22500000.0,57000000,1999750,0,0,0,0,156,156,0.104452603,0.104452603,48,48,48.0,0.0,0.0,0,0,0,0,0,0,0,0,1,51.42857143,48.0,48.0,156,0,0,0,0,0,0,7,336,7,336,-1,-1,6,0,10000000.0,0.0,10000000,10000000,57000000.0,0.0,57000000,57000000,BENIGN
80,4173566,5,5,444,1870,444,0,88.8,198.5628364,1637,0,374.0,713.2106982,554.4419329,2.396032553,463729.5556,1326858.613,4000156,2,173410,43352.5,60807.82915,133473,53,4153933,1038483.25,1975765.664,4000158,72,0,0,0,0,120,112,1.198016277,1.198016277,0,1637,210.36363640000002,494.41000650000007,244441.2545,0,0,0,1,0,0,0,0,1,231.4,88.8,374.0,120,0,0,0,0,0,0,5,444,5,1870,29200,30,1,20,0.0,0.0,0,0,0.0,0.0,0,0,BENIGN
80,4039043,5,5,444,1870,444,0,88.8,198.5628364,1637,0,374.0,713.2106982,572.9079883999999,2.475834003,448782.5556,1331393.145,3999092,17,39951,9987.75,11404.3737,20075,53,4019428,1004857.0,1996202.626,3999128,65,0,0,0,0,120,112,1.237917002,1.237917002,0,1637,210.36363640000002,494.41000650000007,244441.2545,0,0,0,1,0,0,0,0,1,231.4,88.8,374.0,120,0,0,0,0,0,0,5,444,5,1870,29200,30,1,20,0.0,0.0,0,0,0.0,0.0,0,0,BENIGN
80,4040355,5,5,444,1870,444,0,88.8,198.5628364,1637,0,374.0,713.2106982,572.7219514,2.475030041,448928.3333,1331714.074,4000094,39,40261,10065.25,11346.13859,20047,158,4020673,1005168.25,1996694.6809999999,4000178,277,0,0,0,0,120,112,1.23751502,1.23751502,0,1637,210.36363640000002,494.41000650000007,244441.2545,0,0,0,1,0,0,0,0,1,231.4,88.8,374.0,120,0,0,0,0,0,0,5,444,5,1870,29200,30,1,20,0.0,0.0,0,0,0.0,0.0,0,0,BENIGN
80,4040786,6,6,444,1870,444,0,74.0,181.262241,1460,0,311.6666667,571.7344372,572.6608635,2.969719258,367344.1818,1205011.4409999999,4000513,38,40273,8054.6,10746.88082,19863,113,4021050,804210.0,1786829.985,4000552,49,0,0,0,0,140,132,1.484859629,1.484859629,0,1460,178.0,408.49949,166871.8333,0,0,0,1,0,0,0,0,1,192.83333330000002,74.0,311.6666667,140,0,0,0,0,0,0,6,444,6,1870,29200,30,1,20,0.0,0.0,0,0,0.0,0.0,0,0,BENIGN
53,66230,1,1,50,162,50,50,50.0,0.0,162,162,162.0,0.0,3200.966329,30.19779556,66230.0,0.0,66230,66230,0,0.0,0.0,0,0,0,0.0,0.0,0,0,0,0,0,0,20,20,15.09889778,15.09889778,50,162,87.33333333,64.66323015,4181.333333,0,0,0,0,0,0,0,0,1,131.0,50.0,162.0,20,0,0,0,0,0,0,1,50,1,162,-1,-1,0,20,0.0,0.0,0,0,0.0,0.0,0,0,BENIGN
80,47366,3,4,438,860,438,0,146.0,252.8794179,860,0,215.0,430.0,27403.62285,147.7853313,7894.333333,11874.117629999999,23233,4,23596,11798.0,16288.91181,23316,280,24155,8051.666667,13483.434659999999,23618,4,0,0,0,0,104,136,63.33657054,84.44876071,0,860,162.25,320.9012977,102977.6429,0,0,0,1,0,0,0,0,1,185.4285714,146.0,215.0,104,0,0,0,0,0,0,3,438,4,860,29200,31,1,32,0.0,0.0,0,0,0.0,0.0,0,0,BENIGN
80,47337,3,4,438,860,438,0,146.0,252.8794179,860,0,215.0,430.0,27420.411089999998,147.8758688,7889.5,11829.4832,23184,2,23636,11818.0,16175.774730000001,23256,380,24153,8051.0,13456.649319999999,23586,2,0,0,0,0,104,136,63.37537233,84.50049644,0,860,162.25,320.9012977,102977.6429,0,0,0,1,0,0,0,0,1,185.4285714,146.0,215.0,104,0,0,0,0,0,0,3,438,4,860,29200,31,1,32,0.0,0.0,0,0,0.0,0.0,0,0,BENIGN
80,104,2,0,0,0,0,0,0.0,0.0,0,0,0.0,0.0,0.0,19230.76923,104.0,0.0,104,104,104,104.0,0.0,104,104,0,0.0,0.0,0,0,0,0,0,0,64,0,19230.76923,0.0,0,0,0.0,0.0,0.0,0,0,0,0,1,0,0,0,0,0.0,0.0,0.0,64,0,0,0,0,0,0,2,0,0,0,242,-1,0,32,0.0,0.0,0,0,0.0,0.0,0,0,BENIGN
80,188,2,0,0,0,0,0,0.0,0.0,0,0,0.0,0.0,0.0,10638.29787,188.0,0.0,188,188,188,188.0,0.0,188,188,0,0.0,0.0,0,0,0,0,0,0,64,0,10638.29787,0.0,0,0,0.0,0.0,0.0,0,0,0,0,1,0,0,0,0,0.0,0.0,0.0,64,0,0,0,0,0,0,2,0,0,0,242,-1,0,32,0.0,0.0,0,0,0.0,0.0,0,0,BENIGN
80,66821,3,4,437,859,437,0,145.66666669999998,252.3020676,859,0,214.75,429.5,19395.10034,104.7574864,11136.83333,12054.90153,23217,2,43114,21557.0,2402.748842,23256,19858,43604,14534.666669999999,24716.326269999998,43073,2,0,0,0,0,104,136,44.89606561,59.86142081,0,859,162.0,320.4679614,102699.7143,0,0,0,1,0,0,0,0,1,185.1428571,145.66666669999998,214.75,104,0,0,0,0,0,0,3,437,4,859,29200,31,1,32,0.0,0.0,0,0,0.0,0.0,0,0,BENIGN
80,66861,3,4,438,860,438,0,146.0,252.8794179,860,0,215.0,430.0,19413.40991,104.6948146,11143.5,12032.38837,23197,4,43156,21578.0,2289.611757,23197,19959,43602,14534.0,24670.40889,43019,4,0,0,0,0,104,136,44.86920626,59.82560835,0,860,162.25,320.9012977,102977.6429,0,0,0,1,0,0,0,0,1,185.4285714,146.0,215.0,104,0,0,0,0,0,0,3,438,4,860,29200,31,1,32,0.0,0.0,0,0,0.0,0.0,0,0,BENIGN
80,144,2,0,0,0,0,0,0.0,0.0,0,0,0.0,0.0,0.0,13888.88889,144.0,0.0,144,144,144,144.0,0.0,144,144,0,0.0,0.0,0,0,0,0,0,0,64,0,13888.88889,0.0,0,0,0.0,0.0,0.0,0,0,0,0,1,0,0,0,0,0.0,0.0,0.0,64,0,0,0,0,0,0,2,0,0,0,242,-1,0,32,0.0,0.0,0,0,0.0,0.0,0,0,BENIGN
80,163,2,0,0,0,0,0,0.0,0.0,0,0,0.0,0.0,0.0,12269.93865,163.0,0.0,163,163,163,163.0,0.0,163,163,0,0.0,0.0,0,0,0,0,0,0,64,0,12269.93865,0.0,0,0,0.0,0.0,0.0,0,0,0,0,1,0,0,0,0,0.0,0.0,0.0,64,0,0,0,0,0,0,2,0,0,0,242,-1,0,32,0.0,0.0,0,0,0.0,0.0,0,0,BENIGN
443,5265834,7,4,635,168,517,0,90.71428571,190.7072051,168,0,42.0,84.0,152.49246369999997,2.088937859,526583.4,1418488.1709999999,4532089,3,5265834,877639.0,1841302.971,4608385,3,697394,232464.6667,365566.7033,653871,512,0,0,0,0,232,136,1.329324092,0.759613767,0,517,66.91666667,150.8487854,22755.35606,0,0,0,1,0,0,0,0,0,73.0,90.71428571,42.0,232,0,0,0,0,0,0,7,635,4,168,29200,340,3,32,0.0,0.0,0,0,0.0,0.0,0,0,BENIGN
39446,205,2,0,0,0,0,0,0.0,0.0,0,0,0.0,0.0,0.0,9756.097561,205.0,0.0,205,205,205,205.0,0.0,205,205,0,0.0,0.0,0,0,0,0,0,0,64,0,9756.097561,0.0,0,0,0.0,0.0,0.0,0,0,0,0,1,0,0,0,0,0.0,0.0,0.0,64,0,0,0,0,0,0,2,0,0,0,340,-1,0,32,0.0,0.0,0,0,0.0,0.0,0,0,BENIGN
443,2267678,10,11,851,3950,267,0,85.1,99.87041604,1448,0,359.0909091,569.9183195,2117.143616,9.260574032000001,113383.9,186539.6012,743817,9,1942161,215795.6667,286546.3696,839034,234,2172337,217233.7,239202.6488,743817,48,0,0,0,0,328,360,4.409797158,4.850776874,0,1448,218.2272727,424.317708,180045.5173,0,0,0,1,0,0,0,0,1,228.6190476,85.1,359.0909091,328,0,0,0,0,0,0,10,851,11,3950,29200,252,5,32,0.0,0.0,0,0,0.0,0.0,0,0,BENIGN
443,30609,2,0,0,0,0,0,0.0,0.0,0,0,0.0,0.0,0.0,65.34025940000001,30609.0,0.0,30609,30609,30609,30609.0,0.0,30609,30609,0,0.0,0.0,0,0,0,0,0,0,64,0,65.34025940000001,0.0,0,0,0.0,0.0,0.0,0,0,0,0,1,0,0,0,0,0.0,0.0,0.0,64,0,0,0,0,0,0,2,0,0,0,304,-1,0,32,0.0,0.0,0,0,0.0,0.0,0,0,BENIGN
53,398250,1,1,55,213,55,55,55.0,0.0,213,213,213.0,0.0,672.9441306,5.021971123999999,398250.0,0.0,398250,398250,0,0.0,0.0,0,0,0,0.0,0.0,0,0,0,0,0,0,20,20,2.5109855619999997,2.5109855619999997,55,213,107.66666670000001,91.22134253,8321.333333,0,0,0,0,0,0,0,0,1,161.5,55.0,213.0,20,0,0,0,0,0,0,1,55,1,213,-1,-1,0,20,0.0,0.0,0,0,0.0,0.0,0,0,BENIGN
443,81733,8,5,431,3517,188,0,53.875,80.11498433,1398,0,703.4,699.0692382999999,48303.62277,159.05448230000002,6811.083333,13400.37191,34867,8,81733,11676.14286,16645.69178,36024,139,36474,9118.5,17316.722869999998,35084,48,0,0,0,0,264,168,97.8796814,61.17480088,0,1398,282.0,510.16302069999995,260266.3077,0,0,0,1,0,0,0,0,0,303.6923077,53.875,703.4,264,0,0,0,0,0,0,8,431,5,3517,29200,114,3,32,0.0,0.0,0,0,0.0,0.0,0,0,BENIGN
443,1988164,12,10,999,3950,267,0,83.25,95.78586440000001,1448,0,395.0,587.483144,2489.231271,11.06548554,94674.47619,132761.3729,451596,8,1988164,180742.1818,187649.0328,546926,227,1892866,210318.4444,235346.6254,687073,49,0,0,0,0,392,328,6.035719387,5.029766156,0,1448,215.173913,414.8205145,172076.0593,0,0,0,1,0,0,0,0,0,224.9545455,83.25,395.0,392,0,0,0,0,0,0,12,999,10,3950,29200,252,6,32,0.0,0.0,0,0,0.0,0.0,0,0,BENIGN
80,5603939,3,1,0,0,0,0,0.0,0.0,0,0,0.0,0.0,0.0,0.713783644,1867979.667,3216296.42,5581817,22,5603939,2801969.5,3931298.0360000003,5581817,22122,0,0.0,0.0,0,0,0,0,0,0,104,40,0.535337733,0.178445911,0,0,0.0,0.0,0.0,0,0,0,1,0,0,0,0,0,0.0,0.0,0.0,104,0,0,0,0,0,0,3,0,1,0,29200,28960,0,32,0.0,0.0,0,0,0.0,0.0,0,0,BENIGN
80,5604028,3,1,0,0,0,0,0.0,0.0,0,0,0.0,0.0,0.0,0.713772308,1868009.333,3218447.4039999996,5584335,31,5604028,2802014.0,3934796.0930000003,5584335,19693,0,0.0,0.0,0,0,0,0,0,0,80,32,0.535329231,0.178443077,0,0,0.0,0.0,0.0,0,0,0,1,0,0,0,0,0,0.0,0.0,0.0,80,0,0,0,0,0,0,3,0,1,0,29200,29200,0,20,0.0,0.0,0,0,0.0,0.0,0,0,BENIGN
80,5603992,3,1,0,0,0,0,0.0,0.0,0,0,0.0,0.0,0.0,0.713776893,1867997.333,3218435.24,5584309,39,5603992,2801996.0,3934784.7789999996,5584309,19683,0,0.0,0.0,0,0,0,0,0,0,80,32,0.53533267,0.178444223,0,0,0.0,0.0,0.0,0,0,0,1,0,0,0,0,0,0.0,0.0,0.0,80,0,0,0,0,0,0,3,0,1,0,29200,29200,0,20,0.0,0.0,0,0,0.0,0.0,0,0,BENIGN
443,5603458,7,4,635,154,517,0,90.71428571,190.7072051,154,0,38.5,77.0,140.80590949999998,1.963073516,560345.8,1652424.405,5260665,1,5603458,933909.6667,2188207.06,5399414,1,241663,80554.33333,71807.14678,139111,437,0,0,0,0,232,136,1.249228601,0.713844915,0,517,65.75,150.0479469,22514.38636,0,0,0,1,0,0,0,0,0,71.72727273,90.71428571,38.5,232,0,0,0,0,0,0,7,635,4,154,29200,115,3,32,342792.0,0.0,342792,342792,5260665.0,0.0,5260665,5260665,BENIGN
43540,291,5,1,407,0,258,0,81.4,102.16310490000001,0,0,0.0,0.0,1398625.43,20618.5567,58.2,76.96557672,189,1,291,72.75,113.63501509999999,240,1,0,0.0,0.0,0,0,1,0,0,0,160,20,17182.13058,3436.426117,0,258,95.0,114.2132508,13044.66667,0,1,0,0,1,0,0,0,0,110.83333329999999,81.4,0.0,160,0,0,0,0,0,0,5,407,1,0,118,0,3,32,0.0,0.0,0,0,0.0,0.0,0,0,BENIGN
51070,4,3,0,0,0,0,0,0.0,0.0,0,0,0.0,0.0,0.0,750000.0,2.0,1.4142135619999998,3,1,4,2.0,1.4142135619999998,3,1,0,0.0,0.0,0,0,0,0,0,0,108,0,750000.0,0.0,0,0,0.0,0.0,0.0,0,0,0,0,1,0,0,0,0,0.0,0.0,0.0,108,0,0,0,0,0,0,3,0,0,0,115,-1,0,32,0.0,0.0,0,0,0.0,0.0,0,0,BENIGN
80,66588,3,4,428,2266,428,0,142.66666669999998,247.10591519999997,2266,0,566.5,1133.0,40457.74013,105.12404640000001,11098.0,16689.86727,32681,4,32788,16394.0,22956.92876,32627,161,33993,11331.0,18665.053359999998,32874,4,0,0,0,0,104,136,45.05316273,60.07088364,0,2266,336.75,793.7915793,630105.0714,0,0,0,1,0,0,0,0,1,384.85714289999993,142.66666669999998,566.5,104,0,0,0,0,0,0,3,428,4,2266,29200,235,1,32,0.0,0.0,0,0,0.0,0.0,0,0,BENIGN
80,204,2,0,0,0,0,0,0.0,0.0,0,0,0.0,0.0,0.0,9803.921569,204.0,0.0,204,204,204,204.0,0.0,204,204,0,0.0,0.0,0,0,0,0,0,0,64,0,9803.921569,0.0,0,0,0.0,0.0,0.0,0,0,0,0,1,0,0,0,0,0.0,0.0,0.0,64,0,0,0,0,0,0,2,0,0,0,264,-1,0,32,0.0,0.0,0,0,0.0,0.0,0,0,BENIGN
123,81028837,9,9,432,432,48,48,48.0,0.0,48,48,48.0,0.0,10.66287055,0.222143137,4766402.176,14200000.0,59000000,28793,81000000,10100000.0,19900000.0,59000000,1999952,81000000,10100000.0,19900000.0,59000000,1999823,0,0,0,0,196,196,0.11107156800000001,0.11107156800000001,48,48,48.0,0.0,0.0,0,0,0,0,0,0,0,0,1,50.66666667,48.0,48.0,196,0,0,0,0,0,0,9,432,9,432,-1,-1,8,0,6029032.0,5656916.475,10000000,2028988,34500000.0,34600000.0,59000000,9970993,BENIGN
123,67036702,2,2,96,96,48,48,48.0,0.0,48,48,48.0,0.0,2.8641027119999998,0.059668806,22300000.0,38600000.0,67000000,36726,67000000,67000000.0,0.0,67000000,67000000,67000000,67000000.0,0.0,67000000,67000000,0,0,0,0,52,52,0.029834403,0.029834403,48,48,48.0,0.0,0.0,0,0,0,0,0,0,0,0,1,60.0,48.0,48.0,52,0,0,0,0,0,0,2,96,2,96,-1,-1,1,20,36965.0,0.0,36965,36965,67000000.0,0.0,67000000,67000000,BENIGN
123,67085836,7,7,336,336,48,48,48.0,0.0,48,48,48.0,0.0,10.017017599999999,0.208687867,5160448.923,15600000.0,56900000,85993,67000000,11200000.0,22500000.0,57000000,1999804,67000000,11200000.0,22500000.0,57000000,1999551,0,0,0,0,188,188,0.10434393300000001,0.10434393300000001,48,48,48.0,0.0,0.0,0,0,0,0,0,0,0,0,1,51.42857143,48.0,48.0,188,0,0,0,0,0,0,7,336,7,336,-1,-1,6,20,10100000.0,0.0,10100000,10100000,56900000.0,0.0,56900000,56900000,BENIGN
123,77089834,8,8,384,384,48,48,48.0,0.0,48,48,48.0,0.0,9.962403084,0.20755006399999998,5139322.267,15000000.0,58900000,89252,77000000,11000000.0,21300000.0,59000000,1999834,77000000,11000000.0,21300000.0,59000000,1999501,0,0,0,0,196,196,0.10377503199999999,0.10377503199999999,48,48,48.0,0.0,0.0,0,0,0,0,0,0,0,0,1,51.0,48.0,48.0,196,0,0,0,0,0,0,8,384,8,384,-1,-1,7,20,5089482.5,7070576.373,10100000,89830,33400000.0,36100000.0,58900000,7910210,BENIGN
123,66016313,7,6,336,288,48,48,48.0,0.0,48,48,48.0,0.0,9.452209183999999,0.196921025,5501359.417,15900000.0,56000000,16366,66000000,11000000.0,22000000.0,56000000,1999915,66000000,13200000.0,25000000.0,58000000,1999769,0,0,0,0,176,156,0.106034398,0.090886627,48,48,48.0,0.0,0.0,0,0,0,0,0,0,0,0,0,51.69230769,48.0,48.0,176,0,0,0,0,0,0,7,336,6,288,-1,-1,6,20,9999910.0,0.0,9999910,9999910,56000000.0,0.0,56000000,56000000,BENIGN
123,66016477,7,7,336,336,48,48,48.0,0.0,48,48,48.0,0.0,10.17927691,0.21206826899999998,5078190.538,15300000.0,56000000,16325,66000000,11000000.0,22000000.0,56000000,1999884,66000000,11000000.0,22000000.0,56000000,1999663,0,0,0,0,156,156,0.106034134,0.106034134,48,48,48.0,0.0,0.0,0,0,0,0,0,0,0,0,1,51.42857143,48.0,48.0,156,0,0,0,0,0,0,7,336,7,336,-1,-1,6,0,10000000.0,0.0,10000000,10000000,56000000.0,0.0,56000000,56000000,BENIGN
123,82028633,8,8,384,384,48,48,48.0,0.0,48,48,48.0,0.0,9.362584404,0.195053842,5468575.533,14500000.0,56000000,28646,82000000,11700000.0,20200000.0,56000000,1999947,82000000,11700000.0,20200000.0,56000000,1999907,0,0,0,0,156,156,0.097526921,0.097526921,48,48,48.0,0.0,0.0,0,0,0,0,0,0,0,0,1,51.0,48.0,48.0,156,0,0,0,0,0,0,8,384,8,384,-1,-1,7,0,5028854.5,7070881.842999999,10000000,28986,36000000.0,28300000.0,56000000,16000000,BENIGN
123,69086468,7,7,336,336,48,48,48.0,0.0,48,48,48.0,0.0,9.726941027,0.202644605,5314343.692,16100000.0,58900000,86372,69000000,11500000.0,23300000.0,59000000,1999884,69000000,11500000.0,23300000.0,59000000,1999697,0,0,0,0,156,144,0.10132230199999999,0.10132230199999999,48,48,48.0,0.0,0.0,0,0,0,0,0,0,0,0,1,51.42857143,48.0,48.0,156,0,0,0,0,0,0,7,336,7,336,-1,-1,6,0,10100000.0,0.0,10100000,10100000,58900000.0,0.0,58900000,58900000,BENIGN
80,60032035,5,3,282,250,282,0,56.4,126.11423390000002,250,0,83.33333333,144.33756730000002,8.861935132000001,0.13326218199999998,8576005.0,22700000.0,59900000,23,60000000,15000000.0,30000000.0,59900000,88,15681,7840.5,10700.646920000001,15407,274,0,0,0,0,112,72,0.083288864,0.049973317999999996,0,282,59.11111111,117.56747469999999,13822.11111,0,0,0,1,0,0,0,0,0,66.5,56.4,83.33333333,112,0,0,0,0,0,0,5,282,3,250,8192,946,1,20,0.0,0.0,0,0,0.0,0.0,0,0,BENIGN
123,66036600,2,2,96,96,48,48,48.0,0.0,48,48,48.0,0.0,2.90747858,0.06057247,22000000.0,38100000.0,66000000,36637,66000000,66000000.0,0.0,66000000,66000000,66000000,66000000.0,0.0,66000000,66000000,0,0,0,0,64,64,0.030286235,0.030286235,48,48,48.0,0.0,0.0,0,0,0,0,0,0,0,0,1,60.0,48.0,48.0,64,0,0,0,0,0,0,2,96,2,96,-1,-1,1,32,36767.0,0.0,36767,36767,66000000.0,0.0,66000000,66000000,BENIGN
443,5840400,9,5,375,4486,182,0,41.66666667,74.75292636,2576,0,897.2,1231.8095230000001,832.3060063999999,2.397096089,449261.5385,1460422.294,5305504,3,5840400,730050.0,1850327.0890000002,5305504,3,350024,87506.0,99456.85313999999,185916,172,0,0,0,0,296,168,1.540990343,0.8561057459999999,0,2576,324.0666667,782.8199452,612807.0667,0,0,0,1,0,0,0,0,0,347.2142857,41.66666667,897.2,296,0,0,0,0,0,0,9,375,5,4486,29200,17,3,32,534893.0,0.0,534893,534893,5305504.0,0.0,5305504,5305504,BENIGN
123,88072273,9,9,432,432,48,48,48.0,0.0,48,48,48.0,0.0,9.810124919,0.204377602,5180721.941000001,14400000.0,58900000,71904,88000000,11000000.0,20100000.0,59000000,1999879,88000000,11000000.0,20100000.0,59000000,1999839,0,0,0,0,212,200,0.102188801,0.102188801,48,48,48.0,0.0,0.0,0,0,0,0,0,0,0,0,1,50.66666667,48.0,48.0,212,0,0,0,0,0,0,9,432,9,432,-1,-1,8,0,6072157.5,5656908.697000001,10100000,2072119,37900000.0,29700000.0,58900000,16900000,BENIGN
80,5822589,3,1,0,0,0,0,0.0,0.0,0,0,0.0,0.0,0.0,0.686979624,1940863.0,3329733.215,5785649,65,5822589,2911294.5,4064951.117,5785649,36940,0,0.0,0.0,0,0,0,0,0,0,104,40,0.515234718,0.171744906,0,0,0.0,0.0,0.0,0,0,0,1,0,0,0,0,0,0.0,0.0,0.0,104,0,0,0,0,0,0,3,0,1,0,29200,42408,0,32,0.0,0.0,0,0,0.0,0.0,0,0,BENIGN
443,5784947,7,4,635,168,517,0,90.71428571,190.7072051,168,0,42.0,84.0,138.80853190000002,1.901486738,578494.7,1767619.62,5608716,1,5784947,964157.8333,2312959.8230000003,5685350,3,139514,46504.66667,50738.3035,100618,1,0,0,0,0,232,136,1.210037015,0.691449723,0,517,66.91666667,150.8487854,22755.35606,0,0,0,1,0,0,0,0,0,73.0,90.71428571,42.0,232,0,0,0,0,0,0,7,635,4,168,29200,340,3,32,176228.0,0.0,176228,176228,5608716.0,0.0,5608716,5608716,BENIGN
48231,3,2,0,0,0,0,0,0.0,0.0,0,0,0.0,0.0,0.0,666666.6667,3.0,0.0,3,3,3,3.0,0.0,3,3,0,0.0,0.0,0,0,0,0,0,0,64,0,666666.6667,0.0,0,0,0.0,0.0,0.0,0,0,0,0,1,0,0,0,0,0.0,0.0,0.0,64,0,0,0,0,0,0,2,0,0,0,340,-1,0,32,0.0,0.0,0,0,0.0,0.0,0,0,BENIGN
80,5898028,3,1,0,0,0,0,0.0,0.0,0,0,0.0,0.0,0.0,0.6781927790000001,1966009.333,3373203.613,5860991,53,5898028,2949014.0,4118157.367,5860991,37037,0,0.0,0.0,0,0,0,0,0,0,104,40,0.508644584,0.169548195,0,0,0.0,0.0,0.0,0,0,0,1,0,0,0,0,0,0.0,0.0,0.0,104,0,0,0,0,0,0,3,0,1,0,29200,28960,0,32,0.0,0.0,0,0,0.0,0.0,0,0,BENIGN
80,5884832,3,1,0,0,0,0,0.0,0.0,0,0,0.0,0.0,0.0,0.679713542,1961610.667,3369227.789,5852014,59,5884832,2942416.0,4114792.953,5852014,32818,0,0.0,0.0,0,0,0,0,0,0,104,40,0.509785156,0.169928385,0,0,0.0,0.0,0.0,0,0,0,1,0,0,0,0,0,0.0,0.0,0.0,104,0,0,0,0,0,0,3,0,1,0,29200,28960,0,32,0.0,0.0,0,0,0.0,0.0,0,0,BENIGN
0,73326134,6,0,0,0,0,0,0.0,0.0,0,0,0.0,0.0,0.0,0.081826215,14700000.0,32500000.0,72700000,66,73300000,14700000.0,32500000.0,72700000,66,0,0.0,0.0,0,0,0,0,0,0,0,0,0.081826215,0.0,0,0,0.0,0.0,0.0,0,0,0,0,0,0,0,0,0,0.0,0.0,0.0,0,0,0,0,0,0,0,6,0,0,0,-1,-1,0,0,160756.0,0.0,160756,160756,72700000.0,0.0,72700000,72700000,BENIGN
123,4022869,3,3,144,144,48,48,48.0,0.0,48,48,48.0,0.0,71.59069808,1.4914728769999999,804573.8,1070691.442,1977491,22509,3999993,1999996.5,4.949747468,2000000,1999993,4000300,2000150.0,306.884343,2000367,1999933,0,0,0,0,72,72,0.745736438,0.745736438,48,48,48.0,0.0,0.0,0,0,0,0,0,0,0,0,1,56.0,48.0,48.0,72,0,0,0,0,0,0,3,144,3,144,-1,-1,2,20,0.0,0.0,0,0,0.0,0.0,0,0,BENIGN
123,68943188,9,9,432,432,48,48,48.0,0.0,48,48,48.0,0.0,12.53205755,0.261084532,4055481.647,13700000.0,57000000,22100,68900000,8615122.125,19600000.0,57000000,924844,68900000,8615113.625,19600000.0,57000000,924845,0,0,0,0,204,224,0.130542266,0.130542266,48,48,48.0,0.0,0.0,0,0,0,0,0,0,0,0,1,50.66666667,48.0,48.0,204,0,0,0,0,0,0,9,432,9,432,-1,-1,8,0,11900000.0,0.0,11900000,11900000,57000000.0,0.0,57000000,57000000,BENIGN
5353,64061554,264,0,21912,0,153,37,83.0,43.73024812,0,0,0.0,0.0,342.04602650000004,4.1210364639999995,243580.0532,2019467.9109999998,26500000,0,64100000,243580.0532,2019467.9109999998,26500000,0,0,0.0,0.0,0,0,0,0,0,0,6000,0,4.1210364639999995,0.0,37,153,83.04528302,43.65357151,1905.634305,0,0,0,0,0,0,0,0,0,83.35984848,83.0,0.0,6000,0,0,0,0,0,0,264,21912,0,0,-1,-1,263,0,4139342.0,3653696.5539999995,6915385,14,17200000.0,9255748.091,26500000,8000758,BENIGN
123,65094239,2,2,96,96,48,48,48.0,0.0,48,48,48.0,0.0,2.949569777,0.06144937,21700000.0,37400000.0,64900000,94164,65000000,65000000.0,0.0,65000000,65000000,65000000,65000000.0,0.0,65000000,65000000,0,0,0,0,40,40,0.030724685,0.030724685,48,48,48.0,0.0,0.0,0,0,0,0,0,0,0,0,1,60.0,48.0,48.0,40,0,0,0,0,0,0,2,96,2,96,-1,-1,1,20,94164.0,0.0,94164,94164,64900000.0,0.0,64900000,64900000,BENIGN
443,101511,4,1,179,0,179,0,44.75,89.5,0,0,0.0,0.0,1763.355695,49.25574568,25377.75,50329.18297,100871,56,101511,33837.0,58146.19266,100978,56,0,0.0,0.0,0,0,0,0,0,0,136,40,39.40459655,9.851149137,0,179,29.83333333,73.07644399,5340.166667,0,0,0,1,0,0,0,0,0,35.8,44.75,0.0,136,0,0,0,0,0,0,4,179,1,0,29200,28160,1,32,0.0,0.0,0,0,0.0,0.0,0,0,BENIGN
123,67082087,3,3,144,144,48,48,48.0,0.0,48,48,48.0,0.0,4.293247466,0.089442656,13400000.0,29300000.0,65900000,94048,67000000,33500000.0,46000000.0,66000000,989282,67000000,33500000.0,46000000.0,66000000,989106,0,0,0,0,60,60,0.044721328,0.044721328,48,48,48.0,0.0,0.0,0,0,0,0,0,0,0,0,1,56.0,48.0,48.0,60,0,0,0,0,0,0,3,144,3,144,-1,-1,2,20,1083330.0,0.0,1083330,1083330,65900000.0,0.0,65900000,65900000,BENIGN
57731,1655,6,4,6333,0,2796,0,1055.5,1057.451985,0,0,0.0,0.0,3826586.103,6042.2960729999995,183.88888889999998,325.0013248,1034,2,1655,331.0,403.42161569999996,1034,2,462,154.0,94.88413988,231,48,0,0,0,0,192,80,3625.3776439999997,2416.918429,0,2796,575.7272727000001,928.9469405,862942.4182,0,0,0,0,1,0,0,0,0,633.3,1055.5,0.0,192,0,0,0,0,0,0,6,6333,4,0,115,0,4,32,0.0,0.0,0,0,0.0,0.0,0,0,BENIGN
443,10154910,19,28,713,38420,400,0,37.52631579,101.12938270000001,2896,0,1372.142857,805.8781597999999,3853.6038229999995,4.628302959,220758.913,1467901.64,9959914,0,10100000,562600.2778,2345296.222,9959914,241,10100000,375245.1111,1928169.167,10000000,4,0,0,0,0,616,904,1.87101609,2.7572868689999996,0,2896,815.2708332999999,905.7669781,820413.8187,0,0,0,1,0,0,0,0,1,832.6170212999999,37.52631579,1372.142857,616,0,0,0,0,0,0,19,713,28,38420,29200,61,3,32,166891.0,0.0,166891,166891,9959914.0,0.0,9959914,9959914,BENIGN
443,109,2,0,0,0,0,0,0.0,0.0,0,0,0.0,0.0,0.0,18348.62385,109.0,0.0,109,109,109,109.0,0.0,109,109,0,0.0,0.0,0,0,0,0,0,0,64,0,18348.62385,0.0,0,0,0.0,0.0,0.0,0,0,0,0,1,0,0,0,0,0.0,0.0,0.0,64,0,0,0,0,0,0,2,0,0,0,856,-1,0,32,0.0,0.0,0,0,0.0,0.0,0,0,BENIGN
123,68028776,7,7,336,336,48,48,48.0,0.0,48,48,48.0,0.0,9.878172731,0.205795265,5232982.768999999,15900000.0,58000000,28631,68000000,11300000.0,22900000.0,58000000,1999925,68000000,11300000.0,22900000.0,58000000,1999671,0,0,0,0,124,124,0.102897633,0.102897633,48,48,48.0,0.0,0.0,0,0,0,0,0,0,0,0,1,51.42857143,48.0,48.0,124,0,0,0,0,0,0,7,336,7,336,-1,-1,6,0,10000000.0,0.0,10000000,10000000,58000000.0,0.0,58000000,58000000,BENIGN
123,68058037,7,7,336,336,48,48,48.0,0.0,48,48,48.0,0.0,9.873925691,0.205706785,5235233.615,15900000.0,57900000,54090,68000000,11300000.0,22900000.0,58000000,1999866,68000000,11300000.0,22900000.0,58000000,1991136,0,0,0,0,164,164,0.102853393,0.102853393,48,48,48.0,0.0,0.0,0,0,0,0,0,0,0,0,1,51.42857143,48.0,48.0,164,0,0,0,0,0,0,7,336,7,336,-1,-1,6,20,10100000.0,0.0,10100000,10100000,57900000.0,0.0,57900000,57900000,BENIGN
123,68093121,3,3,144,144,48,48,48.0,0.0,48,48,48.0,0.0,4.229502125,0.08811462800000001,13600000.0,29800000.0,66900000,94146,68000000,34000000.0,46700000.0,67000000,1002800,68000000,34000000.0,46700000.0,67000000,1002607,0,0,0,0,60,60,0.04405731400000001,0.04405731400000001,48,48,48.0,0.0,0.0,0,0,0,0,0,0,0,0,1,56.0,48.0,48.0,60,0,0,0,0,0,0,3,144,3,144,-1,-1,2,20,1096946.0,0.0,1096946,1096946,66900000.0,0.0,66900000,66900000,BENIGN
123,67015945,8,8,384,384,48,48,48.0,0.0,48,48,48.0,0.0,11.45995927,0.23874915100000002,4467729.666999999,14300000.0,56000000,16154,67000000,9571398.714,20500000.0,56000000,1014242,67000000,9571389.143,20500000.0,56000000,1014583,0,0,0,0,152,152,0.119374576,0.119374576,48,48,48.0,0.0,0.0,0,0,0,0,0,0,0,0,1,51.0,48.0,48.0,152,0,0,0,0,0,0,8,384,8,384,-1,-1,7,0,11000000.0,0.0,11000000,11000000,56000000.0,0.0,56000000,56000000,BENIGN
123,69066540,8,8,384,384,48,48,48.0,0.0,48,48,48.0,0.0,11.11971151,0.231660657,4604436.0,14200000.0,55900000,71888,69000000,9856366.857,20400000.0,56000000,1996248,69000000,9856344.286,20400000.0,56000000,1996318,0,0,0,0,164,164,0.11583032800000001,0.11583032800000001,48,48,48.0,0.0,0.0,0,0,0,0,0,0,0,0,1,51.0,48.0,48.0,164,0,0,0,0,0,0,8,384,8,384,-1,-1,7,0,13100000.0,0.0,13100000,13100000,55900000.0,0.0,55900000,55900000,BENIGN
123,71996253,6,6,288,288,48,48,48.0,0.0,48,48,48.0,0.0,8.000416355,0.166675341,6545113.909,19800000.0,66000000,3,72000000,14400000.0,29000000.0,66000000,3,72000000,14400000.0,29000000.0,66000000,3,0,0,0,0,144,144,0.08333767,0.08333767,48,48,48.0,0.0,0.0,0,0,0,0,0,0,0,0,1,52.0,48.0,48.0,144,0,0,0,0,0,0,6,288,6,288,-1,-1,5,20,125.0,14.14213562,135,115,36000000.0,42400000.0,66000000,6010334,BENIGN
123,71082592,8,8,384,384,48,48,48.0,0.0,48,48,48.0,0.0,10.80433308,0.22509027199999998,4738839.467,14200000.0,55900000,88621,71000000,10100000.0,20300000.0,56000000,1996212,71000000,10100000.0,20300000.0,56000000,1996159,0,0,0,0,176,176,0.11254513599999999,0.11254513599999999,48,48,48.0,0.0,0.0,0,0,0,0,0,0,0,0,1,51.0,48.0,48.0,176,0,0,0,0,0,0,8,384,8,384,-1,-1,7,0,15100000.0,0.0,15100000,15100000,55900000.0,0.0,55900000,55900000,BENIGN
123,72085715,8,8,384,384,48,48,48.0,0.0,48,48,48.0,0.0,10.65398325,0.221957984,4805714.333000001,14700000.0,57900000,89373,72000000,10300000.0,21100000.0,58000000,1993025,72000000,10300000.0,21100000.0,58000000,1992916,0,0,0,0,184,176,0.110978992,0.110978992,48,48,48.0,0.0,0.0,0,0,0,0,0,0,0,0,1,51.0,48.0,48.0,184,0,0,0,0,0,0,8,384,8,384,-1,-1,7,0,14100000.0,0.0,14100000,14100000,57900000.0,0.0,57900000,57900000,BENIGN
123,70012970,8,8,384,384,48,48,48.0,0.0,48,48,48.0,0.0,10.969396099999999,0.228529085,4667531.333000001,14200000.0,56000000,27449,70000000,9997931.571,20300000.0,56000000,1996407,70000000,9997838.0,20300000.0,56000000,1996240,0,0,0,0,184,204,0.11426454300000001,0.11426454300000001,48,48,48.0,0.0,0.0,0,0,0,0,0,0,0,0,1,51.0,48.0,48.0,184,0,0,0,0,0,0,8,384,8,384,-1,-1,7,20,14000000.0,0.0,14000000,14000000,56000000.0,0.0,56000000,56000000,BENIGN
443,17734955,10,8,1026,3890,469,0,102.6,178.9035743,1448,0,486.25,623.7070627,277.1926966,1.01494478,1043232.647,2834416.776,9999832,4,10700000,1192931.6670000001,3303441.521,9999832,139,17600000,2512397.143,4200291.157,10100000,4,0,0,0,0,328,264,0.563858211,0.451086569,0,1448,258.7368421,455.5803188,207553.4269,0,0,0,1,0,0,0,0,0,273.1111111,102.6,486.25,328,0,0,0,0,0,0,10,1026,8,3890,29200,543,3,32,442474.0,415890.5102,736553,148395,8425001.5,2227146.652,9999832,6850171,BENIGN
123,11022511,7,3,336,144,48,48,48.0,0.0,48,48,48.0,0.0,43.54724618,0.907234295,1224723.4440000001,958202.0395,2003598,22546,11000000,1833327.5,403002.6843,2003598,1010762,11000000,5499853.5,6348671.261,9989042,1010665,0,0,0,0,132,72,0.635064007,0.272170289,48,48,48.0,0.0,0.0,0,0,0,0,0,0,0,0,0,52.8,48.0,48.0,132,0,0,0,0,0,0,7,336,3,144,-1,-1,6,0,0.0,0.0,0,0,0.0,0.0,0,0,BENIGN
123,110021565,10,10,480,480,48,48,48.0,0.0,48,48,48.0,0.0,8.72556212,0.181782544,5790608.683999999,15700000.0,62000000,22058,110000000,12200000.0,21600000.0,62000000,1000012,110000000,12200000.0,21600000.0,62000000,999838,0,0,0,0,260,260,0.090891272,0.090891272,48,48,48.0,0.0,0.0,0,0,0,0,0,0,0,0,1,50.4,48.0,48.0,260,0,0,0,0,0,0,10,480,10,480,-1,-1,9,20,6521975.0,9191952.578,13000000,22283,48500000.0,19100000.0,62000000,35000000,BENIGN
123,110015733,10,9,480,432,48,48,48.0,0.0,48,48,48.0,0.0,8.289723433999999,0.172702572,6111985.167,16100000.0,62000000,16485,110000000,12200000.0,21600000.0,62000000,999992,110000000,13700000.0,33600000.0,97000000,999858,0,0,0,0,248,216,0.09089609,0.081806481,48,48,48.0,0.0,0.0,0,0,0,0,0,0,0,0,0,50.52631579,48.0,48.0,248,0,0,0,0,0,0,10,480,9,432,-1,-1,9,20,13000000.0,0.0,13000000,13000000,48500000.0,19100000.0,62000000,35000000,BENIGN
445,109152497,124,113,33324,43490,3072,0,268.7419355,459.44052,3254,0,384.8672566,540.4735441,703.7310378999999,2.171274194,462510.5805,3442299.789,30000000,0,109000000,887418.3659,4737572.07,30000000,1,109000000,974575.625,4959248.993,30000000,1,0,0,0,0,2528,2356,1.136025317,1.035248878,0,3254,322.7478992,501.3985036,251400.4594,0,0,0,1,0,0,0,0,0,324.1097046,268.7419355,384.8672566,2528,0,0,0,0,0,0,124,33324,113,43490,8192,2049,102,20,796206.0,1762916.282,3949776,56,21000000.0,12400000.0,30000000,5333938,BENIGN
123,112016593,10,10,480,480,48,48,48.0,0.0,48,48,48.0,0.0,8.570158887,0.178544977,5895610.158,15200000.0,64000000,16510,112000000,12400000.0,20600000.0,64000000,1999879,112000000,12400000.0,20600000.0,64000000,1999476,0,0,0,0,252,252,0.08927248800000001,0.08927248800000001,48,48,48.0,0.0,0.0,0,0,0,0,0,0,0,0,1,50.4,48.0,48.0,252,0,0,0,0,0,0,10,480,10,480,-1,-1,9,0,4016663.333,3999871.5089999996,8016377,16634,33300000.0,26900000.0,64000000,14000000,BENIGN
123,112041681,10,9,480,432,48,48,48.0,0.0,48,48,48.0,0.0,8.139827891,0.169579748,6224537.833,16300000.0,64000000,41801,112000000,12400000.0,21900000.0,64000000,1999854,112000000,14000000.0,23200000.0,64000000,1998594,0,0,0,0,236,204,0.089252499,0.080327249,48,48,48.0,0.0,0.0,0,0,0,0,0,0,0,0,0,50.52631579,48.0,48.0,236,0,0,0,0,0,0,10,480,9,432,-1,-1,9,20,7522801.5,10600000.0,15000000,45451,48500000.0,21900000.0,64000000,33000000,BENIGN
123,112016162,10,10,480,480,48,48,48.0,0.0,48,48,48.0,0.0,8.570191862,0.178545664,5895587.473999999,16000000.0,64000000,16181,112000000,12400000.0,22000000.0,64000000,1999942,112000000,12400000.0,22000000.0,64000000,1999674,0,0,0,0,248,248,0.089272832,0.089272832,48,48,48.0,0.0,0.0,0,0,0,0,0,0,0,0,1,50.4,48.0,48.0,248,0,0,0,0,0,0,10,480,10,480,-1,-1,9,20,7016432.5,9899484.33,14000000,16440,49000000.0,21200000.0,64000000,34000000,BENIGN
123,67071220,3,3,144,144,48,48,48.0,0.0,48,48,48.0,0.0,4.293943065,0.08945714699999999,13400000.0,29300000.0,65900000,94077,67000000,33500000.0,46000000.0,66000000,981398,67000000,33500000.0,46000000.0,66000000,981331,0,0,0,0,96,96,0.04472857400000001,0.04472857400000001,48,48,48.0,0.0,0.0,0,0,0,0,0,0,0,0,1,56.0,48.0,48.0,96,0,0,0,0,0,0,3,144,3,144,-1,-1,2,32,1075475.0,0.0,1075475,1075475,65900000.0,0.0,65900000,65900000,BENIGN
138,61236758,24,0,5640,0,235,235,235.0,0.0,0,0,0.0,0.0,92.10154463,0.391921467,2662467.739,12800000.0,61200000,1,61200000,2662467.739,12800000.0,61200000,1,0,0.0,0.0,0,0,0,0,0,0,408,0,0.391921467,0.0,235,235,235.0,0.0,0.0,0,0,0,0,0,0,0,0,0,244.79166669999998,235.0,0.0,408,0,0,0,0,0,0,24,5640,0,0,-1,-1,23,14,22.0,0.0,22,22,61200000.0,0.0,61200000,61200000,BENIGN
138,61479696,23,0,5405,0,235,235,235.0,0.0,0,0,0.0,0.0,87.91520374,0.37410725,2794531.6360000004,13100000.0,61500000,1,61500000,2794531.6360000004,13100000.0,61500000,1,0,0.0,0.0,0,0,0,0,0,0,460,0,0.37410725,0.0,235,235,235.0,0.0,0.0,0,0,0,0,0,0,0,0,0,245.21739130000003,235.0,0.0,460,0,0,0,0,0,0,23,5405,0,0,-1,-1,22,20,20.0,0.0,20,20,61500000.0,0.0,61500000,61500000,BENIGN
123,3003733,3,3,144,144,48,48,48.0,0.0,48,48,48.0,0.0,95.88069246,1.997514426,600746.6,875071.4807,1978859,16517,2987216,1493608.0,709812.1717,1995521,991695,2987114,1493557.0,709679.2357,1995376,991738,0,0,0,0,72,72,0.998757213,0.998757213,48,48,48.0,0.0,0.0,0,0,0,0,0,0,0,0,1,56.0,48.0,48.0,72,0,0,0,0,0,0,3,144,3,144,-1,-1,2,20,0.0,0.0,0,0,0.0,0.0,0,0,BENIGN
123,71060971,9,9,432,432,48,48,48.0,0.0,48,48,48.0,0.0,12.15857295,0.253303603,4180057.1180000002,13400000.0,55900000,71853,71000000,8873613.625,19000000.0,56000000,1987177,71000000,8873625.375,19000000.0,56000000,1987348,0,0,0,0,216,216,0.12665180199999998,0.12665180199999998,48,48,48.0,0.0,0.0,0,0,0,0,0,0,0,0,1,50.66666667,48.0,48.0,216,0,0,0,0,0,0,9,432,9,432,-1,-1,8,20,15100000.0,0.0,15100000,15100000,55900000.0,0.0,55900000,55900000,BENIGN
123,71022316,8,8,384,384,48,48,48.0,0.0,48,48,48.0,0.0,10.81350262,0.225281305,4734821.067,14200000.0,56000000,28714,71000000,10100000.0,20300000.0,56000000,1982935,71000000,10100000.0,20300000.0,56000000,1982967,0,0,0,0,184,184,0.112640652,0.112640652,48,48,48.0,0.0,0.0,0,0,0,0,0,0,0,0,1,51.0,48.0,48.0,184,0,0,0,0,0,0,8,384,8,384,-1,-1,7,20,15000000.0,0.0,15000000,15000000,56000000.0,0.0,56000000,56000000,BENIGN
123,69070374,8,8,384,384,48,48,48.0,0.0,48,48,48.0,0.0,11.11909427,0.231647797,4604691.6,14200000.0,55900000,92445,69000000,9853964.143,20400000.0,56000000,1995352,69000000,9853883.714,20400000.0,56000000,1995316,0,0,0,0,208,208,0.11582389900000001,0.11582389900000001,48,48,48.0,0.0,0.0,0,0,0,0,0,0,0,0,1,51.0,48.0,48.0,208,0,0,0,0,0,0,8,384,8,384,-1,-1,7,20,13100000.0,0.0,13100000,13100000,55900000.0,0.0,55900000,55900000,BENIGN
123,71016518,8,8,384,384,48,48,48.0,0.0,48,48,48.0,0.0,10.81438546,0.225299697,4734434.533,14500000.0,57000000,16069,71000000,10100000.0,20700000.0,57000000,1991356,71000000,10100000.0,20700000.0,57000000,1991096,0,0,0,0,172,172,0.11264984900000001,0.11264984900000001,48,48,48.0,0.0,0.0,0,0,0,0,0,0,0,0,1,51.0,48.0,48.0,172,0,0,0,0,0,0,8,384,8,384,-1,-1,7,20,14000000.0,0.0,14000000,14000000,57000000.0,0.0,57000000,57000000,BENIGN
445,66119,32,28,6108,3480,1478,0,190.875,345.6729528,256,0,124.2857143,80.71479608,145011.2676,907.4547407,1120.661017,5453.277669,37263,1,66119,2132.870968,7459.094752,37335,1,28768,1065.481481,3847.6030140000003,19852,3,0,0,0,0,1040,912,483.97586169999994,423.478879,0,1478,157.1803279,257.2747888,66190.31694,0,0,0,1,0,0,0,0,0,159.8,190.875,124.2857143,1040,0,0,0,0,0,0,32,6108,28,3480,29200,2081,24,32,0.0,0.0,0,0,0.0,0.0,0,0,BENIGN
123,74567170,9,9,432,432,48,48,48.0,0.0,48,48,48.0,0.0,11.58686859,0.241393096,4386304.118,13400000.0,56000000,16253,74600000,9318859.125,18900000.0,56000000,1995519,74600000,9318839.25,18900000.0,56000000,1995561,0,0,0,0,228,228,0.120696548,0.120696548,48,48,48.0,0.0,0.0,0,0,0,0,0,0,0,0,1,50.66666667,48.0,48.0,228,0,0,0,0,0,0,9,432,9,432,-1,-1,8,20,18600000.0,0.0,18600000,18600000,56000000.0,0.0,56000000,56000000,BENIGN
123,70024132,3,3,144,144,48,48,48.0,0.0,48,48,48.0,0.0,4.112867832,0.08568474699999999,14000000.0,28600000.0,65000000,36781,70000000,35000000.0,42400000.0,65000000,4991701,70000000,35000000.0,42400000.0,65000000,4991774,0,0,0,0,72,72,0.042842372999999996,0.042842372999999996,48,48,48.0,0.0,0.0,0,0,0,0,0,0,0,0,1,56.0,48.0,48.0,72,0,0,0,0,0,0,3,144,3,144,-1,-1,2,20,5028603.0,0.0,5028603,5028603,65000000.0,0.0,65000000,65000000,BENIGN
443,41561741,23,28,698,34523,350,0,30.34782609,85.85326207,3864,0,1232.964286,1026.797087,847.438032,1.227090078,831234.82,2691505.295,10000000,5,41600000,1889161.409,3901914.385,10200000,77,41400000,1533834.667,3590756.2939999998,10200000,47,0,0,0,0,744,904,0.553393565,0.673696513,0,3864,677.3269231,963.6457065999999,928613.0479,0,0,0,1,0,0,0,0,1,690.6078431,30.34782609,1232.964286,744,0,0,0,0,0,0,23,698,28,34523,29200,252,3,32,539210.0,782115.3382,1712383,148088,9851163.75,325839.1075,10000000,9362652,BENIGN
443,41569660,23,28,698,35142,350,0,30.34782609,85.85326207,3864,0,1255.0714289999999,1056.082731,862.1672633,1.226856318,831393.2,2691433.15,10000000,3,32100000,1456961.727,3525375.583,10200000,95,41400000,1534120.259,3590749.8389999997,10200000,3,0,0,0,0,744,904,0.553288143,0.673568174,0,3864,689.2307692,987.1767947999999,974518.0241,0,0,0,1,0,0,0,0,1,702.7450980000001,30.34782609,1255.0714289999999,744,0,0,0,0,0,0,23,698,28,35142,29200,252,3,32,541538.5,785919.032,1720417,148320,9850875.75,322357.8827,10000000,9367632,BENIGN
443,656,2,0,0,0,0,0,0.0,0.0,0,0,0.0,0.0,0.0,3048.780488,656.0,0.0,656,656,656,656.0,0.0,656,656,0,0.0,0.0,0,0,0,0,0,0,64,0,3048.780488,0.0,0,0,0.0,0.0,0.0,0,0,0,0,1,0,0,0,0,0.0,0.0,0.0,64,0,0,0,0,0,0,2,0,0,0,801,-1,0,32,0.0,0.0,0,0,0.0,0.0,0,0,BENIGN
443,41573377,26,31,698,34122,350,0,26.84615385,81.14219238,2576,0,1100.709677,777.8383377,837.555246,1.371069759,742381.7321,2553702.418,10000000,6,41600000,1662927.68,3703321.8639999996,10200000,108,41400000,1380812.5669999998,3432124.4889999996,10200000,48,0,0,0,0,840,1000,0.625400241,0.7456695179999999,0,2576,600.3448276,783.4776624,613837.2474,0,0,0,1,0,0,0,0,1,610.8771929999999,26.84615385,1100.709677,840,0,0,0,0,0,0,26,698,31,34122,29200,252,3,32,542261.0,787600.6707,1723662,148399,9851022.75,340027.6007,10000000,9341312,BENIGN
443,36716149,22,24,1458,18752,565,0,66.27272727,166.6716709,2576,0,781.3333332999999,799.0422346,550.4389907999999,1.252854704,815914.4222,2588799.736,10000000,2,31700000,1507834.667,3613604.599,10200000,2,36500000,1588064.696,3557191.883,10200000,2,0,0,0,0,712,776,0.59919138,0.6536633239999999,0,2576,430.0,680.8886776,463609.3913,0,0,0,1,0,0,0,0,1,439.3478261,66.27272727,781.3333332999999,712,0,0,0,0,0,0,22,1458,24,18752,29200,261,4,32,539690.6667,603006.1824,1235981,190412,10000000.0,13402.00131,10000000,10000000,BENIGN
443,775,2,0,0,0,0,0,0.0,0.0,0,0,0.0,0.0,0.0,2580.645161,775.0,0.0,775,775,775,775.0,0.0,775,775,0,0.0,0.0,0,0,0,0,0,0,64,0,2580.645161,0.0,0,0,0.0,0.0,0.0,0,0,0,0,1,0,0,0,0,0.0,0.0,0.0,64,0,0,0,0,0,0,2,0,0,0,565,-1,0,32,0.0,0.0,0,0,0.0,0.0,0,0,BENIGN
123,68994232,8,8,384,384,48,48,48.0,0.0,48,48,48.0,0.0,11.1313653,0.231903444,4599615.467,14300000.0,56000000,16120,69000000,9853967.0,20400000.0,56000000,1991135,69000000,9853976.571,20400000.0,56000000,1991191,0,0,0,0,208,208,0.115951722,0.115951722,48,48,48.0,0.0,0.0,0,0,0,0,0,0,0,0,1,51.0,48.0,48.0,208,0,0,0,0,0,0,8,384,8,384,-1,-1,7,20,13000000.0,0.0,13000000,13000000,56000000.0,0.0,56000000,56000000,BENIGN
123,72993764,6,6,288,288,48,48,48.0,0.0,48,48,48.0,0.0,7.891085052,0.164397605,6635796.727000001,20400000.0,68000000,3,73000000,14600000.0,29900000.0,68000000,3,73000000,14600000.0,29900000.0,68000000,3,0,0,0,0,168,168,0.082198803,0.082198803,48,48,48.0,0.0,0.0,0,0,0,0,0,0,0,0,1,52.0,48.0,48.0,168,0,0,0,0,0,0,6,288,6,288,-1,-1,5,20,155.0,16.97056275,167,143,36500000.0,44500000.0,68000000,5014604,BENIGN
123,70059569,9,9,432,432,48,48,48.0,0.0,48,48,48.0,0.0,12.33236248,0.256924218,4121151.1180000002,13900000.0,57900000,52041,70000000,8750011.5,19900000.0,58000000,1004054,70000000,8749907.875,19900000.0,58000000,998449,0,0,0,0,240,240,0.128462109,0.128462109,48,48,48.0,0.0,0.0,0,0,0,0,0,0,0,0,1,50.66666667,48.0,48.0,240,0,0,0,0,0,0,9,432,9,432,-1,-1,8,20,12100000.0,0.0,12100000,12100000,57900000.0,0.0,57900000,57900000,BENIGN
123,11015273,7,7,336,336,48,48,48.0,0.0,48,48,48.0,0.0,61.00620475,1.270962599,847328.6923,970192.4587,1990896,16291,11000000,1833130.667,406216.7533,2007447,1004055,11000000,1833120.333,406230.847,2007228,1004014,0,0,0,0,176,176,0.6354812989999999,0.6354812989999999,48,48,48.0,0.0,0.0,0,0,0,0,0,0,0,0,1,51.42857143,48.0,48.0,176,0,0,0,0,0,0,7,336,7,336,-1,-1,6,20,0.0,0.0,0,0,0.0,0.0,0,0,BENIGN
123,72029072,8,8,384,384,48,48,48.0,0.0,48,48,48.0,0.0,10.66236144,0.22213253,4801938.133,14800000.0,58000000,28684,72000000,10300000.0,21100000.0,58000000,1986959,72000000,10300000.0,21100000.0,58000000,1986926,0,0,0,0,196,196,0.111066265,0.111066265,48,48,48.0,0.0,0.0,0,0,0,0,0,0,0,0,1,51.0,48.0,48.0,196,0,0,0,0,0,0,8,384,8,384,-1,-1,7,20,14000000.0,0.0,14000000,14000000,58000000.0,0.0,58000000,58000000,BENIGN
443,43811445,21,25,954,29091,517,0,45.42857143,133.04494409999998,3864,0,1163.64,1136.693446,685.7797089,1.049953956,973587.6667,2838090.421,10000000,4,34300000,1714404.85,3672825.9060000004,10200000,50,43700000,1819305.292,3773641.3710000003,10200000,4,0,0,0,0,680,808,0.479326806,0.57062715,0,3864,639.2553191000001,1000.566263,1001132.8459999999,0,0,0,1,0,0,0,0,1,653.1521739,45.42857143,1163.64,680,0,0,0,0,0,0,21,954,25,29091,29200,243,3,32,1102859.5,1909488.335,3967092,148048,9850000.75,316570.5896,10000000,9375296,BENIGN
443,779,2,0,0,0,0,0,0.0,0.0,0,0,0.0,0.0,0.0,2567.394095,779.0,0.0,779,779,779,779.0,0.0,779,779,0,0.0,0.0,0,0,0,0,0,0,64,0,2567.394095,0.0,0,0,0.0,0.0,0.0,0,0,0,0,1,0,0,0,0,0.0,0.0,0.0,64,0,0,0,0,0,0,2,0,0,0,699,-1,0,32,0.0,0.0,0,0,0.0,0.0,0,0,BENIGN
443,43849481,21,24,954,27413,517,0,45.42857143,133.04494409999998,4045,0,1142.208333,1107.436954,646.9175769999999,1.026237916,996579.1136,2867532.332,10000000,1,34300000,1716256.8,3673335.3910000003,10200000,48,43700000,1900063.6519999998,3838563.88,10200000,1,0,0,0,0,680,776,0.47891102700000004,0.547326889,0,4045,616.673913,970.9457944000001,942735.7357,0,0,0,1,0,0,0,0,1,630.3777778,45.42857143,1142.208333,680,0,0,0,0,0,0,21,954,24,27413,29200,243,3,32,1112507.5,1928465.01,4005205,148108,9849862.5,316157.0671,10000000,9375798,BENIGN
443,43813765,19,24,954,27253,517,0,50.21052632,139.3351591,3864,0,1135.541667,1087.378778,643.7931093,0.981426727,1043184.8809999999,2927668.438,10000000,4,34300000,1904939.9440000001,3833388.345,10200000,229,43700000,1898507.6090000002,3838393.9189999998,10200000,4,0,0,0,0,616,776,0.43365367,0.547773057,0,3864,641.0681818,969.9759622000001,940853.3673,0,0,0,1,0,0,0,0,1,655.9767442000001,50.21052632,1135.541667,616,0,0,0,0,0,0,19,954,24,27253,29200,243,3,32,1102900.0,1909136.0080000001,3966604,148181,9850540.25,316264.9915,10000000,9376272,BENIGN
443,1032,2,0,0,0,0,0,0.0,0.0,0,0,0.0,0.0,0.0,1937.984496,1032.0,0.0,1032,1032,1032,1032.0,0.0,1032,1032,0,0.0,0.0,0,0,0,0,0,0,64,0,1937.984496,0.0,0,0,0.0,0.0,0.0,0,0,0,0,1,0,0,0,0,0.0,0.0,0.0,64,0,0,0,0,0,0,2,0,0,0,675,-1,0,32,0.0,0.0,0,0,0.0,0.0,0,0,BENIGN
443,43814737,21,24,954,29266,517,0,45.42857143,133.04494409999998,3864,0,1219.416667,1165.65335,689.7222731,1.027051697,995789.4773,2866237.04,10000000,10,43800000,2190727.7,4037552.2180000003,10200000,205,43700000,1898530.5219999999,3837505.796,10200000,85,0,0,0,0,680,776,0.479290792,0.547760905,0,3864,656.9565217,1027.216064,1055172.8429999999,0,0,0,1,0,0,0,0,1,671.5555555999999,45.42857143,1219.416667,680,0,0,0,0,0,0,21,954,24,29266,29200,243,3,32,1106117.75,1912103.457,3974271,148417,9847505.25,313507.8844,10000000,9377314,BENIGN
443,2314,2,0,0,0,0,0,0.0,0.0,0,0,0.0,0.0,0.0,864.3042351,2314.0,0.0,2314,2314,2314,2314.0,0.0,2314,2314,0,0.0,0.0,0,0,0,0,0,0,64,0,864.3042351,0.0,0,0,0.0,0.0,0.0,0,0,0,0,1,0,0,0,0,0.0,0.0,0.0,64,0,0,0,0,0,0,2,0,0,0,662,-1,0,32,0.0,0.0,0,0,0.0,0.0,0,0,BENIGN
443,43852723,18,21,954,21314,517,0,53.0,142.8277449,2576,0,1014.9523810000001,995.5773941,507.7905881,0.889340441,1154019.0259999998,3060350.935,10000000,0,34300000,2019122.9409999999,3920268.4760000003,10200000,90,43700000,2185206.05,4050149.2430000002,10200000,3,0,0,0,0,584,680,0.410464819,0.47887562200000006,0,2576,556.7,869.0835786,755306.2667,0,0,0,1,0,0,0,0,1,570.9743589999999,53.0,1014.9523810000001,584,0,0,0,0,0,0,18,954,21,21314,29200,243,3,32,1114990.0,1929540.0680000002,4009298,148366,9848190.0,312971.3032,10000000,9378834,BENIGN
443,896,2,0,0,0,0,0,0.0,0.0,0,0,0.0,0.0,0.0,2232.142857,896.0,0.0,896,896,896,896.0,0.0,896,896,0,0.0,0.0,0,0,0,0,0,0,64,0,2232.142857,0.0,0,0,0.0,0.0,0.0,0,0,0,0,1,0,0,0,0,0.0,0.0,0.0,64,0,0,0,0,0,0,2,0,0,0,575,-1,0,32,0.0,0.0,0,0,0.0,0.0,0,0,BENIGN
443,43843479,24,28,1029,31687,517,0,42.875,127.1621055,2576,0,1131.6785710000001,876.342866,746.1999081,1.1860372670000001,859676.0588,2681288.7,10000000,3,34300000,1492190.826,3463926.606,10200000,183,43700000,1618338.7780000002,3596554.8210000005,10200000,3,0,0,0,0,776,904,0.547401815,0.638635451,0,2576,617.2830188999999,841.4259275000001,707997.5914,0,0,0,1,0,0,0,0,1,629.1538462,42.875,1131.6785710000001,776,0,0,0,0,0,0,24,1029,28,31687,29200,252,3,32,1109439.0,1922589.334,3993323,148109,9851430.0,317747.0395,10000000,9374978,BENIGN
443,43843640,22,25,1029,28149,517,0,46.77272727,132.3602342,3864,0,1125.96,1016.024216,665.5013133,1.071991285,953122.6087,2809173.3039999995,10000000,2,34300000,1634301.429,3597683.0739999996,10200000,49,43700000,1820631.167,3771840.211,10200000,2,0,0,0,0,712,808,0.501783155,0.570208131,0,3864,607.875,912.6700278999999,832966.5798,0,0,0,1,0,0,0,0,1,620.8085106000001,46.77272727,1125.96,712,0,0,0,0,0,0,22,1029,25,28149,29200,252,3,32,1112022.0,1926751.3369999998,4002149,148562,9848887.5,316152.69899999996,10000000,9374746,BENIGN
443,43880338,23,27,1029,29062,517,0,44.73913043,129.6843081,2576,0,1076.3703699999999,844.9269949,685.7513267,1.139462508,895517.1020000001,2731237.997,10000000,3,34400000,1561682.045,3530294.4930000002,10200000,215,43700000,1682002.846,3653461.9239999996,10200000,3,0,0,0,0,744,872,0.5241527539999999,0.615309754,0,2576,590.0196078,806.2837091,650093.4196,0,0,0,1,0,0,0,0,1,601.82,44.73913043,1076.3703699999999,744,0,0,0,0,0,0,23,1029,27,29062,29200,252,3,32,1118960.75,1941718.168,4031538,148028,9851123.0,317346.4493,10000000,9375302,BENIGN
443,43843756,27,26,1029,28394,517,0,38.11111111,120.3866634,3069,0,1092.076923,858.0099264,671.0875774,1.208838038,843149.1538,2657237.244,10000000,8,43800000,1686291.5769999998,3643473.73,10200000,110,43700000,1747815.68,3711404.1010000003,10200000,171,0,0,0,0,872,840,0.615823152,0.593014887,0,3069,544.8703704,798.5514017999999,637684.3414,0,0,0,1,0,0,0,0,0,555.1509434,38.11111111,1092.076923,872,0,0,0,0,0,0,27,1029,26,28394,29200,252,3,32,1110452.25,1924054.504,3996534,148294,9850426.0,316980.0521,10000000,9375061,BENIGN
443,43844320,28,30,1029,33828,517,0,36.75,118.3555926,2576,0,1127.6,821.7589461,795.0174618,1.322862346,769198.5965,2547167.982,10000000,1,34300000,1271129.185,3231266.245,10200000,48,43700000,1506755.7240000002,3490378.8880000003,10200000,1,0,0,0,0,904,968,0.638623201,0.6842391440000001,0,2576,590.7966102,804.6249240000001,647421.2683,0,0,0,1,0,0,0,0,1,600.9827586,36.75,1127.6,904,0,0,0,0,0,0,28,1029,30,33828,29200,252,3,32,1111144.75,1925303.525,3999100,148074,9849935.0,316208.7863,10000000,9375757,BENIGN
443,720,2,0,0,0,0,0,0.0,0.0,0,0,0.0,0.0,0.0,2777.777778,720.0,0.0,720,720,720,720.0,0.0,720,720,0,0.0,0.0,0,0,0,0,0,0,64,0,2777.777778,0.0,0,0,0.0,0.0,0.0,0,0,0,0,1,0,0,0,0,0.0,0.0,0.0,64,0,0,0,0,0,0,2,0,0,0,756,-1,0,32,0.0,0.0,0,0,0.0,0.0,0,0,BENIGN
443,43844508,24,27,1029,34203,517,0,42.875,127.1621055,3864,0,1266.777778,1062.645912,803.5670054999999,1.163201558,876890.16,2705045.124,10000000,2,34300000,1492192.4780000001,3462697.079,10200000,192,43700000,1680631.1919999998,3652033.0530000003,10200000,2,0,0,0,0,776,872,0.5473889679999999,0.615812589,0,3864,677.5384615,982.5160072000001,965337.7044,0,0,0,1,0,0,0,0,1,690.8235294,42.875,1266.777778,776,0,0,0,0,0,0,24,1029,27,34203,29200,252,3,32,1112231.5,1928189.668,4004516,148059,9848895.0,315336.4927,10000000,9376020,BENIGN
443,43881721,26,28,1029,31671,517,0,39.57692308,122.5248295,3864,0,1131.107143,943.8102971000001,745.1849940000001,1.230580724,827957.0,2634342.008,10000000,3,34400000,1374289.12,3341769.981,10200000,3,43700000,1619749.63,3596409.3619999997,10200000,3,0,0,0,0,840,904,0.59250183,0.638078894,0,3864,594.5454545,869.7455315,756457.2896,0,0,0,1,0,0,0,0,1,605.5555555999999,39.57692308,1131.107143,840,0,0,0,0,0,0,26,1029,28,31671,29200,252,3,32,1121158.5,1944769.687,4038313,148554,9849271.0,315634.6238,10000000,9375895,BENIGN
443,43845953,25,28,1029,30439,517,0,41.16,124.77969920000001,2576,0,1087.107143,787.8936448,717.6945156,1.208777467,843191.4038,2657524.1969999997,10000000,4,34300000,1430040.333,3401185.6339999996,10200000,220,43700000,1618429.074,3596573.088,10200000,4,0,0,0,0,808,904,0.57017805,0.638599416,0,2576,582.7407407000001,776.1754855,602448.3843,0,0,0,1,0,0,0,0,1,593.7358491,41.16,1087.107143,808,0,0,0,0,0,0,25,1029,28,30439,29200,252,3,32,1110329.75,1924298.835,3996778,148092,9851157.5,316328.2469,10000000,9376889,BENIGN
443,43845967,25,28,1029,31256,517,0,41.16,124.77969920000001,2576,0,1116.285714,808.9952551,736.3276992000001,1.208777081,843191.6731,2657349.516,10000000,9,34300000,1430030.375,3400851.037,10200000,224,43700000,1618437.407,3596306.147,10200000,10,0,0,0,0,808,904,0.5701778679999999,0.638599213,0,2576,597.8703704,797.1079103,635381.0206,0,0,0,1,0,0,0,0,1,609.1509434,41.16,1116.285714,808,0,0,0,0,0,0,25,1029,28,31256,29200,252,3,32,1111070.25,1925865.835,3999869,148051,9850419.0,315598.1402,10000000,9377177,BENIGN
443,43846209,21,25,1029,28576,517,0,49.0,135.2057691,2576,0,1143.04,943.0402731,675.2009051,1.049121487,974360.2,2837540.155,10000000,2,34300000,1716037.85,3671464.363,10200000,189,43700000,1820731.417,3772647.6960000005,10200000,2,0,0,0,0,680,808,0.478946766,0.570174721,0,2576,629.893617,881.8870882000001,777724.8363,0,0,0,1,0,0,0,0,1,643.5869565,49.0,1143.04,680,0,0,0,0,0,0,21,1029,25,28576,29200,252,3,32,1112457.0,1927383.3530000001,4003532,148568,9849094.75,314875.0345,10000000,9376881,BENIGN
443,8676,2,0,0,0,0,0,0.0,0.0,0,0,0.0,0.0,0.0,230.52097740000002,8676.0,0.0,8676,8676,8676,8676.0,0.0,8676,8676,0,0.0,0.0,0,0,0,0,0,0,64,0,230.52097740000002,0.0,0,0,0.0,0.0,0.0,0,0,0,0,1,0,0,0,0,0.0,0.0,0.0,64,0,0,0,0,0,0,2,0,0,0,705,-1,0,32,0.0,0.0,0,0,0.0,0.0,0,0,BENIGN
443,8389,2,0,0,0,0,0,0.0,0.0,0,0,0.0,0.0,0.0,238.4074383,8389.0,0.0,8389,8389,8389,8389.0,0.0,8389,8389,0,0.0,0.0,0,0,0,0,0,0,64,0,238.4074383,0.0,0,0,0.0,0.0,0.0,0,0,0,0,1,0,0,0,0,0.0,0.0,0.0,64,0,0,0,0,0,0,2,0,0,0,809,-1,0,32,0.0,0.0,0,0,0.0,0.0,0,0,BENIGN
443,7148,2,0,0,0,0,0,0.0,0.0,0,0,0.0,0.0,0.0,279.79854500000005,7148.0,0.0,7148,7148,7148,7148.0,0.0,7148,7148,0,0.0,0.0,0,0,0,0,0,0,64,0,279.79854500000005,0.0,0,0,0.0,0.0,0.0,0,0,0,0,1,0,0,0,0,0.0,0.0,0.0,64,0,0,0,0,0,0,2,0,0,0,755,-1,0,32,0.0,0.0,0,0,0.0,0.0,0,0,BENIGN
443,8043,2,0,0,0,0,0,0.0,0.0,0,0,0.0,0.0,0.0,248.663434,8043.0,0.0,8043,8043,8043,8043.0,0.0,8043,8043,0,0.0,0.0,0,0,0,0,0,0,64,0,248.663434,0.0,0,0,0.0,0.0,0.0,0,0,0,0,1,0,0,0,0,0.0,0.0,0.0,64,0,0,0,0,0,0,2,0,0,0,774,-1,0,32,0.0,0.0,0,0,0.0,0.0,0,0,BENIGN
443,7693,2,0,0,0,0,0,0.0,0.0,0,0,0.0,0.0,0.0,259.9766021,7693.0,0.0,7693,7693,7693,7693.0,0.0,7693,7693,0,0.0,0.0,0,0,0,0,0,0,64,0,259.9766021,0.0,0,0,0.0,0.0,0.0,0,0,0,0,1,0,0,0,0,0.0,0.0,0.0,64,0,0,0,0,0,0,2,0,0,0,743,-1,0,32,0.0,0.0,0,0,0.0,0.0,0,0,BENIGN
443,9500,2,0,0,0,0,0,0.0,0.0,0,0,0.0,0.0,0.0,210.52631580000002,9500.0,0.0,9500,9500,9500,9500.0,0.0,9500,9500,0,0.0,0.0,0,0,0,0,0,0,64,0,210.52631580000002,0.0,0,0,0.0,0.0,0.0,0,0,0,0,1,0,0,0,0,0.0,0.0,0.0,64,0,0,0,0,0,0,2,0,0,0,727,-1,0,32,0.0,0.0,0,0,0.0,0.0,0,0,BENIGN
443,7494,2,0,0,0,0,0,0.0,0.0,0,0,0.0,0.0,0.0,266.88017080000003,7494.0,0.0,7494,7494,7494,7494.0,0.0,7494,7494,0,0.0,0.0,0,0,0,0,0,0,64,0,266.88017080000003,0.0,0,0,0.0,0.0,0.0,0,0,0,0,1,0,0,0,0,0.0,0.0,0.0,64,0,0,0,0,0,0,2,0,0,0,707,-1,0,32,0.0,0.0,0,0,0.0,0.0,0,0,BENIGN
443,8992,2,0,0,0,0,0,0.0,0.0,0,0,0.0,0.0,0.0,222.4199288,8992.0,0.0,8992,8992,8992,8992.0,0.0,8992,8992,0,0.0,0.0,0,0,0,0,0,0,64,0,222.4199288,0.0,0,0,0.0,0.0,0.0,0,0,0,0,1,0,0,0,0,0.0,0.0,0.0,64,0,0,0,0,0,0,2,0,0,0,800,-1,0,32,0.0,0.0,0,0,0.0,0.0,0,0,BENIGN
3268,111231413,64,40,11440,7324,403,0,178.75,167.785199,632,72,183.1,132.6193318,168.6933528,0.934987673,1079916.631,3873566.2789999996,16500000,2,111000000,1765577.9840000002,4843008.829,16500000,2,111000000,2852077.974,5925352.642999999,16500000,2,1,0,0,0,2048,1280,0.57537703,0.35961064299999995,0,632,182.5428571,155.323176,24125.28901,0,1,0,0,1,0,0,0,0,184.2980769,178.75,183.1,2048,0,0,0,0,0,0,64,11440,40,7324,299,258,39,32,23578.0,65468.0317,185603,367,13900000.0,3950944.152,16500000,6370788,BENIGN
389,111231452,52,26,9666,11698,452,0,185.8846154,195.3818437,1173,243,449.92307689999996,282.4984139,192.0679773,0.701240509,1444564.312,4427877.344,16500000,2,111000000,2181008.863,5306877.992,16500000,2,111000000,4449244.36,6940015.9520000005,16500000,3,1,0,0,0,1664,832,0.46749367299999994,0.233746836,0,1173,275.53164560000005,257.3754035,66242.09834,0,1,0,0,1,0,0,0,0,279.0641026,185.8846154,449.92307689999996,1664,0,0,0,0,0,0,52,9666,26,11698,480,2076,25,32,22477.375,62567.09042000001,177323,315,13900000.0,3949480.5489999996,16500000,6370803,BENIGN
443,45796753,14,13,1369,4421,437,0,97.78571429,168.7807766,1448,0,340.0769231,519.7055996,126.4281771,0.589561448,1761413.5769999998,3683114.2389999996,10000000,38,45800000,3522817.385,4733743.995,10200000,182,45600000,3803788.417,4852423.134,10200000,199,0,0,0,0,456,424,0.305698528,0.283862919,0,1448,206.78571430000002,387.37084889999994,150056.1746,0,0,0,1,0,0,0,0,0,214.4444444,97.78571429,340.0769231,456,0,0,0,0,0,0,14,1369,13,4421,29200,19,4,32,316957.25,331173.252,813717,151120,10000000.0,33030.83179,10000000,9959898,BENIGN
80,46038955,9,9,459,2149,459,0,51.0,153.0,1460,0,238.7777778,511.5158301,56.64768021,0.39097325299999997,2708173.8239999996,4407186.623,10000000,36,40100000,5013228.5,5348950.675,10000000,189,46000000,5752983.0,4955358.2069999995,10000000,181,0,0,0,0,200,192,0.19548662600000002,0.19548662600000002,0,1460,137.2631579,369.6108828,136612.2047,0,0,0,1,0,0,0,0,1,144.88888889999998,51.0,238.7777778,200,0,0,0,0,0,0,9,459,9,2149,29200,30,1,20,21108.75,11939.954529999999,39018,14995,10000000.0,10232.44443,10000000,9999090,BENIGN
0,117470203,110,0,0,0,0,0,0.0,0.0,0,0,0.0,0.0,0.0,0.936407678,1077708.284,2596598.464,13200000,0,117000000,1077708.284,2596598.464,13200000,0,0,0.0,0.0,0,0,0,0,0,0,0,0,0.936407678,0.0,0,0,0.0,0.0,0.0,0,0,0,0,0,0,0,0,0,0.0,0.0,0.0,0,0,0,0,0,0,0,110,0,0,0,-1,-1,0,0,3121965.8,2990832.478,8299849,19,8446926.3,2469243.403,13200000,5320863,BENIGN
123,69016385,7,4,336,192,48,48,48.0,0.0,48,48,48.0,0.0,7.65035723,0.15938244199999999,6901638.5,18300000.0,59000000,16153,69000000,11500000.0,23300000.0,59000000,1999812,69000000,23000000.0,36400000.0,65000000,1999440,0,0,0,0,140,80,0.101425191,0.057957252,48,48,48.0,0.0,0.0,0,0,0,0,0,0,0,0,0,52.36363636,48.0,48.0,140,0,0,0,0,0,0,7,336,4,192,-1,-1,6,20,9999919.0,0.0,9999919,9999919,59000000.0,0.0,59000000,59000000,BENIGN
53,23544,1,1,43,206,43,43,43.0,0.0,206,206,206.0,0.0,10575.94292,84.94733265,23544.0,0.0,23544,23544,0,0.0,0.0,0,0,0,0.0,0.0,0,0,0,0,0,0,20,20,42.47366633,42.47366633,43,206,97.33333333,94.10809388,8856.333333,0,0,0,0,0,0,0,0,1,146.0,43.0,206.0,20,0,0,0,0,0,0,1,43,1,206,-1,-1,0,20,0.0,0.0,0,0,0.0,0.0,0,0,BENIGN
443,66052523,16,16,656,6793,316,0,41.0,93.41234751,2576,0,424.5625,737.8476779,112.7738906,0.48446294799999995,2130726.548,3991940.021,10000000,3,61900000,4127754.2,5086432.444,10200000,224,65900000,4393630.0,4980466.271000001,10200000,4,0,0,0,0,520,520,0.24223147399999997,0.24223147399999997,0,2576,225.7272727,545.6270059,297708.8295,0,0,0,1,0,0,0,0,1,232.78125,41.0,424.5625,520,0,0,0,0,0,0,16,656,16,6793,29200,18,3,32,299401.8333,369417.9864,1053473,148302,10000000.0,11988.21809,10000000,9999306,BENIGN
443,535,2,0,0,0,0,0,0.0,0.0,0,0,0.0,0.0,0.0,3738.3177570000003,535.0,0.0,535,535,535,535.0,0.0,535,535,0,0.0,0.0,0,0,0,0,0,0,64,0,3738.3177570000003,0.0,0,0,0.0,0.0,0.0,0,0,0,0,1,0,0,0,0,0.0,0.0,0.0,64,0,0,0,0,0,0,2,0,0,0,372,-1,0,32,0.0,0.0,0,0,0.0,0.0,0,0,BENIGN
443,66157533,13,14,1127,844,523,0,86.69230769,193.79645019999998,656,0,60.28571429,176.5186539,29.79252567,0.40811679,2544520.5,4245415.813999999,10000000,3,62000000,5169067.25,5198838.683,10200000,147,66000000,5077623.846,5015110.199,10200000,3,0,0,0,0,424,456,0.19650067699999998,0.211616113,0,656,70.39285714,179.0498253,32058.83995,0,0,0,1,0,0,0,0,1,73.0,86.69230769,60.28571429,424,0,0,0,0,0,0,13,1127,14,844,29200,130,3,32,317147.0,413665.4463,1161538,148153,10000000.0,11458.11736,10000000,9999714,BENIGN
443,729,2,0,0,0,0,0,0.0,0.0,0,0,0.0,0.0,0.0,2743.484225,729.0,0.0,729,729,729,729.0,0.0,729,729,0,0.0,0.0,0,0,0,0,0,0,64,0,2743.484225,0.0,0,0,0.0,0.0,0.0,0,0,0,0,1,0,0,0,0,0.0,0.0,0.0,64,0,0,0,0,0,0,2,0,0,0,247,-1,0,32,0.0,0.0,0,0,0.0,0.0,0,0,BENIGN
443,67444653,129,251,1717,439381,572,0,13.31007752,74.22535349,3864,0,1750.5219120000002,831.1541966,6540.147816,5.634249464,177954.2296,1266022.4479999999,10000000,0,63500000,495937.5078,2149320.922,10200000,1,67300000,269184.96,1575053.211,10200000,1,0,0,0,0,4136,8040,1.9126794230000002,3.721570041,0,3864,1157.737533,1066.107948,1136586.1570000001,0,0,0,1,0,0,0,0,1,1160.784211,13.31007752,1750.5219120000002,4136,0,0,0,0,0,0,129,1717,251,439381,29200,156,5,32,557828.8333,1002925.547,2605042,148121,10000000.0,9749.642079000001,10000000,10000000,BENIGN
443,67086404,120,206,1661,321282,517,0,13.84166667,79.53309082,3864,0,1559.621359,732.969751,4813.836795,4.859404895,206419.7046,1364424.5990000002,10000000,1,63100000,530187.7059,2223957.426,10200000,1,66900000,326527.9463,1734910.425,10200000,1,0,0,0,0,3848,6600,1.7887379980000002,3.0706668969999997,0,3864,987.5932722000001,948.1218388,898935.0212,0,0,0,1,0,0,0,0,1,990.6226993999999,13.84166667,1559.621359,3848,0,0,0,0,0,0,120,1661,206,321282,29200,19,4,32,502323.3333,867389.6402,2272875,148012,10000000.0,27248.503660000002,10000000,9959921,BENIGN
443,592,2,0,0,0,0,0,0.0,0.0,0,0,0.0,0.0,0.0,3378.3783780000003,592.0,0.0,592,592,592,592.0,0.0,592,592,0,0.0,0.0,0,0,0,0,0,0,64,0,3378.3783780000003,0.0,0,0,0.0,0.0,0.0,0,0,0,0,1,0,0,0,0,0.0,0.0,0.0,64,0,0,0,0,0,0,2,0,0,0,2857,-1,0,32,0.0,0.0,0,0,0.0,0.0,0,0,BENIGN
443,67154103,79,126,2210,204890,542,0,27.97468354,114.04980630000001,3864,0,1626.111111,918.666148,3083.951549,3.0526801910000003,329186.7794,1713656.395,10000000,1,67200000,860947.4359,2736107.7860000003,10200000,1,67000000,536048.576,2201531.576,10200000,1,0,0,0,0,2536,4040,1.176398708,1.8762814840000002,0,3864,1005.3398060000001,1062.757266,1129453.006,0,0,0,1,0,0,0,0,1,1010.2439019999999,27.97468354,1626.111111,2536,0,0,0,0,0,0,79,2210,126,204890,29200,156,5,32,490266.8333,838226.2579,2201289,147924,10000000.0,24225.214669999998,10000000,9967873,BENIGN
443,66653085,15,15,835,4634,490,0,55.66666667,134.5233207,1288,0,308.9333333,522.3819712000001,82.05171599,0.450091695,2298382.241,4081856.9239999996,10000000,3,62500000,4465972.429,5110284.127,10200000,256,66500000,4750307.429,4976926.428,10200000,3,0,0,0,0,488,488,0.225045847,0.225045847,0,1288,176.4193548,391.022316,152898.4516,0,0,0,1,0,0,0,0,1,182.3,55.66666667,308.9333333,488,0,0,0,0,0,0,15,835,15,4634,29200,139,3,32,398661.1667,613333.2274,1650622,147890,10000000.0,10494.99693,10000000,10000000,BENIGN
443,549,2,0,0,0,0,0,0.0,0.0,0,0,0.0,0.0,0.0,3642.98725,549.0,0.0,549,549,549,549.0,0.0,549,549,0,0.0,0.0,0,0,0,0,0,0,64,0,3642.98725,0.0,0,0,0.0,0.0,0.0,0,0,0,0,1,0,0,0,0,0.0,0.0,0.0,64,0,0,0,0,0,0,2,0,0,0,332,-1,0,32,0.0,0.0,0,0,0.0,0.0,0,0,BENIGN
53708,374373,15,8,20514,0,2920,0,1367.6,1158.048593,0,0,0.0,0.0,54795.618270000006,61.43605442,17016.95455,65537.45582,305476,2,374373,26740.92857,81599.31831,305476,2,361753,51679.0,113918.118,305692,3,0,0,0,0,324,184,40.06699201,21.36906241,0,2920,854.75,1128.594287,1273725.065,0,0,0,1,0,0,0,0,0,891.9130435000001,1367.6,0.0,324,0,0,0,0,0,0,15,20514,8,0,8192,389,10,20,0.0,0.0,0,0,0.0,0.0,0,0,BENIGN
53708,106,1,1,0,0,0,0,0.0,0.0,0,0,0.0,0.0,0.0,18867.92453,106.0,0.0,106,106,0,0.0,0.0,0,0,0,0.0,0.0,0,0,0,0,0,0,20,20,9433.962264,9433.962264,0,0,0.0,0.0,0.0,0,0,0,0,1,1,0,0,1,0.0,0.0,0.0,20,0,0,0,0,0,0,1,0,1,0,256,389,0,20,0.0,0.0,0,0,0.0,0.0,0,0,BENIGN
21,645157,18,27,176,484,43,0,9.777777777999999,13.02285573,52,0,17.92592593,15.57099356,1023.0068029999999,69.75046384,14662.659090000001,45584.24007,214727,1,645032,37943.05882,71998.26682,215053,3,645008,24808.0,57624.133610000004,214727,1,0,0,0,0,408,564,27.90018554,41.8502783,0,52,14.34782609,14.99217187,224.7652174,0,0,0,1,0,0,0,0,1,14.66666667,9.777777777999999,17.92592593,408,0,0,0,0,0,0,18,176,27,484,8192,229,12,20,0.0,0.0,0,0,0.0,0.0,0,0,BENIGN
1065,79,1,3,0,0,0,0,0.0,0.0,0,0,0.0,0.0,0.0,50632.91139,26.33333333,23.71356855,48,1,0,0.0,0.0,0,0,49,24.5,33.23401872,48,1,0,0,0,0,20,60,12658.22785,37974.68354,0,0,0.0,0.0,0.0,0,0,0,0,1,1,0,0,3,0.0,0.0,0.0,20,0,0,0,0,0,0,1,0,3,0,229,255,0,20,0.0,0.0,0,0,0.0,0.0,0,0,BENIGN
80,62486120,10,10,432,1770,432,0,43.2,136.6103949,1770,0,177.0,559.7231458,35.23982606,0.32007108100000004,3288743.1580000003,4715191.367,10000000,40,60300000,6701710.556,5007572.562,10100000,239,62400000,6938806.222,4700919.199,10100000,904,0,0,0,0,328,328,0.160035541,0.160035541,0,1770,104.8571429,392.9776439,154431.4286,0,0,0,1,0,0,0,0,1,110.1,43.2,177.0,328,0,0,0,0,0,0,10,432,10,1770,29200,939,1,32,43148.83333,15603.91412,75000,36725,10000000.0,6378.0833170000005,10000000,9996827,BENIGN
443,65600114,15,17,834,5818,489,0,55.6,134.2927506,1288,0,342.23529410000003,527.2220274,101.4022628,0.48780403,2116132.71,3995581.193,10000000,4,61600000,4396721.357,5164847.552,10200000,191,65500000,4090742.0,4952094.091,10200000,4,0,0,0,0,488,552,0.22865813899999998,0.259145891,0,1288,201.57575759999997,410.6590001,168640.8144,0,0,0,1,0,0,0,0,1,207.875,55.6,342.23529410000003,488,0,0,0,0,0,0,15,834,17,5818,29200,139,3,32,239349.0,223157.4003,694867,147993,10000000.0,12705.77673,10000000,9999685,BENIGN
443,693,2,0,0,0,0,0,0.0,0.0,0,0,0.0,0.0,0.0,2886.0028859999998,693.0,0.0,693,693,693,693.0,0.0,693,693,0,0.0,0.0,0,0,0,0,0,0,64,0,2886.0028859999998,0.0,0,0,0.0,0.0,0.0,0,0,0,0,1,0,0,0,0,0.0,0.0,0.0,64,0,0,0,0,0,0,2,0,0,0,343,-1,0,32,0.0,0.0,0,0,0.0,0.0,0,0,BENIGN
443,65669613,19,20,801,10435,437,0,42.15789474,111.4172653,1288,0,521.75,611.2390242,171.09892209999998,0.593881983,1728147.711,3676742.778,10000000,0,61900000,3439239.778,4901138.99,10200000,211,65500000,3445622.895,4786766.4180000005,10200000,4,0,0,0,0,616,648,0.28932712,0.304554863,0,1288,280.9,497.2781196,247285.5282,0,0,0,1,0,0,0,0,1,288.10256410000005,42.15789474,521.75,616,0,0,0,0,0,0,19,801,20,10435,29200,139,3,32,312740.5,268977.3075,861788,202664,10000000.0,5015.76584,10000000,9996940,BENIGN
443,684,2,0,0,0,0,0,0.0,0.0,0,0,0.0,0.0,0.0,2923.976608,684.0,0.0,684,684,684,684.0,0.0,684,684,0,0.0,0.0,0,0,0,0,0,0,64,0,2923.976608,0.0,0,0,0.0,0.0,0.0,0,0,0,0,1,0,0,0,0,0.0,0.0,0.0,64,0,0,0,0,0,0,2,0,0,0,437,-1,0,32,0.0,0.0,0,0,0.0,0.0,0,0,BENIGN
443,4188450,9,11,703,3950,267,0,78.11111111,103.30228029999999,1448,0,359.0909091,569.9183195,1110.912151,4.775036111,220444.7368,469520.4601,1560269,3,2532977,316622.125,538962.7868,1517481,239,4093380,409338.0,598963.656,1560269,3,0,0,0,0,296,360,2.14876625,2.626269861,0,1448,221.5714286,434.4990876,188789.4571,0,0,0,1,0,0,0,0,1,232.65,78.11111111,359.0909091,296,0,0,0,0,0,0,9,703,11,3950,29200,252,4,32,0.0,0.0,0,0,0.0,0.0,0,0,BENIGN
443,65467675,15,16,1479,5740,1134,0,98.6,292.7528943,2184,0,358.75,661.9932024,110.2681591,0.473516128,2182255.833,4044359.5310000004,10000000,3,61500000,4393528.357,5169009.572,10200000,222,65300000,4354622.4,5004407.655,10200000,3,0,0,0,0,488,520,0.22912070699999998,0.244395421,0,2184,225.59375,518.9902639999999,269350.8942,0,0,0,1,0,0,0,0,1,232.87096769999997,98.6,358.75,488,0,0,0,0,0,0,15,1479,16,5740,29200,148,3,32,230916.5,201698.2511,642631,148243,10000000.0,11617.3919,10000000,9999208,BENIGN
443,628,2,0,0,0,0,0,0.0,0.0,0,0,0.0,0.0,0.0,3184.713376,628.0,0.0,628,628,628,628.0,0.0,628,628,0,0.0,0.0,0,0,0,0,0,0,64,0,3184.713376,0.0,0,0,0.0,0.0,0.0,0,0,0,0,1,0,0,0,0,0.0,0.0,0.0,64,0,0,0,0,0,0,2,0,0,0,346,-1,0,32,0.0,0.0,0,0,0.0,0.0,0,0,BENIGN
443,73489552,172,454,4411,748034,1712,0,25.64534884,162.67611000000002,3864,0,1647.651982,742.4102669,10238.80238,8.518217664,117583.2832,999984.94,10000000,0,69400000,405825.53799999994,1884669.987,10200000,1,73300000,161899.2759,1190418.649,10200000,1,0,0,0,0,5512,14536,2.340468751,6.177748912999999,0,3864,1200.07177,965.7319012,932638.1051,0,0,0,1,0,0,0,0,2,1201.988818,25.64534884,1647.651982,5512,0,0,0,0,0,0,172,4411,454,748034,29200,203,6,32,1539254.167,3405677.538,8491064,148135,10000000.0,1203.955758,10000000,10000000,BENIGN
443,601,2,0,0,0,0,0,0.0,0.0,0,0,0.0,0.0,0.0,3327.787022,601.0,0.0,601,601,601,601.0,0.0,601,601,0,0.0,0.0,0,0,0,0,0,0,64,0,3327.787022,0.0,0,0,0.0,0.0,0.0,0,0,0,0,1,0,0,0,0,0.0,0.0,0.0,64,0,0,0,0,0,0,2,0,0,0,3395,-1,0,32,0.0,0.0,0,0,0.0,0.0,0,0,BENIGN
443,71054993,38,44,1310,57983,517,0,34.47368421,113.77235139999999,2930,0,1317.7954550000002,950.4915883,834.4663407,1.15403572,877222.1358,2689414.269,10000000,1,71100000,1920399.405,3794233.514,10200000,1,70900000,1648990.07,3592349.5519999997,10200000,3,0,0,0,0,1224,1416,0.534797041,0.619238679,0,2930,714.373494,946.2645006000001,895416.5051,0,0,0,1,0,0,0,0,1,723.0853658999999,34.47368421,1317.7954550000002,1224,0,0,0,0,0,0,38,1310,44,57983,29200,252,4,32,722464.0,1450131.562,4008526,148321,9428215.286,1274207.385,10000000,6590232,BENIGN
443,71019154,40,47,1310,63668,517,0,32.75,111.07764669999999,3864,0,1354.638298,1087.173448,914.936272,1.2250216329999999,825804.1163,2616896.894,10000000,0,61500000,1577035.513,3505645.035,10200000,48,70900000,1540663.37,3494563.8989999997,10200000,2,0,0,0,0,1288,1512,0.5632283370000001,0.661793296,0,3864,738.3863636,1034.8072,1070825.9409999999,0,0,0,1,0,0,0,0,1,746.8735632,32.75,1354.638298,1288,0,0,0,0,0,0,40,1310,47,63668,29200,252,4,32,717506.0,1435892.074,3971244,148771,9428080.714,1273501.011,10000000,6591485,BENIGN
443,773,2,0,0,0,0,0,0.0,0.0,0,0,0.0,0.0,0.0,2587.322122,773.0,0.0,773,773,773,773.0,0.0,773,773,0,0.0,0.0,0,0,0,0,0,0,64,0,2587.322122,0.0,0,0,0.0,0.0,0.0,0,0,0,0,1,0,0,0,0,0.0,0.0,0.0,64,0,0,0,0,0,0,2,0,0,0,1283,-1,0,32,0.0,0.0,0,0,0.0,0.0,0,0,BENIGN
443,71020506,36,42,1310,54310,517,0,36.38888889,116.67103390000001,3864,0,1293.095238,1062.701913,783.1540936000001,1.098274349,922344.2338,2751830.135,10000000,8,71000000,2029150.4,3875076.2939999998,10200000,50,70900000,1728592.5119999999,3661690.0130000003,10200000,159,0,0,0,0,1160,1352,0.506895853,0.591378496,0,3864,704.0506329,999.3302231,998660.8948,0,0,0,1,0,0,0,0,1,713.0769231,36.38888889,1293.095238,1160,0,0,0,0,0,0,36,1310,42,54310,29200,252,4,32,714803.0,1432661.29,3961172,147985,9430936.429,1273696.784,10000000,6594082,BENIGN
443,72482535,39,44,1054,60043,356,0,27.02564103,86.08303433,3864,0,1364.613636,1005.283929,842.920298,1.145103438,883933.3537,2781633.932,10000000,2,63000000,1657795.395,3716656.1969999997,10200000,2,72300000,1682186.4880000001,3739602.5930000003,10200000,3,0,0,0,0,1256,1416,0.538060651,0.6070427860000001,0,3864,727.3452381,989.4782548000001,979067.2167,0,0,0,1,0,0,0,0,1,736.1084337,27.02564103,1364.613636,1256,0,0,0,0,0,0,39,1054,44,60043,29200,260,4,32,431706.8571,590737.998,1726971,148213,9922940.571,258242.7254,10000000,9337895,BENIGN
443,533,2,0,0,0,0,0,0.0,0.0,0,0,0.0,0.0,0.0,3752.3452159999997,533.0,0.0,533,533,533,533.0,0.0,533,533,0,0.0,0.0,0,0,0,0,0,0,64,0,3752.3452159999997,0.0,0,0,0.0,0.0,0.0,0,0,0,0,1,0,0,0,0,0.0,0.0,0.0,64,0,0,0,0,0,0,2,0,0,0,1209,-1,0,32,0.0,0.0,0,0,0.0,0.0,0,0,BENIGN
443,71027581,38,44,1310,55250,517,0,34.47368421,113.77235139999999,3864,0,1255.681818,1050.2439980000001,796.3103798,1.154481102,876883.7159999999,2689693.5810000002,10000000,2,71000000,1919660.108,3794444.475,10200000,48,70900000,1648357.07,3592550.613,10200000,150,0,0,0,0,1224,1416,0.5350034379999999,0.619477665,0,3864,681.4457831,980.2157335,960822.8842,0,0,0,1,0,0,0,0,1,689.7560976,34.47368421,1255.681818,1224,0,0,0,0,0,0,38,1310,44,55250,29200,252,4,32,715558.8571,1433834.608,3964503,147851,9431203.714,1270626.321,10000000,6599815,BENIGN
443,71174120,45,53,1310,68639,517,0,29.11111111,105.0928642,3864,0,1295.075472,963.5725961,982.7870017999999,1.3769049759999998,733753.8144,2482571.275,10000000,2,61500000,1397831.523,3334590.727,10200000,2,71000000,1365882.0380000002,3327713.725,10200000,2,0,0,0,0,1448,1704,0.632252285,0.744652691,0,3864,706.5555555999999,949.0837495999999,900759.9637,0,0,0,1,0,0,0,0,1,713.7653061000001,29.11111111,1295.075472,1448,0,0,0,0,0,0,45,1310,53,68639,29200,252,4,32,715716.5714,1433623.5469999998,3964258,148346,9452014.571,1272645.11,10000000,6595676,BENIGN
443,600,2,0,0,0,0,0,0.0,0.0,0,0,0.0,0.0,0.0,3333.333333,600.0,0.0,600,600,600,600.0,0.0,600,600,0,0.0,0.0,0,0,0,0,0,0,64,0,3333.333333,0.0,0,0,0.0,0.0,0.0,0,0,0,0,1,0,0,0,0,0.0,0.0,0.0,64,0,0,0,0,0,0,2,0,0,0,1272,-1,0,32,0.0,0.0,0,0,0.0,0.0,0,0,BENIGN
443,5957518,9,11,703,3950,267,0,78.11111111,103.30228029999999,1448,0,359.0909091,569.9183195,781.0299524000001,3.35710274,313553.5789,735901.1516,2928852,1,4619441,577430.125,1081000.834,3023896,379,5862527,586252.7,954000.1531,2928852,1,0,0,0,0,296,360,1.5106962330000002,1.846406507,0,1448,221.5714286,434.4990876,188789.4571,0,0,0,1,0,0,0,0,1,232.65,78.11111111,359.0909091,296,0,0,0,0,0,0,9,703,11,3950,29200,254,4,32,0.0,0.0,0,0,0.0,0.0,0,0,BENIGN
138,77478064,23,0,5359,0,233,233,233.0,0.0,0,0,0.0,0.0,69.16796475,0.296858218,3521730.182,16500000.0,77500000,1,77500000,3521730.182,16500000.0,77500000,1,0,0.0,0.0,0,0,0,0,0,0,592,0,0.296858218,0.0,233,233,233.0,0.0,0.0,0,0,0,0,0,0,0,0,0,243.13043480000002,233.0,0.0,592,0,0,0,0,0,0,23,5359,0,0,-1,-1,22,20,20.0,0.0,20,20,77500000.0,0.0,77500000,77500000,BENIGN
22,11070400,37,44,2568,6954,408,0,69.40540541,104.7121609,976,0,158.0454545,312.6752498,860.1315219,7.316808787,138380.0,1043272.7170000001,9299005,1,11100000,307511.1111,1551552.841,9299005,2,10100000,234908.5814,1451763.991,9530154,1,0,0,0,0,764,904,3.342245989,3.974562798,0,976,116.12195120000001,242.67604730000002,58891.663960000005,0,0,0,1,0,0,0,0,1,117.55555559999999,69.40540541,158.0454545,764,0,0,0,0,0,0,37,2568,44,6954,8192,245,24,20,267137.0,0.0,267137,267137,9299005.0,0.0,9299005,9299005,BENIGN
22,194,1,1,0,0,0,0,0.0,0.0,0,0,0.0,0.0,0.0,10309.27835,194.0,0.0,194,194,0,0.0,0.0,0,0,0,0.0,0.0,0,0,0,0,0,0,20,20,5154.639175,5154.639175,0,0,0.0,0.0,0.0,0,0,0,0,1,1,0,0,1,0.0,0.0,0.0,20,0,0,0,0,0,0,1,0,1,0,256,245,0,20,0.0,0.0,0,0,0.0,0.0,0,0,BENIGN
22,1458500,35,40,2632,6634,408,0,75.2,106.5205862,976,0,165.85,325.1423791,6353.102503,51.42269455,19709.45946,115030.6374,968556,1,1458500,42897.05882,180694.1338,1010299,3,489807,12559.15385,36546.15947,206478,1,0,0,0,0,724,824,23.99725746,27.42543709,0,976,121.92105259999998,249.72586370000002,62363.007020000005,0,0,0,1,0,0,0,0,1,123.54666670000002,75.2,165.85,724,0,0,0,0,0,0,35,2632,40,6634,8192,245,24,20,0.0,0.0,0,0,0.0,0.0,0,0,BENIGN
22,231,1,1,0,0,0,0,0.0,0.0,0,0,0.0,0.0,0.0,8658.008658,231.0,0.0,231,231,0,0.0,0.0,0,0,0,0.0,0.0,0,0,0,0,0,0,20,20,4329.004329,4329.004329,0,0,0.0,0.0,0.0,0,0,0,0,1,1,0,0,1,0.0,0.0,0.0,20,0,0,0,0,0,0,1,0,1,0,250,245,0,20,0.0,0.0,0,0,0.0,0.0,0,0,BENIGN
443,81675743,36,38,6980,38628,1311,0,193.88888889999998,414.2100763,4194,0,1016.5263160000001,1080.198999,558.4032459,0.906021755,1118845.795,2985623.296,10000000,1,77200000,2206874.4,4037742.027,10100000,111,81600000,2204730.622,3979151.563,10100000,3,0,0,0,0,1160,1224,0.44076734,0.465254415,0,4194,608.1066667,915.7986409,838687.1506,0,0,0,1,0,0,0,0,1,616.3243243,193.88888889999998,1016.5263160000001,1160,0,0,0,0,0,0,36,6980,38,38628,29200,178,9,32,1034733.0,2073643.135,5665182,100654,9999639.0,22386.08697,10000000,9959912,BENIGN
443,980,2,0,0,0,0,0,0.0,0.0,0,0,0.0,0.0,0.0,2040.816327,980.0,0.0,980,980,980,980.0,0.0,980,980,0,0.0,0.0,0,0,0,0,0,0,64,0,2040.816327,0.0,0,0,0.0,0.0,0.0,0,0,0,0,1,0,0,0,0,0.0,0.0,0.0,64,0,0,0,0,0,0,2,0,0,0,924,-1,0,32,0.0,0.0,0,0,0.0,0.0,0,0,BENIGN
465,12181592,20,27,1346,4648,378,0,67.3,86.44748939,1430,0,172.1481481,388.8269047,492.05391219999996,3.858280593,264817.2174,945100.8265,6143317,1,12100000,638522.2632,1420418.093,6143317,35874,12100000,466624.6923,1244384.113,6192539,1,0,0,0,0,436,552,1.641821529,2.216459064,0,1430,124.875,299.46993060000005,89682.23936,0,0,0,1,0,0,0,0,1,127.5319149,67.3,172.1481481,436,0,0,0,0,0,0,20,1346,27,4648,8192,176,13,20,49477.0,0.0,49477,49477,6143317.0,0.0,6143317,6143317,BENIGN
465,215,3,0,37,0,37,0,12.33333333,21.36195996,0,0,0.0,0.0,172093.0233,13953.48837,107.5,84.14570696,167,48,215,107.5,84.14570696,167,48,0,0.0,0.0,0,0,0,0,0,0,60,0,13953.48837,0.0,0,37,9.25,18.5,342.25,0,0,0,0,1,0,0,0,0,12.33333333,12.33333333,0.0,60,0,0,0,0,0,0,3,37,0,0,255,-1,1,20,0.0,0.0,0,0,0.0,0.0,0,0,BENIGN
3268,53502,18,13,4112,6798,1313,0,228.4444444,416.9378882,3069,0,522.9230769,942.6004332999998,203917.6106,579.4175918999999,1783.4,7335.036439,38620,0,53502,3147.176471,9703.190817,38863,1,14862,1238.5,3816.7272390000003,13346,3,0,0,0,0,592,432,336.4360211,242.98157080000001,0,3069,340.9375,681.3588386,464249.8669,0,0,0,1,0,0,0,0,0,351.93548389999995,228.4444444,522.9230769,592,0,0,0,0,0,0,18,4112,13,6798,29200,2081,10,32,0.0,0.0,0,0,0.0,0.0,0,0,BENIGN
389,1156932,28,19,5114,8670,1313,0,182.6428571,341.3562508,3069,0,456.31578949999994,774.3691377,11914.26981,40.62468667,25150.69565,142889.4011,962252,1,1156932,42849.33333,185878.0689,962252,1,1156875,64270.833329999994,228092.8489,962504,3,0,0,0,0,912,624,24.201941,16.42274568,0,3069,287.1666667,562.513256,316421.1631,0,0,0,1,0,0,0,0,0,293.2765957,182.6428571,456.31578949999994,912,0,0,0,0,0,0,28,5114,19,8670,29200,2078,16,32,0.0,0.0,0,0,0.0,0.0,0,0,BENIGN
123,64015314,4,4,192,192,48,48,48.0,0.0,48,48,48.0,0.0,5.998564656,0.12497009699999999,9145044.857,24200000.0,64000000,3,64000000,21300000.0,37000000.0,64000000,3,64000000,21300000.0,37000000.0,64000000,3,0,0,0,0,80,80,0.062485048,0.062485048,48,48,48.0,0.0,0.0,0,0,0,0,0,0,0,0,1,54.0,48.0,48.0,80,0,0,0,0,0,0,4,192,4,192,-1,-1,3,20,137.0,0.0,137,137,64000000.0,0.0,64000000,64000000,BENIGN
53,23853,1,1,43,99,43,43,43.0,0.0,99,99,99.0,0.0,5953.129585000001,83.84689557,23853.0,0.0,23853,23853,0,0.0,0.0,0,0,0,0.0,0.0,0,0,0,0,0,0,20,20,41.92344778,41.92344778,43,99,61.66666667,32.33161507,1045.333333,0,0,0,0,0,0,0,0,1,92.5,43.0,99.0,20,0,0,0,0,0,0,1,43,1,99,-1,-1,0,20,0.0,0.0,0,0,0.0,0.0,0,0,BENIGN
443,1683635,12,10,561,5332,195,0,46.75,72.18678423,1460,0,533.2,667.8096535,3500.1648219999997,13.06696523,80173.09524,248773.301,1132879,2,1683635,153057.7273,337443.2789,1132879,43,316175,35130.55556,77407.17804,236383,2,0,0,0,0,252,212,7.127435577999999,5.939529649,0,1460,256.21739130000003,496.82665319999995,246836.7233,0,0,0,1,0,0,0,0,0,267.8636364,46.75,533.2,252,0,0,0,0,0,0,12,561,10,5332,8192,12501,5,20,0.0,0.0,0,0,0.0,0.0,0,0,BENIGN
443,1686853,11,10,561,5332,195,0,51.0,74.11882352,1460,0,533.2,667.8096535,3493.4875770000003,12.44921757,84342.65,255238.3172,1135587,1,1686853,168685.3,352816.0223,1135587,4,316931,35214.55556,78816.06575,241145,1,0,0,0,0,232,212,6.521018725,5.928198841,0,1460,267.8636364,505.2946614,255322.6948,0,0,0,1,0,0,0,0,0,280.61904760000004,51.0,533.2,232,0,0,0,0,0,0,11,561,10,5332,8192,12501,5,20,0.0,0.0,0,0,0.0,0.0,0,0,BENIGN
443,1687465,11,10,561,5332,195,0,51.0,74.11882352,1460,0,533.2,667.8096535,3492.220579,12.44470256,84373.25,258546.8384,1151709,3,1687465,168746.5,357741.4782,1151709,3,301394,33488.222219999996,75433.14671,230844,47,0,0,0,0,232,212,6.51865372,5.926048837000001,0,1460,267.8636364,505.2946614,255322.6948,0,0,0,1,0,0,0,0,0,280.61904760000004,51.0,533.2,232,0,0,0,0,0,0,11,561,10,5332,8192,12501,5,20,0.0,0.0,0,0,0.0,0.0,0,0,BENIGN
1080,750,6,1,38,0,38,0,6.333333333,15.51343504,0,0,0.0,0.0,50666.66667,9333.333333,125.0,228.40052540000002,582,1,750,150.0,307.0455992,698,1,0,0.0,0.0,0,0,0,0,0,0,120,20,8000.0,1333.333333,0,38,4.75,13.43502884,180.5,0,0,0,0,1,0,0,0,0,5.428571429,6.333333333,0.0,120,0,0,0,0,0,0,6,38,1,0,12491,0,1,20,0.0,0.0,0,0,0.0,0.0,0,0,BENIGN
443,1087085,16,16,824,8032,225,0,51.5,78.81624198,2085,0,502.0,736.6170421,8146.5570769999995,29.4365206,35067.25806,95348.5992,431822,1,1087085,72472.33333,136451.0645,431822,47,1057334,70488.93333,192916.9637,728569,1,0,0,0,0,332,332,14.7182603,14.7182603,0,2085,268.3636364,557.0604107,310316.3011,0,0,0,1,0,0,0,0,1,276.75,51.5,502.0,332,0,0,0,0,0,0,16,824,16,8032,8192,12501,7,20,0.0,0.0,0,0,0.0,0.0,0,0,BENIGN
1077,549,6,0,38,0,38,0,6.333333333,15.51343504,0,0,0.0,0.0,69216.75774,10928.96175,109.8,241.0502022,541,1,549,109.8,241.0502022,541,1,0,0.0,0.0,0,0,0,0,0,0,120,0,10928.96175,0.0,0,38,5.428571429,14.36264997,206.28571430000002,0,0,0,0,1,0,0,0,0,6.333333333,6.333333333,0.0,120,0,0,0,0,0,0,6,38,0,0,12491,-1,1,20,0.0,0.0,0,0,0.0,0.0,0,0,BENIGN
1078,504,6,1,38,0,38,0,6.333333333,15.51343504,0,0,0.0,0.0,75396.8254,13888.88889,84.0,143.7428259,353,1,504,100.8,222.043239,498,1,0,0.0,0.0,0,0,0,0,0,0,120,20,11904.7619,1984.126984,0,38,4.75,13.43502884,180.5,0,0,0,0,1,0,0,0,0,5.428571429,6.333333333,0.0,120,0,0,0,0,0,0,6,38,1,0,12491,0,1,20,0.0,0.0,0,0,0.0,0.0,0,0,BENIGN
443,1091171,15,16,833,7098,234,0,55.53333333,81.71716612,1690,0,443.625,661.6589126,7268.338326000001,28.40984594,36372.366669999996,103277.0058,512356,1,1091171,77940.78571,148786.8209,512356,48,1061607,70773.8,195967.4713,746636,1,0,0,0,0,312,332,13.74669965,14.66314629,0,1690,247.84375,504.4906796,254510.8458,0,0,0,1,0,0,0,0,1,255.8387097,55.53333333,443.625,312,0,0,0,0,0,0,15,833,16,7098,8192,12501,7,20,0.0,0.0,0,0,0.0,0.0,0,0,BENIGN
1082,6,4,0,0,0,0,0,0.0,0.0,0,0,0.0,0.0,0.0,666666.6667,2.0,1.732050808,4,1,6,2.0,1.732050808,4,1,0,0.0,0.0,0,0,0,0,0,0,80,0,666666.6667,0.0,0,0,0.0,0.0,0.0,0,0,0,0,1,0,0,0,0,0.0,0.0,0.0,80,0,0,0,0,0,0,4,0,0,0,12498,-1,0,20,0.0,0.0,0,0,0.0,0.0,0,0,BENIGN
1083,332,4,0,0,0,0,0,0.0,0.0,0,0,0.0,0.0,0.0,12048.19277,110.66666670000001,151.8628767,284,1,332,110.66666670000001,151.8628767,284,1,0,0.0,0.0,0,0,0,0,0,0,80,0,12048.19277,0.0,0,0,0.0,0.0,0.0,0,0,0,0,1,0,0,0,0,0.0,0.0,0.0,80,0,0,0,0,0,0,4,0,0,0,12498,-1,0,20,0.0,0.0,0,0,0.0,0.0,0,0,BENIGN
138,63774154,24,0,5592,0,233,233,233.0,0.0,0,0,0.0,0.0,87.68442463,0.37632800299999997,2772789.3039999995,13300000.0,63800000,1,63800000,2772789.3039999995,13300000.0,63800000,1,0,0.0,0.0,0,0,0,0,0,0,624,0,0.37632800299999997,0.0,233,233,233.0,0.0,0.0,0,0,0,0,0,0,0,0,0,242.70833330000002,233.0,0.0,624,0,0,0,0,0,0,24,5592,0,0,-1,-1,23,20,21.0,0.0,21,21,63800000.0,0.0,63800000,63800000,BENIGN
443,156002,9,10,533,5370,196,0,59.22222222,83.73138267,2920,0,537.0,956.7133554,37839.25847,121.79331029999999,8666.777778,11454.23262,30870,3,156002,19500.25,13061.71428,31268,3,108060,12006.66667,20513.98765,60005,3,0,0,0,0,192,212,57.69156806,64.10174229,0,2920,295.15,705.8692495,498251.3974,0,0,0,1,0,0,0,0,1,310.6842105,59.22222222,537.0,192,0,0,0,0,0,0,9,533,10,5370,8192,12501,4,20,0.0,0.0,0,0,0.0,0.0,0,0,BENIGN
443,156009,9,10,533,5370,196,0,59.22222222,83.73138267,2085,0,537.0,802.7386457,37837.56065,121.7878456,8667.166667,11182.95167,29073,2,156009,19501.125,12720.32013,32919,2,106292,11810.22222,18743.09329,53719,94,0,0,0,0,192,212,57.68897948,64.09886609,0,2085,295.15,608.2146673,369925.0816,0,0,0,1,0,0,0,0,1,310.6842105,59.22222222,537.0,192,0,0,0,0,0,0,9,533,10,5370,8192,12501,4,20,0.0,0.0,0,0,0.0,0.0,0,0,BENIGN
443,155937,10,10,533,5370,196,0,53.3,81.13370309,2085,0,537.0,802.7386457,37855.0312,128.2569243,8207.210526,11510.758240000001,28240,3,155937,17326.33333,13359.97158,32020,48,104402,11600.22222,17509.24019,47736,3,0,0,0,0,212,212,64.12846214,64.12846214,0,2085,281.0952381,596.3028512999999,355577.0905,0,0,0,1,0,0,0,0,1,295.15,53.3,537.0,212,0,0,0,0,0,0,10,533,10,5370,8192,12501,4,20,0.0,0.0,0,0,0.0,0.0,0,0,BENIGN
443,155932,9,11,533,5370,196,0,59.22222222,83.73138267,1460,0,488.1818182,650.8961235,37856.24503,128.2610369,8206.947368000001,12268.31496,28712,3,155932,19491.5,12928.45326,30533,49,101968,10196.8,16012.33004,42153,3,0,0,0,0,192,232,57.71746659,70.54357027,0,1460,281.0952381,514.1275041,264327.0905,0,0,0,1,0,0,0,0,1,295.15,59.22222222,488.1818182,192,0,0,0,0,0,0,9,533,11,5370,8192,12501,4,20,0.0,0.0,0,0,0.0,0.0,0,0,BENIGN
443,155911,9,10,533,5370,196,0,59.22222222,83.73138267,2085,0,537.0,802.7386457,37861.34397,121.864397,8661.722222,12478.684809999999,28574,1,155911,19488.875,14247.27047,32371,4,100427,11158.555559999999,15687.48822,35747,1,0,0,0,0,192,212,57.72524068,64.13915631,0,2085,295.15,608.2146673,369925.0816,0,0,0,1,0,0,0,0,1,310.6842105,59.22222222,537.0,192,0,0,0,0,0,0,9,533,10,5370,8192,12501,4,20,0.0,0.0,0,0,0.0,0.0,0,0,BENIGN
1097,510,2,1,0,0,0,0,0.0,0.0,0,0,0.0,0.0,0.0,5882.352940999999,255.0,323.85490580000004,484,26,510,510.0,0.0,510,510,0,0.0,0.0,0,0,0,0,0,0,40,20,3921.568627,1960.784314,0,0,0.0,0.0,0.0,0,0,0,0,1,0,0,0,0,0.0,0.0,0.0,40,0,0,0,0,0,0,2,0,1,0,12499,255,0,20,0.0,0.0,0,0,0.0,0.0,0,0,BENIGN
1098,2,3,0,0,0,0,0,0.0,0.0,0,0,0.0,0.0,0.0,1500000.0,1.0,0.0,1,1,2,1.0,0.0,1,1,0,0.0,0.0,0,0,0,0,0,0,60,0,1500000.0,0.0,0,0,0.0,0.0,0.0,0,0,0,0,1,0,0,0,0,0.0,0.0,0.0,60,0,0,0,0,0,0,3,0,0,0,12499,-1,0,20,0.0,0.0,0,0,0.0,0.0,0,0,BENIGN
1094,2,3,0,0,0,0,0,0.0,0.0,0,0,0.0,0.0,0.0,1500000.0,1.0,0.0,1,1,2,1.0,0.0,1,1,0,0.0,0.0,0,0,0,0,0,0,60,0,1500000.0,0.0,0,0,0.0,0.0,0.0,0,0,0,0,1,0,0,0,0,0.0,0.0,0.0,60,0,0,0,0,0,0,3,0,0,0,12499,-1,0,20,0.0,0.0,0,0,0.0,0.0,0,0,BENIGN
1099,3,3,0,0,0,0,0,0.0,0.0,0,0,0.0,0.0,0.0,1000000.0,1.5,0.7071067809999999,2,1,3,1.5,0.7071067809999999,2,1,0,0.0,0.0,0,0,0,0,0,0,60,0,1000000.0,0.0,0,0,0.0,0.0,0.0,0,0,0,0,1,0,0,0,0,0.0,0.0,0.0,60,0,0,0,0,0,0,3,0,0,0,12499,-1,0,20,0.0,0.0,0,0,0.0,0.0,0,0,BENIGN
1095,49,3,1,0,0,0,0,0.0,0.0,0,0,0.0,0.0,0.0,81632.65306,16.33333333,17.24335621,35,1,49,24.5,33.23401872,48,1,0,0.0,0.0,0,0,0,0,0,0,60,20,61224.4898,20408.163269999997,0,0,0.0,0.0,0.0,0,0,0,0,1,0,0,0,0,0.0,0.0,0.0,60,0,0,0,0,0,0,3,0,1,0,12499,255,0,20,0.0,0.0,0,0,0.0,0.0,0,0,BENIGN
443,168921,10,11,533,5370,196,0,53.3,81.13370309,1460,0,488.1818182,650.8961235,34945.32947,124.31846840000001,8446.05,12387.03686,31870,3,168921,18769.0,17043.71343,42683,49,138086,13808.6,22093.19653,60376,3,0,0,0,0,212,232,59.19927066,65.11919773,0,1460,268.3181818,505.3035284,255331.6558,0,0,0,1,0,0,0,0,1,281.0952381,53.3,488.1818182,212,0,0,0,0,0,0,10,533,11,5370,8192,12501,4,20,0.0,0.0,0,0,0.0,0.0,0,0,BENIGN
1100,4,3,0,0,0,0,0,0.0,0.0,0,0,0.0,0.0,0.0,750000.0,2.0,1.4142135619999998,3,1,4,2.0,1.4142135619999998,3,1,0,0.0,0.0,0,0,0,0,0,0,60,0,750000.0,0.0,0,0,0.0,0.0,0.0,0,0,0,0,1,0,0,0,0,0.0,0.0,0.0,60,0,0,0,0,0,0,3,0,0,0,12499,-1,0,20,0.0,0.0,0,0,0.0,0.0,0,0,BENIGN
53,418,1,1,49,113,49,49,49.0,0.0,113,113,113.0,0.0,387559.8086,4784.688995,418.0,0.0,418,418,0,0.0,0.0,0,0,0,0.0,0.0,0,0,0,0,0,0,20,20,2392.344498,2392.344498,49,113,70.33333333,36.95041723,1365.333333,0,0,0,0,0,0,0,0,1,105.5,49.0,113.0,20,0,0,0,0,0,0,1,49,1,113,-1,-1,0,20,0.0,0.0,0,0,0.0,0.0,0,0,BENIGN
53,23705,1,1,69,103,69,69,69.0,0.0,103,103,103.0,0.0,7255.853195999999,84.37038599,23705.0,0.0,23705,23705,0,0.0,0.0,0,0,0,0.0,0.0,0,0,0,0,0,0,20,20,42.185193,42.185193,69,103,80.33333333,19.62990915,385.3333333,0,0,0,0,0,0,0,0,1,120.5,69.0,103.0,20,0,0,0,0,0,0,1,69,1,103,-1,-1,0,20,0.0,0.0,0,0,0.0,0.0,0,0,BENIGN
443,131801,8,3,508,4126,206,0,63.5,82.38585177,4126,0,1375.333333,2382.147211,35159.06556,83.45915433,13180.1,15590.699480000001,37510,48,131801,18828.71429,15796.94058,37749,48,62735,31367.5,43605.15388,62201,534,0,0,0,0,172,72,60.69756679,22.76158754,0,4126,386.1666667,1179.913312,1392195.424,0,0,0,1,0,0,0,0,0,421.2727273,63.5,1375.333333,172,0,0,0,0,0,0,8,508,3,4126,8192,343,4,20,0.0,0.0,0,0,0.0,0.0,0,0,BENIGN
1113,20239,6,1,454,0,318,0,75.66666667,120.9258726,0,0,0.0,0.0,22431.93834,345.86689069999994,3373.166667,7971.257904000001,19639,0,20239,4047.8,8719.497847,19639,0,0,0.0,0.0,0,0,1,0,0,0,120,20,296.4573348,49.40955581,0,318,96.5,138.40623440000002,19156.28571,0,1,0,0,1,0,0,0,0,110.2857143,75.66666667,0.0,120,0,0,0,0,0,0,6,454,1,0,343,0,3,20,0.0,0.0,0,0,0.0,0.0,0,0,BENIGN
443,306899,12,10,1117,4289,509,0,93.08333333,148.8406459,1625,0,428.9,673.8828533,17614.91566,71.68482139,14614.2381,21659.91156,74866,3,306899,27899.909089999997,40982.3426,136356,4,258297,28699.66667,36190.17686,96713,3,0,0,0,0,252,204,39.10081167,32.58400972,0,1625,235.04347830000003,476.90445760000006,227437.8617,0,0,0,1,0,0,0,0,0,245.7272727,93.08333333,428.9,252,0,0,0,0,0,0,12,1117,10,4289,8192,17688,7,20,0.0,0.0,0,0,0.0,0.0,0,0,BENIGN
1111,12828,3,0,31,0,31,0,10.33333333,17.89785834,0,0,0.0,0.0,2416.588712,233.8634238,6414.0,9066.523148,12825,3,12828,6414.0,9066.523148,12825,3,0,0.0,0.0,0,0,0,0,0,0,60,0,233.8634238,0.0,0,31,7.75,15.5,240.25,0,0,0,0,1,0,0,0,0,10.33333333,10.33333333,0.0,60,0,0,0,0,0,0,3,31,0,0,17688,-1,1,20,0.0,0.0,0,0,0.0,0.0,0,0,BENIGN
53,448,1,1,44,60,44,44,44.0,0.0,60,60,60.0,0.0,232142.8571,4464.285714,448.0,0.0,448,448,0,0.0,0.0,0,0,0,0.0,0.0,0,0,0,0,0,0,32,32,2232.142857,2232.142857,44,60,49.33333333,9.237604307,85.33333333,0,0,0,0,0,0,0,0,1,74.0,44.0,60.0,32,0,0,0,0,0,0,1,44,1,60,-1,-1,0,32,0.0,0.0,0,0,0.0,0.0,0,0,BENIGN
443,5423485,8,6,353,3020,196,0,44.125,75.28695106,1460,0,503.33333330000005,646.991087,621.9248325,2.58136604,417191.1538,1363592.5580000002,4951089,3,5423485,774783.5714,1844379.427,4951089,3,186919,37383.8,45174.75744,89568,192,0,0,0,0,172,124,1.475066309,1.106299732,0,1460,224.8666667,455.9003442,207845.1238,0,0,0,1,0,0,0,0,0,240.9285714,44.125,503.33333330000005,172,0,0,0,0,0,0,8,353,6,3020,8192,35170,3,20,0.0,0.0,0,0,0.0,0.0,0,0,BENIGN
443,5589965,9,7,353,4032,196,0,39.22222222,71.94403689,1460,0,576.0,639.3069164,784.4414052999999,2.8622719460000003,372664.3333,1331116.576,5180216,3,5589965,698745.625,1812843.593,5180216,3,359928,59988.0,97075.01312,250715,48,0,0,0,0,204,152,1.61002797,1.252243976,0,1460,257.94117650000004,480.81265460000003,231180.8088,0,0,0,1,0,0,0,0,0,274.0625,39.22222222,576.0,204,0,0,0,0,0,0,9,353,7,4032,8192,946,3,20,409746.0,0.0,409746,409746,5180216.0,0.0,5180216,5180216,BENIGN
1075,3,2,0,31,0,31,0,15.5,21.92031022,0,0,0.0,0.0,10300000.0,666666.6667,3.0,0.0,3,3,3,3.0,0.0,3,3,0,0.0,0.0,0,0,1,0,0,0,40,0,666666.6667,0.0,0,31,20.66666667,17.89785834,320.3333333,0,1,0,0,1,0,0,0,0,31.0,15.5,0.0,40,0,0,0,0,0,0,2,31,0,0,946,-1,0,20,0.0,0.0,0,0,0.0,0.0,0,0,BENIGN
1076,272,2,0,0,0,0,0,0.0,0.0,0,0,0.0,0.0,0.0,7352.941176,272.0,0.0,272,272,272,272.0,0.0,272,272,0,0.0,0.0,0,0,0,0,0,0,40,0,7352.941176,0.0,0,0,0.0,0.0,0.0,0,0,0,0,1,0,0,0,0,0.0,0.0,0.0,40,0,0,0,0,0,0,2,0,0,0,35139,-1,0,20,0.0,0.0,0,0,0.0,0.0,0,0,BENIGN
443,168370,11,12,561,5370,195,0,51.0,74.11882352,1460,0,447.5,636.4046026000001,35225.99038,136.6039081,7653.181818000001,11049.519470000001,29319,1,168370,16837.0,13601.09471,32179,3,127616,11601.45455,18337.39029,54419,1,0,0,0,0,232,252,65.33230385,71.27160421,0,1460,247.125,487.9434494,238088.8098,0,0,0,1,0,0,0,0,1,257.86956519999995,51.0,447.5,232,0,0,0,0,0,0,11,561,12,5370,8192,12501,5,20,0.0,0.0,0,0,0.0,0.0,0,0,BENIGN
1120,4,3,0,0,0,0,0,0.0,0.0,0,0,0.0,0.0,0.0,750000.0,2.0,2.828427125,4,0,4,2.0,2.828427125,4,0,0,0.0,0.0,0,0,0,0,0,0,60,0,750000.0,0.0,0,0,0.0,0.0,0.0,0,0,0,0,1,0,0,0,0,0.0,0.0,0.0,60,0,0,0,0,0,0,3,0,0,0,12499,-1,0,20,0.0,0.0,0,0,0.0,0.0,0,0,BENIGN
443,199382,11,12,561,5370,195,0,51.0,74.11882352,2920,0,447.5,979.0217287999999,29746.917980000002,115.3564514,9062.818181999999,11897.37155,29370,3,170882,17088.2,14142.59515,34964,17,170403,15491.181819999998,17415.61005,41757,3,0,0,0,0,232,252,55.17047677,60.18597466,0,2920,247.125,709.0790912,502793.1576,0,0,0,1,0,0,0,0,1,257.86956519999995,51.0,447.5,232,0,0,0,0,0,0,11,561,12,5370,8192,12501,5,20,0.0,0.0,0,0,0.0,0.0,0,0,BENIGN
443,5615973,8,5,361,3017,204,0,45.125,77.60971497,1506,0,603.4,803.3957929,601.4986183,2.314825944,467997.75,1477839.015,5156741,3,5615973,802281.8571,1922697.0980000002,5156741,3,177838,44459.5,50199.02319,90040,250,0,0,0,0,172,104,1.424508273,0.8903176709999999,0,1506,241.28571430000002,529.5590951,280432.8352,0,0,0,1,0,0,0,0,0,259.8461538,45.125,603.4,172,0,0,0,0,0,0,8,361,5,3017,8192,30016,3,20,459229.0,0.0,459229,459229,5156741.0,0.0,5156741,5156741,BENIGN
1085,4,2,0,31,0,31,0,15.5,21.92031022,0,0,0.0,0.0,7750000.0,500000.0,4.0,0.0,4,4,4,4.0,0.0,4,4,0,0.0,0.0,0,0,1,0,0,0,40,0,500000.0,0.0,0,31,20.66666667,17.89785834,320.3333333,0,1,0,0,1,0,0,0,0,31.0,15.5,0.0,40,0,0,0,0,0,0,2,31,0,0,30016,-1,0,20,0.0,0.0,0,0,0.0,0.0,0,0,BENIGN
53,48291,1,1,101,165,101,101,101.0,0.0,165,165,165.0,0.0,5508.272763,41.41558468,48291.0,0.0,48291,48291,0,0.0,0.0,0,0,0,0.0,0.0,0,0,0,0,0,0,20,20,20.70779234,20.70779234,101,165,122.33333329999999,36.95041723,1365.333333,0,0,0,0,0,0,0,0,1,183.5,101.0,165.0,20,0,0,0,0,0,0,1,101,1,165,-1,-1,0,20,0.0,0.0,0,0,0.0,0.0,0,0,BENIGN
443,5523599,7,5,309,152,227,0,44.14285714,83.11724364,107,0,30.4,47.04572244,83.46007739,2.172496591,502145.3636,1546582.654,5163375,4,5523599,920599.8333,2119288.07,5245549,4,276837,69209.25,89989.26982999999,191456,331,0,0,0,0,152,104,1.267289678,0.905206913,0,227,35.46153846,65.9654144,4351.435897,0,0,0,1,0,0,0,0,0,38.41666667,44.14285714,30.4,152,0,0,0,0,0,0,7,309,5,152,8192,35183,3,20,360220.0,0.0,360220,360220,5163375.0,0.0,5163375,5163375,BENIGN
443,6743932,12,14,976,12589,623,0,81.33333333,181.90923480000004,1460,0,899.2142857000001,664.3056732000001,2011.4378379999998,3.85531764,269757.28,1105184.5,5546461,2,6743932,613084.7273,1644446.169,5546461,2,1115283,85791.0,231499.3911,846997,47,0,0,0,0,252,284,1.779377372,2.075940267,0,1460,502.4074074,641.0736343,410975.4046,0,0,0,1,0,0,0,0,1,521.7307691999999,81.33333333,899.2142857000001,252,0,0,0,0,0,0,12,976,14,12589,8192,40463,4,20,1197469.0,0.0,1197469,1197469,5546461.0,0.0,5546461,5546461,BENIGN
1093,45,2,0,0,0,0,0,0.0,0.0,0,0,0.0,0.0,0.0,44444.44444,45.0,0.0,45,45,45,45.0,0.0,45,45,0,0.0,0.0,0,0,0,0,0,0,40,0,44444.44444,0.0,0,0,0.0,0.0,0.0,0,0,0,0,1,0,0,0,0,0.0,0.0,0.0,40,0,0,0,0,0,0,2,0,0,0,35152,-1,0,20,0.0,0.0,0,0,0.0,0.0,0,0,BENIGN
1084,43,2,0,0,0,0,0,0.0,0.0,0,0,0.0,0.0,0.0,46511.62791,43.0,0.0,43,43,43,43.0,0.0,43,43,0,0.0,0.0,0,0,0,0,0,0,40,0,46511.62791,0.0,0,0,0.0,0.0,0.0,0,0,0,0,1,0,0,0,0,0.0,0.0,0.0,40,0,0,0,0,0,0,2,0,0,0,40927,-1,0,20,0.0,0.0,0,0,0.0,0.0,0,0,BENIGN
53,88394,1,1,47,79,47,47,47.0,0.0,79,79,79.0,0.0,1425.436116,22.62597009,88394.0,0.0,88394,88394,0,0.0,0.0,0,0,0,0.0,0.0,0,0,0,0,0,0,20,20,11.31298504,11.31298504,47,79,57.66666667,18.47520861,341.3333333,0,0,0,0,0,0,0,0,1,86.5,47.0,79.0,20,0,0,0,0,0,0,1,47,1,79,-1,-1,0,20,0.0,0.0,0,0,0.0,0.0,0,0,BENIGN
53,198,2,2,86,240,43,43,43.0,0.0,120,120,120.0,0.0,1646464.646,20202.0202,66.0,108.25433020000001,191,3,4,4.0,0.0,4,4,3,3.0,0.0,3,3,0,0,0,0,64,64,10101.0101,10101.0101,43,120,73.8,42.17463693,1778.7,0,0,0,0,0,0,0,0,1,92.25,43.0,120.0,64,0,0,0,0,0,0,2,86,2,240,-1,-1,1,32,0.0,0.0,0,0,0.0,0.0,0,0,BENIGN
80,5992977,3,1,0,0,0,0,0.0,0.0,0,0,0.0,0.0,0.0,0.667447914,1997659.0,3427625.905,5955482,115,5992977,2996488.5,4184648.7389999996,5955482,37495,0,0.0,0.0,0,0,0,0,0,0,72,32,0.500585936,0.166861979,0,0,0.0,0.0,0.0,0,0,0,1,0,0,0,0,0,0.0,0.0,0.0,72,0,0,0,0,0,0,3,0,1,0,8192,42780,0,20,0.0,0.0,0,0,0.0,0.0,0,0,BENIGN
443,5899937,8,6,351,4275,194,0,43.875,74.71170782,1460,0,712.5,709.1678927,784.0761689,2.372906694,453841.3077,1549100.246,5606416,1,5899937,842848.1429,2102014.865,5606416,1,69631,13926.2,18856.02075,39892,48,0,0,0,0,172,132,1.355946682,1.016960012,0,1460,308.4,546.9622343,299167.6857,0,0,0,1,0,0,0,0,0,330.42857139999995,43.875,712.5,172,0,0,0,0,0,0,8,351,6,4275,8192,946,3,20,293520.0,0.0,293520,293520,5606416.0,0.0,5606416,5606416,BENIGN
443,5640223,8,6,369,3710,212,0,46.125,79.96505933,1460,0,618.3333332999999,680.9950562999999,723.1983558,2.482171361,433863.3077,1471654.7759999998,5328548,25,5640223,805746.1429,1995996.267,5328548,48,82239,16447.8,22255.560690000002,49246,25,0,0,0,0,172,132,1.418383635,1.063787726,0,1460,271.9333333,504.6464768999999,254668.0667,0,0,0,1,0,0,0,0,0,291.35714289999993,46.125,618.3333332999999,172,0,0,0,0,0,0,8,369,6,3710,8192,119,3,20,311627.0,0.0,311627,311627,5328548.0,0.0,5328548,5328548,BENIGN
443,6005870,9,7,366,3968,209,0,40.66666667,75.52648542,1460,0,566.8571429,636.4043339,721.6273413,2.664060328,400391.3333,1457546.226,5665825,3,6005870,750733.75,1987500.644,5665825,3,308980,51496.66667,91088.33015,234096,48,0,0,0,0,204,152,1.4985339340000001,1.165526393,0,1460,254.9411765,476.6389449,227184.6838,0,0,0,1,0,0,0,0,0,270.875,40.66666667,566.8571429,204,0,0,0,0,0,0,9,366,7,3968,8192,119,3,20,340042.0,0.0,340042,340042,5665825.0,0.0,5665825,5665825,BENIGN
1108,3,2,0,31,0,31,0,15.5,21.92031022,0,0,0.0,0.0,10300000.0,666666.6667,3.0,0.0,3,3,3,3.0,0.0,3,3,0,0.0,0.0,0,0,1,0,0,0,40,0,666666.6667,0.0,0,31,20.66666667,17.89785834,320.3333333,0,1,0,0,1,0,0,0,0,31.0,15.5,0.0,40,0,0,0,0,0,0,2,31,0,0,946,-1,0,20,0.0,0.0,0,0,0.0,0.0,0,0,BENIGN
80,62472,3,2,426,110,426,0,142.0,245.95121469999998,110,0,55.0,77.78174593,8579.84377,80.03585606,15618.0,15430.121519999999,28955,87,33658,16829.0,17271.790240000002,29042,4616,33517,33517.0,0.0,33517,33517,0,0,0,0,72,44,48.02151364,32.01434243,0,426,89.33333333,170.70051750000002,29138.66667,0,0,0,1,0,0,0,0,0,107.2,142.0,55.0,72,0,0,0,0,0,0,3,426,2,110,8192,16384,1,20,0.0,0.0,0,0,0.0,0.0,0,0,BENIGN
80,62792,3,2,426,654,426,0,142.0,245.95121469999998,654,0,327.0,462.4478348999999,17199.64327,79.62797809,15698.0,15786.892090000001,29370,3,33422,16711.0,17676.25532,29210,4212,33585,33585.0,0.0,33585,33585,0,0,0,0,72,44,47.77678685,31.85119123,0,654,180.0,288.02499889999996,82958.4,0,0,0,1,0,0,0,0,0,216.0,142.0,327.0,72,0,0,0,0,0,0,3,426,2,654,8192,16384,1,20,0.0,0.0,0,0,0.0,0.0,0,0,BENIGN
80,3675,2,0,0,0,0,0,0.0,0.0,0,0,0.0,0.0,0.0,544.2176871,3675.0,0.0,3675,3675,3675,3675.0,0.0,3675,3675,0,0.0,0.0,0,0,0,0,0,0,40,0,544.2176871,0.0,0,0,0.0,0.0,0.0,0,0,0,0,1,0,0,0,0,0.0,0.0,0.0,40,0,0,0,0,0,0,2,0,0,0,64130,-1,0,20,0.0,0.0,0,0,0.0,0.0,0,0,BENIGN
80,6735,2,0,0,0,0,0,0.0,0.0,0,0,0.0,0.0,0.0,296.956199,6735.0,0.0,6735,6735,6735,6735.0,0.0,6735,6735,0,0.0,0.0,0,0,0,0,0,0,40,0,296.956199,0.0,0,0,0.0,0.0,0.0,0,0,0,0,1,0,0,0,0,0.0,0.0,0.0,40,0,0,0,0,0,0,2,0,0,0,63586,-1,0,20,0.0,0.0,0,0,0.0,0.0,0,0,BENIGN
443,99670,7,4,308,155,226,0,44.0,82.75062940000001,110,0,38.75,52.02163012,4645.3295880000005,110.36420190000001,9967.0,14788.710119999998,35415,1,99670,16611.66667,16502.41388,35559,48,56705,18901.66667,32261.77307,56153,1,0,0,0,0,152,88,70.23176482,40.13243704,0,226,38.58333333,68.02333601,4627.174242,0,0,0,1,0,0,0,0,0,42.09090909,44.0,38.75,152,0,0,0,0,0,0,7,308,4,155,8192,4606,3,20,0.0,0.0,0,0,0.0,0.0,0,0,BENIGN
1150,335,4,0,0,0,0,0,0.0,0.0,0,0,0.0,0.0,0.0,11940.298509999999,111.66666670000001,110.2739014,239,48,335,111.66666670000001,110.2739014,239,48,0,0.0,0.0,0,0,0,0,0,0,80,0,11940.298509999999,0.0,0,0,0.0,0.0,0.0,0,0,0,0,1,0,0,0,0,0.0,0.0,0.0,80,0,0,0,0,0,0,4,0,0,0,4657,-1,0,20,0.0,0.0,0,0,0.0,0.0,0,0,BENIGN
443,3121168,8,7,315,5692,189,0,39.375,74.82730117,2256,0,813.1428571,899.7643078,1924.6000219999999,4.805893178,222940.5714,674364.8989,2556037,41,3121168,445881.1429,935793.0804,2556037,226,476061,79343.5,111658.6867,287853,49,0,0,0,0,184,152,2.563143029,2.24275015,0,2256,375.4375,696.7643283,485480.5292,0,0,0,1,0,0,0,0,0,400.46666669999996,39.375,813.1428571,184,0,0,0,0,0,0,8,315,7,5692,8192,123,2,20,0.0,0.0,0,0,0.0,0.0,0,0,BENIGN
80,234094,3,4,426,2266,426,0,142.0,245.95121469999998,2266,0,566.5,1133.0,11499.65399,29.90251779,39015.66667,68098.02798,175041,4,204123,102061.5,103208.5987,175041,29082,205073,68357.66667,117505.4652,204040,4,0,0,0,0,72,84,12.81536477,17.08715302,0,2266,336.5,793.7590494,630053.4286,0,0,0,1,0,0,0,0,1,384.57142860000005,142.0,566.5,72,0,0,0,0,0,0,3,426,4,2266,8192,30016,1,20,0.0,0.0,0,0,0.0,0.0,0,0,BENIGN
80,5023,2,0,0,0,0,0,0.0,0.0,0,0,0.0,0.0,0.0,398.1684252,5023.0,0.0,5023,5023,5023,5023.0,0.0,5023,5023,0,0.0,0.0,0,0,0,0,0,0,40,0,398.1684252,0.0,0,0,0.0,0.0,0.0,0,0,0,0,1,0,0,0,0,0.0,0.0,0.0,40,0,0,0,0,0,0,2,0,0,0,64240,-1,0,20,0.0,0.0,0,0,0.0,0.0,0,0,BENIGN
443,577166,22,29,764,31594,205,0,34.72727273,65.67465396,1430,0,1089.448276,577.4588783,56063.59349,88.36279337,11543.32,52240.93282,366724,2,577166,27484.09524,78962.69787999999,366724,47,536589,19163.89286,76428.79055,403790,2,0,0,0,0,452,592,38.11728342,50.24550996,0,1430,622.2692308,682.2482187,465462.63200000004,0,0,0,1,0,0,0,0,1,634.4705882000001,34.72727273,1089.448276,452,0,0,0,0,0,0,22,764,29,31594,8192,360,7,20,0.0,0.0,0,0,0.0,0.0,0,0,BENIGN
1140,244,2,0,0,0,0,0,0.0,0.0,0,0,0.0,0.0,0.0,8196.721311,244.0,0.0,244,244,244,244.0,0.0,244,244,0,0.0,0.0,0,0,0,0,0,0,40,0,8196.721311,0.0,0,0,0.0,0.0,0.0,0,0,0,0,1,0,0,0,0,0.0,0.0,0.0,40,0,0,0,0,0,0,2,0,0,0,360,-1,0,20,0.0,0.0,0,0,0.0,0.0,0,0,BENIGN
80,209025,3,5,427,2267,427,0,142.33333330000002,246.52856490000002,1460,0,453.4,662.3804043,12888.41048,38.27293386,29860.714289999996,54445.159770000006,149364,1,178828,89414.0,84782.10306000001,149364,29464,179649,44912.25,89174.84698999999,178673,1,0,0,0,0,72,112,14.352350199999998,23.92058366,0,1460,299.3333333,519.4677565000001,269846.75,0,0,0,1,0,0,0,0,1,336.75,142.33333330000002,453.4,72,0,0,0,0,0,0,3,427,5,2267,8192,237,1,20,0.0,0.0,0,0,0.0,0.0,0,0,BENIGN
80,3315,2,0,0,0,0,0,0.0,0.0,0,0,0.0,0.0,0.0,603.3182504,3315.0,0.0,3315,3315,3315,3315.0,0.0,3315,3315,0,0.0,0.0,0,0,0,0,0,0,40,0,603.3182504,0.0,0,0,0.0,0.0,0.0,0,0,0,0,1,0,0,0,0,0.0,0.0,0.0,40,0,0,0,0,0,0,2,0,0,0,256,-1,0,20,0.0,0.0,0,0,0.0,0.0,0,0,BENIGN
80,64692,3,5,427,2267,427,0,142.33333330000002,246.52856490000002,1460,0,453.4,662.3804043,41643.479869999996,123.6628949,9241.714286,13884.04676,29431,1,34231,17115.5,17446.44561,29452,4779,35290,8822.5,16964.319190000002,34260,1,0,0,0,0,72,112,46.37358561,77.28930934,0,1460,299.3333333,519.4677565000001,269846.75,0,0,0,1,0,0,0,0,1,336.75,142.33333330000002,453.4,72,0,0,0,0,0,0,3,427,5,2267,8192,237,1,20,0.0,0.0,0,0,0.0,0.0,0,0,BENIGN
80,11456,2,0,0,0,0,0,0.0,0.0,0,0,0.0,0.0,0.0,174.5810056,11456.0,0.0,11456,11456,11456,11456.0,0.0,11456,11456,0,0.0,0.0,0,0,0,0,0,0,40,0,174.5810056,0.0,0,0,0.0,0.0,0.0,0,0,0,0,1,0,0,0,0,0.0,0.0,0.0,40,0,0,0,0,0,0,2,0,0,0,256,-1,0,20,0.0,0.0,0,0,0.0,0.0,0,0,BENIGN
80,210129,3,4,436,860,436,0,145.33333330000002,251.7247174,860,0,215.0,430.0,6167.639878,33.31286971,35021.5,63716.242029999994,163014,3,186342,93171.0,98772.91784,163014,23328,186920,62306.666670000006,107543.5352,186487,3,0,0,0,0,72,92,14.27694416,19.03592555,0,860,162.0,320.65646949999996,102820.5714,0,0,0,1,0,0,0,0,1,185.1428571,145.33333330000002,215.0,72,0,0,0,0,0,0,3,436,4,860,8192,31,1,20,0.0,0.0,0,0,0.0,0.0,0,0,BENIGN
80,1328,2,0,0,0,0,0,0.0,0.0,0,0,0.0,0.0,0.0,1506.024096,1328.0,0.0,1328,1328,1328,1328.0,0.0,1328,1328,0,0.0,0.0,0,0,0,0,0,0,40,0,1506.024096,0.0,0,0,0.0,0.0,0.0,0,0,0,0,1,0,0,0,0,0.0,0.0,0.0,40,0,0,0,0,0,0,2,0,0,0,253,-1,0,20,0.0,0.0,0,0,0.0,0.0,0,0,BENIGN
80,60789,3,4,436,860,436,0,145.33333330000002,251.7247174,860,0,215.0,430.0,21319.64665,115.1524124,10131.5,11419.2316,23369,5,37096,18548.0,6880.148981,23413,13683,37420,12473.33333,21104.07682,36840,5,0,0,0,0,72,92,49.3510339,65.80137854,0,860,162.0,320.65646949999996,102820.5714,0,0,0,1,0,0,0,0,1,185.1428571,145.33333330000002,215.0,72,0,0,0,0,0,0,3,436,4,860,8192,31,1,20,0.0,0.0,0,0,0.0,0.0,0,0,BENIGN
80,3305,2,0,0,0,0,0,0.0,0.0,0,0,0.0,0.0,0.0,605.1437216,3305.0,0.0,3305,3305,3305,3305.0,0.0,3305,3305,0,0.0,0.0,0,0,0,0,0,0,40,0,605.1437216,0.0,0,0,0.0,0.0,0.0,0,0,0,0,1,0,0,0,0,0.0,0.0,0.0,40,0,0,0,0,0,0,2,0,0,0,253,-1,0,20,0.0,0.0,0,0,0.0,0.0,0,0,BENIGN
443,235777,6,7,983,3693,660,0,163.83333330000002,256.60741740000003,1460,0,527.5714286,659.4042405,19832.29916,55.13684541,19648.08333,24155.48053,71474,3,197328,39465.6,43996.47315,110403,414,197712,32952.0,42520.767960000005,109920,3,0,0,0,0,132,148,25.4477748,29.6890706,0,1460,334.0,517.8138959,268131.2308,0,0,0,1,0,0,0,0,1,359.6923077,163.83333330000002,527.5714286,132,0,0,0,0,0,0,6,983,7,3693,8192,34,3,20,0.0,0.0,0,0,0.0,0.0,0,0,BENIGN
443,4537,2,0,0,0,0,0,0.0,0.0,0,0,0.0,0.0,0.0,440.81992510000003,4537.0,0.0,4537,4537,4537,4537.0,0.0,4537,4537,0,0.0,0.0,0,0,0,0,0,0,40,0,440.81992510000003,0.0,0,0,0.0,0.0,0.0,0,0,0,0,1,0,0,0,0,0.0,0.0,0.0,40,0,0,0,0,0,0,2,0,0,0,253,-1,0,20,0.0,0.0,0,0,0.0,0.0,0,0,BENIGN
80,52686,3,4,436,860,436,0,145.33333330000002,251.7247174,860,0,215.0,430.0,24598.56508,132.8626201,8781.0,11616.68385,23755,3,28425,14212.5,13152.893240000001,23513,4912,29262,9754.0,16458.11359,28756,3,0,0,0,0,72,92,56.94112288,75.92149717,0,860,162.0,320.65646949999996,102820.5714,0,0,0,1,0,0,0,0,1,185.1428571,145.33333330000002,215.0,72,0,0,0,0,0,0,3,436,4,860,8192,31,1,20,0.0,0.0,0,0,0.0,0.0,0,0,BENIGN
80,4275,2,0,0,0,0,0,0.0,0.0,0,0,0.0,0.0,0.0,467.8362573,4275.0,0.0,4275,4275,4275,4275.0,0.0,4275,4275,0,0.0,0.0,0,0,0,0,0,0,40,0,467.8362573,0.0,0,0,0.0,0.0,0.0,0,0,0,0,1,0,0,0,0,0.0,0.0,0.0,40,0,0,0,0,0,0,2,0,0,0,253,-1,0,20,0.0,0.0,0,0,0.0,0.0,0,0,BENIGN
80,128197,3,2,427,110,427,0,142.33333330000002,246.52856490000002,110,0,55.0,77.78174593,4188.865574,39.00247276,32049.25,28660.787139999997,69842,131,99103,49551.5,28695.10029,69842,29261,99067,99067.0,0.0,99067,99067,0,0,0,0,72,44,23.40148365,15.6009891,0,427,89.5,171.0950028,29273.5,0,0,0,1,0,0,0,0,0,107.4,142.33333330000002,55.0,72,0,0,0,0,0,0,3,427,2,110,8192,16384,1,20,0.0,0.0,0,0,0.0,0.0,0,0,BENIGN
80,128063,3,2,427,654,427,0,142.33333330000002,246.52856490000002,654,0,327.0,462.4478348999999,8441.157868,39.04328338,32015.75,28663.53747,69768,33,98825,49412.5,28787.02417,69768,29057,99039,99039.0,0.0,99039,99039,0,0,0,0,72,44,23.42597003,15.61731335,0,654,180.16666669999998,288.196056,83056.96667000001,0,0,0,1,0,0,0,0,0,216.2,142.33333330000002,327.0,72,0,0,0,0,0,0,3,427,2,654,8192,16384,1,20,0.0,0.0,0,0,0.0,0.0,0,0,BENIGN
80,3629,2,0,0,0,0,0,0.0,0.0,0,0,0.0,0.0,0.0,551.1160099,3629.0,0.0,3629,3629,3629,3629.0,0.0,3629,3629,0,0.0,0.0,0,0,0,0,0,0,40,0,551.1160099,0.0,0,0,0.0,0.0,0.0,0,0,0,0,1,0,0,0,0,0.0,0.0,0.0,40,0,0,0,0,0,0,2,0,0,0,64130,-1,0,20,0.0,0.0,0,0,0.0,0.0,0,0,BENIGN
80,6432,2,0,0,0,0,0,0.0,0.0,0,0,0.0,0.0,0.0,310.9452736,6432.0,0.0,6432,6432,6432,6432.0,0.0,6432,6432,0,0.0,0.0,0,0,0,0,0,0,40,0,310.9452736,0.0,0,0,0.0,0.0,0.0,0,0,0,0,1,0,0,0,0,0.0,0.0,0.0,40,0,0,0,0,0,0,2,0,0,0,63586,-1,0,20,0.0,0.0,0,0,0.0,0.0,0,0,BENIGN
443,582239,8,8,954,3883,631,0,119.25,220.09137709999996,1460,0,485.375,618.4443472999999,8307.58503,27.48012414,38815.93333,64383.64438,205294,3,543254,77607.71429,94442.3218,244556,354,543920,77702.85714,104026.5976,238715,3,0,0,0,0,172,168,13.74006207,13.74006207,0,1460,284.52941180000005,476.8780134,227412.6397,0,0,0,1,0,0,0,0,1,302.3125,119.25,485.375,172,0,0,0,0,0,0,8,954,8,3883,8192,34,3,20,0.0,0.0,0,0,0.0,0.0,0,0,BENIGN
443,6895,2,0,0,0,0,0,0.0,0.0,0,0,0.0,0.0,0.0,290.0652647,6895.0,0.0,6895,6895,6895,6895.0,0.0,6895,6895,0,0.0,0.0,0,0,0,0,0,0,40,0,290.0652647,0.0,0,0,0.0,0.0,0.0,0,0,0,0,1,0,0,0,0,0.0,0.0,0.0,40,0,0,0,0,0,0,2,0,0,0,253,-1,0,20,0.0,0.0,0,0,0.0,0.0,0,0,BENIGN
80,80453,3,5,427,2267,427,0,142.33333330000002,246.52856490000002,1460,0,453.4,662.3804043,33485.38898,99.43693834,11493.28571,14326.53356,29891,2,50572,25286.0,6595.892054999999,29950,20622,50562,12640.5,24646.52606,49605,2,0,0,0,0,72,112,37.28885188,62.14808646,0,1460,299.3333333,519.4677565000001,269846.75,0,0,0,1,0,0,0,0,1,336.75,142.33333330000002,453.4,72,0,0,0,0,0,0,3,427,5,2267,8192,237,1,20,0.0,0.0,0,0,0.0,0.0,0,0,BENIGN
80,74162,3,5,427,2267,427,0,142.33333330000002,246.52856490000002,1460,0,453.4,662.3804043,36325.881180000004,107.87195600000001,10594.57143,13737.95676,29372,2,43633,21816.5,10878.83783,29509,14124,44790,11197.5,21537.28224,43496,2,0,0,0,0,72,112,40.451983500000004,67.41997249,0,1460,299.3333333,519.4677565000001,269846.75,0,0,0,1,0,0,0,0,1,336.75,142.33333330000002,453.4,72,0,0,0,0,0,0,3,427,5,2267,8192,237,1,20,0.0,0.0,0,0,0.0,0.0,0,0,BENIGN
443,145485,5,6,1230,613,662,0,246.0,318.4156089,445,0,102.16666670000001,176.14019040000002,12667.97264,75.60916933,14548.5,17711.77559,39233,1,106461,26615.25,18292.40648,43643,4294,106252,21250.4,29776.615869999998,62893,1,0,0,0,0,112,128,34.36780424,41.24136509,0,662,153.58333330000002,241.74271009999998,58439.537879999996,0,0,0,1,0,0,0,0,1,167.5454545,246.0,102.16666670000001,112,0,0,0,0,0,0,5,1230,6,613,8192,34,3,20,0.0,0.0,0,0,0.0,0.0,0,0,BENIGN
53,23769,1,1,43,91,43,43,43.0,0.0,91,91,91.0,0.0,5637.595187,84.14321175,23769.0,0.0,23769,23769,0,0.0,0.0,0,0,0,0.0,0.0,0,0,0,0,0,0,20,20,42.07160587,42.07160587,43,91,59.0,27.71281292,768.0,0,0,0,0,0,0,0,0,1,88.5,43.0,91.0,20,0,0,0,0,0,0,1,43,1,91,-1,-1,0,20,0.0,0.0,0,0,0.0,0.0,0,0,BENIGN
80,104638,2,0,0,0,0,0,0.0,0.0,0,0,0.0,0.0,0.0,19.11351517,104638.0,0.0,104638,104638,104638,104638.0,0.0,104638,104638,0,0.0,0.0,0,0,0,0,0,0,40,0,19.11351517,0.0,0,0,0.0,0.0,0.0,0,0,0,0,1,0,0,0,0,0.0,0.0,0.0,40,0,0,0,0,0,0,2,0,0,0,256,-1,0,20,0.0,0.0,0,0,0.0,0.0,0,0,BENIGN
80,105431,2,0,0,0,0,0,0.0,0.0,0,0,0.0,0.0,0.0,18.96975273,105431.0,0.0,105431,105431,105431,105431.0,0.0,105431,105431,0,0.0,0.0,0,0,0,0,0,0,40,0,18.96975273,0.0,0,0,0.0,0.0,0.0,0,0,0,0,1,0,0,0,0,0.0,0.0,0.0,40,0,0,0,0,0,0,2,0,0,0,256,-1,0,20,0.0,0.0,0,0,0.0,0.0,0,0,BENIGN
443,101071,2,0,0,0,0,0,0.0,0.0,0,0,0.0,0.0,0.0,19.78806977,101071.0,0.0,101071,101071,101071,101071.0,0.0,101071,101071,0,0.0,0.0,0,0,0,0,0,0,40,0,19.78806977,0.0,0,0,0.0,0.0,0.0,0,0,0,0,1,0,0,0,0,0.0,0.0,0.0,40,0,0,0,0,0,0,2,0,0,0,254,-1,0,20,0.0,0.0,0,0,0.0,0.0,0,0,BENIGN
80,179487,4,4,427,2267,427,0,106.75,213.5,2267,0,566.75,1133.5,15009.443580000001,44.57147314,25641.0,43230.09207,118840,86,178654,59551.333329999994,51351.69228,118840,29109,150508,50169.33333,84827.34701,148119,919,0,0,0,0,92,92,22.28573657,22.28573657,0,2267,299.3333333,751.2667635,564401.75,0,0,0,1,0,0,0,0,1,336.75,106.75,566.75,92,0,0,0,0,0,0,4,427,4,2267,8192,237,1,20,0.0,0.0,0,0,0.0,0.0,0,0,BENIGN
53,104965,1,1,59,91,59,59,59.0,0.0,91,91,91.0,0.0,1429.0477779999999,19.05397037,104965.0,0.0,104965,104965,0,0.0,0.0,0,0,0,0.0,0.0,0,0,0,0,0,0,32,32,9.526985186000001,9.526985186000001,59,91,69.66666667,18.47520861,341.3333333,0,0,0,0,0,0,0,0,1,104.5,59.0,91.0,32,0,0,0,0,0,0,1,59,1,91,-1,-1,0,32,0.0,0.0,0,0,0.0,0.0,0,0,BENIGN
80,35665,2,0,0,0,0,0,0.0,0.0,0,0,0.0,0.0,0.0,56.07738679,35665.0,0.0,35665,35665,35665,35665.0,0.0,35665,35665,0,0.0,0.0,0,0,0,0,0,0,40,0,56.07738679,0.0,0,0,0.0,0.0,0.0,0,0,0,0,1,0,0,0,0,0.0,0.0,0.0,40,0,0,0,0,0,0,2,0,0,0,256,-1,0,20,0.0,0.0,0,0,0.0,0.0,0,0,BENIGN
443,418361,7,7,315,5125,189,0,45.0,78.97467949,1689,0,732.1428571,763.4152275,13003.1241,33.46392231,32181.615380000003,63583.43232000001,228719,43,418361,69726.83333,98093.57211000001,261791,1538,383555,63925.833329999994,91694.08111,228719,89,0,0,0,0,164,152,16.73196115,16.73196115,0,1689,362.6666667,616.8896251,380552.8095,0,0,0,1,0,0,0,0,1,388.57142860000005,45.0,732.1428571,164,0,0,0,0,0,0,7,315,7,5125,8192,55,2,20,0.0,0.0,0,0,0.0,0.0,0,0,BENIGN
53,121628,1,1,51,149,51,51,51.0,0.0,149,149,149.0,0.0,1644.358207,16.44358207,121628.0,0.0,121628,121628,0,0.0,0.0,0,0,0,0.0,0.0,0,0,0,0,0,0,20,20,8.221791035,8.221791035,51,149,83.66666667,56.58032638,3201.333333,0,0,0,0,0,0,0,0,1,125.5,51.0,149.0,20,0,0,0,0,0,0,1,51,1,149,-1,-1,0,20,0.0,0.0,0,0,0.0,0.0,0,0,BENIGN
53,61344,1,1,51,67,51,51,51.0,0.0,67,67,67.0,0.0,1923.5785079999998,32.60302556,61344.0,0.0,61344,61344,0,0.0,0.0,0,0,0,0.0,0.0,0,0,0,0,0,0,20,20,16.30151278,16.30151278,51,67,56.33333333,9.237604307,85.33333333,0,0,0,0,0,0,0,0,1,84.5,51.0,67.0,20,0,0,0,0,0,0,1,51,1,67,-1,-1,0,20,0.0,0.0,0,0,0.0,0.0,0,0,BENIGN
443,1130572,9,10,764,5723,357,0,84.88888889,134.9253909,2920,0,572.3,970.1387129000001,5737.803519,16.80565236,62809.55556,108833.5557,342712,81,787860,98482.5,121919.5922,296450,3770,1105985,122887.2222,222089.6511,593831,197,0,0,0,0,192,208,7.960572171,8.845080188999999,0,2920,324.35,720.0961394,518538.45,0,0,0,1,0,0,0,0,1,341.4210526,84.88888889,572.3,192,0,0,0,0,0,0,9,764,10,5723,8192,5144,3,20,0.0,0.0,0,0,0.0,0.0,0,0,BENIGN
443,194,3,0,53,0,53,0,17.66666667,30.59956427,0,0,0.0,0.0,273195.8763,15463.91753,97.0,135.764502,193,1,194,97.0,135.764502,193,1,0,0.0,0.0,0,0,0,0,0,0,60,0,15463.91753,0.0,0,53,13.25,26.5,702.25,0,0,0,0,1,0,0,0,0,17.66666667,17.66666667,0.0,60,0,0,0,0,0,0,3,53,0,0,63904,-1,1,20,0.0,0.0,0,0,0.0,0.0,0,0,BENIGN
53,23605,1,1,45,77,45,45,45.0,0.0,77,77,77.0,0.0,5168.3965259999995,84.7278119,23605.0,0.0,23605,23605,0,0.0,0.0,0,0,0,0.0,0.0,0,0,0,0,0,0,14,14,42.36390595,42.36390595,45,77,55.66666667,18.47520861,341.3333333,0,0,0,0,0,0,0,0,1,83.5,45.0,77.0,14,0,0,0,0,0,0,1,45,1,77,-1,-1,0,14,0.0,0.0,0,0,0.0,0.0,0,0,BENIGN
443,1239970,8,11,764,5723,357,0,95.5,140.1692854,1460,0,520.2727273,671.1984938999999,5231.578183,15.32295136,68887.22222000001,129787.9453,496215,49,743755,106250.7143,106693.1567,241842,8920,1215527,121552.7,241959.7356,703403,49,0,0,0,0,172,228,6.451768994,8.871182367000001,0,1460,324.35,542.3647321000001,294159.5026,0,0,0,1,0,0,0,0,1,341.4210526,95.5,520.2727273,172,0,0,0,0,0,0,8,764,11,5723,8192,5144,3,20,0.0,0.0,0,0,0.0,0.0,0,0,BENIGN
443,59207,3,0,53,0,53,0,17.66666667,30.59956427,0,0,0.0,0.0,895.1644231,50.66968433,29603.5,41796.37473,59158,49,59207,29603.5,41796.37473,59158,49,0,0.0,0.0,0,0,0,0,0,0,60,0,50.66968433,0.0,0,53,13.25,26.5,702.25,0,0,0,0,1,0,0,0,0,17.66666667,17.66666667,0.0,60,0,0,0,0,0,0,3,53,0,0,62897,-1,1,20,0.0,0.0,0,0,0.0,0.0,0,0,BENIGN
443,5311525,8,8,362,5202,205,0,45.25,77.90241148,1460,0,650.25,626.1906944,1047.5334300000002,3.012317555,354101.6667,1286155.048,4998668,3,5311525,758789.2857,1871717.355,4998668,3,289706,41386.57143,82747.32061,225742,47,0,0,0,0,184,172,1.5061587769999998,1.5061587769999998,0,1460,327.29411760000005,522.3266177,272825.0956,0,0,0,1,0,0,0,0,1,347.75,45.25,650.25,184,0,0,0,0,0,0,8,362,8,5202,8192,946,3,20,0.0,0.0,0,0,0.0,0.0,0,0,BENIGN
443,5331378,8,5,356,3493,199,0,44.5,76.15397935,1791,0,698.6,859.8888300000001,721.9521857000001,2.438393976,444281.5,1452531.16,5053370,48,5331378,761625.4286,1894097.1409999998,5053370,48,58049,14512.25,16359.4871,33025,218,0,0,0,0,172,112,1.500550139,0.9378438370000001,0,1791,274.92857139999995,581.5154557,338160.2253,0,0,0,1,0,0,0,0,0,296.0769231,44.5,698.6,172,0,0,0,0,0,0,8,356,5,3493,8192,946,3,20,277960.0,0.0,277960,277960,5053370.0,0.0,5053370,5053370,BENIGN
443,5311938,9,7,362,5202,205,0,40.22222222,74.41568682,2920,0,743.1428571,1042.814689,1047.451985,3.0120833489999996,354129.2,1285640.8059999999,4996939,16,5311938,663992.25,1752740.61,4996939,48,291712,48618.66667,87352.9251,223342,80,0,0,0,0,204,152,1.6942968840000001,1.317786465,0,2920,327.29411760000005,734.3535222,539275.0956,0,0,0,1,0,0,0,0,0,347.75,40.22222222,743.1428571,204,0,0,0,0,0,0,9,362,7,5202,8192,946,3,20,0.0,0.0,0,0,0.0,0.0,0,0,BENIGN
1128,48,2,0,31,0,31,0,15.5,21.92031022,0,0,0.0,0.0,645833.3333,41666.66667,48.0,0.0,48,48,48,48.0,0.0,48,48,0,0.0,0.0,0,0,1,0,0,0,40,0,41666.66667,0.0,0,31,20.66666667,17.89785834,320.3333333,0,1,0,0,1,0,0,0,0,31.0,15.5,0.0,40,0,0,0,0,0,0,2,31,0,0,946,-1,0,20,0.0,0.0,0,0,0.0,0.0,0,0,BENIGN
1123,1,2,0,31,0,31,0,15.5,21.92031022,0,0,0.0,0.0,31000000.0,2000000.0,1.0,0.0,1,1,1,1.0,0.0,1,1,0,0.0,0.0,0,0,1,0,0,0,40,0,2000000.0,0.0,0,31,20.66666667,17.89785834,320.3333333,0,1,0,0,1,0,0,0,0,31.0,15.5,0.0,40,0,0,0,0,0,0,2,31,0,0,946,-1,0,20,0.0,0.0,0,0,0.0,0.0,0,0,BENIGN
1127,47,2,0,31,0,31,0,15.5,21.92031022,0,0,0.0,0.0,659574.4681,42553.19149,47.0,0.0,47,47,47,47.0,0.0,47,47,0,0.0,0.0,0,0,1,0,0,0,40,0,42553.19149,0.0,0,31,20.66666667,17.89785834,320.3333333,0,1,0,0,1,0,0,0,0,31.0,15.5,0.0,40,0,0,0,0,0,0,2,31,0,0,946,-1,0,20,0.0,0.0,0,0,0.0,0.0,0,0,BENIGN
443,926421,7,6,319,3432,193,0,45.57142857,80.19529733,1460,0,572.0,695.9252832999999,4048.915126,14.032497099999999,77201.75,163400.8549,555104,75,926421,154403.5,216331.5003,555104,486,347302,69460.4,94923.30862000001,224531,228,0,0,0,0,164,132,7.555959979,6.476537125,0,1460,267.9285714,513.8683555,264060.6868,0,0,0,1,0,0,0,0,0,288.53846150000004,45.57142857,572.0,164,0,0,0,0,0,0,7,319,6,3432,8192,60,2,20,0.0,0.0,0,0,0.0,0.0,0,0,BENIGN
53,48352,1,1,101,165,101,101,101.0,0.0,165,165,165.0,0.0,5501.323627000001,41.36333554,48352.0,0.0,48352,48352,0,0.0,0.0,0,0,0,0.0,0.0,0,0,0,0,0,0,0,0,20.68166777,20.68166777,101,165,122.33333329999999,36.95041723,1365.333333,0,0,0,0,0,0,0,0,1,183.5,101.0,165.0,0,0,0,0,0,0,0,1,101,1,165,-1,-1,0,0,0.0,0.0,0,0,0.0,0.0,0,0,BENIGN
53,49544,1,1,42,70,42,42,42.0,0.0,70,70,70.0,0.0,2260.616825,40.3681576,49544.0,0.0,49544,49544,0,0.0,0.0,0,0,0,0.0,0.0,0,0,0,0,0,0,32,20,20.1840788,20.1840788,42,70,51.33333333,16.16580754,261.3333333,0,0,0,0,0,0,0,0,1,77.0,42.0,70.0,32,0,0,0,0,0,0,1,42,1,70,-1,-1,0,32,0.0,0.0,0,0,0.0,0.0,0,0,BENIGN
53,76744,1,1,50,105,50,50,50.0,0.0,105,105,105.0,0.0,2019.701866,26.06066924,76744.0,0.0,76744,76744,0,0.0,0.0,0,0,0,0.0,0.0,0,0,0,0,0,0,20,20,13.03033462,13.03033462,50,105,68.33333333,31.75426481,1008.333333,0,0,0,0,0,0,0,0,1,102.5,50.0,105.0,20,0,0,0,0,0,0,1,50,1,105,-1,-1,0,20,0.0,0.0,0,0,0.0,0.0,0,0,BENIGN
443,896043,8,9,646,4131,324,0,80.75,123.6951899,1871,0,459.0,701.4329974999999,5331.217363000001,18.97230378,56002.6875,131984.7869,504948,1,870806,124400.8571,188981.9908,504960,616,871048,108881.0,187052.1488,530181,1,0,0,0,0,184,192,8.928142957,10.04416083,0,1871,265.3888889,527.1287530000001,277864.7222,0,0,0,1,0,0,0,0,1,281.0,80.75,459.0,184,0,0,0,0,0,0,8,646,9,4131,8192,33,3,20,0.0,0.0,0,0,0.0,0.0,0,0,BENIGN
443,15138,2,0,0,0,0,0,0.0,0.0,0,0,0.0,0.0,0.0,132.1178491,15138.0,0.0,15138,15138,15138,15138.0,0.0,15138,15138,0,0.0,0.0,0,0,0,0,0,0,40,0,132.1178491,0.0,0,0,0.0,0.0,0.0,0,0,0,0,1,0,0,0,0,0.0,0.0,0.0,40,0,0,0,0,0,0,2,0,0,0,254,-1,0,20,0.0,0.0,0,0,0.0,0.0,0,0,BENIGN
443,868178,8,9,661,5446,336,0,82.625,127.47990039999999,1460,0,605.1111111,656.3530766,7034.271774,19.58123795,54261.125,109782.5485,405378,1,815800,116542.8571,159963.5108,405378,346,817562,102195.25,166157.5952,457864,1,0,0,0,0,184,192,9.214700211,10.36653774,0,1460,339.27777779999997,533.4809998,284601.9771,0,0,0,1,0,0,0,0,1,359.23529410000003,82.625,605.1111111,184,0,0,0,0,0,0,8,661,9,5446,8192,40,3,20,0.0,0.0,0,0,0.0,0.0,0,0,BENIGN
443,64791,2,0,0,0,0,0,0.0,0.0,0,0,0.0,0.0,0.0,30.86848482,64791.0,0.0,64791,64791,64791,64791.0,0.0,64791,64791,0,0.0,0.0,0,0,0,0,0,0,40,0,30.86848482,0.0,0,0,0.0,0.0,0.0,0,0,0,0,1,0,0,0,0,0.0,0.0,0.0,40,0,0,0,0,0,0,2,0,0,0,254,-1,0,20,0.0,0.0,0,0,0.0,0.0,0,0,BENIGN
443,995904,8,8,328,4157,204,0,41.0,73.46330474,1430,0,519.625,634.0531607999999,4503.446115,16.06580554,66393.6,140719.5267,467763,1,995904,142272.0,183864.1421,467763,4,191581,27368.714289999996,47663.23122,127559,1,0,0,0,0,172,172,8.03290277,8.03290277,0,1430,263.82352940000004,490.03969680000006,240138.9044,0,0,0,1,0,0,0,0,1,280.3125,41.0,519.625,172,0,0,0,0,0,0,8,328,8,4157,8192,343,3,20,0.0,0.0,0,0,0.0,0.0,0,0,BENIGN
80,168252,3,4,436,860,436,0,145.33333330000002,251.7247174,860,0,215.0,430.0,7702.731617,41.60426028,28042.0,46989.568660000004,121151,4,144545,72272.5,69124.63761,121151,23394,144923,48307.66667,83192.8673,144370,4,0,0,0,0,72,92,17.83039726,23.77386302,0,860,162.0,320.65646949999996,102820.5714,0,0,0,1,0,0,0,0,1,185.1428571,145.33333330000002,215.0,72,0,0,0,0,0,0,3,436,4,860,8192,31,1,20,0.0,0.0,0,0,0.0,0.0,0,0,BENIGN
443,5027591,8,7,363,5457,206,0,45.375,78.19561095,2021,0,779.5714286,839.3100057,1157.612065,2.98353625,359113.6429,1248577.6979999999,4691942,4,5027591,718227.2857,1754791.04,4691942,4,304494,50749.0,90937.19378,233472,49,0,0,0,0,184,152,1.5912193330000002,1.3923169169999998,0,2021,363.75,654.3707919,428201.1333,0,0,0,1,0,0,0,0,0,388.0,45.375,779.5714286,184,0,0,0,0,0,0,8,363,7,5457,8192,119,3,20,0.0,0.0,0,0,0.0,0.0,0,0,BENIGN
80,35439,2,0,0,0,0,0,0.0,0.0,0,0,0.0,0.0,0.0,56.43500099,35439.0,0.0,35439,35439,35439,35439.0,0.0,35439,35439,0,0.0,0.0,0,0,0,0,0,0,40,0,56.43500099,0.0,0,0,0.0,0.0,0.0,0,0,0,0,1,0,0,0,0,0.0,0.0,0.0,40,0,0,0,0,0,0,2,0,0,0,253,-1,0,20,0.0,0.0,0,0,0.0,0.0,0,0,BENIGN
443,664372,13,11,926,5034,358,0,71.23076923,108.30216509999998,1430,0,457.6363636,550.316504,8970.877761,36.12433998,28885.73913,80174.78497000001,389609,1,664372,55364.333329999994,107063.9099,389609,4,599173,59917.3,131989.0033,426671,1,0,0,0,0,272,232,19.56735082,16.55698916,0,1430,238.4,414.22980739999997,171586.3333,0,0,0,1,0,0,0,0,0,248.33333330000002,71.23076923,457.6363636,272,0,0,0,0,0,0,13,926,11,5034,8192,360,7,20,0.0,0.0,0,0,0.0,0.0,0,0,BENIGN
80,160219,3,4,436,860,436,0,145.33333330000002,251.7247174,860,0,215.0,430.0,8088.928279000001,43.69019904,26703.16667,43675.87063,112881,2,135963,67981.5,63497.48184,112881,23082,137186,45728.66667,78374.4473,136226,2,0,0,0,0,72,92,18.72437102,24.96582802,0,860,162.0,320.65646949999996,102820.5714,0,0,0,1,0,0,0,0,1,185.1428571,145.33333330000002,215.0,72,0,0,0,0,0,0,3,436,4,860,8192,31,1,20,0.0,0.0,0,0,0.0,0.0,0,0,BENIGN
1242,23249,2,0,0,0,0,0,0.0,0.0,0,0,0.0,0.0,0.0,86.02520539,23249.0,0.0,23249,23249,23249,23249.0,0.0,23249,23249,0,0.0,0.0,0,0,0,0,0,0,40,0,86.02520539,0.0,0,0,0.0,0.0,0.0,0,0,0,0,1,0,0,0,0,0.0,0.0,0.0,40,0,0,0,0,0,0,2,0,0,0,360,-1,0,20,0.0,0.0,0,0,0.0,0.0,0,0,BENIGN
80,13218,2,0,0,0,0,0,0.0,0.0,0,0,0.0,0.0,0.0,151.30882130000003,13218.0,0.0,13218,13218,13218,13218.0,0.0,13218,13218,0,0.0,0.0,0,0,0,0,0,0,40,0,151.30882130000003,0.0,0,0,0.0,0.0,0.0,0,0,0,0,1,0,0,0,0,0.0,0.0,0.0,40,0,0,0,0,0,0,2,0,0,0,253,-1,0,20,0.0,0.0,0,0,0.0,0.0,0,0,BENIGN
53,23667,1,1,63,79,63,63,63.0,0.0,79,79,79.0,0.0,5999.915494,84.50585203,23667.0,0.0,23667,23667,0,0.0,0.0,0,0,0,0.0,0.0,0,0,0,0,0,0,20,20,42.25292602,42.25292602,63,79,68.33333333,9.237604307,85.33333333,0,0,0,0,0,0,0,0,1,102.5,63.0,79.0,20,0,0,0,0,0,0,1,63,1,79,-1,-1,0,20,0.0,0.0,0,0,0.0,0.0,0,0,BENIGN
53,23608,1,1,50,105,50,50,50.0,0.0,105,105,105.0,0.0,6565.570993,84.71704507,23608.0,0.0,23608,23608,0,0.0,0.0,0,0,0,0.0,0.0,0,0,0,0,0,0,20,20,42.35852253,42.35852253,50,105,68.33333333,31.75426481,1008.333333,0,0,0,0,0,0,0,0,1,102.5,50.0,105.0,20,0,0,0,0,0,0,1,50,1,105,-1,-1,0,20,0.0,0.0,0,0,0.0,0.0,0,0,BENIGN
138,31,20,0,4510,0,237,214,225.5,11.79875105,0,0,0.0,0.0,145000000.0,645161.2903,1.631578947,1.382852379,7,1,31,1.631578947,1.382852379,7,1,0,0.0,0.0,0,0,0,0,0,0,400,0,645161.2903,0.0,214,237,226.047619,11.77062526,138.547619,0,0,0,0,0,0,0,0,0,237.35,225.5,0.0,400,0,0,0,0,0,0,20,4510,0,0,-1,-1,19,20,0.0,0.0,0,0,0.0,0.0,0,0,BENIGN
80,424395,3,4,426,2266,426,0,142.0,245.95121469999998,2266,0,566.5,1133.0,6343.147304,16.49406803,70732.5,144913.0056,365160,4,394093,197046.5,237748.3917,365160,28933,395535,131845.0,227235.5947,394233,4,0,0,0,0,72,92,7.068886297000001,9.425181729,0,2266,336.5,793.7590494,630053.4286,0,0,0,1,0,0,0,0,1,384.57142860000005,142.0,566.5,72,0,0,0,0,0,0,3,426,4,2266,8192,237,1,20,0.0,0.0,0,0,0.0,0.0,0,0,BENIGN
80,11788,2,0,0,0,0,0,0.0,0.0,0,0,0.0,0.0,0.0,169.66406519999998,11788.0,0.0,11788,11788,11788,11788.0,0.0,11788,11788,0,0.0,0.0,0,0,0,0,0,0,40,0,169.66406519999998,0.0,0,0,0.0,0.0,0.0,0,0,0,0,1,0,0,0,0,0.0,0.0,0.0,40,0,0,0,0,0,0,2,0,0,0,256,-1,0,20,0.0,0.0,0,0,0.0,0.0,0,0,BENIGN
80,71285,3,4,427,2267,427,0,142.33333330000002,246.52856490000002,2267,0,566.75,1133.5,37791.961839999996,98.19737673,11880.83333,14294.30206,29428,5,41194,20597.0,12423.86615,29382,11812,41915,13971.666669999999,23627.717669999998,41252,5,0,0,0,0,72,84,42.08459003,56.11278670000001,0,2267,336.75,794.1224717,630630.5,0,0,0,1,0,0,0,0,1,384.85714289999993,142.33333330000002,566.75,72,0,0,0,0,0,0,3,427,4,2267,8192,30016,1,20,0.0,0.0,0,0,0.0,0.0,0,0,BENIGN
80,142029,2,0,0,0,0,0,0.0,0.0,0,0,0.0,0.0,0.0,14.08163122,142029.0,0.0,142029,142029,142029,142029.0,0.0,142029,142029,0,0.0,0.0,0,0,0,0,0,0,40,0,14.08163122,0.0,0,0,0.0,0.0,0.0,0,0,0,0,1,0,0,0,0,0.0,0.0,0.0,40,0,0,0,0,0,0,2,0,0,0,64240,-1,0,20,0.0,0.0,0,0,0.0,0.0,0,0,BENIGN
443,241632,4,1,201,0,201,0,50.25,100.5,0,0,0.0,0.0,831.8434643999999,20.69262349,60408.0,75444.90216,170763,51,241632,80544.0,78147.50803,170763,33875,0,0.0,0.0,0,0,0,0,0,0,92,32,16.55409879,4.1385246989999995,0,201,33.5,82.05790638,6733.5,0,0,0,1,0,0,0,0,0,40.2,50.25,0.0,92,0,0,0,0,0,0,4,201,1,0,8192,42780,1,20,0.0,0.0,0,0,0.0,0.0,0,0,BENIGN
443,241110,4,1,201,0,201,0,50.25,100.5,0,0,0.0,0.0,833.6443947,20.73742275,60277.5,75042.46029,169986,6,241110,80370.0,77621.04236,169986,34237,0,0.0,0.0,0,0,0,0,0,0,92,32,16.5899382,4.147484551,0,201,33.5,82.05790638,6733.5,0,0,0,1,0,0,0,0,0,40.2,50.25,0.0,92,0,0,0,0,0,0,4,201,1,0,8192,42780,1,20,0.0,0.0,0,0,0.0,0.0,0,0,BENIGN
1275,33520,5,1,3553,0,1430,0,710.6,715.0676890999999,0,0,0.0,0.0,105996.42,178.9976134,6704.0,9125.985234,18251,5,33520,8380.0,9610.841204999999,18251,48,0,0.0,0.0,0,0,0,0,0,0,100,20,149.16467780000002,29.83293556,0,1430,507.57142860000005,679.0493004,461107.9524,0,0,0,0,1,0,0,0,0,592.1666667000001,710.6,0.0,100,0,0,0,0,0,0,5,3553,1,0,343,0,3,20,0.0,0.0,0,0,0.0,0.0,0,0,BENIGN
1276,34011,4,1,3553,0,2860,0,888.25,1354.485973,0,0,0.0,0.0,104466.2021,147.0112611,8502.75,9880.763175,19098,67,34011,11337.0,9912.282835,19098,171,0,0.0,0.0,0,0,0,0,0,0,80,20,117.60900890000002,29.40225221,0,2860,592.1666667000001,1145.06601,1311176.1670000001,0,0,0,0,1,0,0,0,0,710.6,888.25,0.0,80,0,0,0,0,0,0,4,3553,1,0,343,0,2,20,0.0,0.0,0,0,0.0,0.0,0,0,BENIGN
443,1061248,9,9,504,4574,200,0,56.0,81.9954267,1430,0,508.22222220000003,658.7521874,4784.932457,16.96116271,62426.35294,198717.3191,830679,1,1061248,132656.0,282414.8036,830679,49,1011868,126483.5,301313.9227,867895,1,0,0,0,0,192,192,8.480581353,8.480581353,0,1430,267.2631579,501.17039040000003,251171.7602,0,0,0,1,0,0,0,0,1,282.1111111,56.0,508.22222220000003,192,0,0,0,0,0,0,9,504,9,4574,8192,351,4,20,0.0,0.0,0,0,0.0,0.0,0,0,BENIGN
443,773185,7,9,1063,4236,517,0,151.8571429,209.93842630000003,1562,0,470.66666669999995,622.0898247,6853.469739,20.69362442,51545.66667,116680.79699999999,414573,1,741325,123554.1667,174270.9091,414573,1147,750063,93757.875,163344.737,446500,1,0,0,0,0,164,192,9.053460685,11.64016374,0,1562,311.70588239999995,491.41692639999997,241490.5956,0,0,0,1,0,0,0,0,1,331.1875,151.8571429,470.66666669999995,164,0,0,0,0,0,0,7,1063,9,4236,8192,1013,3,20,0.0,0.0,0,0,0.0,0.0,0,0,BENIGN
443,329519,7,10,495,4090,189,0,70.71428571,90.36355144,1410,0,409.0,586.3754959,13914.22042,51.59034836,20594.9375,30522.1461,81649,1,307353,51225.5,30570.31943,81649,22031,307562,34173.55556,50562.70725,104457,1,0,0,0,0,152,212,21.24308462,30.34726374,0,1410,254.7222222,465.4808779,216672.4477,0,0,0,1,0,0,0,0,1,269.70588239999995,70.71428571,409.0,152,0,0,0,0,0,0,7,495,10,4090,8192,119,3,20,0.0,0.0,0,0,0.0,0.0,0,0,BENIGN
443,92662,2,0,0,0,0,0,0.0,0.0,0,0,0.0,0.0,0.0,21.58382077,92662.0,0.0,92662,92662,92662,92662.0,0.0,92662,92662,0,0.0,0.0,0,0,0,0,0,0,40,0,21.58382077,0.0,0,0,0.0,0.0,0.0,0,0,0,0,1,0,0,0,0,0.0,0.0,0.0,40,0,0,0,0,0,0,2,0,0,0,257,-1,0,20,0.0,0.0,0,0,0.0,0.0,0,0,BENIGN
443,155928,2,0,0,0,0,0,0.0,0.0,0,0,0.0,0.0,0.0,12.82643271,155928.0,0.0,155928,155928,155928,155928.0,0.0,155928,155928,0,0.0,0.0,0,0,0,0,0,0,40,0,12.82643271,0.0,0,0,0.0,0.0,0.0,0,0,0,0,1,0,0,0,0,0.0,0.0,0.0,40,0,0,0,0,0,0,2,0,0,0,253,-1,0,20,0.0,0.0,0,0,0.0,0.0,0,0,BENIGN
80,1323699,3,4,436,860,436,0,145.33333330000002,251.7247174,860,0,215.0,430.0,979.0745479000001,5.288211293,220616.5,517333.8592,1276356,1,1299720,649860.0,885999.14,1276356,23364,1300417,433472.3333,750791.7749,1300412,1,0,0,0,0,72,92,2.266376268,3.0218350239999996,0,860,162.0,320.65646949999996,102820.5714,0,0,0,1,0,0,0,0,1,185.1428571,145.33333330000002,215.0,72,0,0,0,0,0,0,3,436,4,860,8192,31,1,20,0.0,0.0,0,0,0.0,0.0,0,0,BENIGN
443,550624,10,8,533,4162,200,0,53.3,74.4506548,1430,0,520.25,633.3310464,8526.689719,32.69018423,32389.647060000003,50292.25329,188830,3,550624,61180.44444,59108.15617,188830,3,469488,67069.71429,95574.52022,237549,5,0,0,0,0,212,172,18.16121346,14.52897077,0,1430,247.10526319999997,464.94765470000004,216176.3216,0,0,0,1,0,0,0,0,0,260.8333333,53.3,520.25,212,0,0,0,0,0,0,10,533,8,4162,8192,176,5,20,0.0,0.0,0,0,0.0,0.0,0,0,BENIGN
80,5287503,3,1,0,0,0,0,0.0,0.0,0,0,0.0,0.0,0.0,0.756500753,1762501.0,3032379.952,5263966,136,5287503,2643751.5,3705542.8819999998,5263966,23537,0,0.0,0.0,0,0,0,0,0,0,72,32,0.567375565,0.189125188,0,0,0.0,0.0,0.0,0,0,0,1,0,0,0,0,0,0.0,0.0,0.0,72,0,0,0,0,0,0,3,0,1,0,8192,29200,0,20,0.0,0.0,0,0,0.0,0.0,0,0,BENIGN
443,5225777,8,7,363,5457,206,0,45.375,78.19561095,2021,0,779.5714286,839.3100057,1113.70998,2.870386547,373269.7857,1299502.738,4883179,4,5225777,746539.5714,1826543.999,4883186,4,310142,51690.33333,91489.25889,235237,50,0,0,0,0,184,152,1.530872825,1.339513722,0,2021,363.75,654.3707919,428201.1333,0,0,0,1,0,0,0,0,0,388.0,45.375,779.5714286,184,0,0,0,0,0,0,8,363,7,5457,8192,119,3,20,0.0,0.0,0,0,0.0,0.0,0,0,BENIGN
1279,42010,3,0,0,0,0,0,0.0,0.0,0,0,0.0,0.0,0.0,71.41156867,21005.0,29701.313239999996,42007,3,42010,21005.0,29701.313239999996,42007,3,0,0.0,0.0,0,0,0,0,0,0,60,0,71.41156867,0.0,0,0,0.0,0.0,0.0,0,0,0,0,1,0,0,0,0,0.0,0.0,0.0,60,0,0,0,0,0,0,3,0,0,0,176,-1,0,20,0.0,0.0,0,0,0.0,0.0,0,0,BENIGN
80,382944,3,4,427,2267,427,0,142.33333330000002,246.52856490000002,2267,0,566.75,1133.5,7034.971170999999,18.27943511,63824.0,128090.0063,323698,4,352857,176428.5,208270.5242,323698,29159,353888,117962.6667,203521.9644,352969,4,0,0,0,0,72,92,7.83404362,10.44539149,0,2267,336.75,794.1224717,630630.5,0,0,0,1,0,0,0,0,1,384.85714289999993,142.33333330000002,566.75,72,0,0,0,0,0,0,3,427,4,2267,8192,237,1,20,0.0,0.0,0,0,0.0,0.0,0,0,BENIGN
80,156326,2,0,0,0,0,0,0.0,0.0,0,0,0.0,0.0,0.0,12.79377711,156326.0,0.0,156326,156326,156326,156326.0,0.0,156326,156326,0,0.0,0.0,0,0,0,0,0,0,40,0,12.79377711,0.0,0,0,0.0,0.0,0.0,0,0,0,0,1,0,0,0,0,0.0,0.0,0.0,40,0,0,0,0,0,0,2,0,0,0,253,-1,0,20,0.0,0.0,0,0,0.0,0.0,0,0,BENIGN
443,639150,11,11,564,4085,198,0,51.27272727,74.70487388,1460,0,371.36363639999996,567.9514544,7273.722913,34.42071501,30435.714289999996,57025.30932000001,215962,1,639150,63915.0,69930.09811,215962,3,578146,57814.6,98798.85421,260187,1,0,0,0,0,232,232,17.21035751,17.21035751,0,1460,202.13043480000002,420.3748656,176715.0277,0,0,0,1,0,0,0,0,1,211.3181818,51.27272727,371.36363639999996,232,0,0,0,0,0,0,11,564,11,4085,8192,123,5,20,0.0,0.0,0,0,0.0,0.0,0,0,BENIGN
80,103616,2,0,0,0,0,0,0.0,0.0,0,0,0.0,0.0,0.0,19.3020383,103616.0,0.0,103616,103616,103616,103616.0,0.0,103616,103616,0,0.0,0.0,0,0,0,0,0,0,40,0,19.3020383,0.0,0,0,0.0,0.0,0.0,0,0,0,0,1,0,0,0,0,0.0,0.0,0.0,40,0,0,0,0,0,0,2,0,0,0,256,-1,0,20,0.0,0.0,0,0,0.0,0.0,0,0,BENIGN
443,5219210,10,8,346,5822,189,0,34.6,67.15355538,1624,0,727.75,760.8072311000001,1181.7880480000001,3.448797807,307012.3529,1154008.206,4780513,3,5219210,579912.2222,1577411.582,4780513,3,388082,55440.285710000004,90474.73564,251026,49,0,0,0,0,224,172,1.9159987809999999,1.532799025,0,1624,324.63157889999997,593.4355914,352165.8012,0,0,0,1,0,0,0,0,0,342.6666667,34.6,727.75,224,0,0,0,0,0,0,10,346,8,5822,8192,119,3,20,0.0,0.0,0,0,0.0,0.0,0,0,BENIGN
443,5168942,8,5,553,2664,326,0,69.125,122.7767283,1460,0,532.8,711.8157767000001,622.3710771000001,2.5150214490000002,430745.1667,1372501.7340000002,4782574,3,5168942,738420.2857,1786668.2869999998,4782574,3,82889,20722.25,22135.86522,40806,253,0,0,0,0,172,104,1.5477055069999999,0.967315942,0,1460,229.78571430000002,468.2726324,219279.2582,0,0,0,1,0,0,0,0,0,247.4615385,69.125,532.8,172,0,0,0,0,0,0,8,553,5,2664,8192,34982,3,20,0.0,0.0,0,0,0.0,0.0,0,0,BENIGN
1284,4,2,0,31,0,31,0,15.5,21.92031022,0,0,0.0,0.0,7750000.0,500000.0,4.0,0.0,4,4,4,4.0,0.0,4,4,0,0.0,0.0,0,0,1,0,0,0,40,0,500000.0,0.0,0,31,20.66666667,17.89785834,320.3333333,0,1,0,0,1,0,0,0,0,31.0,15.5,0.0,40,0,0,0,0,0,0,2,31,0,0,123,-1,0,20,0.0,0.0,0,0,0.0,0.0,0,0,BENIGN
1153,3,2,0,0,0,0,0,0.0,0.0,0,0,0.0,0.0,0.0,666666.6667,3.0,0.0,3,3,3,3.0,0.0,3,3,0,0.0,0.0,0,0,0,0,0,0,40,0,666666.6667,0.0,0,0,0.0,0.0,0.0,0,0,0,0,1,0,0,0,0,0.0,0.0,0.0,40,0,0,0,0,0,0,2,0,0,0,34945,-1,0,20,0.0,0.0,0,0,0.0,0.0,0,0,BENIGN
1149,3,2,0,31,0,31,0,15.5,21.92031022,0,0,0.0,0.0,10300000.0,666666.6667,3.0,0.0,3,3,3,3.0,0.0,3,3,0,0.0,0.0,0,0,1,0,0,0,40,0,666666.6667,0.0,0,31,20.66666667,17.89785834,320.3333333,0,1,0,0,1,0,0,0,0,31.0,15.5,0.0,40,0,0,0,0,0,0,2,31,0,0,119,-1,0,20,0.0,0.0,0,0,0.0,0.0,0,0,BENIGN
445,90000196,10,10,8,2,1,0,0.8,0.421637021,1,0,0.2,0.421637021,0.111110869,0.222221738,4736852.421,11200000.0,30000000,1,90000000,10000000.0,15000000.0,30000000,3,90000000,10000000.0,15000000.0,30000000,3,0,0,0,0,224,296,0.111110869,0.111110869,0,1,0.523809524,0.511766316,0.261904762,0,0,0,0,1,0,0,0,1,0.55,0.8,0.2,224,0,0,0,0,0,0,10,8,10,2,253,2047,7,20,16680.66667,28773.98835,49906,50,30000000.0,28836.416719999997,30000000,30000000,BENIGN
443,779057,9,8,1397,4065,837,0,155.22222219999998,280.663846,1460,0,508.125,659.7812273,7011.04027,21.82125313,48691.0625,69412.05105,196190,1,779057,97382.125,89931.25179,221862,3,604654,86379.14286,112467.3399,261703,1,0,0,0,0,192,164,11.55242813,10.268825,0,1460,303.44444439999995,503.0680251,253077.4379,0,0,0,1,0,0,0,0,0,321.29411760000005,155.22222219999998,508.125,192,0,0,0,0,0,0,9,1397,8,4065,8192,65535,4,20,0.0,0.0,0,0,0.0,0.0,0,0,BENIGN
1281,45,2,0,37,0,37,0,18.5,26.1629509,0,0,0.0,0.0,822222.2222,44444.44444,45.0,0.0,45,45,45,45.0,0.0,45,45,0,0.0,0.0,0,0,0,0,0,0,40,0,44444.44444,0.0,0,37,12.33333333,21.36195996,456.33333330000005,0,0,0,0,1,0,0,0,0,18.5,18.5,0.0,40,0,0,0,0,0,0,2,37,0,0,40958,-1,1,20,0.0,0.0,0,0,0.0,0.0,0,0,BENIGN
443,150517,3,1,0,0,0,0,0.0,0.0,0,0,0.0,0.0,0.0,26.57507125,50172.33333,58023.4473,113741,58,150517,75258.5,54422.473410000006,113741,36776,0,0.0,0.0,0,0,0,0,0,0,72,32,19.93130344,6.643767813999999,0,0,0.0,0.0,0.0,0,0,0,1,0,0,0,0,0,0.0,0.0,0.0,72,0,0,0,0,0,0,3,0,1,0,8192,42780,0,20,0.0,0.0,0,0,0.0,0.0,0,0,BENIGN
80,5109803,3,1,0,0,0,0,0.0,0.0,0,0,0.0,0.0,0.0,0.7828090440000001,1703267.667,2936910.103,5094508,51,5109803,2554901.5,3591545.955,5094508,15295,0,0.0,0.0,0,0,0,0,0,0,72,32,0.587106783,0.19570226100000002,0,0,0.0,0.0,0.0,0,0,0,1,0,0,0,0,0,0.0,0.0,0.0,72,0,0,0,0,0,0,3,0,1,0,8192,29200,0,20,0.0,0.0,0,0,0.0,0.0,0,0,BENIGN
443,5502638,12,13,2350,11671,1797,0,195.83333330000002,514.5824138,1509,0,897.7692308000001,702.6708752999999,2548.05059,4.543275425,229276.5833,1023013.795,5026737,1,5502638,500239.8182,1503328.1809999999,5026737,3,437618,36468.16667,88391.27025,312020,1,0,0,0,0,252,264,2.180772204,2.362503221,0,1797,539.2692308,698.9901606000001,488587.2446,0,0,0,1,0,0,0,0,1,560.84,195.83333330000002,897.7692308000001,252,0,0,0,0,0,0,12,2350,13,11671,8192,65535,4,20,475898.0,0.0,475898,475898,5026737.0,0.0,5026737,5026737,BENIGN
1152,4,2,0,0,0,0,0,0.0,0.0,0,0,0.0,0.0,0.0,500000.0,4.0,0.0,4,4,4,4.0,0.0,4,4,0,0.0,0.0,0,0,0,0,0,0,40,0,500000.0,0.0,0,0,0.0,0.0,0.0,0,0,0,0,1,0,0,0,0,0.0,0.0,0.0,40,0,0,0,0,0,0,2,0,0,0,40921,-1,0,20,0.0,0.0,0,0,0.0,0.0,0,0,BENIGN
443,588485,13,13,1400,4938,839,0,107.6923077,228.94518430000002,1430,0,379.8461538,576.2188308,10770.02812,44.18124506,23539.4,39222.84575,183302,1,588485,49040.41667,49252.032680000004,183302,49,517592,43132.66667,68254.38817,220938,1,0,0,0,0,272,272,22.09062253,22.09062253,0,1430,234.74074069999998,445.1443666,198153.5071,0,0,0,1,0,0,0,0,1,243.76923080000003,107.6923077,379.8461538,272,0,0,0,0,0,0,13,1400,13,4938,8192,373,7,20,0.0,0.0,0,0,0.0,0.0,0,0,BENIGN
443,570187,14,13,1433,4939,872,0,102.3571429,230.3083576,1430,0,379.9230769,576.3470398,11175.28109,47.35288598,21930.26923,34313.61808,150804,1,570187,43860.53846,43361.09129,150804,3,486610,40550.83333,61359.81981,187330,1,0,0,0,0,292,272,24.55334829,22.7995377,0,1430,227.5714286,440.90348560000007,194395.8836,0,0,0,1,0,0,0,0,0,236.0,102.3571429,379.9230769,292,0,0,0,0,0,0,14,1433,13,4939,8192,373,7,20,0.0,0.0,0,0,0.0,0.0,0,0,BENIGN
443,354621,7,4,353,154,225,0,50.42857143,82.92337255,85,0,38.5,44.93328388,1429.695365,31.01903159,35462.1,74762.52283999999,241693,3,354621,59103.5,91615.05988,241693,73,270941,90313.66667,155886.9007,270316,3,0,0,0,0,152,92,19.73938374,11.27964785,0,225,42.25,67.16617791,4511.2954549999995,0,0,0,1,0,0,0,0,0,46.09090909,50.42857143,38.5,152,0,0,0,0,0,0,7,353,4,154,8192,4405,3,20,0.0,0.0,0,0,0.0,0.0,0,0,BENIGN
1309,2031,3,0,0,0,0,0,0.0,0.0,0,0,0.0,0.0,0.0,1477.104874,1015.5,1430.477018,2027,4,2031,1015.5,1430.477018,2027,4,0,0.0,0.0,0,0,0,0,0,0,60,0,1477.104874,0.0,0,0,0.0,0.0,0.0,0,0,0,0,1,0,0,0,0,0.0,0.0,0.0,60,0,0,0,0,0,0,3,0,0,0,4396,-1,0,20,0.0,0.0,0,0,0.0,0.0,0,0,BENIGN
80,508493,3,4,436,860,436,0,145.33333330000002,251.7247174,860,0,215.0,430.0,2548.707652,13.76616787,84748.83333,184882.96899999998,461428,4,484782,242391.0,309765.0961,461428,23354,485204,161734.6667,279805.3636,484826,4,0,0,0,0,72,92,5.899786231,7.866381641,0,860,162.0,320.65646949999996,102820.5714,0,0,0,1,0,0,0,0,1,185.1428571,145.33333330000002,215.0,72,0,0,0,0,0,0,3,436,4,860,8192,31,1,20,0.0,0.0,0,0,0.0,0.0,0,0,BENIGN
80,66664,2,0,0,0,0,0,0.0,0.0,0,0,0.0,0.0,0.0,30.00120005,66664.0,0.0,66664,66664,66664,66664.0,0.0,66664,66664,0,0.0,0.0,0,0,0,0,0,0,40,0,30.00120005,0.0,0,0,0.0,0.0,0.0,0,0,0,0,1,0,0,0,0,0.0,0.0,0.0,40,0,0,0,0,0,0,2,0,0,0,253,-1,0,20,0.0,0.0,0,0,0.0,0.0,0,0,BENIGN
443,1898361,10,12,1477,8741,693,0,147.7,242.75412799999998,2266,0,728.4166667000001,749.7452244,5382.537884,11.58894436,90398.14286,187053.0473,761897,4,1136460,126273.3333,148498.3043,422142,1398,1874676,170425.0909,242626.4074,761917,4,0,0,0,0,236,252,5.267701981,6.321242377000001,0,2266,444.26086960000004,630.99663,398156.74700000003,0,0,0,1,0,0,0,0,1,464.4545455,147.7,728.4166667000001,236,0,0,0,0,0,0,10,1477,12,8741,8192,36,4,20,0.0,0.0,0,0,0.0,0.0,0,0,BENIGN
443,21058,2,0,0,0,0,0,0.0,0.0,0,0,0.0,0.0,0.0,94.97578118,21058.0,0.0,21058,21058,21058,21058.0,0.0,21058,21058,0,0.0,0.0,0,0,0,0,0,0,40,0,94.97578118,0.0,0,0,0.0,0.0,0.0,0,0,0,0,1,0,0,0,0,0.0,0.0,0.0,40,0,0,0,0,0,0,2,0,0,0,256,-1,0,20,0.0,0.0,0,0,0.0,0.0,0,0,BENIGN
53,61083,1,1,50,114,50,50,50.0,0.0,114,114,114.0,0.0,2684.871404,32.7423342,61083.0,0.0,61083,61083,0,0.0,0.0,0,0,0,0.0,0.0,0,0,0,0,0,0,20,20,16.3711671,16.3711671,50,114,71.33333333,36.95041723,1365.333333,0,0,0,0,0,0,0,0,1,107.0,50.0,114.0,20,0,0,0,0,0,0,1,50,1,114,-1,-1,0,20,0.0,0.0,0,0,0.0,0.0,0,0,BENIGN
443,1514319,9,8,1165,4017,605,0,129.4444444,212.6253225,1460,0,502.125,655.9049229,3422.0002520000003,11.22616833,94644.9375,191876.2999,744228,2,1514319,189289.875,248537.9808,744228,3,1319686,188526.5714,388318.4458,1055416,2,0,0,0,0,192,164,5.943265587000001,5.282902743999999,0,1460,287.8888889,488.04253539999996,238185.5163,0,0,0,1,0,0,0,0,0,304.8235294,129.4444444,502.125,192,0,0,0,0,0,0,9,1165,8,4017,8192,65535,4,20,0.0,0.0,0,0,0.0,0.0,0,0,BENIGN
1287,3,2,0,37,0,37,0,18.5,26.1629509,0,0,0.0,0.0,12300000.0,666666.6667,3.0,0.0,3,3,3,3.0,0.0,3,3,0,0.0,0.0,0,0,0,0,0,0,40,0,666666.6667,0.0,0,37,12.33333333,21.36195996,456.33333330000005,0,0,0,0,1,0,0,0,0,18.5,18.5,0.0,40,0,0,0,0,0,0,2,37,0,0,40958,-1,1,20,0.0,0.0,0,0,0.0,0.0,0,0,BENIGN
443,428860,9,8,500,3601,196,0,55.55555556,81.12353406,1727,0,450.125,707.8878922,9562.561209,39.63997575,26803.75,42680.7953,162920,1,428860,53607.5,48758.35548,162920,3,365260,52180.0,84311.07418,216091,1,0,0,0,0,192,172,20.98586951,18.65410624,0,1727,227.83333330000002,501.45192130000004,251454.0294,0,0,0,1,0,0,0,0,0,241.2352941,55.55555556,450.125,192,0,0,0,0,0,0,9,500,8,3601,8192,351,4,20,0.0,0.0,0,0,0.0,0.0,0,0,BENIGN
53,404578,1,1,55,174,55,55,55.0,0.0,174,174,174.0,0.0,566.0218796,4.943422528999999,404578.0,0.0,404578,404578,0,0.0,0.0,0,0,0,0.0,0.0,0,0,0,0,0,0,20,20,2.471711265,2.471711265,55,174,94.66666667,68.70468203,4720.333333,0,0,0,0,0,0,0,0,1,142.0,55.0,174.0,20,0,0,0,0,0,0,1,55,1,174,-1,-1,0,20,0.0,0.0,0,0,0.0,0.0,0,0,BENIGN
443,12629675,9,11,531,3317,204,0,59.0,82.29216245,1625,0,301.5454545,615.1361416,304.6792574,1.583572024,664719.7368,2674168.11,11700000,3,928573,116071.625,173593.1588,447125,189,12600000,1259476.1,3671292.955,11700000,3,0,0,0,0,192,224,0.7126074109999999,0.8709646129999999,0,1625,183.23809519999998,456.3198335,208227.7905,0,0,0,1,0,0,0,0,1,192.4,59.0,301.5454545,192,0,0,0,0,0,0,9,531,11,3317,8192,16616,4,20,928573.0,0.0,928573,928573,11700000.0,0.0,11700000,11700000,BENIGN
443,24237,3,0,46,0,46,0,15.33333333,26.55811238,0,0,0.0,0.0,1897.924661,123.7776953,12118.5,16722.36827,23943,294,24237,12118.5,16722.36827,23943,294,0,0.0,0.0,0,0,0,0,0,0,60,0,123.7776953,0.0,0,46,11.5,23.0,529.0,0,0,0,0,1,0,0,0,0,15.33333333,15.33333333,0.0,60,0,0,0,0,0,0,3,46,0,0,64046,-1,1,20,0.0,0.0,0,0,0.0,0.0,0,0,BENIGN
443,5085980,8,6,348,3163,191,0,43.5,73.85313612,1601,0,527.1666667,778.7907079,690.3291008,2.75266517,391229.2308,1270377.3020000001,4613192,3,5085980,726568.5714,1716922.821,4613192,3,422318,84463.6,103851.1579,251480,237,0,0,0,0,184,132,1.572951526,1.179713644,0,1601,234.06666669999998,529.9267424999999,280822.3524,0,0,0,1,0,0,0,0,0,250.78571430000002,43.5,527.1666667,184,0,0,0,0,0,0,8,348,6,3163,8192,110,3,20,0.0,0.0,0,0,0.0,0.0,0,0,BENIGN
443,5767480,8,5,553,2664,326,0,69.125,122.7767283,1460,0,532.8,711.8157767000001,557.7826018,2.254017352,480623.3333,1547790.096,5390100,2,5767480,823925.7143,2016341.4340000001,5390100,2,81162,20290.5,21429.61515,38893,189,0,0,0,0,172,104,1.3870876019999998,0.8669297509999999,0,1460,229.78571430000002,468.2726324,219279.2582,0,0,0,1,0,0,0,0,0,247.4615385,69.125,532.8,172,0,0,0,0,0,0,8,553,5,2664,8192,34982,3,20,377378.0,0.0,377378,377378,5390100.0,0.0,5390100,5390100,BENIGN
443,5800298,8,8,460,5462,214,0,57.5,92.12103839,1460,0,682.75,725.5828691,1020.982025,2.7584789610000002,386686.5333,1401360.2959999999,5447500,3,5800298,828614.0,2038895.2480000001,5447500,3,79850,11407.14286,12566.423190000001,26009,48,0,0,0,0,172,168,1.37923948,1.37923948,0,1460,348.3529412,582.9548589999999,339836.3676,0,0,0,1,0,0,0,0,1,370.125,57.5,682.75,172,0,0,0,0,0,0,8,460,8,5462,8192,4787,3,20,352795.0,0.0,352795,352795,5447500.0,0.0,5447500,5447500,BENIGN
443,5800890,9,7,460,5462,214,0,51.11111111,88.27718341,2920,0,780.2857142999999,1111.736886,1020.877831,2.758197449,386726.0,1412871.517,5490654,3,5800890,725111.25,1927042.446,5490654,3,84580,14096.666669999999,13775.685459999999,29578,193,0,0,0,0,192,148,1.551486065,1.206711384,0,2920,348.3529412,778.6439287000001,606286.3676,0,0,0,1,0,0,0,0,0,370.125,51.11111111,780.2857142999999,192,0,0,0,0,0,0,9,460,7,5462,8192,4787,3,20,310233.0,0.0,310233,310233,5490654.0,0.0,5490654,5490654,BENIGN
443,5840318,8,6,603,3262,342,0,75.375,129.6070297,1460,0,543.6666667000001,716.4737725,661.7790332999999,2.397129745,449255.2308,1532905.699,5547764,1,5840318,834331.1429,2080105.9130000002,5547764,1,60984,12196.8,15781.19865,29714,2,0,0,0,0,172,132,1.369788426,1.027341319,0,1460,257.6666667,500.5189688,250519.2381,0,0,0,1,0,0,0,0,0,276.07142860000005,75.375,543.6666667000001,172,0,0,0,0,0,0,8,603,6,3262,8192,4367,3,20,292553.0,0.0,292553,292553,5547764.0,0.0,5547764,5547764,BENIGN
443,5679254,7,4,318,145,222,0,45.42857143,81.3303083,92,0,36.25,44.78373961,81.52479181,1.9368741040000002,567925.4,1748357.741,5543601,3,5679254,946542.3333,2271116.675,5582304,3,97117,32372.33333,26103.87294,51782,2696,0,0,0,0,152,84,1.232556248,0.704317856,0,222,38.58333333,65.74255344,4322.083333,0,0,0,1,0,0,0,0,0,42.09090909,45.42857143,36.25,152,0,0,0,0,0,0,7,318,4,145,8192,35185,3,20,135650.0,0.0,135650,135650,5543601.0,0.0,5543601,5543601,BENIGN
1170,1,2,0,0,0,0,0,0.0,0.0,0,0,0.0,0.0,0.0,2000000.0,1.0,0.0,1,1,1,1.0,0.0,1,1,0,0.0,0.0,0,0,0,0,0,0,40,0,2000000.0,0.0,0,0,0.0,0.0,0.0,0,0,0,0,1,0,0,0,0,0.0,0.0,0.0,40,0,0,0,0,0,0,2,0,0,0,4840,-1,0,20,0.0,0.0,0,0,0.0,0.0,0,0,BENIGN
1171,3,2,0,0,0,0,0,0.0,0.0,0,0,0.0,0.0,0.0,666666.6667,3.0,0.0,3,3,3,3.0,0.0,3,3,0,0.0,0.0,0,0,0,0,0,0,40,0,666666.6667,0.0,0,0,0.0,0.0,0.0,0,0,0,0,1,0,0,0,0,0.0,0.0,0.0,40,0,0,0,0,0,0,2,0,0,0,4840,-1,0,20,0.0,0.0,0,0,0.0,0.0,0,0,BENIGN
1169,3,2,0,0,0,0,0,0.0,0.0,0,0,0.0,0.0,0.0,666666.6667,3.0,0.0,3,3,3,3.0,0.0,3,3,0,0.0,0.0,0,0,0,0,0,0,40,0,666666.6667,0.0,0,0,0.0,0.0,0.0,0,0,0,0,1,0,0,0,0,0.0,0.0,0.0,40,0,0,0,0,0,0,2,0,0,0,4361,-1,0,20,0.0,0.0,0,0,0.0,0.0,0,0,BENIGN
1173,3,2,0,0,0,0,0,0.0,0.0,0,0,0.0,0.0,0.0,666666.6667,3.0,0.0,3,3,3,3.0,0.0,3,3,0,0.0,0.0,0,0,0,0,0,0,40,0,666666.6667,0.0,0,0,0.0,0.0,0.0,0,0,0,0,1,0,0,0,0,0.0,0.0,0.0,40,0,0,0,0,0,0,2,0,0,0,34945,-1,0,20,0.0,0.0,0,0,0.0,0.0,0,0,BENIGN
1175,1814,2,0,0,0,0,0,0.0,0.0,0,0,0.0,0.0,0.0,1102.535832,1814.0,0.0,1814,1814,1814,1814.0,0.0,1814,1814,0,0.0,0.0,0,0,0,0,0,0,40,0,1102.535832,0.0,0,0,0.0,0.0,0.0,0,0,0,0,1,0,0,0,0,0.0,0.0,0.0,40,0,0,0,0,0,0,2,0,0,0,35148,-1,0,20,0.0,0.0,0,0,0.0,0.0,0,0,BENIGN
1194,3,2,0,31,0,31,0,15.5,21.92031022,0,0,0.0,0.0,10300000.0,666666.6667,3.0,0.0,3,3,3,3.0,0.0,3,3,0,0.0,0.0,0,0,1,0,0,0,40,0,666666.6667,0.0,0,31,20.66666667,17.89785834,320.3333333,0,1,0,0,1,0,0,0,0,31.0,15.5,0.0,40,0,0,0,0,0,0,2,31,0,0,110,-1,0,20,0.0,0.0,0,0,0.0,0.0,0,0,BENIGN
443,5500782,8,7,353,3879,196,0,44.125,75.28695106,1460,0,554.1428571,636.7564758,769.3451586,2.7268850139999996,392913.0,1364064.1809999999,5127740,37,5500782,785826.0,1916597.855,5127740,46,348185,58030.833329999994,88062.7999,225354,49,0,0,0,0,184,152,1.4543386740000002,1.27254634,0,1460,264.5,484.2975669,234544.1333,0,0,0,1,0,0,0,0,0,282.1333333,44.125,554.1428571,184,0,0,0,0,0,0,8,353,7,3879,8192,31,3,20,372996.0,0.0,372996,372996,5127740.0,0.0,5127740,5127740,BENIGN
443,5606898,7,5,310,152,228,0,44.28571429,83.48395911,107,0,30.4,47.04572244,82.3985027,2.140220849,509718.0,1593871.148,5314185,3,5606898,934483.0,2186087.7630000003,5396173,3,210534,52633.5,59231.71196,118184,3,0,0,0,0,152,104,1.248462162,0.891758687,0,228,35.53846154,66.20752146,4383.435897,0,0,0,1,0,0,0,0,0,38.5,44.28571429,30.4,152,0,0,0,0,0,0,7,310,5,152,8192,35181,3,20,292710.0,0.0,292710,292710,5314185.0,0.0,5314185,5314185,BENIGN
443,5635381,8,7,356,4093,199,0,44.5,76.15397935,1460,0,584.7142857000001,633.8692595,789.476346,2.661754369,402527.2143,1415148.142,5314992,3,5635381,805054.4286,1990722.764,5314992,3,295480,49246.66667,88487.76076,227203,58,0,0,0,0,184,152,1.41960233,1.242152039,0,1460,278.0625,491.4817688999999,241554.3292,0,0,0,1,0,0,0,0,0,296.6,44.5,584.7142857000001,184,0,0,0,0,0,0,8,356,7,4093,8192,62,3,20,320386.0,0.0,320386,320386,5314992.0,0.0,5314992,5314992,BENIGN
443,5743451,9,7,1326,595,1016,0,147.33333330000002,333.9981287,443,0,85.0,162.8639514,334.46790089999996,2.78578158,382896.7333,1332600.5890000002,5191878,1,5743451,717931.375,1812137.092,5191878,49,176922,29487.0,43292.94337,87174,1,0,0,0,0,192,144,1.567002139,1.218779441,0,1016,113.0,259.8619826,67528.25,0,0,0,1,0,0,0,0,0,120.0625,147.33333330000002,85.0,192,0,0,0,0,0,0,9,1326,7,595,8192,40474,4,20,551524.0,0.0,551524,551524,5191878.0,0.0,5191878,5191878,BENIGN
443,6022109,9,6,345,3420,188,0,38.33333333,69.78180279,1858,0,570.0,853.1782932,625.196256,2.490821737,430150.6429,1468089.514,5526120,3,6022109,752763.625,1930976.2859999998,5526120,3,445296,89059.2,103710.3306,248645,221,0,0,0,0,204,132,1.4944930419999998,0.996328695,0,1858,235.3125,563.0391009,317013.0292,0,0,0,1,0,0,0,0,0,251.0,38.33333333,570.0,204,0,0,0,0,0,0,9,345,6,3420,8192,110,3,20,495986.0,0.0,495986,495986,5526120.0,0.0,5526120,5526120,BENIGN
443,5476222,9,7,354,3924,197,0,39.33333333,72.21668782,1460,0,560.5714286,639.1460076000001,781.195503,2.9217223110000003,365081.4667,1288538.737,5015514,4,5476222,684527.75,1752899.836,5015514,4,437649,72941.5,119721.3015,303453,48,0,0,0,0,204,152,1.6434688000000002,1.278253511,0,1460,251.6470588,476.3026797,226864.2426,0,0,0,1,0,0,0,0,0,267.375,39.33333333,560.5714286,204,0,0,0,0,0,0,9,354,7,3924,8192,946,3,20,460704.0,0.0,460704,460704,5015514.0,0.0,5015514,5015514,BENIGN
443,5476350,9,6,352,3051,195,0,39.11111111,71.67189903,1489,0,508.5,748.6640768999999,621.3992897,2.739050645,391167.8571,1325974.221,4994119,3,5476350,684543.75,1743215.602,4994129,4,431951,86390.2,104004.8507,251418,291,0,0,0,0,204,132,1.6434303869999998,1.095620258,0,1489,212.6875,495.6483591,245667.2958,0,0,0,1,0,0,0,0,0,226.8666667,39.11111111,508.5,204,0,0,0,0,0,0,9,352,6,3051,8192,119,3,20,0.0,0.0,0,0,0.0,0.0,0,0,BENIGN
443,19881419,46,73,5692,103751,1012,0,123.7391304,287.7751773,4380,0,1421.246575,842.6537574999999,5504.7881640000005,5.985488258999999,168486.6017,706442.0541,5116072,1,19900000,441809.3111,1097740.415,5116072,49,14700000,203916.8472,720978.2434,3454410,1,0,0,0,0,932,1464,2.313718151,3.6717701089999997,0,4380,912.025,931.2352189,867199.0329999999,0,0,0,1,0,0,0,0,1,919.6890756000001,123.7391304,1421.246575,932,0,0,0,0,0,0,46,5692,73,103751,8192,40981,10,20,14800000.0,0.0,14800000,14800000,5116072.0,0.0,5116072,5116072,BENIGN
1170,1000210,2,0,0,0,0,0,0.0,0.0,0,0,0.0,0.0,0.0,1.999580088,1000210.0,0.0,1000210,1000210,1000210,1000210.0,0.0,1000210,1000210,0,0.0,0.0,0,0,0,0,0,0,40,0,1.999580088,0.0,0,0,0.0,0.0,0.0,0,0,0,0,1,0,0,0,0,0.0,0.0,0.0,40,0,0,0,0,0,0,2,0,0,0,4840,-1,0,20,0.0,0.0,0,0,0.0,0.0,0,0,BENIGN
1171,1000714,2,0,0,0,0,0,0.0,0.0,0,0,0.0,0.0,0.0,1.998573019,1000714.0,0.0,1000714,1000714,1000714,1000714.0,0.0,1000714,1000714,0,0.0,0.0,0,0,0,0,0,0,40,0,1.998573019,0.0,0,0,0.0,0.0,0.0,0,0,0,0,1,0,0,0,0,0.0,0.0,0.0,40,0,0,0,0,0,0,2,0,0,0,4840,-1,0,20,0.0,0.0,0,0,0.0,0.0,0,0,BENIGN
1216,1,2,0,31,0,31,0,15.5,21.92031022,0,0,0.0,0.0,31000000.0,2000000.0,1.0,0.0,1,1,1,1.0,0.0,1,1,0,0.0,0.0,0,0,1,0,0,0,40,0,2000000.0,0.0,0,31,20.66666667,17.89785834,320.3333333,0,1,0,0,1,0,0,0,0,31.0,15.5,0.0,40,0,0,0,0,0,0,2,31,0,0,946,-1,0,20,0.0,0.0,0,0,0.0,0.0,0,0,BENIGN
443,3,1,1,0,0,0,0,0.0,0.0,0,0,0.0,0.0,0.0,666666.6667,3.0,0.0,3,3,0,0.0,0.0,0,0,0,0.0,0.0,0,0,0,0,0,0,20,20,333333.3333,333333.3333,0,0,0.0,0.0,0.0,0,0,0,0,1,0,0,0,1,0.0,0.0,0.0,20,0,0,0,0,0,0,1,0,1,0,255,31,0,20,0.0,0.0,0,0,0.0,0.0,0,0,BENIGN
443,6094888,11,12,1568,8867,668,0,142.5454545,247.82589199999998,3342,0,738.9166667000001,974.3791924000001,1712.0905260000002,3.773654249,277040.3636,1013684.872,4768919,2,1325967,132596.7,203618.8662,644975,384,6071543,551958.4545,1412752.5769999998,4768961,2,0,0,0,0,232,248,1.8047911630000002,1.968863087,0,3342,434.79166669999995,760.3252725,578094.5199,0,0,0,1,0,0,0,0,1,453.6956522,142.5454545,738.9166667000001,232,0,0,0,0,0,0,11,1568,12,8867,8192,27,4,20,0.0,0.0,0,0,0.0,0.0,0,0,BENIGN
443,4540,2,0,0,0,0,0,0.0,0.0,0,0,0.0,0.0,0.0,440.52863439999993,4540.0,0.0,4540,4540,4540,4540.0,0.0,4540,4540,0,0.0,0.0,0,0,0,0,0,0,40,0,440.52863439999993,0.0,0,0,0.0,0.0,0.0,0,0,0,0,1,0,0,0,0,0.0,0.0,0.0,40,0,0,0,0,0,0,2,0,0,0,256,-1,0,20,0.0,0.0,0,0,0.0,0.0,0,0,BENIGN
1204,4,2,0,31,0,31,0,15.5,21.92031022,0,0,0.0,0.0,7750000.0,500000.0,4.0,0.0,4,4,4,4.0,0.0,4,4,0,0.0,0.0,0,0,1,0,0,0,40,0,500000.0,0.0,0,31,20.66666667,17.89785834,320.3333333,0,1,0,0,1,0,0,0,0,31.0,15.5,0.0,40,0,0,0,0,0,0,2,31,0,0,110,-1,0,20,0.0,0.0,0,0,0.0,0.0,0,0,BENIGN
1217,1,2,0,31,0,31,0,15.5,21.92031022,0,0,0.0,0.0,31000000.0,2000000.0,1.0,0.0,1,1,1,1.0,0.0,1,1,0,0.0,0.0,0,0,1,0,0,0,40,0,2000000.0,0.0,0,31,20.66666667,17.89785834,320.3333333,0,1,0,0,1,0,0,0,0,31.0,15.5,0.0,40,0,0,0,0,0,0,2,31,0,0,119,-1,0,20,0.0,0.0,0,0,0.0,0.0,0,0,BENIGN
1209,4,2,0,0,0,0,0,0.0,0.0,0,0,0.0,0.0,0.0,500000.0,4.0,0.0,4,4,4,4.0,0.0,4,4,0,0.0,0.0,0,0,0,0,0,0,40,0,500000.0,0.0,0,0,0.0,0.0,0.0,0,0,0,0,1,0,0,0,0,0.0,0.0,0.0,40,0,0,0,0,0,0,2,0,0,0,35150,-1,0,20,0.0,0.0,0,0,0.0,0.0,0,0,BENIGN
1206,1,2,0,0,0,0,0,0.0,0.0,0,0,0.0,0.0,0.0,2000000.0,1.0,0.0,1,1,1,1.0,0.0,1,1,0,0.0,0.0,0,0,0,0,0,0,40,0,2000000.0,0.0,0,0,0.0,0.0,0.0,0,0,0,0,1,0,0,0,0,0.0,0.0,0.0,40,0,0,0,0,0,0,2,0,0,0,40927,-1,0,20,0.0,0.0,0,0,0.0,0.0,0,0,BENIGN
1073,4,2,0,0,0,0,0,0.0,0.0,0,0,0.0,0.0,0.0,500000.0,4.0,0.0,4,4,4,4.0,0.0,4,4,0,0.0,0.0,0,0,0,0,0,0,40,0,500000.0,0.0,0,0,0.0,0.0,0.0,0,0,0,0,1,0,0,0,0,0.0,0.0,0.0,40,0,0,0,0,0,0,2,0,0,0,40927,-1,0,20,0.0,0.0,0,0,0.0,0.0,0,0,BENIGN
443,3944270,11,11,699,6128,376,0,63.54545455,123.14330159999999,1460,0,557.0909091,613.2470063999999,1730.8652809999999,5.577711465,187822.38100000002,538489.9795,2391894,16,3944270,394427.0,747885.5993,2392231,842,3893224,389322.4,754877.2641,2391910,48,0,0,0,0,256,232,2.788855732,2.788855732,0,1460,296.82608700000003,492.8673666,242918.2411,0,0,0,1,0,0,0,0,1,310.3181818,63.54545455,557.0909091,256,0,0,0,0,0,0,11,699,11,6128,8192,123,3,20,0.0,0.0,0,0,0.0,0.0,0,0,BENIGN
443,7084901,60,93,182894,36174,23360,0,3048.2333329999997,5039.037288,2246,0,388.96774189999996,657.2231678999999,30920.403830000003,21.5952206,46611.19079,444996.8064,5465729,0,7084901,120083.0678,711868.7209,5465729,18,6885303,74840.25,576732.2845,5511979,1,0,0,0,0,1212,1872,8.468713959,13.12650664,0,23360,1422.519481,3427.880889,11800000.0,0,0,0,1,0,0,0,0,1,1431.816993,3048.2333329999997,388.96774189999996,1212,0,0,0,0,0,0,60,182894,93,36174,8192,256,43,20,1411235.0,0.0,1411235,1411235,5465729.0,0.0,5465729,5465729,BENIGN
443,2537227,8,9,700,5800,382,0,87.5,140.1091411,1460,0,644.4444444000001,650.8373666,2561.851975,6.7002282410000005,158576.6875,554231.6151,2235072,49,2537227,362461.0,825939.843,2235419,38261,2486297,310787.125,778912.9376,2235169,49,0,0,0,0,172,192,3.1530485839999995,3.547179657,0,1460,361.1111111,541.1281124,292819.63399999996,0,0,0,1,0,0,0,0,1,382.3529412,87.5,644.4444444000001,172,0,0,0,0,0,0,8,700,9,5800,8192,114,3,20,0.0,0.0,0,0,0.0,0.0,0,0,BENIGN
443,5498673,8,6,354,3682,197,0,44.25,75.57541172,1460,0,613.6666667000001,683.0290378999999,733.9952749,2.546068842,422974.8462,1387187.084,5033051,4,5498673,785524.7143,1875760.311,5033051,4,168722,33744.4,50380.91528,113997,49,0,0,0,0,172,132,1.454896481,1.091172361,0,1460,269.0666667,504.3990012,254418.3524,0,0,0,1,0,0,0,0,0,288.2857143,44.25,613.6666667000001,172,0,0,0,0,0,0,8,354,6,3682,8192,946,3,20,465618.0,0.0,465618,465618,5033051.0,0.0,5033051,5033051,BENIGN
80,5330245,3,1,0,0,0,0,0.0,0.0,0,0,0.0,0.0,0.0,0.7504345490000001,1776748.333,3045411.1939999997,5293222,98,5330245,2665122.5,3716693.9560000002,5293222,37023,0,0.0,0.0,0,0,0,0,0,0,72,32,0.562825911,0.187608637,0,0,0.0,0.0,0.0,0,0,0,1,0,0,0,0,0,0.0,0.0,0.0,72,0,0,0,0,0,0,3,0,1,0,8192,42780,0,20,0.0,0.0,0,0,0.0,0.0,0,0,BENIGN
80,5925021,3,1,0,0,0,0,0.0,0.0,0,0,0.0,0.0,0.0,0.6751030920000001,1975007.0,3400597.3819999998,5901656,138,5925021,2962510.5,4156579.4280000003,5901656,23365,0,0.0,0.0,0,0,0,0,0,0,72,32,0.5063273189999999,0.16877577300000002,0,0,0.0,0.0,0.0,0,0,0,1,0,0,0,0,0,0.0,0.0,0.0,72,0,0,0,0,0,0,3,0,1,0,8192,29200,0,20,0.0,0.0,0,0,0.0,0.0,0,0,BENIGN
443,5938680,9,8,350,6580,193,0,38.88888889,71.12918607,1460,0,822.5,688.1710751,1166.925984,2.862588993,371167.5,1351707.024,5435381,3,5938680,742335.0,1898194.869,5435381,3,260446,37206.57143,75491.30648,201640,54,0,0,0,0,192,172,1.51548829,1.3471007030000002,0,1460,385.0,599.6637293,359596.5882,0,0,0,1,0,0,0,0,0,407.6470588,38.88888889,822.5,192,0,0,0,0,0,0,9,350,8,6580,8192,110,3,20,503296.0,0.0,503296,503296,5435381.0,0.0,5435381,5435381,BENIGN
80,5989605,4,2,0,0,0,0,0.0,0.0,0,0,0.0,0.0,0.0,1.001735507,1197921.0,2148920.043,4965972,56,5989605,1996535.0,2616119.906,4965972,31279,992436,992436.0,0.0,992436,992436,0,0,0,0,104,64,0.6678236710000001,0.333911836,0,0,0.0,0.0,0.0,0,0,0,1,0,0,0,0,0,0.0,0.0,0.0,104,0,0,0,0,0,0,4,0,2,0,8192,29200,0,20,0.0,0.0,0,0,0.0,0.0,0,0,BENIGN
443,5499073,8,6,354,3924,197,0,44.25,75.57541172,1980,0,654.0,848.8618262,777.9493016,2.5458836430000003,423005.6154,1419319.111,5141995,27,5499073,785581.8571,1923151.0369999998,5141995,48,333967,66793.4,98764.31032,238330,260,0,0,0,0,184,132,1.454790653,1.09109299,0,1980,285.2,597.8944245,357477.7429,0,0,0,1,0,0,0,0,0,305.57142860000005,44.25,654.0,184,0,0,0,0,0,0,8,354,6,3924,8192,946,3,20,357030.0,0.0,357030,357030,5141995.0,0.0,5141995,5141995,BENIGN
1247,213,2,1,31,0,31,0,15.5,21.92031022,0,0,0.0,0.0,145539.9061,14084.50704,106.5,31.81980515,129,84,213,213.0,0.0,213,213,0,0.0,0.0,0,0,1,0,0,0,40,20,9389.671362000001,4694.8356810000005,0,31,15.5,17.89785834,320.3333333,0,1,0,0,1,0,0,0,0,20.66666667,15.5,0.0,40,0,0,0,0,0,0,2,31,1,0,946,0,0,20,0.0,0.0,0,0,0.0,0.0,0,0,BENIGN
1248,48,2,0,31,0,31,0,15.5,21.92031022,0,0,0.0,0.0,645833.3333,41666.66667,48.0,0.0,48,48,48,48.0,0.0,48,48,0,0.0,0.0,0,0,1,0,0,0,40,0,41666.66667,0.0,0,31,20.66666667,17.89785834,320.3333333,0,1,0,0,1,0,0,0,0,31.0,15.5,0.0,40,0,0,0,0,0,0,2,31,0,0,946,-1,0,20,0.0,0.0,0,0,0.0,0.0,0,0,BENIGN
1233,4,2,0,31,0,31,0,15.5,21.92031022,0,0,0.0,0.0,7750000.0,500000.0,4.0,0.0,4,4,4,4.0,0.0,4,4,0,0.0,0.0,0,0,1,0,0,0,40,0,500000.0,0.0,0,31,20.66666667,17.89785834,320.3333333,0,1,0,0,1,0,0,0,0,31.0,15.5,0.0,40,0,0,0,0,0,0,2,31,0,0,110,-1,0,20,0.0,0.0,0,0,0.0,0.0,0,0,BENIGN
443,261897,7,8,732,7119,341,0,104.57142859999999,139.36744850000002,1460,0,889.875,643.1217253,29977.43388,57.27442468,18706.92857,24693.40422,52473,24,211440,35240.0,27136.601939999997,54479,268,212218,30316.857139999996,28213.0354,55675,192,0,0,0,0,152,172,26.72806485,30.54635983,0,1460,490.6875,609.4236314,371397.1625,0,0,0,1,0,0,0,0,1,523.4,104.57142859999999,889.875,152,0,0,0,0,0,0,7,732,8,7119,8192,511,3,20,0.0,0.0,0,0,0.0,0.0,0,0,BENIGN
443,115,3,0,85,0,85,0,28.33333333,49.07477288,0,0,0.0,0.0,739130.4348,26086.95652,57.5,13.43502884,67,48,115,57.5,13.43502884,67,48,0,0.0,0.0,0,0,0,0,0,0,60,0,26086.95652,0.0,0,85,21.25,42.5,1806.25,0,0,0,0,1,0,0,0,0,28.33333333,28.33333333,0.0,60,0,0,0,0,0,0,3,85,0,0,253,-1,1,20,0.0,0.0,0,0,0.0,0.0,0,0,BENIGN
80,3466830,3,3,0,0,0,0,0.0,0.0,0,0,0.0,0.0,0.0,1.730687689,693366.0,962763.6632,2023667,60,1443163,721581.5,987459.7707,1419821,23342,3443548,1721774.0,427052.8979,2023746,1419802,0,0,0,0,84,84,0.8653438440000001,0.8653438440000001,0,0,0.0,0.0,0.0,0,0,0,1,0,0,0,0,1,0.0,0.0,0.0,84,0,0,0,0,0,0,3,0,3,0,8192,29,0,20,0.0,0.0,0,0,0.0,0.0,0,0,BENIGN
80,200,2,0,0,0,0,0,0.0,0.0,0,0,0.0,0.0,0.0,10000.0,200.0,0.0,200,200,200,200.0,0.0,200,200,0,0.0,0.0,0,0,0,0,0,0,40,0,10000.0,0.0,0,0,0.0,0.0,0.0,0,0,0,0,1,0,0,0,0,0.0,0.0,0.0,40,0,0,0,0,0,0,2,0,0,0,256,-1,0,20,0.0,0.0,0,0,0.0,0.0,0,0,BENIGN
0,220258,5,0,0,0,0,0,0.0,0.0,0,0,0.0,0.0,0.0,22.70065105,55064.5,108448.5399,217732,127,220258,55064.5,108448.5399,217732,127,0,0.0,0.0,0,0,0,0,0,0,0,0,22.70065105,0.0,0,0,0.0,0.0,0.0,0,0,0,0,0,0,0,0,0,0.0,0.0,0.0,0,0,0,0,0,0,0,5,0,0,0,-1,-1,0,0,0.0,0.0,0,0,0.0,0.0,0,0,BENIGN
443,6035335,6,4,306,145,224,0,51.0,87.32926199,145,0,36.25,72.5,74.72658933,1.656908854,670592.7778,1903947.908,5746887,47,6035335,1207067.0,2588458.412,5837106,47,237749,79249.66667,70554.43874,136176,314,0,0,0,0,132,92,0.994145313,0.662763542,0,224,41.0,75.01466523,5627.2,0,0,0,1,0,0,0,0,0,45.1,51.0,36.25,132,0,0,0,0,0,0,6,306,4,145,8192,62,3,20,288401.0,0.0,288401,288401,5746887.0,0.0,5746887,5746887,BENIGN
443,6018373,6,3,599,137,517,0,99.83333333,205.45112959999997,137,0,45.66666667,79.09698688,122.29218759999999,1.495420772,752296.625,2018907.7519999999,5748184,14,6018373,1203674.6,2590544.313,5837534,14,219117,109558.5,13288.65774,118955,100162,0,0,0,0,132,72,0.996947182,0.498473591,0,517,73.6,161.74410519999998,26161.15556,0,0,0,1,0,0,0,0,0,81.77777778,99.83333333,45.66666667,132,0,0,0,0,0,0,6,599,3,137,8192,38,3,20,270175.0,0.0,270175,270175,5748184.0,0.0,5748184,5748184,BENIGN
443,6095575,8,4,350,4362,193,0,43.75,74.42493822,2644,0,1090.5,1215.4750789999998,773.0197724999999,1.968641186,554143.1818,1686398.1130000001,5633587,3,6095575,870796.4286,2102437.4269999997,5633587,3,183141,61047.0,69260.47438,136495,351,0,0,0,0,172,92,1.312427458,0.656213729,0,2644,362.46153849999996,792.415465,627922.2692,0,0,0,1,0,0,0,0,0,392.6666667,43.75,1090.5,172,0,0,0,0,0,0,8,350,4,4362,8192,60,3,20,461985.0,0.0,461985,461985,5633587.0,0.0,5633587,5633587,BENIGN
443,8682054,13,11,3141,2200,1277,0,241.6153846,420.41716160000004,685,0,200.0,312.8814472,615.1770077000001,2.76432282,377480.6087,1078210.005,4935657,14,8682054,723504.5,1434121.14,4935657,48,3499150,349915.0,720055.7839,1914955,14,0,0,0,0,272,224,1.4973415280000002,1.266981293,0,1277,213.64,362.733704,131575.74,0,0,0,1,0,0,0,0,0,222.54166669999998,241.6153846,200.0,272,0,0,0,0,0,0,13,3141,11,2200,8192,65535,6,20,0.0,0.0,0,0,0.0,0.0,0,0,BENIGN
1256,1,2,0,31,0,31,0,15.5,21.92031022,0,0,0.0,0.0,31000000.0,2000000.0,1.0,0.0,1,1,1,1.0,0.0,1,1,0,0.0,0.0,0,0,1,0,0,0,40,0,2000000.0,0.0,0,31,20.66666667,17.89785834,320.3333333,0,1,0,0,1,0,0,0,0,31.0,15.5,0.0,40,0,0,0,0,0,0,2,31,0,0,60,-1,0,20,0.0,0.0,0,0,0.0,0.0,0,0,BENIGN
1176,1,2,0,0,0,0,0,0.0,0.0,0,0,0.0,0.0,0.0,2000000.0,1.0,0.0,1,1,1,1.0,0.0,1,1,0,0.0,0.0,0,0,0,0,0,0,40,0,2000000.0,0.0,0,0,0.0,0.0,0.0,0,0,0,0,1,0,0,0,0,0.0,0.0,0.0,40,0,0,0,0,0,0,2,0,0,0,40921,-1,0,20,0.0,0.0,0,0,0.0,0.0,0,0,BENIGN
1257,49,3,0,31,0,31,0,10.33333333,17.89785834,0,0,0.0,0.0,632653.0612,61224.4898,24.5,33.23401872,48,1,49,24.5,33.23401872,48,1,0,0.0,0.0,0,0,0,0,0,0,60,0,61224.4898,0.0,0,31,7.75,15.5,240.25,0,0,0,0,1,0,0,0,0,10.33333333,10.33333333,0.0,60,0,0,0,0,0,0,3,31,0,0,62,-1,1,20,0.0,0.0,0,0,0.0,0.0,0,0,BENIGN
1259,1661,4,1,247,0,216,0,61.75,103.8665009,0,0,0.0,0.0,148705.59900000002,3010.234798,415.25,825.8342751,1654,1,1661,553.6666667000001,954.6498485,1656,1,0,0.0,0.0,0,0,0,0,0,0,80,20,2408.187839,602.0469597,0,216,41.16666667,86.54343803,7489.766667,0,0,0,0,1,0,0,0,0,49.4,61.75,0.0,80,0,0,0,0,0,0,4,247,1,0,38,0,2,20,0.0,0.0,0,0,0.0,0.0,0,0,BENIGN
123,60016323,2,2,96,96,48,48,48.0,0.0,48,48,48.0,0.0,3.1991296769999997,0.066648535,20000000.0,34600000.0,60000000,16307,60000000,60000000.0,0.0,60000000,60000000,60000000,60000000.0,0.0,60000000,60000000,0,0,0,0,52,52,0.033324267000000005,0.033324267000000005,48,48,48.0,0.0,0.0,0,0,0,0,0,0,0,0,1,60.0,48.0,48.0,52,0,0,0,0,0,0,2,96,2,96,-1,-1,1,20,16307.0,0.0,16307,16307,60000000.0,0.0,60000000,60000000,BENIGN
80,5536939,3,1,0,0,0,0,0.0,0.0,0,0,0.0,0.0,0.0,0.722420818,1845646.333,3176659.9639999997,5513713,49,5536939,2768469.5,3882360.59,5513713,23226,0,0.0,0.0,0,0,0,0,0,0,72,32,0.5418156129999999,0.180605204,0,0,0.0,0.0,0.0,0,0,0,1,0,0,0,0,0,0.0,0.0,0.0,72,0,0,0,0,0,0,3,0,1,0,8192,29200,0,20,0.0,0.0,0,0,0.0,0.0,0,0,BENIGN
443,6071561,8,7,350,5125,193,0,43.75,74.42493822,1689,0,732.1428571,763.4152275,901.7450372000002,2.4705343490000002,433682.9286,1460500.515,5502238,3,6071561,867365.8571,2045885.0459999999,5502238,3,536810,89468.33333,104976.6067,229028,50,0,0,0,0,172,144,1.3176183190000001,1.152916029,0,1689,342.1875,601.6454348,361977.2292,0,0,0,1,0,0,0,0,0,365.0,43.75,732.1428571,172,0,0,0,0,0,0,8,350,7,5125,8192,30016,3,20,569320.0,0.0,569320,569320,5502238.0,0.0,5502238,5502238,BENIGN
80,5918782,3,1,0,0,0,0,0.0,0.0,0,0,0.0,0.0,0.0,0.67581472,1972927.333,3396746.548,5895129,93,5918782,2959391.0,4151760.495,5895129,23653,0,0.0,0.0,0,0,0,0,0,0,72,32,0.50686104,0.16895368,0,0,0.0,0.0,0.0,0,0,0,1,0,0,0,0,0,0.0,0.0,0.0,72,0,0,0,0,0,0,3,0,1,0,8192,29200,0,20,0.0,0.0,0,0,0.0,0.0,0,0,BENIGN
123,64015628,4,4,192,192,48,48,48.0,0.0,48,48,48.0,0.0,5.998535232999999,0.124969484,9145089.714,24200000.0,64000000,3,64000000,21300000.0,37000000.0,64000000,3,64000000,21300000.0,37000000.0,64000000,3,0,0,0,0,104,104,0.062484742,0.062484742,48,48,48.0,0.0,0.0,0,0,0,0,0,0,0,0,1,54.0,48.0,48.0,104,0,0,0,0,0,0,4,192,4,192,-1,-1,3,20,133.0,0.0,133,133,64000000.0,0.0,64000000,64000000,BENIGN
443,10315106,7,8,978,4147,659,0,139.71428569999998,241.7868995,1460,0,518.375,660.8137705,496.84414289999995,1.454177979,736793.2857,2601015.05,9771100,3,544003,90667.16667,107982.7419,267419,3954,10300000,1468078.7140000002,3757850.534,9988740,3,0,0,0,0,152,168,0.67861639,0.775561589,0,1460,320.3125,519.7582411000001,270148.6292,0,0,0,1,0,0,0,0,1,341.6666667,139.71428569999998,518.375,152,0,0,0,0,0,0,7,978,8,4147,8192,62,3,20,544003.0,0.0,544003,544003,9771100.0,0.0,9771100,9771100,BENIGN
443,206,2,0,0,0,0,0,0.0,0.0,0,0,0.0,0.0,0.0,9708.737864,206.0,0.0,206,206,206,206.0,0.0,206,206,0,0.0,0.0,0,0,0,0,0,0,40,0,9708.737864,0.0,0,0,0.0,0.0,0.0,0,0,0,0,1,0,0,0,0,0.0,0.0,0.0,40,0,0,0,0,0,0,2,0,0,0,251,-1,0,20,0.0,0.0,0,0,0.0,0.0,0,0,BENIGN
443,116289269,20,16,1690,624,1055,0,84.5,256.0878755,456,0,39.0,118.8343385,19.89865462,0.309572846,3322550.543,4671469.046,10000000,31,116000000,6120487.842,4854688.353999999,10100000,31,111000000,7413203.667,4523762.789,10100000,244,0,0,0,0,648,520,0.171984915,0.137587932,0,1055,62.54054054,202.77828540000002,41119.03303,0,0,0,1,0,0,0,0,0,64.27777778,84.5,39.0,648,0,0,0,0,0,0,20,1690,16,624,29200,362,4,32,92658.5,195436.9144,713254,36134,9598111.332999999,1430797.88,10000000,5054743,BENIGN
443,116289702,22,18,1015,4624,632,0,46.13636364,140.7294924,1418,0,256.8888889,491.9342243,48.49096612,0.343968548,2981787.231,4532358.385,10000000,8,116000000,5537604.857000001,4967646.404,10100000,49,112000000,6565556.765,4898220.704,10100000,48,0,0,0,0,712,584,0.18918270199999998,0.154785847,0,1418,137.5365854,353.1643454,124725.0549,0,0,0,1,0,0,0,0,0,140.975,46.13636364,256.8888889,712,0,0,0,0,0,0,22,1015,18,4624,29200,179,4,32,120949.8182,240574.1142,846308,48195,10000000.0,12755.560459999999,10000000,9996954,BENIGN
80,115626702,18,16,437,2042,437,0,24.27777778,103.0018878,1448,0,127.625,377.49275930000005,21.43968441,0.294049726,3503839.455,4759697.572,10000000,21,116000000,6801570.706,4665522.706,10000000,48,111000000,7373271.667,4585687.518,10000000,67,0,0,0,0,584,520,0.155673384,0.13837634099999999,0,1448,70.82857143,266.4310402,70985.49916,0,0,0,1,0,0,0,0,0,72.91176471,24.27777778,127.625,584,0,0,0,0,0,0,18,437,16,2042,29200,939,1,32,31690.54545,32234.30068,128880,21803,10000000.0,8180.426740999999,10000000,9999253,BENIGN
443,116289995,20,17,1692,624,1057,0,84.6,256.4868725,456,0,36.70588235,115.4489956,19.91572878,0.318170106,3230277.639,4636569.393999999,10000000,21,116000000,6120526.052999999,4853836.996,10100000,26,111000000,6949893.937999999,4746140.183,10100000,272,0,0,0,0,648,552,0.17198384100000003,0.146186265,0,1057,60.94736842,200.5447914,40218.21337,0,0,0,1,0,0,0,0,0,62.59459459,84.6,36.70588235,648,0,0,0,0,0,0,20,1692,17,624,29200,362,4,32,93344.41667,195750.5891,714936,36763,9597486.332999999,1430587.825,10000000,5054788,BENIGN
443,117242208,34,29,2807,18695,1058,0,82.55882353,256.0433428,1418,0,644.6551724,666.3489152000001,183.3981155,0.5373491429999999,1891003.355,3868076.575,10000000,2,117000000,3552794.182,4761909.373,10100000,8,112000000,3983654.5710000005,4969749.42,10100000,2,0,0,0,0,1096,936,0.28999795,0.247351193,0,1418,335.96875,558.5635764,311993.2688,0,0,0,1,0,0,0,0,0,341.3015873,82.55882353,644.6551724,1096,0,0,0,0,0,0,34,2807,29,18695,29200,400,6,32,123920.75,302102.5061,1083225,36612,9646260.832999999,1254455.529,10000000,5663168,BENIGN
443,116290624,20,17,1691,624,1056,0,84.55,256.28735409999996,456,0,36.70588235,115.4489956,19.90702191,0.318168385,3230295.111,4638760.607,10000000,25,116000000,6120559.158,4857669.847,10000000,25,111000000,6939901.187999999,4759580.8719999995,10000000,331,0,0,0,0,648,552,0.17198291100000002,0.146185474,0,1056,60.92105263,200.4105761,40164.399,0,0,0,1,0,0,0,0,0,62.56756757,84.55,36.70588235,648,0,0,0,0,0,0,20,1691,17,624,29200,362,4,32,83619.75,163666.9543,603332,36201,9607263.5,1382997.017,10000000,5215909,BENIGN
123,64007335,4,4,192,192,48,48,48.0,0.0,48,48,48.0,0.0,5.999312422999999,0.124985675,9143905.0,24200000.0,64000000,3,64000000,21300000.0,37000000.0,64000000,3,64000000,21300000.0,37000000.0,64000000,3,0,0,0,0,80,80,0.062492837999999995,0.062492837999999995,48,48,48.0,0.0,0.0,0,0,0,0,0,0,0,0,1,54.0,48.0,48.0,80,0,0,0,0,0,0,4,192,4,192,-1,-1,3,20,128.0,0.0,128,128,64000000.0,0.0,64000000,64000000,BENIGN
443,10505589,8,9,1240,4566,921,0,155.0,318.2914208,1460,0,507.33333330000005,640.8734274,552.6582089,1.618186282,656599.3125,2417901.635,9717990,3,787596,112513.7143,133317.5814,323924,308,10500000,1308377.5,3512909.297,9999923,3,0,0,0,0,172,188,0.7614994270000001,0.856686855,0,1460,322.55555560000005,521.9219258999999,272402.4967,0,0,0,1,0,0,0,0,1,341.52941180000005,155.0,507.33333330000005,172,0,0,0,0,0,0,8,1240,9,4566,8192,63,3,20,787596.0,0.0,787596,787596,9717990.0,0.0,9717990,9717990,BENIGN
443,192,2,0,0,0,0,0,0.0,0.0,0,0,0.0,0.0,0.0,10416.66667,192.0,0.0,192,192,192,192.0,0.0,192,192,0,0.0,0.0,0,0,0,0,0,0,40,0,10416.66667,0.0,0,0,0.0,0.0,0.0,0,0,0,0,1,0,0,0,0,0.0,0.0,0.0,40,0,0,0,0,0,0,2,0,0,0,251,-1,0,20,0.0,0.0,0,0,0.0,0.0,0,0,BENIGN
443,6168912,9,10,801,5744,482,0,89.0,163.61540269999998,1460,0,574.4,627.1202614,1060.965045,3.079959643,342717.3333,1209210.021,5179624,49,6168912,771114.0,1802241.716,5224896,43720,6072406,674711.7778,1785006.774,5429142,49,0,0,0,0,204,212,1.458928252,1.621031391,0,1460,327.25,512.0891036,262235.25,0,0,0,1,0,0,0,0,1,344.4736842,89.0,574.4,204,0,0,0,0,0,0,9,801,10,5744,8192,79,3,20,944016.0,0.0,944016,944016,5179624.0,0.0,5179624,5179624,BENIGN
443,5737704,7,5,325,138,229,0,46.42857143,83.86667424,85,0,27.6,39.44996831,80.69429863,2.091428906,521609.4545,1619802.553,5401958,1,5737704,956284.0,2190947.716,5425809,4,311435,77858.75,111161.362,235790,1,0,0,0,0,152,104,1.220000195,0.871428711,0,229,35.61538462,65.08653018,4236.25641,0,0,0,1,0,0,0,0,0,38.58333333,46.42857143,27.6,152,0,0,0,0,0,0,7,325,5,138,8192,35171,3,20,335742.0,0.0,335742,335742,5401958.0,0.0,5401958,5401958,BENIGN
443,5737750,6,4,599,152,517,0,99.83333333,205.45112959999997,152,0,38.0,76.0,130.887543,1.742843449,637527.7778,1773443.476,5363649,49,5737750,1147550.0,2393137.682,5426202,49,350693,116897.6667,113453.7172,227390,698,0,0,0,0,132,92,1.045706069,0.69713738,0,517,68.27272727,155.7825991,24268.21818,0,0,0,1,0,0,0,0,0,75.1,99.83333333,38.0,132,0,0,0,0,0,0,6,599,4,152,8192,946,3,20,374052.0,0.0,374052,374052,5363649.0,0.0,5363649,5363649,BENIGN
80,5383228,3,1,0,0,0,0,0.0,0.0,0,0,0.0,0.0,0.0,0.743048595,1794409.333,3087673.437,5359722,72,5383228,2691614.0,3773274.519,5359722,23506,0,0.0,0.0,0,0,0,0,0,0,72,32,0.557286446,0.185762149,0,0,0.0,0.0,0.0,0,0,0,1,0,0,0,0,0,0.0,0.0,0.0,72,0,0,0,0,0,0,3,0,1,0,8192,29200,0,20,0.0,0.0,0,0,0.0,0.0,0,0,BENIGN
443,5918167,8,6,358,3932,201,0,44.75,76.73470066,1460,0,655.3333332999999,683.7972409,724.8866076,2.365597321,455243.6154,1478557.9880000001,5368863,0,5918167,845452.4286,1997317.11,5368863,0,283077,56615.4,97944.05972,226616,48,0,0,0,0,172,132,1.3517698980000001,1.013827423,0,1460,286.0,517.2013976,267497.2857,0,0,0,1,0,0,0,0,0,306.42857139999995,44.75,655.3333332999999,172,0,0,0,0,0,0,8,358,6,3932,8192,946,3,20,549304.0,0.0,549304,549304,5368863.0,0.0,5368863,5368863,BENIGN
443,5737726,7,5,353,154,225,0,50.42857143,82.92337255,85,0,30.8,42.55232074,88.36253247,2.091420887,521611.4545,1646073.144,5483802,3,5737726,956287.6667,2232221.475,5512291,3,225409,56352.25,64216.70626,112328,4,0,0,0,0,152,112,1.219995517,0.87142537,0,225,39.0,65.36563827,4272.666667,0,0,0,1,0,0,0,0,0,42.25,50.42857143,30.8,152,0,0,0,0,0,0,7,353,5,154,8192,4396,3,20,253921.0,0.0,253921,253921,5483802.0,0.0,5483802,5483802,BENIGN
443,10865628,15,13,5373,5404,2365,0,358.2,645.3050441,1460,0,415.6923077,506.3434909,991.8432694,2.5769334269999997,402430.6667,1116088.9170000001,5498292,48,10900000,776116.2857,1478399.946,5498292,48,5099730,424977.5,775945.2676,2341648,226,0,0,0,0,312,264,1.38050005,1.196433377,0,2365,371.6206897,569.2262552,324018.5296,0,0,0,1,0,0,0,0,0,384.89285710000007,358.2,415.6923077,312,0,0,0,0,0,0,15,5373,13,5404,8192,65535,7,20,5367288.0,0.0,5367288,5367288,5498292.0,0.0,5498292,5498292,BENIGN
443,5927985,9,6,349,3051,192,0,38.77777778,70.85862294,1489,0,508.5,748.6640768999999,573.5507091,2.530370775,423427.5,1429168.4340000001,5383976,4,5927985,740998.125,1878263.657,5383976,4,492457,98491.4,106330.4268,251536,205,0,0,0,0,204,132,1.518222465,1.01214831,0,1489,212.5,495.65606349999996,245674.9333,0,0,0,1,0,0,0,0,0,226.66666669999998,38.77777778,508.5,204,0,0,0,0,0,0,9,349,6,3051,8192,110,3,20,544005.0,0.0,544005,544005,5383976.0,0.0,5383976,5383976,BENIGN
443,5914764,8,6,349,3432,192,0,43.625,74.13874541,1460,0,572.0,695.9252832999999,639.2478212,2.366958344,454981.8462,1493115.5980000002,5418821,3,5914764,844966.2857,2019210.889,5418821,3,460897,92179.4,108408.8129,238590,252,0,0,0,0,184,132,1.352547625,1.014410719,0,1460,252.06666669999998,498.948962,248950.0667,0,0,0,1,0,0,0,0,0,270.07142860000005,43.625,572.0,184,0,0,0,0,0,0,8,349,6,3432,8192,60,3,20,495940.0,0.0,495940,495940,5418821.0,0.0,5418821,5418821,BENIGN
1317,3,2,0,31,0,31,0,15.5,21.92031022,0,0,0.0,0.0,10300000.0,666666.6667,3.0,0.0,3,3,3,3.0,0.0,3,3,0,0.0,0.0,0,0,1,0,0,0,40,0,666666.6667,0.0,0,31,20.66666667,17.89785834,320.3333333,0,1,0,0,1,0,0,0,0,31.0,15.5,0.0,40,0,0,0,0,0,0,2,31,0,0,946,-1,0,20,0.0,0.0,0,0,0.0,0.0,0,0,BENIGN
1320,3,2,0,0,0,0,0,0.0,0.0,0,0,0.0,0.0,0.0,666666.6667,3.0,0.0,3,3,3,3.0,0.0,3,3,0,0.0,0.0,0,0,0,0,0,0,40,0,666666.6667,0.0,0,0,0.0,0.0,0.0,0,0,0,0,1,0,0,0,0,0.0,0.0,0.0,40,0,0,0,0,0,0,2,0,0,0,35134,-1,0,20,0.0,0.0,0,0,0.0,0.0,0,0,BENIGN
1323,4,2,0,0,0,0,0,0.0,0.0,0,0,0.0,0.0,0.0,500000.0,4.0,0.0,4,4,4,4.0,0.0,4,4,0,0.0,0.0,0,0,0,0,0,0,40,0,500000.0,0.0,0,0,0.0,0.0,0.0,0,0,0,0,1,0,0,0,0,0.0,0.0,0.0,40,0,0,0,0,0,0,2,0,0,0,4390,-1,0,20,0.0,0.0,0,0,0.0,0.0,0,0,BENIGN
443,7,1,2,0,0,0,0,0.0,0.0,0,0,0.0,0.0,0.0,428571.4286,3.5,0.7071067809999999,4,3,0,0.0,0.0,0,0,3,3.0,0.0,3,3,0,0,0,0,20,40,142857.1429,285714.2857,0,0,0.0,0.0,0.0,0,0,0,0,1,0,0,0,2,0.0,0.0,0.0,20,0,0,0,0,0,0,1,0,2,0,63555,40921,0,20,0.0,0.0,0,0,0.0,0.0,0,0,BENIGN
1321,20332,3,0,31,0,31,0,10.33333333,17.89785834,0,0,0.0,0.0,1524.690144,147.5506591,10166.0,14371.23822,20328,4,20332,10166.0,14371.23822,20328,4,0,0.0,0.0,0,0,0,0,0,0,60,0,147.5506591,0.0,0,31,7.75,15.5,240.25,0,0,0,0,1,0,0,0,0,10.33333333,10.33333333,0.0,60,0,0,0,0,0,0,3,31,0,0,946,-1,1,20,0.0,0.0,0,0,0.0,0.0,0,0,BENIGN
1315,4,2,0,31,0,31,0,15.5,21.92031022,0,0,0.0,0.0,7750000.0,500000.0,4.0,0.0,4,4,4,4.0,0.0,4,4,0,0.0,0.0,0,0,1,0,0,0,40,0,500000.0,0.0,0,31,20.66666667,17.89785834,320.3333333,0,1,0,0,1,0,0,0,0,31.0,15.5,0.0,40,0,0,0,0,0,0,2,31,0,0,110,-1,0,20,0.0,0.0,0,0,0.0,0.0,0,0,BENIGN
5353,20,12,0,468,0,39,39,39.0,0.0,0,0,0.0,0.0,23400000.0,600000.0,1.8181818180000002,1.470930441,6,1,20,1.8181818180000002,1.470930441,6,1,0,0.0,0.0,0,0,0,0,0,0,240,0,600000.0,0.0,39,39,39.0,0.0,0.0,0,0,0,0,0,0,0,0,0,42.25,39.0,0.0,240,0,0,0,0,0,0,12,468,0,0,-1,-1,11,20,0.0,0.0,0,0,0.0,0.0,0,0,BENIGN
53,70781,1,1,50,114,50,50,50.0,0.0,114,114,114.0,0.0,2317.0059760000004,28.25617044,70781.0,0.0,70781,70781,0,0.0,0.0,0,0,0,0.0,0.0,0,0,0,0,0,0,20,20,14.12808522,14.12808522,50,114,71.33333333,36.95041723,1365.333333,0,0,0,0,0,0,0,0,1,107.0,50.0,114.0,20,0,0,0,0,0,0,1,50,1,114,-1,-1,0,20,0.0,0.0,0,0,0.0,0.0,0,0,BENIGN
80,115866,3,5,427,2267,427,0,142.33333330000002,246.52856490000002,1460,0,453.4,662.3804043,23250.99684,69.04527644,16552.28571,22251.892640000002,56147,2,85620,42810.0,18861.366280000002,56147,29473,86451,21612.75,42732.54622,85710,2,0,0,0,0,72,112,25.89197867,43.15329778,0,1460,299.3333333,519.4677565000001,269846.75,0,0,0,1,0,0,0,0,1,336.75,142.33333330000002,453.4,72,0,0,0,0,0,0,3,427,5,2267,8192,237,1,20,0.0,0.0,0,0,0.0,0.0,0,0,BENIGN
80,95471,3,5,427,2267,427,0,142.33333330000002,246.52856490000002,1460,0,453.4,662.3804043,28217.9929,83.79507913,13638.71429,16792.58322,35599,2,64968,32484.0,4405.275247,35599,29369,66207,16551.75,32428.564919999997,65190,2,0,0,0,0,72,112,31.42315468,52.37192446,0,1460,299.3333333,519.4677565000001,269846.75,0,0,0,1,0,0,0,0,1,336.75,142.33333330000002,453.4,72,0,0,0,0,0,0,3,427,5,2267,8192,237,1,20,0.0,0.0,0,0,0.0,0.0,0,0,BENIGN
80,138171,2,0,0,0,0,0,0.0,0.0,0,0,0.0,0.0,0.0,14.47481744,138171.0,0.0,138171,138171,138171,138171.0,0.0,138171,138171,0,0.0,0.0,0,0,0,0,0,0,40,0,14.47481744,0.0,0,0,0.0,0.0,0.0,0,0,0,0,1,0,0,0,0,0.0,0.0,0.0,40,0,0,0,0,0,0,2,0,0,0,256,-1,0,20,0.0,0.0,0,0,0.0,0.0,0,0,BENIGN
80,138713,2,0,0,0,0,0,0.0,0.0,0,0,0.0,0.0,0.0,14.41825928,138713.0,0.0,138713,138713,138713,138713.0,0.0,138713,138713,0,0.0,0.0,0,0,0,0,0,0,40,0,14.41825928,0.0,0,0,0.0,0.0,0.0,0,0,0,0,1,0,0,0,0,0.0,0.0,0.0,40,0,0,0,0,0,0,2,0,0,0,256,-1,0,20,0.0,0.0,0,0,0.0,0.0,0,0,BENIGN
443,395676,6,8,838,5033,512,0,139.66666669999998,200.4890687,1460,0,629.125,693.0682171,14837.897669999998,35.38248466,30436.615380000003,38347.47576,131385,1,343361,68672.2,64973.36373,182661,21869,344694,49242.0,70463.21779,183696,1,0,0,0,0,132,172,15.163922,20.21856266,0,1460,391.4,570.0188969,324921.5429,0,0,0,1,0,0,0,0,1,419.35714289999993,139.66666669999998,629.125,132,0,0,0,0,0,0,6,838,8,5033,8192,40,3,20,0.0,0.0,0,0,0.0,0.0,0,0,BENIGN
53,49326,1,1,49,77,49,49,49.0,0.0,77,77,77.0,0.0,2554.433767,40.54656773,49326.0,0.0,49326,49326,0,0.0,0.0,0,0,0,0.0,0.0,0,0,0,0,0,0,20,32,20.27328387,20.27328387,49,77,58.33333333,16.16580754,261.3333333,0,0,0,0,0,0,0,0,1,87.5,49.0,77.0,20,0,0,0,0,0,0,1,49,1,77,-1,-1,0,20,0.0,0.0,0,0,0.0,0.0,0,0,BENIGN
443,118260,2,0,0,0,0,0,0.0,0.0,0,0,0.0,0.0,0.0,16.91188906,118260.0,0.0,118260,118260,118260,118260.0,0.0,118260,118260,0,0.0,0.0,0,0,0,0,0,0,40,0,16.91188906,0.0,0,0,0.0,0.0,0.0,0,0,0,0,1,0,0,0,0,0.0,0.0,0.0,40,0,0,0,0,0,0,2,0,0,0,253,-1,0,20,0.0,0.0,0,0,0.0,0.0,0,0,BENIGN
443,718666,9,8,1284,4057,725,0,142.66666669999998,247.10878169999998,1460,0,507.125,659.1064162,7431.825076000001,23.65493846,44916.625,73541.29265,235575,2,718666,89833.25,98824.84829,261172,3,548741,78391.57143,122542.9119,299483,2,0,0,0,0,192,164,12.52320271,11.13173574,0,1460,296.72222220000003,496.17641619999995,246191.0359,0,0,0,1,0,0,0,0,0,314.1764706,142.66666669999998,507.125,192,0,0,0,0,0,0,9,1284,8,4057,8192,65535,4,20,0.0,0.0,0,0,0.0,0.0,0,0,BENIGN
1339,217,2,0,37,0,37,0,18.5,26.1629509,0,0,0.0,0.0,170506.9124,9216.589862,217.0,0.0,217,217,217,217.0,0.0,217,217,0,0.0,0.0,0,0,0,0,0,0,40,0,9216.589862,0.0,0,37,12.33333333,21.36195996,456.33333330000005,0,0,0,0,1,0,0,0,0,18.5,18.5,0.0,40,0,0,0,0,0,0,2,37,0,0,40958,-1,1,20,0.0,0.0,0,0,0.0,0.0,0,0,BENIGN
80,1045479,3,4,425,2265,425,0,141.66666669999998,245.37386439999997,2265,0,566.25,1132.5,2572.983293,6.695495557999999,174246.5,397827.9064,985787,5,1015306,507653.0,676183.5874,985787,29519,1016111,338703.6667,586025.0657,1015387,5,0,0,0,0,72,92,2.869498096,3.825997461,0,2265,336.25,793.3957307999999,629476.7857,0,0,0,1,0,0,0,0,1,384.2857143,141.66666669999998,566.25,72,0,0,0,0,0,0,3,425,4,2265,8192,237,1,20,0.0,0.0,0,0,0.0,0.0,0,0,BENIGN
80,63108,2,0,0,0,0,0,0.0,0.0,0,0,0.0,0.0,0.0,31.69170311,63108.0,0.0,63108,63108,63108,63108.0,0.0,63108,63108,0,0.0,0.0,0,0,0,0,0,0,40,0,31.69170311,0.0,0,0,0.0,0.0,0.0,0,0,0,0,1,0,0,0,0,0.0,0.0,0.0,40,0,0,0,0,0,0,2,0,0,0,256,-1,0,20,0.0,0.0,0,0,0.0,0.0,0,0,BENIGN
80,200972,3,5,425,2265,425,0,141.66666669999998,245.37386439999997,1460,0,453.0,662.1140385,13384.94915,39.80654021,28710.285710000004,51855.8284,142254,1,171150,85575.0,80156.2105,142254,28896,172111,43027.75,85429.81202,171171,1,0,0,0,0,72,112,14.92745258,24.87908763,0,1460,298.8888889,519.1626537999999,269529.8611,0,0,0,1,0,0,0,0,1,336.25,141.66666669999998,453.0,72,0,0,0,0,0,0,3,425,5,2265,8192,237,1,20,0.0,0.0,0,0,0.0,0.0,0,0,BENIGN
80,140974,2,0,0,0,0,0,0.0,0.0,0,0,0.0,0.0,0.0,14.18701321,140974.0,0.0,140974,140974,140974,140974.0,0.0,140974,140974,0,0.0,0.0,0,0,0,0,0,0,40,0,14.18701321,0.0,0,0,0.0,0.0,0.0,0,0,0,0,1,0,0,0,0,0.0,0.0,0.0,40,0,0,0,0,0,0,2,0,0,0,256,-1,0,20,0.0,0.0,0,0,0.0,0.0,0,0,BENIGN
443,647105,9,7,350,4269,193,0,38.88888889,71.12918607,1460,0,609.8571429,732.5675004999999,7137.945156000001,24.72550823,43140.33333,63761.90509,200990,3,647105,80888.125,87115.07696,251888,3,417750,69625.0,97027.65133,248457,48,0,0,0,0,204,152,13.90809838,10.81740985,0,1460,271.70588239999995,537.499275,288905.4706,0,0,0,1,0,0,0,0,0,288.6875,38.88888889,609.8571429,204,0,0,0,0,0,0,9,350,7,4269,8192,110,3,20,0.0,0.0,0,0,0.0,0.0,0,0,BENIGN
1353,1,2,0,31,0,31,0,15.5,21.92031022,0,0,0.0,0.0,31000000.0,2000000.0,1.0,0.0,1,1,1,1.0,0.0,1,1,0,0.0,0.0,0,0,1,0,0,0,40,0,2000000.0,0.0,0,31,20.66666667,17.89785834,320.3333333,0,1,0,0,1,0,0,0,0,31.0,15.5,0.0,40,0,0,0,0,0,0,2,31,0,0,110,-1,0,20,0.0,0.0,0,0,0.0,0.0,0,0,BENIGN
53,138710,1,1,73,125,73,73,73.0,0.0,125,125,125.0,0.0,1427.438541,14.41857112,138710.0,0.0,138710,138710,0,0.0,0.0,0,0,0,0.0,0.0,0,0,0,0,0,0,20,20,7.20928556,7.20928556,73,125,90.33333333,30.022214,901.3333332999998,0,0,0,0,0,0,0,0,1,135.5,73.0,125.0,20,0,0,0,0,0,0,1,73,1,125,-1,-1,0,20,0.0,0.0,0,0,0.0,0.0,0,0,BENIGN
443,348733,6,11,919,5349,517,0,153.16666669999998,203.798348,1460,0,486.2727273,650.9268916,17973.63599,48.74789595,21795.8125,34483.125739999996,139182,4,319187,63837.4,61927.55244,170021,21106,320013,32001.3,53583.06706,168024,4,0,0,0,0,132,228,17.20513975,31.54275621,0,1460,348.22222220000003,542.5377792,294347.2418,0,0,0,1,0,0,0,0,1,368.70588239999995,153.16666669999998,486.2727273,132,0,0,0,0,0,0,6,919,11,5349,8192,5299,3,20,0.0,0.0,0,0,0.0,0.0,0,0,BENIGN
443,63361,3,0,53,0,53,0,17.66666667,30.59956427,0,0,0.0,0.0,836.476697,47.34773757,31680.5,44797.33591,63357,4,63361,31680.5,44797.33591,63357,4,0,0.0,0.0,0,0,0,0,0,0,60,0,47.34773757,0.0,0,53,13.25,26.5,702.25,0,0,0,0,1,0,0,0,0,17.66666667,17.66666667,0.0,60,0,0,0,0,0,0,3,53,0,0,63271,-1,1,20,0.0,0.0,0,0,0.0,0.0,0,0,BENIGN
443,271387,6,10,971,5172,437,0,161.83333330000002,193.7301388,1460,0,517.2,677.0148201000001,22635.57208,58.95639806,18092.466669999998,21093.8923,50924,1,230487,46097.4,29890.39362,94470,11966,230825,25647.22222,38965.39589,91447,1,0,0,0,0,132,204,22.10864927,36.84774879,0,1460,361.3529412,554.8144894,307819.1176,0,0,0,1,0,0,0,0,1,383.9375,161.83333330000002,517.2,132,0,0,0,0,0,0,6,971,10,5172,8192,40230,3,20,0.0,0.0,0,0,0.0,0.0,0,0,BENIGN
443,15260,2,0,0,0,0,0,0.0,0.0,0,0,0.0,0.0,0.0,131.061599,15260.0,0.0,15260,15260,15260,15260.0,0.0,15260,15260,0,0.0,0.0,0,0,0,0,0,0,40,0,131.061599,0.0,0,0,0.0,0.0,0.0,0,0,0,0,1,0,0,0,0,0.0,0.0,0.0,40,0,0,0,0,0,0,2,0,0,0,63483,-1,0,20,0.0,0.0,0,0,0.0,0.0,0,0,BENIGN
443,213271,6,6,534,4415,342,0,89.0,145.80946469999998,1460,0,735.8333332999999,793.3877782000001,23205.21777,56.26644035,19388.27273,25102.748209999998,71510,2,213271,42654.2,18836.52315,71510,18598,172165,34433.0,50623.71141,112453,2,0,0,0,0,132,124,28.13322018,28.13322018,0,1460,380.6923077,623.5521075,388817.2308,0,0,0,1,0,0,0,0,1,412.4166667,89.0,735.8333332999999,132,0,0,0,0,0,0,6,534,6,4415,8192,34962,2,20,0.0,0.0,0,0,0.0,0.0,0,0,BENIGN
1373,38383,2,1,75,0,75,0,37.5,53.03300859,0,0,0.0,0.0,1953.9900480000001,78.15960191,19191.5,27128.151660000003,38374,9,38383,38383.0,0.0,38383,38383,0,0.0,0.0,0,0,1,0,0,0,40,20,52.10640127,26.05320064,0,75,37.5,43.30127019,1875.0,0,1,0,0,1,0,0,0,0,50.0,37.5,0.0,40,0,0,0,0,0,0,2,75,1,0,34962,0,0,20,0.0,0.0,0,0,0.0,0.0,0,0,BENIGN
80,59639,3,5,427,2267,427,0,142.33333330000002,246.52856490000002,1460,0,453.4,662.3804043,45171.78356,134.1404115,8519.857143000001,13965.51389,29084,2,29368,14684.0,20118.60214,28910,458,30813,7703.25,14624.576469999998,29626,2,0,0,0,0,72,112,50.30265429999999,83.83775717,0,1460,299.3333333,519.4677565000001,269846.75,0,0,0,1,0,0,0,0,1,336.75,142.33333330000002,453.4,72,0,0,0,0,0,0,3,427,5,2267,8192,237,1,20,0.0,0.0,0,0,0.0,0.0,0,0,BENIGN
80,12691,2,0,0,0,0,0,0.0,0.0,0,0,0.0,0.0,0.0,157.5919943,12691.0,0.0,12691,12691,12691,12691.0,0.0,12691,12691,0,0.0,0.0,0,0,0,0,0,0,40,0,157.5919943,0.0,0,0,0.0,0.0,0.0,0,0,0,0,1,0,0,0,0,0.0,0.0,0.0,40,0,0,0,0,0,0,2,0,0,0,256,-1,0,20,0.0,0.0,0,0,0.0,0.0,0,0,BENIGN
80,59743,3,5,427,2267,427,0,142.33333330000002,246.52856490000002,1460,0,453.4,662.3804043,45093.148989999994,133.90690120000002,8534.714286,14098.71203,29190,1,29793,14896.5,20389.42404,29314,479,30553,7638.25,14746.48495,29752,1,0,0,0,0,72,112,50.21508796,83.69181327,0,1460,299.3333333,519.4677565000001,269846.75,0,0,0,1,0,0,0,0,1,336.75,142.33333330000002,453.4,72,0,0,0,0,0,0,3,427,5,2267,8192,237,1,20,0.0,0.0,0,0,0.0,0.0,0,0,BENIGN
80,50775,2,0,0,0,0,0,0.0,0.0,0,0,0.0,0.0,0.0,39.38946332,50775.0,0.0,50775,50775,50775,50775.0,0.0,50775,50775,0,0.0,0.0,0,0,0,0,0,0,40,0,39.38946332,0.0,0,0,0.0,0.0,0.0,0,0,0,0,1,0,0,0,0,0.0,0.0,0.0,40,0,0,0,0,0,0,2,0,0,0,256,-1,0,20,0.0,0.0,0,0,0.0,0.0,0,0,BENIGN
443,207803,6,10,1067,5172,533,0,177.83333330000002,222.78637,1460,0,517.2,677.0148201000001,30023.62815,76.99600102,13853.533330000002,18290.718269999998,40840,1,166825,33365.0,28046.47752,72284,973,167386,18598.44444,27890.2119,69428,1,0,0,0,0,132,204,28.87350038,48.12250064,0,1460,367.0,556.1195915,309269.0,0,0,0,1,0,0,0,0,1,389.9375,177.83333330000002,517.2,132,0,0,0,0,0,0,6,1067,10,5172,8192,40225,3,20,0.0,0.0,0,0,0.0,0.0,0,0,BENIGN
80,81790,3,5,425,2265,425,0,141.66666669999998,245.37386439999997,1460,0,453.0,662.1140385,32889.10625,97.81146839,11684.28571,14334.10581,29035,2,51604,25802.0,4763.071278,29170,22434,52755,13188.75,25590.21492,51566,2,0,0,0,0,72,112,36.67930065,61.13216775,0,1460,298.8888889,519.1626537999999,269529.8611,0,0,0,1,0,0,0,0,1,336.25,141.66666669999998,453.0,72,0,0,0,0,0,0,3,425,5,2265,8192,237,1,20,0.0,0.0,0,0,0.0,0.0,0,0,BENIGN
443,25568,2,0,0,0,0,0,0.0,0.0,0,0,0.0,0.0,0.0,78.22277847,25568.0,0.0,25568,25568,25568,25568.0,0.0,25568,25568,0,0.0,0.0,0,0,0,0,0,0,40,0,78.22277847,0.0,0,0,0.0,0.0,0.0,0,0,0,0,1,0,0,0,0,0.0,0.0,0.0,40,0,0,0,0,0,0,2,0,0,0,63483,-1,0,20,0.0,0.0,0,0,0.0,0.0,0,0,BENIGN
80,96176,3,5,425,2265,425,0,141.66666669999998,245.37386439999997,1460,0,453.0,662.1140385,27969.55581,83.18083514,13739.428569999998,17042.93491,37017,1,66263,33131.5,5494.926797,37017,29246,67100,16775.0,33022.411960000005,66306,1,0,0,0,0,72,112,31.19281318,51.98802196,0,1460,298.8888889,519.1626537999999,269529.8611,0,0,0,1,0,0,0,0,1,336.25,141.66666669999998,453.0,72,0,0,0,0,0,0,3,425,5,2265,8192,237,1,20,0.0,0.0,0,0,0.0,0.0,0,0,BENIGN
80,44209,2,0,0,0,0,0,0.0,0.0,0,0,0.0,0.0,0.0,45.23965708,44209.0,0.0,44209,44209,44209,44209.0,0.0,44209,44209,0,0.0,0.0,0,0,0,0,0,0,40,0,45.23965708,0.0,0,0,0.0,0.0,0.0,0,0,0,0,1,0,0,0,0,0.0,0.0,0.0,40,0,0,0,0,0,0,2,0,0,0,256,-1,0,20,0.0,0.0,0,0,0.0,0.0,0,0,BENIGN
53,23164,1,1,57,138,57,57,57.0,0.0,138,138,138.0,0.0,8418.235193,86.34087377,23164.0,0.0,23164,23164,0,0.0,0.0,0,0,0,0.0,0.0,0,0,0,0,0,0,20,20,43.17043688,43.17043688,57,138,84.0,46.7653718,2187.0,0,0,0,0,0,0,0,0,1,126.0,57.0,138.0,20,0,0,0,0,0,0,1,57,1,138,-1,-1,0,20,0.0,0.0,0,0,0.0,0.0,0,0,BENIGN
80,54875,2,0,0,0,0,0,0.0,0.0,0,0,0.0,0.0,0.0,36.44646925,54875.0,0.0,54875,54875,54875,54875.0,0.0,54875,54875,0,0.0,0.0,0,0,0,0,0,0,40,0,36.44646925,0.0,0,0,0.0,0.0,0.0,0,0,0,0,1,0,0,0,0,0.0,0.0,0.0,40,0,0,0,0,0,0,2,0,0,0,256,-1,0,20,0.0,0.0,0,0,0.0,0.0,0,0,BENIGN
443,10346191,7,9,1160,5956,841,0,165.71428569999998,307.7275387,1689,0,661.7777778,738.3479494,687.7893517000001,1.5464628480000002,689746.0667,2520109.994,9796986,3,549202,91533.66667,85393.07893999999,236403,9671,10300000,1289240.25,3520253.7010000004,10000000,3,0,0,0,0,152,192,0.676577496,0.8698853520000001,0,1689,418.5882353,616.6716163,380283.8824,0,0,0,1,0,0,0,0,1,444.75,165.71428569999998,661.7777778,152,0,0,0,0,0,0,7,1160,9,5956,8192,58,3,20,549202.0,0.0,549202,549202,9796986.0,0.0,9796986,9796986,BENIGN
53,397979,1,1,55,213,55,55,55.0,0.0,213,213,213.0,0.0,673.4023655,5.025390787,397979.0,0.0,397979,397979,0,0.0,0.0,0,0,0,0.0,0.0,0,0,0,0,0,0,20,20,2.512695393,2.512695393,55,213,107.66666670000001,91.22134253,8321.333333,0,0,0,0,0,0,0,0,1,161.5,55.0,213.0,20,0,0,0,0,0,0,1,55,1,213,-1,-1,0,20,0.0,0.0,0,0,0.0,0.0,0,0,BENIGN
443,74044,2,0,0,0,0,0,0.0,0.0,0,0,0.0,0.0,0.0,27.01096645,74044.0,0.0,74044,74044,74044,74044.0,0.0,74044,74044,0,0.0,0.0,0,0,0,0,0,0,40,0,27.01096645,0.0,0,0,0.0,0.0,0.0,0,0,0,0,1,0,0,0,0,0.0,0.0,0.0,40,0,0,0,0,0,0,2,0,0,0,251,-1,0,20,0.0,0.0,0,0,0.0,0.0,0,0,BENIGN
443,115865665,27,23,851,9396,464,0,31.51851852,98.70600105,1288,0,408.52173910000005,558.5576286,88.43862416,0.431534225,2364605.4080000003,4190461.277,10000000,1,116000000,4456371.731000001,5025677.286,10200000,1,112000000,5107742.818,5185169.094,10200000,2,0,0,0,0,872,744,0.23302848199999998,0.19850574399999998,0,1288,200.9215686,422.45638089999994,178469.3937,0,0,0,1,0,0,0,0,0,204.94,31.51851852,408.52173910000005,872,0,0,0,0,0,0,27,851,23,9396,29200,252,4,32,191168.0,139216.6992,610915,148339,10000000.0,8167.814242,10000000,9999763,BENIGN
443,119497675,20,17,1255,697,620,0,62.75,174.9387487,529,0,41.0,132.1665616,16.33504585,0.309629455,3319379.861,4624428.655,10000000,18,119000000,6289351.316000001,4739790.4180000005,10100000,56,114000000,7116092.125,4580288.551,10100000,458,0,0,0,0,648,552,0.167367273,0.142262182,0,620,51.36842105,153.1659445,23459.80654,0,0,0,1,0,0,0,0,0,52.75675676,62.75,41.0,648,0,0,0,0,0,0,20,1255,17,697,29200,175,4,32,299037.0833,867165.4890000001,3052657,48440,9659097.832999999,1280974.317,10000000,5591525,BENIGN
443,115866273,23,19,701,6328,316,0,30.47826087,80.49837354,1418,0,333.0526316,557.1439544,60.66476308,0.36248684700000006,2826006.659,4475439.719,10000000,12,116000000,5266648.773,5005095.516,10100000,52,111000000,6150327.056,5026538.027,10100000,48,0,0,0,0,744,616,0.198504702,0.163982145,0,1418,163.4651163,399.6979424,159758.4452,0,0,0,1,0,0,0,0,0,167.3571429,30.47826087,333.0526316,744,0,0,0,0,0,0,23,701,19,6328,29200,357,4,32,52093.25,54169.730760000006,224105,36249,9603425.167000001,1410674.517,10000000,5123950,BENIGN
443,425237,8,7,1154,1031,829,0,144.25,287.3692249,893,0,147.28571430000002,330.5630118,5138.311107,35.27444696,30374.07143,42235.57606,133870,3,425237,60748.14286,56414.86788,159998,3,267430,44571.66667,54668.95172999999,136074,3,0,0,0,0,172,144,18.81303838,16.46140858,0,893,136.5625,289.09351860000004,83575.0625,0,0,0,1,0,0,0,0,0,145.66666669999998,144.25,147.28571430000002,172,0,0,0,0,0,0,8,1154,7,1031,8192,65535,4,20,0.0,0.0,0,0,0.0,0.0,0,0,BENIGN
53,23883,1,1,101,165,101,101,101.0,0.0,165,165,165.0,0.0,11137.62928,83.7415735,23883.0,0.0,23883,23883,0,0.0,0.0,0,0,0,0.0,0.0,0,0,0,0,0,0,0,0,41.87078675,41.87078675,101,165,122.33333329999999,36.95041723,1365.333333,0,0,0,0,0,0,0,0,1,183.5,101.0,165.0,0,0,0,0,0,0,0,1,101,1,165,-1,-1,0,0,0.0,0.0,0,0,0.0,0.0,0,0,BENIGN
1397,4,2,0,37,0,37,0,18.5,26.1629509,0,0,0.0,0.0,9250000.0,500000.0,4.0,0.0,4,4,4,4.0,0.0,4,4,0,0.0,0.0,0,0,0,0,0,0,40,0,500000.0,0.0,0,37,12.33333333,21.36195996,456.33333330000005,0,0,0,0,1,0,0,0,0,18.5,18.5,0.0,40,0,0,0,0,0,0,2,37,0,0,40958,-1,1,20,0.0,0.0,0,0,0.0,0.0,0,0,BENIGN
443,3327854,7,8,529,3417,342,0,75.57142857,136.598996,1460,0,427.125,550.1787859,1185.749134,4.507409279,237703.8571,725705.2474,2747977,1,579873,96645.5,104997.3427,285827,15034,3276191,468027.2857,1010737.7390000001,2748065,1,0,0,0,0,164,172,2.103457664,2.403951616,0,1460,246.625,428.72786629999996,183807.5833,0,0,0,1,0,0,0,0,1,263.0666667,75.57142857,427.125,164,0,0,0,0,0,0,7,529,8,3417,8192,17,2,20,0.0,0.0,0,0,0.0,0.0,0,0,BENIGN
80,982177,3,5,426,2266,426,0,142.0,245.95121469999998,1460,0,453.2,662.2470837999999,2740.8501730000003,8.14517139,140311.0,345126.8144,922362,1,951827,475913.5,631373.5236,922362,29465,952794,238198.5,475823.811,951934,1,0,0,0,0,72,112,3.054439271,5.090732119,0,1460,299.1111111,519.3150403,269688.1111,0,0,0,1,0,0,0,0,1,336.5,142.0,453.2,72,0,0,0,0,0,0,3,426,5,2266,8192,237,1,20,0.0,0.0,0,0,0.0,0.0,0,0,BENIGN
80,46598,2,0,0,0,0,0,0.0,0.0,0,0,0.0,0.0,0.0,42.92029701,46598.0,0.0,46598,46598,46598,46598.0,0.0,46598,46598,0,0.0,0.0,0,0,0,0,0,0,40,0,42.92029701,0.0,0,0,0.0,0.0,0.0,0,0,0,0,1,0,0,0,0,0.0,0.0,0.0,40,0,0,0,0,0,0,2,0,0,0,256,-1,0,20,0.0,0.0,0,0,0.0,0.0,0,0,BENIGN
443,15871934,12,10,2597,3903,1460,0,216.41666669999998,451.28754360000005,1596,0,390.3,649.0293693,409.52791260000004,1.3860944730000002,755806.3809999999,2374328.4869999997,9790479,3,15900000,1442903.091,3197320.9680000003,9790479,3,10500000,1163954.3329999999,3327042.912,10000000,3,0,0,0,0,252,208,0.7560515309999999,0.630042942,0,1596,282.6086957,534.2724653,285447.0672,0,0,0,1,0,0,0,0,0,295.4545455,216.41666669999998,390.3,252,0,0,0,0,0,0,12,2597,10,3903,8192,6945,6,20,359895.5,460351.2633,685413,34378,7576070.0,3131647.24,9790479,5361661,BENIGN
443,17050767,11,10,2006,4718,1654,0,182.36363640000002,492.37877139999995,1611,0,471.8,749.0917167,394.3517614,1.23161615,852538.35,2504973.815,10000000,3,17100000,1705076.7,3416949.9289999995,10000000,3,11300000,1257332.222,3313179.1,10000000,217,0,0,0,0,232,208,0.645132269,0.586483881,0,1654,305.63636360000004,617.6487325,381489.9567,0,0,0,1,0,0,0,0,0,320.19047620000003,182.36363640000002,471.8,232,0,0,0,0,0,0,11,2006,10,4718,8192,6354,5,20,675128.5,906037.839,1315794,34463,7850253.5,3041370.211,10000000,5699680,BENIGN
443,18767056,13,13,4342,5913,2144,0,334.0,742.1083702999999,1596,0,454.84615379999997,649.3001163,546.4362658,1.385406427,750682.24,2219373.92,9765675,3,18800000,1563921.333,3065094.793,9765675,3,13400000,1116075.4170000001,2927812.973,10000000,49,0,0,0,0,272,268,0.692703214,0.692703214,0,2144,379.8148148,676.8853462999999,458173.7721,0,0,0,1,0,0,0,0,1,394.4230769,334.0,454.84615379999997,272,0,0,0,0,0,0,13,4342,13,5913,8192,8690,6,20,1830904.0,2540197.673,3627095,34713,7552622.5,3129728.86,9765675,5339570,BENIGN
1146,3,2,0,0,0,0,0,0.0,0.0,0,0,0.0,0.0,0.0,666666.6667,3.0,0.0,3,3,3,3.0,0.0,3,3,0,0.0,0.0,0,0,0,0,0,0,40,0,666666.6667,0.0,0,0,0.0,0.0,0.0,0,0,0,0,1,0,0,0,0,0.0,0.0,0.0,40,0,0,0,0,0,0,2,0,0,0,6976,-1,0,20,0.0,0.0,0,0,0.0,0.0,0,0,BENIGN
1133,1,2,0,0,0,0,0,0.0,0.0,0,0,0.0,0.0,0.0,2000000.0,1.0,0.0,1,1,1,1.0,0.0,1,1,0,0.0,0.0,0,0,0,0,0,0,40,0,2000000.0,0.0,0,0,0.0,0.0,0.0,0,0,0,0,1,0,0,0,0,0.0,0.0,0.0,40,0,0,0,0,0,0,2,0,0,0,6385,-1,0,20,0.0,0.0,0,0,0.0,0.0,0,0,BENIGN
1129,3,2,0,0,0,0,0,0.0,0.0,0,0,0.0,0.0,0.0,666666.6667,3.0,0.0,3,3,3,3.0,0.0,3,3,0,0.0,0.0,0,0,0,0,0,0,40,0,666666.6667,0.0,0,0,0.0,0.0,0.0,0,0,0,0,1,0,0,0,0,0.0,0.0,0.0,40,0,0,0,0,0,0,2,0,0,0,8721,-1,0,20,0.0,0.0,0,0,0.0,0.0,0,0,BENIGN
80,184755,3,4,437,860,437,0,145.66666669999998,252.3020676,860,0,215.0,430.0,7020.107709999999,37.88801386,30792.5,53527.432160000004,137595,4,161033,80516.5,80721.18882000001,137595,23438,161367,53789.0,92658.2407,160781,4,0,0,0,0,72,92,16.23772022,21.65029363,0,860,162.125,320.7787121,102898.9821,0,0,0,1,0,0,0,0,1,185.28571430000002,145.66666669999998,215.0,72,0,0,0,0,0,0,3,437,4,860,8192,31,1,20,0.0,0.0,0,0,0.0,0.0,0,0,BENIGN
80,43745,2,0,0,0,0,0,0.0,0.0,0,0,0.0,0.0,0.0,45.719510799999995,43745.0,0.0,43745,43745,43745,43745.0,0.0,43745,43745,0,0.0,0.0,0,0,0,0,0,0,40,0,45.719510799999995,0.0,0,0,0.0,0.0,0.0,0,0,0,0,1,0,0,0,0,0.0,0.0,0.0,40,0,0,0,0,0,0,2,0,0,0,253,-1,0,20,0.0,0.0,0,0,0.0,0.0,0,0,BENIGN
80,68689,3,4,426,2266,426,0,142.0,245.95121469999998,2266,0,566.5,1133.0,39191.136860000006,101.9086025,11448.16667,14300.71189,29437,4,38536,19268.0,14350.02502,29415,9121,39386,13128.66667,22122.27604,38670,4,0,0,0,0,72,92,43.67511538,58.23348717,0,2266,336.5,793.7590494,630053.4286,0,0,0,1,0,0,0,0,1,384.57142860000005,142.0,566.5,72,0,0,0,0,0,0,3,426,4,2266,8192,237,1,20,0.0,0.0,0,0,0.0,0.0,0,0,BENIGN
80,69185,3,4,426,2266,426,0,142.0,245.95121469999998,2266,0,566.5,1133.0,38910.16839,101.178001,11530.83333,14209.856730000001,29383,2,38793,19396.5,14272.950380000002,29489,9304,39802,13267.33333,22006.58314,38670,2,0,0,0,0,72,92,43.36200043,57.81600058,0,2266,336.5,793.7590494,630053.4286,0,0,0,1,0,0,0,0,1,384.57142860000005,142.0,566.5,72,0,0,0,0,0,0,3,426,4,2266,8192,237,1,20,0.0,0.0,0,0,0.0,0.0,0,0,BENIGN
80,12621,2,0,0,0,0,0,0.0,0.0,0,0,0.0,0.0,0.0,158.4660486,12621.0,0.0,12621,12621,12621,12621.0,0.0,12621,12621,0,0.0,0.0,0,0,0,0,0,0,40,0,158.4660486,0.0,0,0,0.0,0.0,0.0,0,0,0,0,1,0,0,0,0,0.0,0.0,0.0,40,0,0,0,0,0,0,2,0,0,0,256,-1,0,20,0.0,0.0,0,0,0.0,0.0,0,0,BENIGN
80,40645,2,0,0,0,0,0,0.0,0.0,0,0,0.0,0.0,0.0,49.20654447,40645.0,0.0,40645,40645,40645,40645.0,0.0,40645,40645,0,0.0,0.0,0,0,0,0,0,0,40,0,49.20654447,0.0,0,0,0.0,0.0,0.0,0,0,0,0,1,0,0,0,0,0.0,0.0,0.0,40,0,0,0,0,0,0,2,0,0,0,256,-1,0,20,0.0,0.0,0,0,0.0,0.0,0,0,BENIGN
80,115358784,16,14,437,796,437,0,27.3125,109.25,796,0,56.85714286,212.7399486,10.68839283,0.26005822,3977889.103,4887608.06,10000000,40,115000000,7690585.6,4187967.847,10000000,327,111000000,8500548.077,3767146.227,10000000,251,0,0,0,0,520,456,0.138697717,0.12136050300000001,0,796,39.77419355,160.7838528,25851.44731,0,0,0,1,0,0,0,0,0,41.1,27.3125,56.85714286,520,0,0,0,0,0,0,16,437,14,796,29200,285,1,32,25967.818180000002,7878.268462000001,49720,23449,10000000.0,9108.103965999999,10000000,9999661,BENIGN
80,117336952,25,19,2610,4476,435,0,104.4,189.61210400000002,746,0,235.5789474,356.264932,60.39018297,0.374988435,2728766.3260000004,4362648.5139999995,10000000,5,117000000,4887503.958000001,4906202.879,10000000,159,117000000,6516593.444,4627644.8,10100000,20786,0,0,0,0,808,616,0.213061611,0.161926824,0,746,157.4666667,276.2836652,76332.66364,0,0,0,1,0,0,0,0,0,161.0454545,104.4,235.5789474,808,0,0,0,0,0,0,25,2610,19,4476,29200,382,6,32,651860.5455,2039888.907,6802357,36610,10000000.0,2276.5278989999997,10000000,10000000,BENIGN
443,115949963,26,28,1287,18007,457,0,49.5,127.6301688,1418,0,643.1071429,690.6239444,166.39936310000002,0.46571813100000004,2187735.151,4103890.108,10000000,2,116000000,4637998.52,4997357.633,10000000,44,111000000,4099385.4069999997,5024562.903,10000000,2,0,0,0,0,840,904,0.224234655,0.241483475,0,1418,350.8,579.9265088,336314.7556,0,0,0,1,0,0,0,0,1,357.2962963,49.5,643.1071429,840,0,0,0,0,0,0,26,1287,28,18007,29200,365,5,32,51359.16667,51427.19782,214662,36318,9611134.082999999,1379678.586,10000000,5230088,BENIGN
443,115948613,23,18,1379,5713,496,0,59.95652174,146.8135733,2836,0,317.3888889,708.5684107999999,61.16502661,0.35360492,2898715.325,4505653.509,10000000,9,116000000,5270391.5,4997494.676,10000000,26,111000000,6516285.765,4927212.452,10000000,189,0,0,0,0,744,584,0.198363735,0.155241184,0,2836,168.8571429,486.5948669,236774.5645,0,0,0,1,0,0,0,0,0,172.97560980000003,59.95652174,317.3888889,744,0,0,0,0,0,0,23,1379,18,5713,29200,365,5,32,61854.75,87161.73711,338630,36569,9600527.5,1406567.836,10000000,5134320,BENIGN
80,36970,1,1,0,0,0,0,0.0,0.0,0,0,0.0,0.0,0.0,54.09791723,36970.0,0.0,36970,36970,0,0.0,0.0,0,0,0,0.0,0.0,0,0,0,0,0,0,32,32,27.04895862,27.04895862,0,0,0.0,0.0,0.0,0,0,0,0,1,1,0,0,1,0.0,0.0,0.0,32,0,0,0,0,0,0,1,0,1,0,299,382,0,32,0.0,0.0,0,0,0.0,0.0,0,0,BENIGN
443,1364741,7,10,1317,7359,674,0,188.1428571,285.6737233,2266,0,735.9,804.481952,6357.250204,12.45657601,85296.3125,199373.9238,775981,3,588757,98126.16667,115800.1196,254975,11649,1341035,149003.8889,256065.0841,776000,3,0,0,0,0,164,212,5.129178357,7.327397652999999,0,2266,482.0,677.1835271000001,458577.5294,0,0,0,1,0,0,0,0,1,510.3529412,188.1428571,735.9,164,0,0,0,0,0,0,7,1317,10,7359,8192,34,3,20,0.0,0.0,0,0,0.0,0.0,0,0,BENIGN
443,1129,2,0,0,0,0,0,0.0,0.0,0,0,0.0,0.0,0.0,1771.4791850000001,1129.0,0.0,1129,1129,1129,1129.0,0.0,1129,1129,0,0.0,0.0,0,0,0,0,0,0,40,0,1771.4791850000001,0.0,0,0,0.0,0.0,0.0,0,0,0,0,1,0,0,0,0,0.0,0.0,0.0,40,0,0,0,0,0,0,2,0,0,0,251,-1,0,20,0.0,0.0,0,0,0.0,0.0,0,0,BENIGN
80,466796,3,4,427,2267,427,0,142.33333330000002,246.52856490000002,2267,0,566.75,1133.5,5771.25768,14.99584401,77799.33333,161573.5394,406336,4,435885,217942.5,266428.6428,406336,29549,437394,145798.0,251320.6657,435997,4,0,0,0,0,72,92,6.42679029,8.569053719,0,2267,336.75,794.1224717,630630.5,0,0,0,1,0,0,0,0,1,384.85714289999993,142.33333330000002,566.75,72,0,0,0,0,0,0,3,427,4,2267,8192,237,1,20,0.0,0.0,0,0,0.0,0.0,0,0,BENIGN
80,33593,2,0,0,0,0,0,0.0,0.0,0,0,0.0,0.0,0.0,59.536212899999995,33593.0,0.0,33593,33593,33593,33593.0,0.0,33593,33593,0,0.0,0.0,0,0,0,0,0,0,40,0,59.536212899999995,0.0,0,0,0.0,0.0,0.0,0,0,0,0,1,0,0,0,0,0.0,0.0,0.0,40,0,0,0,0,0,0,2,0,0,0,256,-1,0,20,0.0,0.0,0,0,0.0,0.0,0,0,BENIGN
80,93415,3,4,427,2267,427,0,142.33333330000002,246.52856490000002,2267,0,566.75,1133.5,28839.051539999997,74.93443237,15569.166669999999,16843.72838,33833,5,63171,31585.5,3178.4449809999996,33833,29338,64150,21383.33333,36410.04538,63424,5,0,0,0,0,72,92,32.11475673,42.81967564,0,2267,336.75,794.1224717,630630.5,0,0,0,1,0,0,0,0,1,384.85714289999993,142.33333330000002,566.75,72,0,0,0,0,0,0,3,427,4,2267,8192,237,1,20,0.0,0.0,0,0,0.0,0.0,0,0,BENIGN
80,30214,2,0,0,0,0,0,0.0,0.0,0,0,0.0,0.0,0.0,66.19447938,30214.0,0.0,30214,30214,30214,30214.0,0.0,30214,30214,0,0.0,0.0,0,0,0,0,0,0,40,0,66.19447938,0.0,0,0,0.0,0.0,0.0,0,0,0,0,1,0,0,0,0,0.0,0.0,0.0,40,0,0,0,0,0,0,2,0,0,0,256,-1,0,20,0.0,0.0,0,0,0.0,0.0,0,0,BENIGN
443,11043793,9,10,921,4238,389,0,102.33333329999999,161.925137,1451,0,423.8,555.8582552999999,467.14022980000004,1.7204234090000001,613544.0556,2300503.808,9822561,4,10800000,1345827.375,3426943.925,9822561,23250,11000000,1224519.222,3235055.867,9845526,4,0,0,0,0,216,220,0.814937404,0.905486005,0,1451,257.95,432.2592393,186848.05,0,0,0,1,0,0,0,0,1,271.5263158,102.33333329999999,423.8,216,0,0,0,0,0,0,9,921,10,4238,8192,14472,4,20,944058.0,0.0,944058,944058,9822561.0,0.0,9822561,9822561,BENIGN
443,200034,6,6,837,3543,516,0,139.5,201.69060459999997,1460,0,590.5,687.3309974,21896.27763,59.98980173,18184.90909,15104.14836,38565,69,161110,32222.0,9619.47956,43757,21899,161493,32298.6,33211.16451,72571,251,0,0,0,0,132,128,29.99490087,29.99490087,0,1460,336.9230769,524.3007187,274891.2436,0,0,0,1,0,0,0,0,1,365.0,139.5,590.5,132,0,0,0,0,0,0,6,837,6,3543,8192,33,3,20,0.0,0.0,0,0,0.0,0.0,0,0,BENIGN
80,61227,3,4,427,2267,427,0,142.33333330000002,246.52856490000002,2267,0,566.75,1133.5,44000.19599,114.3286459,10204.5,14591.407809999999,29028,4,31424,15712.0,18934.90539,29101,2323,32232,10744.0,17942.08318,31457,4,0,0,0,0,72,92,48.99799108,65.33065478,0,2267,336.75,794.1224717,630630.5,0,0,0,1,0,0,0,0,1,384.85714289999993,142.33333330000002,566.75,72,0,0,0,0,0,0,3,427,4,2267,8192,237,1,20,0.0,0.0,0,0,0.0,0.0,0,0,BENIGN
80,61434,3,5,427,2267,427,0,142.33333330000002,246.52856490000002,1460,0,453.4,662.3804043,43851.938669999996,130.2210502,8776.285714,13827.5013,29066,2,31294,15647.0,18944.80488,29043,2251,32531,8132.75,15556.72505,31457,2,0,0,0,0,72,112,48.83289384,81.3881564,0,1460,299.3333333,519.4677565000001,269846.75,0,0,0,1,0,0,0,0,1,336.75,142.33333330000002,453.4,72,0,0,0,0,0,0,3,427,5,2267,8192,237,1,20,0.0,0.0,0,0,0.0,0.0,0,0,BENIGN
443,34057,2,0,0,0,0,0,0.0,0.0,0,0,0.0,0.0,0.0,58.72507854,34057.0,0.0,34057,34057,34057,34057.0,0.0,34057,34057,0,0.0,0.0,0,0,0,0,0,0,40,0,58.72507854,0.0,0,0,0.0,0.0,0.0,0,0,0,0,1,0,0,0,0,0.0,0.0,0.0,40,0,0,0,0,0,0,2,0,0,0,254,-1,0,20,0.0,0.0,0,0,0.0,0.0,0,0,BENIGN
80,45700,2,0,0,0,0,0,0.0,0.0,0,0,0.0,0.0,0.0,43.76367615,45700.0,0.0,45700,45700,45700,45700.0,0.0,45700,45700,0,0.0,0.0,0,0,0,0,0,0,40,0,43.76367615,0.0,0,0,0.0,0.0,0.0,0,0,0,0,1,0,0,0,0,0.0,0.0,0.0,40,0,0,0,0,0,0,2,0,0,0,256,-1,0,20,0.0,0.0,0,0,0.0,0.0,0,0,BENIGN
80,46016,2,0,0,0,0,0,0.0,0.0,0,0,0.0,0.0,0.0,43.46314325,46016.0,0.0,46016,46016,46016,46016.0,0.0,46016,46016,0,0.0,0.0,0,0,0,0,0,0,40,0,43.46314325,0.0,0,0,0.0,0.0,0.0,0,0,0,0,1,0,0,0,0,0.0,0.0,0.0,40,0,0,0,0,0,0,2,0,0,0,256,-1,0,20,0.0,0.0,0,0,0.0,0.0,0,0,BENIGN
1129,999637,2,0,0,0,0,0,0.0,0.0,0,0,0.0,0.0,0.0,2.000726264,999637.0,0.0,999637,999637,999637,999637.0,0.0,999637,999637,0,0.0,0.0,0,0,0,0,0,0,40,0,2.000726264,0.0,0,0,0.0,0.0,0.0,0,0,0,0,1,0,0,0,0,0.0,0.0,0.0,40,0,0,0,0,0,0,2,0,0,0,8721,-1,0,20,0.0,0.0,0,0,0.0,0.0,0,0,BENIGN
1146,1000288,2,0,0,0,0,0,0.0,0.0,0,0,0.0,0.0,0.0,1.9994241659999998,1000288.0,0.0,1000288,1000288,1000288,1000288.0,0.0,1000288,1000288,0,0.0,0.0,0,0,0,0,0,0,40,0,1.9994241659999998,0.0,0,0,0.0,0.0,0.0,0,0,0,0,1,0,0,0,0,0.0,0.0,0.0,40,0,0,0,0,0,0,2,0,0,0,6976,-1,0,20,0.0,0.0,0,0,0.0,0.0,0,0,BENIGN
80,47485,3,4,435,859,435,0,145.0,251.1473671,859,0,214.75,429.5,27250.71075,147.4149731,7914.166667,11874.943000000001,23372,4,23712,11856.0,15991.926959999999,23164,548,24373,8124.333333,13725.88854,23972,4,0,0,0,0,72,92,63.17784564,84.23712751,0,859,161.75,320.22347110000004,102543.0714,0,0,0,1,0,0,0,0,1,184.8571429,145.0,214.75,72,0,0,0,0,0,0,3,435,4,859,8192,31,1,20,0.0,0.0,0,0,0.0,0.0,0,0,BENIGN
80,50994,2,0,0,0,0,0,0.0,0.0,0,0,0.0,0.0,0.0,39.22030043,50994.0,0.0,50994,50994,50994,50994.0,0.0,50994,50994,0,0.0,0.0,0,0,0,0,0,0,40,0,39.22030043,0.0,0,0,0.0,0.0,0.0,0,0,0,0,1,0,0,0,0,0.0,0.0,0.0,40,0,0,0,0,0,0,2,0,0,0,253,-1,0,20,0.0,0.0,0,0,0.0,0.0,0,0,BENIGN
80,91349,3,4,435,859,435,0,145.0,251.1473671,859,0,214.75,429.5,14165.45337,76.62919134,15224.833330000001,18155.464930000002,44190,4,67585,33792.5,14704.28551,44190,23395,68075,22691.66667,38926.98401,67640,4,0,0,0,0,72,92,32.841082,43.78810934,0,859,161.75,320.22347110000004,102543.0714,0,0,0,1,0,0,0,0,1,184.8571429,145.0,214.75,72,0,0,0,0,0,0,3,435,4,859,8192,31,1,20,0.0,0.0,0,0,0.0,0.0,0,0,BENIGN
80,35164,2,0,0,0,0,0,0.0,0.0,0,0,0.0,0.0,0.0,56.87635081,35164.0,0.0,35164,35164,35164,35164.0,0.0,35164,35164,0,0.0,0.0,0,0,0,0,0,0,40,0,56.87635081,0.0,0,0,0.0,0.0,0.0,0,0,0,0,1,0,0,0,0,0.0,0.0,0.0,40,0,0,0,0,0,0,2,0,0,0,253,-1,0,20,0.0,0.0,0,0,0.0,0.0,0,0,BENIGN
443,355554,7,10,720,7023,393,0,102.8571429,150.9242951,1460,0,702.3,646.0075764999999,21777.28278,47.81270918,22222.125,37748.72361,147862,1,312875,52145.83333,64994.51531,181377,5035,322805,35867.222219999996,64496.23029,190540,1,0,0,0,0,152,212,19.68758613,28.12512305,0,1460,430.16666669999995,572.3085603,327537.0882,0,0,0,1,0,0,0,0,1,455.4705882,102.8571429,702.3,152,0,0,0,0,0,0,7,720,10,7023,8192,245,3,20,0.0,0.0,0,0,0.0,0.0,0,0,BENIGN
443,60552,3,0,31,0,31,0,10.33333333,17.89785834,0,0,0.0,0.0,511.9566653,49.54419342,30276.0,42811.072960000005,60548,4,60552,30276.0,42811.072960000005,60548,4,0,0.0,0.0,0,0,0,0,0,0,60,0,49.54419342,0.0,0,31,7.75,15.5,240.25,0,0,0,0,1,0,0,0,0,10.33333333,10.33333333,0.0,60,0,0,0,0,0,0,3,31,0,0,252,-1,1,20,0.0,0.0,0,0,0.0,0.0,0,0,BENIGN
5353,18,12,0,540,0,45,45,45.0,0.0,0,0,0.0,0.0,30000000.0,666666.6667,1.636363636,1.206045378,5,1,18,1.636363636,1.206045378,5,1,0,0.0,0.0,0,0,0,0,0,0,384,0,666666.6667,0.0,45,45,45.0,0.0,0.0,0,0,0,0,0,0,0,0,0,48.75,45.0,0.0,384,0,0,0,0,0,0,12,540,0,0,-1,-1,11,32,0.0,0.0,0,0,0.0,0.0,0,0,BENIGN
80,591931,3,4,427,2267,427,0,142.33333330000002,246.52856490000002,2267,0,566.75,1133.5,4551.206137,11.82570266,98655.16667,213177.6982,532858,4,562054,281027.0,356142.8156,532858,29196,562845,187615.0,324126.8121,561884,4,0,0,0,0,72,92,5.068158282,6.757544376,0,2267,336.75,794.1224717,630630.5,0,0,0,1,0,0,0,0,1,384.85714289999993,142.33333330000002,566.75,72,0,0,0,0,0,0,3,427,4,2267,8192,237,1,20,0.0,0.0,0,0,0.0,0.0,0,0,BENIGN
80,592267,3,4,427,2267,427,0,142.33333330000002,246.52856490000002,2267,0,566.75,1133.5,4548.624185000001,11.818993800000001,98711.16667,213198.8687,532949,3,562226,281113.0,356149.8867,532949,29277,563131,187710.3333,324323.0864,562206,3,0,0,0,0,72,92,5.065283056,6.753710742000001,0,2267,336.75,794.1224717,630630.5,0,0,0,1,0,0,0,0,1,384.85714289999993,142.33333330000002,566.75,72,0,0,0,0,0,0,3,427,4,2267,8192,237,1,20,0.0,0.0,0,0,0.0,0.0,0,0,BENIGN
80,11286,2,0,0,0,0,0,0.0,0.0,0,0,0.0,0.0,0.0,177.2107035,11286.0,0.0,11286,11286,11286,11286.0,0.0,11286,11286,0,0.0,0.0,0,0,0,0,0,0,40,0,177.2107035,0.0,0,0,0.0,0.0,0.0,0,0,0,0,1,0,0,0,0,0.0,0.0,0.0,40,0,0,0,0,0,0,2,0,0,0,256,-1,0,20,0.0,0.0,0,0,0.0,0.0,0,0,BENIGN
443,116439402,35,37,732,32129,366,0,20.91428571,71.90286398,1602,0,868.3513514,677.9959938,282.2154652,0.618347387,1639991.5769999998,3637925.267,10000000,0,116000000,3424688.2939999998,4762205.422,10200000,1,112000000,3122476.278,4729326.777,10200000,2,0,0,0,0,1128,1192,0.300585535,0.317761852,0,1602,450.15068489999993,643.8423865,414533.0186,0,0,0,1,0,0,0,0,1,456.40277779999997,20.91428571,868.3513514,1128,0,0,0,0,0,0,35,732,37,32129,29200,61,4,32,210325.2727,222679.5187,881728,142882,10000000.0,14317.16814,10000000,9996800,BENIGN
443,116463316,42,61,2040,63628,897,0,48.57142857,181.83859669999998,1947,0,1043.081967,627.3493257,563.8513676,0.884398655,1141797.216,3143214.827,10000000,0,116000000,2840568.683,4493878.411,10000000,31,111000000,1849884.45,3916245.8710000003,10000000,1,0,0,0,0,1352,1960,0.360628578,0.523770077,0,1947,631.4230769,696.5498984,485181.761,0,0,0,1,0,0,0,0,1,637.5533981000001,48.57142857,1043.081967,1352,0,0,0,0,0,0,42,2040,61,63628,29200,382,5,32,80588.75,151665.0941,562190,36716,9624685.0,1320004.406,10000000,5433367,BENIGN
80,446073,3,4,436,860,436,0,145.33333330000002,251.7247174,860,0,215.0,430.0,2905.3540559999997,15.69249876,74345.5,159409.2567,398920,4,422231,211115.5,265595.67100000003,398920,23311,422796,140932.0,243592.3341,422208,4,0,0,0,0,72,92,6.725356612000001,8.967142148999999,0,860,162.0,320.65646949999996,102820.5714,0,0,0,1,0,0,0,0,1,185.1428571,145.33333330000002,215.0,72,0,0,0,0,0,0,3,436,4,860,8192,31,1,20,0.0,0.0,0,0,0.0,0.0,0,0,BENIGN
80,43351,2,0,0,0,0,0,0.0,0.0,0,0,0.0,0.0,0.0,46.13503725,43351.0,0.0,43351,43351,43351,43351.0,0.0,43351,43351,0,0.0,0.0,0,0,0,0,0,0,40,0,46.13503725,0.0,0,0,0.0,0.0,0.0,0,0,0,0,1,0,0,0,0,0.0,0.0,0.0,40,0,0,0,0,0,0,2,0,0,0,256,-1,0,20,0.0,0.0,0,0,0.0,0.0,0,0,BENIGN
80,34969,2,0,0,0,0,0,0.0,0.0,0,0,0.0,0.0,0.0,57.19351426,34969.0,0.0,34969,34969,34969,34969.0,0.0,34969,34969,0,0.0,0.0,0,0,0,0,0,0,40,0,57.19351426,0.0,0,0,0.0,0.0,0.0,0,0,0,0,1,0,0,0,0,0.0,0.0,0.0,40,0,0,0,0,0,0,2,0,0,0,253,-1,0,20,0.0,0.0,0,0,0.0,0.0,0,0,BENIGN
80,102206,3,4,436,860,436,0,145.33333330000002,251.7247174,860,0,215.0,430.0,12680.27317,68.4891298,17034.33333,21503.76105,54155,4,78423,39211.5,21133.300369999997,54155,24268,78046,26015.33333,44517.95705,77419,4,0,0,0,0,72,92,29.3524842,39.1366456,0,860,162.0,320.65646949999996,102820.5714,0,0,0,1,0,0,0,0,1,185.1428571,145.33333330000002,215.0,72,0,0,0,0,0,0,3,436,4,860,8192,31,1,20,0.0,0.0,0,0,0.0,0.0,0,0,BENIGN
80,45739,2,0,0,0,0,0,0.0,0.0,0,0,0.0,0.0,0.0,43.72636044,45739.0,0.0,45739,45739,45739,45739.0,0.0,45739,45739,0,0.0,0.0,0,0,0,0,0,0,40,0,43.72636044,0.0,0,0,0.0,0.0,0.0,0,0,0,0,1,0,0,0,0,0.0,0.0,0.0,40,0,0,0,0,0,0,2,0,0,0,253,-1,0,20,0.0,0.0,0,0,0.0,0.0,0,0,BENIGN
80,47408,3,4,435,859,435,0,145.0,251.1473671,859,0,214.75,429.5,27294.97131,147.6544043,7901.333333,11841.88118,23320,4,23726,11863.0,15894.346230000001,23102,624,24356,8118.666667,13749.58128,23994,4,0,0,0,0,72,92,63.28045899,84.37394533,0,859,161.75,320.22347110000004,102543.0714,0,0,0,1,0,0,0,0,1,184.8571429,145.0,214.75,72,0,0,0,0,0,0,3,435,4,859,8192,31,1,20,0.0,0.0,0,0,0.0,0.0,0,0,BENIGN
80,48887,2,0,0,0,0,0,0.0,0.0,0,0,0.0,0.0,0.0,40.91067155,48887.0,0.0,48887,48887,48887,48887.0,0.0,48887,48887,0,0.0,0.0,0,0,0,0,0,0,40,0,40.91067155,0.0,0,0,0.0,0.0,0.0,0,0,0,0,1,0,0,0,0,0.0,0.0,0.0,40,0,0,0,0,0,0,2,0,0,0,253,-1,0,20,0.0,0.0,0,0,0.0,0.0,0,0,BENIGN
443,5572009,8,8,1094,3956,565,0,136.75,214.32735309999998,1460,0,494.5,541.3504278,906.3158368999999,2.871495721,371467.2667,1196463.358,4686280,4,885725,126532.1429,125145.6826,347871,17508,5520296,788613.7143,1723033.12,4686360,4,0,0,0,0,184,172,1.43574786,1.43574786,0,1460,297.05882349999996,431.47095360000003,186167.1838,0,0,0,1,0,0,0,0,1,315.625,136.75,494.5,184,0,0,0,0,0,0,8,1094,8,3956,8192,18,3,20,0.0,0.0,0,0,0.0,0.0,0,0,BENIGN
80,5283094,3,1,0,0,0,0,0.0,0.0,0,0,0.0,0.0,0.0,0.75713209,1761031.333,3029579.828,5259262,59,5283094,2641547.0,3702008.055,5259262,23832,0,0.0,0.0,0,0,0,0,0,0,72,32,0.567849067,0.189283022,0,0,0.0,0.0,0.0,0,0,0,1,0,0,0,0,0,0.0,0.0,0.0,72,0,0,0,0,0,0,3,0,1,0,8192,65535,0,20,0.0,0.0,0,0,0.0,0.0,0,0,BENIGN
443,5579631,8,5,589,1571,342,0,73.625,127.6400491,1496,0,314.2,661.287532,387.1223742,2.329903178,464969.25,1539116.7759999998,5350704,3,5579631,797090.1429,2008508.22,5350704,49,205837,51459.25,78019.9745,165214,3,0,0,0,0,172,108,1.433786571,0.8961166070000001,0,1496,154.28571430000002,398.744651,158997.2967,0,0,0,1,0,0,0,0,0,166.15384619999998,73.625,314.2,172,0,0,0,0,0,0,8,589,5,1571,8192,4676,3,20,228878.0,0.0,228878,228878,5350704.0,0.0,5350704,5350704,BENIGN
443,5656508,9,8,351,5319,194,0,39.0,71.40028011,1460,0,664.875,694.0099706,1002.385217,3.005387776,353531.75,1270933.338,5113590,3,5656508,707063.5,1783024.644,5113590,3,492432,70347.42857,99771.62841,252332,49,0,0,0,0,204,172,1.5910876459999999,1.41430013,0,1460,315.0,551.812095,304496.5882,0,0,0,1,0,0,0,0,0,333.52941180000005,39.0,664.875,204,0,0,0,0,0,0,9,351,8,5319,8192,110,3,20,542915.0,0.0,542915,542915,5113590.0,0.0,5113590,5113590,BENIGN
443,5640340,9,6,361,3177,204,0,40.11111111,74.13913347,1615,0,529.5,782.6628264999999,627.2671506,2.659414149,402881.4286,1326165.97,5003734,3,5640340,705042.5,1740486.382,5003734,3,552074,110414.8,118494.7002,287614,261,0,0,0,0,192,124,1.595648489,1.06376566,0,1615,221.125,517.7605463000001,268075.9833,0,0,0,1,0,0,0,0,0,235.8666667,40.11111111,529.5,192,0,0,0,0,0,0,9,361,6,3177,8192,30016,3,20,636603.0,0.0,636603,636603,5003734.0,0.0,5003734,5003734,BENIGN
443,2251977,2,0,0,0,0,0,0.0,0.0,0,0,0.0,0.0,0.0,0.888108538,2251977.0,0.0,2251977,2251977,2251977,2251977.0,0.0,2251977,2251977,0,0.0,0.0,0,0,0,0,0,0,40,0,0.888108538,0.0,0,0,0.0,0.0,0.0,0,0,0,0,1,0,0,0,0,0.0,0.0,0.0,40,0,0,0,0,0,0,2,0,0,0,254,-1,0,20,0.0,0.0,0,0,0.0,0.0,0,0,BENIGN
443,15164,2,0,0,0,0,0,0.0,0.0,0,0,0.0,0.0,0.0,131.8913216,15164.0,0.0,15164,15164,15164,15164.0,0.0,15164,15164,0,0.0,0.0,0,0,0,0,0,0,40,0,131.8913216,0.0,0,0,0.0,0.0,0.0,0,0,0,0,1,0,0,0,0,0.0,0.0,0.0,40,0,0,0,0,0,0,2,0,0,0,253,-1,0,20,0.0,0.0,0,0,0.0,0.0,0,0,BENIGN
1335,194,2,0,0,0,0,0,0.0,0.0,0,0,0.0,0.0,0.0,10309.27835,194.0,0.0,194,194,194,194.0,0.0,194,194,0,0.0,0.0,0,0,0,0,0,0,40,0,10309.27835,0.0,0,0,0.0,0.0,0.0,0,0,0,0,1,0,0,0,0,0.0,0.0,0.0,40,0,0,0,0,0,0,2,0,0,0,4729,-1,0,20,0.0,0.0,0,0,0.0,0.0,0,0,BENIGN
80,70085,3,4,436,860,436,0,145.33333330000002,251.7247174,860,0,215.0,430.0,18491.83135,99.87871870000001,11680.83333,12574.10605,23408,3,46118,23059.0,251.73001409999998,23237,22881,46903,15634.333330000001,26596.78876,46344,3,0,0,0,0,72,92,42.80516516,57.07355354,0,860,162.0,320.65646949999996,102820.5714,0,0,0,1,0,0,0,0,1,185.1428571,145.33333330000002,215.0,72,0,0,0,0,0,0,3,436,4,860,8192,31,1,20,0.0,0.0,0,0,0.0,0.0,0,0,BENIGN
1333,3,2,0,31,0,31,0,15.5,21.92031022,0,0,0.0,0.0,10300000.0,666666.6667,3.0,0.0,3,3,3,3.0,0.0,3,3,0,0.0,0.0,0,0,1,0,0,0,40,0,666666.6667,0.0,0,31,20.66666667,17.89785834,320.3333333,0,1,0,0,1,0,0,0,0,31.0,15.5,0.0,40,0,0,0,0,0,0,2,31,0,0,110,-1,0,20,0.0,0.0,0,0,0.0,0.0,0,0,BENIGN
80,32154,2,0,0,0,0,0,0.0,0.0,0,0,0.0,0.0,0.0,62.20065933,32154.0,0.0,32154,32154,32154,32154.0,0.0,32154,32154,0,0.0,0.0,0,0,0,0,0,0,40,0,62.20065933,0.0,0,0,0.0,0.0,0.0,0,0,0,0,1,0,0,0,0,0.0,0.0,0.0,40,0,0,0,0,0,0,2,0,0,0,253,-1,0,20,0.0,0.0,0,0,0.0,0.0,0,0,BENIGN
80,95595,3,4,436,860,436,0,145.33333330000002,251.7247174,860,0,215.0,430.0,13557.19441,73.22558711,15932.5,19519.70447,48240,3,71895,35947.5,17384.22022,48240,23655,71996,23998.66667,41241.699360000006,71620,3,0,0,0,0,72,92,31.38239448,41.84319264,0,860,162.0,320.65646949999996,102820.5714,0,0,0,1,0,0,0,0,1,185.1428571,145.33333330000002,215.0,72,0,0,0,0,0,0,3,436,4,860,8192,31,1,20,0.0,0.0,0,0,0.0,0.0,0,0,BENIGN
1334,4,2,0,31,0,31,0,15.5,21.92031022,0,0,0.0,0.0,7750000.0,500000.0,4.0,0.0,4,4,4,4.0,0.0,4,4,0,0.0,0.0,0,0,1,0,0,0,40,0,500000.0,0.0,0,31,20.66666667,17.89785834,320.3333333,0,1,0,0,1,0,0,0,0,31.0,15.5,0.0,40,0,0,0,0,0,0,2,31,0,0,30016,-1,0,20,0.0,0.0,0,0,0.0,0.0,0,0,BENIGN
443,1100929,8,11,847,6107,437,0,105.875,162.790345,1460,0,555.1818182,666.3335228,6316.483624,17.25815198,61162.72222,155685.1291,639394,51,461535,65933.57143,94733.33196,280251,23627,1077353,107735.3,277317.0994,893924,147,0,0,0,0,172,228,7.266590307,9.991561672000001,0,1460,347.7,547.1348433999999,299356.5368,0,0,0,1,0,0,0,0,1,366.0,105.875,555.1818182,172,0,0,0,0,0,0,8,847,11,6107,8192,5227,3,20,0.0,0.0,0,0,0.0,0.0,0,0,BENIGN
80,117996,2,0,0,0,0,0,0.0,0.0,0,0,0.0,0.0,0.0,16.94972711,117996.0,0.0,117996,117996,117996,117996.0,0.0,117996,117996,0,0.0,0.0,0,0,0,0,0,0,40,0,16.94972711,0.0,0,0,0.0,0.0,0.0,0,0,0,0,1,0,0,0,0,0.0,0.0,0.0,40,0,0,0,0,0,0,2,0,0,0,253,-1,0,20,0.0,0.0,0,0,0.0,0.0,0,0,BENIGN
443,42313,3,0,53,0,53,0,17.66666667,30.59956427,0,0,0.0,0.0,1252.570132,70.90019616,21156.5,29851.92698,42265,48,42313,21156.5,29851.92698,42265,48,0,0.0,0.0,0,0,0,0,0,0,60,0,70.90019616,0.0,0,53,13.25,26.5,702.25,0,0,0,0,1,0,0,0,0,17.66666667,17.66666667,0.0,60,0,0,0,0,0,0,3,53,0,0,63520,-1,1,20,0.0,0.0,0,0,0.0,0.0,0,0,BENIGN
443,426974,10,8,520,5116,187,0,52.0,71.66589147,1860,0,639.5,790.2460738,13199.866970000001,42.15713369,25116.11765,44560.14079,174550,1,426974,47441.55556,53004.14497,174550,3,147172,21024.57143,35519.94525,80318,1,0,0,0,0,212,172,23.42062983,18.73650386,0,1860,296.63157889999997,579.4898341,335808.4678,0,0,0,1,0,0,0,0,0,313.1111111,52.0,639.5,212,0,0,0,0,0,0,10,520,8,5116,8192,343,5,20,0.0,0.0,0,0,0.0,0.0,0,0,BENIGN
443,2966383,7,9,755,4137,440,0,107.8571429,165.2093909,1816,0,459.66666669999995,700.2253208999999,1649.146452,5.393774168999999,197758.8667,451134.6964,1797649,108,1168207,194701.1667,132515.5305,430816,48318,2781640,347705.0,677438.8491,1997526,216,0,0,0,0,152,188,2.359776199,3.03399797,0,1816,287.76470589999997,539.7694565,291351.0662,0,0,0,1,0,0,0,0,1,305.75,107.8571429,459.66666669999995,152,0,0,0,0,0,0,7,755,9,4137,8192,33,3,20,0.0,0.0,0,0,0.0,0.0,0,0,BENIGN
443,7820,2,0,0,0,0,0,0.0,0.0,0,0,0.0,0.0,0.0,255.75447569999997,7820.0,0.0,7820,7820,7820,7820.0,0.0,7820,7820,0,0.0,0.0,0,0,0,0,0,0,40,0,255.75447569999997,0.0,0,0,0.0,0.0,0.0,0,0,0,0,1,0,0,0,0,0.0,0.0,0.0,40,0,0,0,0,0,0,2,0,0,0,253,-1,0,20,0.0,0.0,0,0,0.0,0.0,0,0,BENIGN
1464,52425,3,1,38,0,38,0,12.66666667,21.93931023,0,0,0.0,0.0,724.8450167000001,76.29947544,17475.0,30208.71404,52357,3,52425,26212.5,37065.83036,52422,3,0,0.0,0.0,0,0,0,0,0,0,60,20,57.22460658,19.07486886,0,38,7.6,16.99411663,288.8,0,0,0,0,1,0,0,0,0,9.5,12.66666667,0.0,60,0,0,0,0,0,0,3,38,1,0,351,0,1,20,0.0,0.0,0,0,0.0,0.0,0,0,BENIGN
80,60071,3,4,426,2266,426,0,142.0,245.95121469999998,2266,0,566.5,1133.0,44813.6372,116.5287743,10011.83333,14920.43587,29361,5,29876,14938.0,20308.10676,29298,578,30892,10297.33333,17118.19805,30058,5,0,0,0,0,72,92,49.94090326,66.58787102,0,2266,336.5,793.7590494,630053.4286,0,0,0,1,0,0,0,0,1,384.57142860000005,142.0,566.5,72,0,0,0,0,0,0,3,426,4,2266,8192,237,1,20,0.0,0.0,0,0,0.0,0.0,0,0,BENIGN
80,59525,3,4,426,2266,426,0,142.0,245.95121469999998,2266,0,566.5,1133.0,45224.695510000005,117.59764799999999,9920.833333,14773.56823,29095,4,29464,14732.0,20101.63158,28946,518,30644,10214.66667,16862.54575,29678,4,0,0,0,0,72,92,50.39899202,67.19865603,0,2266,336.5,793.7590494,630053.4286,0,0,0,1,0,0,0,0,1,384.57142860000005,142.0,566.5,72,0,0,0,0,0,0,3,426,4,2266,8192,237,1,20,0.0,0.0,0,0,0.0,0.0,0,0,BENIGN
80,53086,2,0,0,0,0,0,0.0,0.0,0,0,0.0,0.0,0.0,37.674716499999995,53086.0,0.0,53086,53086,53086,53086.0,0.0,53086,53086,0,0.0,0.0,0,0,0,0,0,0,40,0,37.674716499999995,0.0,0,0,0.0,0.0,0.0,0,0,0,0,1,0,0,0,0,0.0,0.0,0.0,40,0,0,0,0,0,0,2,0,0,0,256,-1,0,20,0.0,0.0,0,0,0.0,0.0,0,0,BENIGN
80,53730,2,0,0,0,0,0,0.0,0.0,0,0,0.0,0.0,0.0,37.2231528,53730.0,0.0,53730,53730,53730,53730.0,0.0,53730,53730,0,0.0,0.0,0,0,0,0,0,0,40,0,37.2231528,0.0,0,0,0.0,0.0,0.0,0,0,0,0,1,0,0,0,0,0.0,0.0,0.0,40,0,0,0,0,0,0,2,0,0,0,256,-1,0,20,0.0,0.0,0,0,0.0,0.0,0,0,BENIGN
80,130907,3,4,427,2267,427,0,142.33333330000002,246.52856490000002,2267,0,566.75,1133.5,20579.49537,53.47307631,21817.83333,28343.523269999998,72006,4,101098,50549.0,30344.780410000003,72006,29092,101919,33973.0,58236.04606,101217,4,0,0,0,0,72,92,22.9170327,30.5560436,0,2267,336.75,794.1224717,630630.5,0,0,0,1,0,0,0,0,1,384.85714289999993,142.33333330000002,566.75,72,0,0,0,0,0,0,3,427,4,2267,8192,237,1,20,0.0,0.0,0,0,0.0,0.0,0,0,BENIGN
80,131257,3,5,427,2267,427,0,142.33333330000002,246.52856490000002,1460,0,453.4,662.3804043,20524.61964,60.94913033,18751.0,27178.32153,72144,2,101231,50615.5,30445.89668,72144,29087,102205,25551.25,50449.5345,101223,2,0,0,0,0,72,112,22.85592387,38.09320646,0,1460,299.3333333,519.4677565000001,269846.75,0,0,0,1,0,0,0,0,1,336.75,142.33333330000002,453.4,72,0,0,0,0,0,0,3,427,5,2267,8192,237,1,20,0.0,0.0,0,0,0.0,0.0,0,0,BENIGN
80,39915,2,0,0,0,0,0,0.0,0.0,0,0,0.0,0.0,0.0,50.10647626,39915.0,0.0,39915,39915,39915,39915.0,0.0,39915,39915,0,0.0,0.0,0,0,0,0,0,0,40,0,50.10647626,0.0,0,0,0.0,0.0,0.0,0,0,0,0,1,0,0,0,0,0.0,0.0,0.0,40,0,0,0,0,0,0,2,0,0,0,256,-1,0,20,0.0,0.0,0,0,0.0,0.0,0,0,BENIGN
80,40289,2,0,0,0,0,0,0.0,0.0,0,0,0.0,0.0,0.0,49.64134131,40289.0,0.0,40289,40289,40289,40289.0,0.0,40289,40289,0,0.0,0.0,0,0,0,0,0,0,40,0,49.64134131,0.0,0,0,0.0,0.0,0.0,0,0,0,0,1,0,0,0,0,0.0,0.0,0.0,40,0,0,0,0,0,0,2,0,0,0,256,-1,0,20,0.0,0.0,0,0,0.0,0.0,0,0,BENIGN
80,100564,3,5,426,2266,426,0,142.0,245.95121469999998,1460,0,453.2,662.2470837999999,26769.02271,79.5513305,14366.28571,18023.04659,41312,48,70510,35255.0,8565.891547,41312,29198,71522,17880.5,35081.78897,70501,48,0,0,0,0,72,112,29.83174894,49.71958156,0,1460,299.1111111,519.3150403,269688.1111,0,0,0,1,0,0,0,0,1,336.5,142.0,453.2,72,0,0,0,0,0,0,3,426,5,2266,8192,237,1,20,0.0,0.0,0,0,0.0,0.0,0,0,BENIGN
80,128150,3,4,426,2266,426,0,142.0,245.95121469999998,2266,0,566.5,1133.0,21006.63285,54.6234881,21358.33333,27193.800860000003,68778,4,98016,49008.0,27959.00213,68778,29238,99066,33022.0,56461.229779999994,98216,4,0,0,0,0,72,92,23.41006633,31.21342177,0,2266,336.5,793.7590494,630053.4286,0,0,0,1,0,0,0,0,1,384.57142860000005,142.0,566.5,72,0,0,0,0,0,0,3,426,4,2266,8192,237,1,20,0.0,0.0,0,0,0.0,0.0,0,0,BENIGN
443,388654,11,6,563,5540,197,0,51.18181818,74.50881583,2920,0,923.3333332999998,1317.247079,15702.91313,43.74070510000001,24290.875,32168.55138,100267,1,388654,38865.4,33570.50468,100267,1,190944,38188.8,53940.66836,118963,3,0,0,0,0,232,132,28.30280918,15.43789592,0,2920,339.05555560000005,833.3504644999999,694472.9967,0,0,0,1,0,0,0,0,0,359.0,51.18181818,923.3333332999998,232,0,0,0,0,0,0,11,563,6,5540,8192,110,5,20,0.0,0.0,0,0,0.0,0.0,0,0,BENIGN
80,50022,2,0,0,0,0,0,0.0,0.0,0,0,0.0,0.0,0.0,39.98240774,50022.0,0.0,50022,50022,50022,50022.0,0.0,50022,50022,0,0.0,0.0,0,0,0,0,0,0,40,0,39.98240774,0.0,0,0,0.0,0.0,0.0,0,0,0,0,1,0,0,0,0,0.0,0.0,0.0,40,0,0,0,0,0,0,2,0,0,0,256,-1,0,20,0.0,0.0,0,0,0.0,0.0,0,0,BENIGN
80,77619,2,0,0,0,0,0,0.0,0.0,0,0,0.0,0.0,0.0,25.76688697,77619.0,0.0,77619,77619,77619,77619.0,0.0,77619,77619,0,0.0,0.0,0,0,0,0,0,0,40,0,25.76688697,0.0,0,0,0.0,0.0,0.0,0,0,0,0,1,0,0,0,0,0.0,0.0,0.0,40,0,0,0,0,0,0,2,0,0,0,256,-1,0,20,0.0,0.0,0,0,0.0,0.0,0,0,BENIGN
1474,46491,3,1,38,0,38,0,12.66666667,21.93931023,0,0,0.0,0.0,817.3625003,86.03815792,15497.0,26737.729069999998,46371,3,46491,23245.5,32869.85872,46488,3,0,0.0,0.0,0,0,0,0,0,0,60,20,64.52861844,21.50953948,0,38,7.6,16.99411663,288.8,0,0,0,0,1,0,0,0,0,9.5,12.66666667,0.0,60,0,0,0,0,0,0,3,38,1,0,114,0,1,20,0.0,0.0,0,0,0.0,0.0,0,0,BENIGN
443,5204310,10,11,696,5790,375,0,69.6,127.4032967,1460,0,526.3636364,605.1914198,1246.274722,4.035117047,260215.5,993792.4982,4472115,6,5204310,578256.6667,1463638.6830000002,4472351,3143,5153539,515353.9,1393898.085,4472141,48,0,0,0,0,236,232,1.9214843080000001,2.1136327390000003,0,1460,294.8181818,487.586245,237740.3463,0,0,0,1,0,0,0,0,1,308.85714289999993,69.6,526.3636364,236,0,0,0,0,0,0,10,696,11,5790,8192,114,3,20,0.0,0.0,0,0,0.0,0.0,0,0,BENIGN
443,5153920,10,10,738,5597,417,0,73.8,138.7746375,1460,0,559.7,629.9534463,1229.161493,3.880541413,271258.9474,995584.5719,4373899,30,5153920,572657.7778,1428228.45,4373984,16700,5102920,566991.1111,1505734.836,4574944,48,0,0,0,0,224,212,1.9402707069999998,1.9402707069999998,0,1460,301.6666667,501.04613889999996,251047.2333,0,0,0,1,0,0,0,0,1,316.75,73.8,559.7,224,0,0,0,0,0,0,10,738,10,5597,8192,114,3,20,0.0,0.0,0,0,0.0,0.0,0,0,BENIGN
80,2897319,4,5,436,859,436,0,109.0,218.0,859,0,171.8,384.1564785,446.9649355,3.106320015,362164.875,685228.522,1794931,4,2873493,957831.0,889787.4053,1794931,23365,2874005,718501.25,886063.7628,1818514,4,0,0,0,0,104,124,1.380586673,1.7257333419999998,0,859,129.5,290.645737,84474.94443999999,0,0,0,1,0,0,0,0,1,143.88888889999998,109.0,171.8,104,0,0,0,0,0,0,4,436,5,859,8192,31,1,20,0.0,0.0,0,0,0.0,0.0,0,0,BENIGN
80,798224,3,4,435,859,435,0,145.0,251.1473671,859,0,214.75,429.5,1621.098839,8.769468219,133037.3333,302926.881,750949,5,774463,387231.5,514374.2214,750949,23514,774790,258263.3333,446933.8262,774338,5,0,0,0,0,72,92,3.758343523,5.011124697,0,859,161.75,320.22347110000004,102543.0714,0,0,0,1,0,0,0,0,1,184.8571429,145.0,214.75,72,0,0,0,0,0,0,3,435,4,859,8192,31,1,20,0.0,0.0,0,0,0.0,0.0,0,0,BENIGN
80,798290,3,4,435,859,435,0,145.0,251.1473671,859,0,214.75,429.5,1620.964812,8.768743189,133048.3333,302893.718,750890,2,774466,387233.0,514288.6615,750890,23576,774794,258264.6667,446933.5398,774339,2,0,0,0,0,72,92,3.758032795,5.010710393,0,859,161.75,320.22347110000004,102543.0714,0,0,0,1,0,0,0,0,1,184.8571429,145.0,214.75,72,0,0,0,0,0,0,3,435,4,859,8192,31,1,20,0.0,0.0,0,0,0.0,0.0,0,0,BENIGN
80,45727,2,0,0,0,0,0,0.0,0.0,0,0,0.0,0.0,0.0,43.73783541,45727.0,0.0,45727,45727,45727,45727.0,0.0,45727,45727,0,0.0,0.0,0,0,0,0,0,0,40,0,43.73783541,0.0,0,0,0.0,0.0,0.0,0,0,0,0,1,0,0,0,0,0.0,0.0,0.0,40,0,0,0,0,0,0,2,0,0,0,253,-1,0,20,0.0,0.0,0,0,0.0,0.0,0,0,BENIGN
80,45335,2,0,0,0,0,0,0.0,0.0,0,0,0.0,0.0,0.0,44.11602515,45335.0,0.0,45335,45335,45335,45335.0,0.0,45335,45335,0,0.0,0.0,0,0,0,0,0,0,40,0,44.11602515,0.0,0,0,0.0,0.0,0.0,0,0,0,0,1,0,0,0,0,0.0,0.0,0.0,40,0,0,0,0,0,0,2,0,0,0,253,-1,0,20,0.0,0.0,0,0,0.0,0.0,0,0,BENIGN
80,45335,2,0,0,0,0,0,0.0,0.0,0,0,0.0,0.0,0.0,44.11602515,45335.0,0.0,45335,45335,45335,45335.0,0.0,45335,45335,0,0.0,0.0,0,0,0,0,0,0,40,0,44.11602515,0.0,0,0,0.0,0.0,0.0,0,0,0,0,1,0,0,0,0,0.0,0.0,0.0,40,0,0,0,0,0,0,2,0,0,0,253,-1,0,20,0.0,0.0,0,0,0.0,0.0,0,0,BENIGN
80,94575,4,4,436,859,436,0,109.0,218.0,859,0,214.75,429.5,13692.836369999999,84.58895057,13510.71429,18520.29733,47394,0,94570,31523.33333,13745.04399,47394,23455,71211,23737.0,40757.383180000004,70799,5,0,0,0,0,92,92,42.29447528,42.29447528,0,859,143.88888889999998,304.4751404,92705.11111,0,0,0,1,0,0,0,0,1,161.875,109.0,214.75,92,0,0,0,0,0,0,4,436,4,859,8192,31,1,20,0.0,0.0,0,0,0.0,0.0,0,0,BENIGN
443,15382994,8,9,981,1046,517,0,122.625,213.5883474,439,0,116.2222222,188.2828841,131.7688871,1.105116468,961437.125,2645070.02,9753027,3,10400000,1482857.571,3648001.0560000003,9753027,11207,15300000,1916469.625,3612944.345,9804121,3,0,0,0,0,184,204,0.520054809,0.58506166,0,517,112.6111111,190.43978169999997,36267.31046,0,0,0,1,0,0,0,0,1,119.23529409999999,122.625,116.2222222,184,0,0,0,0,0,0,8,981,9,1046,8192,40,4,20,626976.0,0.0,626976,626976,9753027.0,0.0,9753027,9753027,BENIGN
443,22145,2,0,0,0,0,0,0.0,0.0,0,0,0.0,0.0,0.0,90.31384059999999,22145.0,0.0,22145,22145,22145,22145.0,0.0,22145,22145,0,0.0,0.0,0,0,0,0,0,0,40,0,90.31384059999999,0.0,0,0,0.0,0.0,0.0,0,0,0,0,1,0,0,0,0,0.0,0.0,0.0,40,0,0,0,0,0,0,2,0,0,0,254,-1,0,20,0.0,0.0,0,0,0.0,0.0,0,0,BENIGN
80,583884,3,4,426,2266,426,0,142.0,245.95121469999998,2266,0,566.5,1133.0,4610.504825999999,11.98868268,97314.0,209939.9836,524885,5,553991,276995.5,350568.6929,524885,29106,554947,184982.3333,319788.4407,554242,5,0,0,0,0,72,92,5.138006863999999,6.850675819,0,2266,336.5,793.7590494,630053.4286,0,0,0,1,0,0,0,0,1,384.57142860000005,142.0,566.5,72,0,0,0,0,0,0,3,426,4,2266,8192,237,1,20,0.0,0.0,0,0,0.0,0.0,0,0,BENIGN
80,584039,3,4,426,2266,426,0,142.0,245.95121469999998,2266,0,566.5,1133.0,4609.28123,11.98550097,97339.83333,209576.4602,524147,4,553744,276872.0,349699.6586,524147,29597,554546,184848.6667,319341.4444,553592,4,0,0,0,0,72,92,5.136643272,6.8488576960000005,0,2266,336.5,793.7590494,630053.4286,0,0,0,1,0,0,0,0,1,384.57142860000005,142.0,566.5,72,0,0,0,0,0,0,3,426,4,2266,8192,237,1,20,0.0,0.0,0,0,0.0,0.0,0,0,BENIGN
80,50553,2,0,0,0,0,0,0.0,0.0,0,0,0.0,0.0,0.0,39.56243942,50553.0,0.0,50553,50553,50553,50553.0,0.0,50553,50553,0,0.0,0.0,0,0,0,0,0,0,40,0,39.56243942,0.0,0,0,0.0,0.0,0.0,0,0,0,0,1,0,0,0,0,0.0,0.0,0.0,40,0,0,0,0,0,0,2,0,0,0,256,-1,0,20,0.0,0.0,0,0,0.0,0.0,0,0,BENIGN
80,50850,2,0,0,0,0,0,0.0,0.0,0,0,0.0,0.0,0.0,39.33136676,50850.0,0.0,50850,50850,50850,50850.0,0.0,50850,50850,0,0.0,0.0,0,0,0,0,0,0,40,0,39.33136676,0.0,0,0,0.0,0.0,0.0,0,0,0,0,1,0,0,0,0,0.0,0.0,0.0,40,0,0,0,0,0,0,2,0,0,0,256,-1,0,20,0.0,0.0,0,0,0.0,0.0,0,0,BENIGN
80,584946,3,4,427,2267,427,0,142.33333330000002,246.52856490000002,2267,0,566.75,1133.5,4605.553333,11.9669166,97491.0,210369.5774,525932,4,555081,277540.5,351278.6281,525932,29149,555816,185272.0,320289.2934,555110,4,0,0,0,0,72,92,5.128678545,6.83823806,0,2267,336.75,794.1224717,630630.5,0,0,0,1,0,0,0,0,1,384.85714289999993,142.33333330000002,566.75,72,0,0,0,0,0,0,3,427,4,2267,8192,237,1,20,0.0,0.0,0,0,0.0,0.0,0,0,BENIGN
443,5556410,8,8,422,6880,187,0,52.75,83.35937688,2920,0,860.0,1056.250106,1314.157883,2.8795571239999997,370427.3333,1306206.666,5087571,3,5556410,793772.8571,1894894.6130000001,5087571,3,247569,35367.0,59778.97415,137772,50,0,0,0,0,172,172,1.4397785619999999,1.4397785619999999,0,2920,429.5294118,816.2769228,666308.0147,0,0,0,1,0,0,0,0,1,456.375,52.75,860.0,172,0,0,0,0,0,0,8,422,8,6880,8192,1025,3,20,468836.0,0.0,468836,468836,5087571.0,0.0,5087571,5087571,BENIGN
443,5608806,8,6,378,3536,189,0,47.25,79.08900953,1460,0,589.3333332999999,707.2684545,697.8312318,2.496074922,431446.6154,1427649.638,5179706,3,5608806,801258.0,1932260.9330000002,5179706,3,191846,38369.2,51155.09915,97584,48,0,0,0,0,172,132,1.426328527,1.069746395,0,1460,260.9333333,508.8768398,258955.6381,0,0,0,1,0,0,0,0,0,279.57142860000005,47.25,589.3333332999999,172,0,0,0,0,0,0,8,378,6,3536,8192,22,3,20,429097.0,0.0,429097,429097,5179706.0,0.0,5179706,5179706,BENIGN
443,5303674,8,7,355,4807,198,0,44.375,75.86442324,1460,0,686.7142857000001,661.2696662000001,973.2875739,2.82822813,378833.8571,1297016.775,4879896,1,5303674,757667.7143,1819841.3380000002,4879896,1,171192,28532.0,50630.397789999995,125476,48,0,0,0,0,172,152,1.5083883359999999,1.319839794,0,1460,322.625,536.3675201,287690.1167,0,0,0,1,0,0,0,0,0,344.1333333,44.375,686.7142857000001,172,0,0,0,0,0,0,8,355,7,4807,8192,946,3,20,0.0,0.0,0,0,0.0,0.0,0,0,BENIGN
443,5956440,8,6,586,2756,342,0,73.25,127.23965020000001,1380,0,459.33333330000005,683.5020605000001,561.0733928,2.350397217,458187.6923,1583407.523,5726944,3,5956440,850920.0,2150464.242,5726944,3,206453,41290.6,62780.16477,143455,209,0,0,0,0,172,128,1.343084124,1.007313093,0,1380,222.8,463.9469181,215246.7429,0,0,0,1,0,0,0,0,0,238.71428569999998,73.25,459.33333330000005,172,0,0,0,0,0,0,8,586,6,2756,8192,4673,3,20,229493.0,0.0,229493,229493,5726944.0,0.0,5726944,5726944,BENIGN
1348,3,2,0,0,0,0,0,0.0,0.0,0,0,0.0,0.0,0.0,666666.6667,3.0,0.0,3,3,3,3.0,0.0,3,3,0,0.0,0.0,0,0,0,0,0,0,40,0,666666.6667,0.0,0,0,0.0,0.0,0.0,0,0,0,0,1,0,0,0,0,0.0,0.0,0.0,40,0,0,0,0,0,0,2,0,0,0,4726,-1,0,20,0.0,0.0,0,0,0.0,0.0,0,0,BENIGN
1361,3,2,0,31,0,31,0,15.5,21.92031022,0,0,0.0,0.0,10300000.0,666666.6667,3.0,0.0,3,3,3,3.0,0.0,3,3,0,0.0,0.0,0,0,1,0,0,0,40,0,666666.6667,0.0,0,31,20.66666667,17.89785834,320.3333333,0,1,0,0,1,0,0,0,0,31.0,15.5,0.0,40,0,0,0,0,0,0,2,31,0,0,946,-1,0,20,0.0,0.0,0,0,0.0,0.0,0,0,BENIGN
80,37903,2,0,0,0,0,0,0.0,0.0,0,0,0.0,0.0,0.0,52.7662718,37903.0,0.0,37903,37903,37903,37903.0,0.0,37903,37903,0,0.0,0.0,0,0,0,0,0,0,40,0,52.7662718,0.0,0,0,0.0,0.0,0.0,0,0,0,0,1,0,0,0,0,0.0,0.0,0.0,40,0,0,0,0,0,0,2,0,0,0,256,-1,0,20,0.0,0.0,0,0,0.0,0.0,0,0,BENIGN
443,423434,6,7,319,5266,193,0,53.16666667,85.04684983,1336,0,752.2857142999999,689.5169116000001,13189.77692,30.70136078,35286.16667,36396.03386,86143,46,423434,84686.8,37022.43722,140141,38475,291354,48559.0,69770.9294,150829,46,0,0,0,0,132,152,14.16985882,16.53150196,0,1336,398.92857139999995,597.3819116000001,356865.1484,0,0,0,1,0,0,0,0,1,429.61538459999997,53.16666667,752.2857142999999,132,0,0,0,0,0,0,6,319,7,5266,8192,4220,2,20,0.0,0.0,0,0,0.0,0.0,0,0,BENIGN
135,10295955,11,6,656,560,168,0,59.63636364,82.78076193,172,0,93.33333333,77.75517132,118.10463429999999,1.651133868,643497.1875,2515542.325,10100000,1,10300000,1029595.5,3178821.547,10100000,1,677,135.4,145.4279891,336,1,0,0,0,0,244,144,1.0683807379999999,0.58275313,0,172,67.55555556,79.70402767,6352.732026,0,0,0,1,0,0,0,0,0,71.52941176,59.63636364,93.33333333,244,0,0,0,0,0,0,11,656,6,560,8192,2052,4,20,0.0,0.0,0,0,0.0,0.0,0,0,BENIGN
49666,10294893,13,8,1434,1792,296,0,110.3076923,127.3881108,424,0,224.0,180.3108427,313.35925489999994,2.039846359,514744.65,2250618.764,10100000,1,10300000,857907.75,2903097.1139999996,10100000,1,13983,1997.5714289999999,4919.705508,13146,4,0,0,0,0,284,184,1.262762032,0.7770843270000001,0,424,146.63636359999998,155.6640294,24231.29004,0,0,0,1,0,0,0,0,0,153.61904760000002,110.3076923,224.0,284,0,0,0,0,0,0,13,1434,8,1792,8192,2051,6,20,0.0,0.0,0,0,0.0,0.0,0,0,BENIGN
135,65,1,3,0,0,0,0,0.0,0.0,0,0,0.0,0.0,0.0,61538.46154,21.66666667,35.79571669,63,1,0,0.0,0.0,0,0,2,1.0,0.0,1,1,0,0,0,0,20,60,15384.615380000001,46153.84615,0,0,0.0,0.0,0.0,0,0,0,0,1,1,0,0,3,0.0,0.0,0.0,20,0,0,0,0,0,0,1,0,3,0,255,2052,0,20,0.0,0.0,0,0,0.0,0.0,0,0,BENIGN
49666,36,1,1,0,0,0,0,0.0,0.0,0,0,0.0,0.0,0.0,55555.55556,36.0,0.0,36,36,0,0.0,0.0,0,0,0,0.0,0.0,0,0,0,0,0,0,20,20,27777.77778,27777.77778,0,0,0.0,0.0,0.0,0,0,0,0,1,1,0,0,1,0.0,0.0,0.0,20,0,0,0,0,0,0,1,0,1,0,253,2051,0,20,0.0,0.0,0,0,0.0,0.0,0,0,BENIGN
80,218278,3,4,427,2267,427,0,142.33333330000002,246.52856490000002,2267,0,566.75,1133.5,12342.05921,32.06919616,36379.66667,61407.25057999999,158332,5,187790,93895.0,91127.67932000001,158332,29458,188878,62959.333329999994,108050.0215,187723,5,0,0,0,0,72,92,13.74394121,18.32525495,0,2267,336.75,794.1224717,630630.5,0,0,0,1,0,0,0,0,1,384.85714289999993,142.33333330000002,566.75,72,0,0,0,0,0,0,3,427,4,2267,8192,237,1,20,0.0,0.0,0,0,0.0,0.0,0,0,BENIGN
443,1056765,6,9,321,5738,195,0,53.5,85.70589245,2271,0,637.5555555999999,858.5187986999999,5733.535838000001,14.19426268,75483.21429,188565.0049,696150,3,360612,72122.4,105946.8209,259786,659,1028338,128542.25,242452.2609,696211,3,0,0,0,0,144,192,5.677705072,8.516557607000001,0,2271,378.6875,698.2914118,487610.8958,0,0,0,1,0,0,0,0,1,403.9333333,53.5,637.5555555999999,144,0,0,0,0,0,0,6,321,9,5738,8192,60,2,20,0.0,0.0,0,0,0.0,0.0,0,0,BENIGN
443,6386,2,0,0,0,0,0,0.0,0.0,0,0,0.0,0.0,0.0,313.1850924,6386.0,0.0,6386,6386,6386,6386.0,0.0,6386,6386,0,0.0,0.0,0,0,0,0,0,0,40,0,313.1850924,0.0,0,0,0.0,0.0,0.0,0,0,0,0,1,0,0,0,0,0.0,0.0,0.0,40,0,0,0,0,0,0,2,0,0,0,255,-1,0,20,0.0,0.0,0,0,0.0,0.0,0,0,BENIGN
123,66094298,2,2,96,96,48,48,48.0,0.0,48,48,48.0,0.0,2.904940453,0.060519592999999997,22000000.0,38000000.0,65900000,93971,66000000,66000000.0,0.0,66000000,66000000,66000000,66000000.0,0.0,66000000,66000000,0,0,0,0,40,52,0.030259796000000002,0.030259796000000002,48,48,48.0,0.0,0.0,0,0,0,0,0,0,0,0,1,60.0,48.0,48.0,40,0,0,0,0,0,0,2,96,2,96,-1,-1,1,20,93971.0,0.0,93971,93971,65900000.0,0.0,65900000,65900000,BENIGN
80,49296,2,0,0,0,0,0,0.0,0.0,0,0,0.0,0.0,0.0,40.571243100000004,49296.0,0.0,49296,49296,49296,49296.0,0.0,49296,49296,0,0.0,0.0,0,0,0,0,0,0,40,0,40.571243100000004,0.0,0,0,0.0,0.0,0.0,0,0,0,0,1,0,0,0,0,0.0,0.0,0.0,40,0,0,0,0,0,0,2,0,0,0,256,-1,0,20,0.0,0.0,0,0,0.0,0.0,0,0,BENIGN
443,5477875,8,10,800,4694,481,0,100.0,170.9160195,1460,0,469.4,572.3901544,1002.9436599999999,3.2859457360000004,322227.9412,1143475.557,4749454,4,728417,104059.5714,124372.8586,290870,10090,5437917,604213.0,1650050.795,4999680,4,0,0,0,0,184,212,1.4604203269999998,1.8255254090000002,0,1460,289.1578947,462.35451320000004,213771.6959,0,0,0,1,0,0,0,0,1,305.22222220000003,100.0,469.4,184,0,0,0,0,0,0,8,800,10,4694,8192,62,3,20,0.0,0.0,0,0,0.0,0.0,0,0,BENIGN
443,2282,2,0,0,0,0,0,0.0,0.0,0,0,0.0,0.0,0.0,876.4241893,2282.0,0.0,2282,2282,2282,2282.0,0.0,2282,2282,0,0.0,0.0,0,0,0,0,0,0,40,0,876.4241893,0.0,0,0,0.0,0.0,0.0,0,0,0,0,1,0,0,0,0,0.0,0.0,0.0,40,0,0,0,0,0,0,2,0,0,0,252,-1,0,20,0.0,0.0,0,0,0.0,0.0,0,0,BENIGN
53,48796,1,1,101,165,101,101,101.0,0.0,165,165,165.0,0.0,5451.266497,40.98696614,48796.0,0.0,48796,48796,0,0.0,0.0,0,0,0,0.0,0.0,0,0,0,0,0,0,32,32,20.49348307,20.49348307,101,165,122.33333329999999,36.95041723,1365.333333,0,0,0,0,0,0,0,0,1,183.5,101.0,165.0,32,0,0,0,0,0,0,1,101,1,165,-1,-1,0,32,0.0,0.0,0,0,0.0,0.0,0,0,BENIGN
80,86025,3,5,425,2265,425,0,141.66666669999998,245.37386439999997,1460,0,453.0,662.1140385,31269.97966,92.99622203,12289.28571,15116.386540000001,29620,1,55746,27873.0,2054.8523059999998,29326,26420,56828,14207.0,27976.0348,56169,1,0,0,0,0,72,112,34.87358326,58.12263877,0,1460,298.8888889,519.1626537999999,269529.8611,0,0,0,1,0,0,0,0,1,336.25,141.66666669999998,453.0,72,0,0,0,0,0,0,3,425,5,2265,8192,237,1,20,0.0,0.0,0,0,0.0,0.0,0,0,BENIGN
80,86356,4,4,425,2265,425,0,106.25,212.5,2265,0,566.25,1132.5,31150.12275,92.63977025,12336.57143,15084.69684,29720,4,86176,28725.33333,2369.073307,30657,26082,56923,18974.33333,31898.56505,55806,259,0,0,0,0,92,92,46.31988513,46.31988513,0,2265,298.8888889,750.569691,563354.8611,0,0,0,1,0,0,0,0,1,336.25,106.25,566.25,92,0,0,0,0,0,0,4,425,4,2265,8192,237,1,20,0.0,0.0,0,0,0.0,0.0,0,0,BENIGN
80,46473,2,0,0,0,0,0,0.0,0.0,0,0,0.0,0.0,0.0,43.03574118,46473.0,0.0,46473,46473,46473,46473.0,0.0,46473,46473,0,0.0,0.0,0,0,0,0,0,0,40,0,43.03574118,0.0,0,0,0.0,0.0,0.0,0,0,0,0,1,0,0,0,0,0.0,0.0,0.0,40,0,0,0,0,0,0,2,0,0,0,256,-1,0,20,0.0,0.0,0,0,0.0,0.0,0,0,BENIGN
80,45982,2,0,0,0,0,0,0.0,0.0,0,0,0.0,0.0,0.0,43.49528076,45982.0,0.0,45982,45982,45982,45982.0,0.0,45982,45982,0,0.0,0.0,0,0,0,0,0,0,40,0,43.49528076,0.0,0,0,0.0,0.0,0.0,0,0,0,0,1,0,0,0,0,0.0,0.0,0.0,40,0,0,0,0,0,0,2,0,0,0,256,-1,0,20,0.0,0.0,0,0,0.0,0.0,0,0,BENIGN
443,380211,10,8,526,5545,193,0,52.6,72.93558802,2282,0,693.125,890.5753257000001,15967.44965,47.34213371,22365.35294,35968.55245,132921,1,380211,42245.66667,40970.914939999995,132921,3,149485,21355.0,36249.47352,84683,1,0,0,0,0,212,172,26.30118539,21.04094832,0,2282,319.5263158,646.8276748,418386.0409,0,0,0,1,0,0,0,0,0,337.27777779999997,52.6,693.125,212,0,0,0,0,0,0,10,526,8,5545,8192,343,5,20,0.0,0.0,0,0,0.0,0.0,0,0,BENIGN
1507,44680,3,1,38,0,38,0,12.66666667,21.93931023,0,0,0.0,0.0,850.4923902999999,89.52551477,14893.333330000001,25693.88006,44562,3,44680,22340.0,31589.28834,44677,3,0,0.0,0.0,0,0,0,0,0,0,60,20,67.14413608,22.38137869,0,38,7.6,16.99411663,288.8,0,0,0,0,1,0,0,0,0,9.5,12.66666667,0.0,60,0,0,0,0,0,0,3,38,1,0,351,0,1,20,0.0,0.0,0,0,0.0,0.0,0,0,BENIGN
80,253957,3,4,427,2267,427,0,142.33333330000002,246.52856490000002,2267,0,566.75,1133.5,10608.09507,27.56372142,42326.16667,76011.25843,194793,5,223932,111966.0,117135.0667,194793,29139,224942,74980.66667,129127.1062,224083,5,0,0,0,0,72,92,11.81302346,15.75069795,0,2267,336.75,794.1224717,630630.5,0,0,0,1,0,0,0,0,1,384.85714289999993,142.33333330000002,566.75,72,0,0,0,0,0,0,3,427,4,2267,8192,237,1,20,0.0,0.0,0,0,0.0,0.0,0,0,BENIGN
80,34412,2,0,0,0,0,0,0.0,0.0,0,0,0.0,0.0,0.0,58.11926072,34412.0,0.0,34412,34412,34412,34412.0,0.0,34412,34412,0,0.0,0.0,0,0,0,0,0,0,40,0,58.11926072,0.0,0,0,0.0,0.0,0.0,0,0,0,0,1,0,0,0,0,0.0,0.0,0.0,40,0,0,0,0,0,0,2,0,0,0,256,-1,0,20,0.0,0.0,0,0,0.0,0.0,0,0,BENIGN
80,346895,3,5,427,2267,427,0,142.33333330000002,246.52856490000002,1460,0,453.4,662.3804043,7766.038715000001,23.06173338,49556.42857,105988.41699999999,287945,1,317141,158570.5,182963.1725,287945,29196,317857,79464.25,158368.2478,317016,1,0,0,0,0,72,104,8.648150017,14.41358336,0,1460,299.3333333,519.4677565000001,269846.75,0,0,0,1,0,0,0,0,1,336.75,142.33333330000002,453.4,72,0,0,0,0,0,0,3,427,5,2267,8192,30016,1,20,0.0,0.0,0,0,0.0,0.0,0,0,BENIGN
80,24766,2,0,0,0,0,0,0.0,0.0,0,0,0.0,0.0,0.0,80.75587499,24766.0,0.0,24766,24766,24766,24766.0,0.0,24766,24766,0,0.0,0.0,0,0,0,0,0,0,40,0,80.75587499,0.0,0,0,0.0,0.0,0.0,0,0,0,0,1,0,0,0,0,0.0,0.0,0.0,40,0,0,0,0,0,0,2,0,0,0,64240,-1,0,20,0.0,0.0,0,0,0.0,0.0,0,0,BENIGN
80,79115,3,4,435,859,435,0,145.0,251.1473671,859,0,214.75,429.5,16355.93756,88.47879669,13185.83333,14619.88875,32280,4,55445,27722.5,6445.278311,32280,23165,56002,18667.33333,31873.982999999997,55471,4,0,0,0,0,72,92,37.9194843,50.55931239,0,859,161.75,320.22347110000004,102543.0714,0,0,0,1,0,0,0,0,1,184.8571429,145.0,214.75,72,0,0,0,0,0,0,3,435,4,859,8192,31,1,20,0.0,0.0,0,0,0.0,0.0,0,0,BENIGN
80,142463,3,4,435,859,435,0,145.0,251.1473671,859,0,214.75,429.5,9083.060163,49.13556502,23743.83333,36920.05058,95491,1,118806,59403.0,51036.139039999995,95491,23315,119151,39717.0,68351.52507999999,118642,1,0,0,0,0,72,92,21.058099300000002,28.07746573,0,859,161.75,320.22347110000004,102543.0714,0,0,0,1,0,0,0,0,1,184.8571429,145.0,214.75,72,0,0,0,0,0,0,3,435,4,859,8192,31,1,20,0.0,0.0,0,0,0.0,0.0,0,0,BENIGN
80,143783,3,4,435,859,435,0,145.0,251.1473671,859,0,214.75,429.5,8999.673119,48.68447591,23963.83333,37342.74282,96551,3,119976,59988.0,51707.89048,96551,23425,120454,40151.33333,69265.46935,120132,3,0,0,0,0,72,92,20.86477539,27.81970052,0,859,161.75,320.22347110000004,102543.0714,0,0,0,1,0,0,0,0,1,184.8571429,145.0,214.75,72,0,0,0,0,0,0,3,435,4,859,8192,31,1,20,0.0,0.0,0,0,0.0,0.0,0,0,BENIGN
80,89946,2,0,0,0,0,0,0.0,0.0,0,0,0.0,0.0,0.0,22.23556356,89946.0,0.0,89946,89946,89946,89946.0,0.0,89946,89946,0,0.0,0.0,0,0,0,0,0,0,40,0,22.23556356,0.0,0,0,0.0,0.0,0.0,0,0,0,0,1,0,0,0,0,0.0,0.0,0.0,40,0,0,0,0,0,0,2,0,0,0,253,-1,0,20,0.0,0.0,0,0,0.0,0.0,0,0,BENIGN
443,5343552,8,6,596,2794,342,0,74.5,128.6034881,1400,0,465.66666669999995,665.9899899000001,634.4094715,2.619980118,411042.4615,1382452.3180000002,5010476,11,5343552,763364.5714,1873574.448,5010476,46,298050,59610.0,57941.68477000001,132320,210,0,0,0,0,184,128,1.497131496,1.122848622,0,1400,226.0,456.13437869999996,208058.5714,0,0,0,1,0,0,0,0,0,242.1428571,74.5,465.66666669999995,184,0,0,0,0,0,0,8,596,6,2794,8192,11256,3,20,333030.0,0.0,333030,333030,5010476.0,0.0,5010476,5010476,BENIGN
443,5378336,8,6,586,4026,342,0,73.25,127.23965020000001,1460,0,671.0,725.3054529,857.5142944,2.603035586,413718.1538,1375817.531,4986684,4,5378336,768333.7143,1862845.689,4986684,4,105248,21049.6,28161.464069999998,60417,49,0,0,0,0,172,128,1.487448906,1.11558668,0,1460,307.46666669999996,539.1795178,290714.5524,0,0,0,1,0,0,0,0,0,329.42857139999995,73.25,671.0,172,0,0,0,0,0,0,8,586,6,4026,8192,4913,3,20,0.0,0.0,0,0,0.0,0.0,0,0,BENIGN
443,5248828,8,7,461,3690,214,0,57.625,92.33160347,1380,0,527.1428571,658.3176611,790.843213,2.857780823,374916.2857,1217703.889,4598786,4,5248828,749832.5714,1700825.5219999999,4598786,4,309256,51542.66667,79060.85422000001,175404,49,0,0,0,0,172,148,1.524149772,1.333631051,0,1380,259.4375,486.8104311000001,236984.3958,0,0,0,1,0,0,0,0,0,276.7333333,57.625,527.1428571,172,0,0,0,0,0,0,8,461,7,3690,8192,4548,3,20,0.0,0.0,0,0,0.0,0.0,0,0,BENIGN
443,5465296,9,7,587,4490,342,0,65.22222222,121.63035990000002,1460,0,641.4285714,766.1196289,928.95243,2.927563301,364353.0667,1307867.235,5087066,1,5465296,683162.0,1781875.179,5087066,3,102815,17135.83333,25774.22924,57923,1,0,0,0,0,192,144,1.6467543569999998,1.2808089440000001,0,1460,298.6470588,561.3630667,315128.4926,0,0,0,1,0,0,0,0,0,317.3125,65.22222222,641.4285714,192,0,0,0,0,0,0,9,587,7,4490,8192,34962,3,20,378227.0,0.0,378227,378227,5087066.0,0.0,5087066,5087066,BENIGN
443,5550019,8,7,351,5299,194,0,43.875,74.71170782,1460,0,757.0,702.9151205000001,1018.014533,2.70269345,396429.9286,1338356.998,5042199,3,5550019,792859.8571,1876142.7880000002,5042199,3,226660,37776.66667,58170.06742000001,124608,50,0,0,0,0,172,152,1.441436507,1.261256943,0,1460,353.125,579.3788484,335679.85,0,0,0,1,0,0,0,0,0,376.6666667,43.875,757.0,172,0,0,0,0,0,0,8,351,7,5299,8192,110,3,20,507817.0,0.0,507817,507817,5042199.0,0.0,5042199,5042199,BENIGN
443,5550000,9,6,354,3125,197,0,39.33333333,72.21668782,1563,0,520.8333333,768.3966207000001,626.8468468,2.702702703,396428.5714,1356594.063,5105772,4,5550000,693750.0,1784726.4009999998,5105772,4,393829,78765.8,102246.5475,249972,220,0,0,0,0,204,132,1.621621622,1.081081081,0,1563,217.4375,508.52413499999994,258596.7958,0,0,0,1,0,0,0,0,0,231.93333330000002,39.33333333,520.8333333,204,0,0,0,0,0,0,9,354,6,3125,8192,110,3,20,444224.0,0.0,444224,444224,5105772.0,0.0,5105772,5105772,BENIGN
80,5702624,3,1,0,0,0,0,0.0,0.0,0,0,0.0,0.0,0.0,0.701431481,1900874.667,3272294.124,5679371,97,5702624,2851312.0,3999479.393,5679371,23253,0,0.0,0.0,0,0,0,0,0,0,72,32,0.526073611,0.17535787,0,0,0.0,0.0,0.0,0,0,0,1,0,0,0,0,0,0.0,0.0,0.0,72,0,0,0,0,0,0,3,0,1,0,8192,29200,0,20,0.0,0.0,0,0,0.0,0.0,0,0,BENIGN
80,5700412,3,1,0,0,0,0,0.0,0.0,0,0,0.0,0.0,0.0,0.7017036659999999,1900137.333,3270847.0110000004,5676962,31,5700412,2850206.0,3997636.673,5676962,23450,0,0.0,0.0,0,0,0,0,0,0,72,32,0.52627775,0.175425917,0,0,0.0,0.0,0.0,0,0,0,1,0,0,0,0,0,0.0,0.0,0.0,72,0,0,0,0,0,0,3,0,1,0,8192,29200,0,20,0.0,0.0,0,0,0.0,0.0,0,0,BENIGN
443,5970205,8,8,455,5040,214,0,56.875,91.08149804,1460,0,630.0,713.8877463,920.4039057,2.679974976,398013.6667,1397035.6,5441523,4,5970205,852886.4286,2025916.729,5441523,4,232375,33196.42857,54601.995,149570,47,0,0,0,0,172,168,1.339987488,1.339987488,0,1460,323.23529410000003,561.828547,315651.3162,0,0,0,1,0,0,0,0,1,343.4375,56.875,630.0,172,0,0,0,0,0,0,8,455,8,5040,8192,4782,3,20,528678.0,0.0,528678,528678,5441523.0,0.0,5441523,5441523,BENIGN
443,6092788,8,8,346,4533,189,0,43.25,73.28369532,1460,0,566.625,675.6046895,800.7828272,2.6260555919999997,406185.8667,1447923.626,5637603,1,6092788,870398.2857,2103079.4680000003,5637603,48,404432,57776.0,73659.90268,155582,1,0,0,0,0,184,172,1.3130277959999999,1.3130277959999999,0,1460,287.0,525.3503593,275993.0,0,0,0,1,0,0,0,0,1,304.9375,43.25,566.625,184,0,0,0,0,0,0,8,346,8,4533,8192,75,3,20,455137.0,0.0,455137,455137,5637603.0,0.0,5637603,5637603,BENIGN
443,5703291,8,6,356,3088,199,0,44.5,76.15397935,1526,0,514.6666667,758.4441091,603.8618755,2.454723071,438714.6923,1421854.476,5164982,3,5703291,814755.8571,1921004.8080000002,5164982,3,487634,97526.8,109983.9662,250339,223,0,0,0,0,184,132,1.4026988980000001,1.052024173,0,1526,229.6,516.2483898,266512.4,0,0,0,1,0,0,0,0,0,246.0,44.5,514.6666667,184,0,0,0,0,0,0,8,356,6,3088,8192,119,3,20,538306.0,0.0,538306,538306,5164982.0,0.0,5164982,5164982,BENIGN
1386,5,2,0,0,0,0,0,0.0,0.0,0,0,0.0,0.0,0.0,400000.0,5.0,0.0,5,5,5,5.0,0.0,5,5,0,0.0,0.0,0,0,0,0,0,0,40,0,400000.0,0.0,0,0,0.0,0.0,0.0,0,0,0,0,1,0,0,0,0,0.0,0.0,0.0,40,0,0,0,0,0,0,2,0,0,0,4966,-1,0,20,0.0,0.0,0,0,0.0,0.0,0,0,BENIGN
1365,3,2,0,0,0,0,0,0.0,0.0,0,0,0.0,0.0,0.0,666666.6667,3.0,0.0,3,3,3,3.0,0.0,3,3,0,0.0,0.0,0,0,0,0,0,0,40,0,666666.6667,0.0,0,0,0.0,0.0,0.0,0,0,0,0,1,0,0,0,0,0.0,0.0,0.0,40,0,0,0,0,0,0,2,0,0,0,4835,-1,0,20,0.0,0.0,0,0,0.0,0.0,0,0,BENIGN
80,39621,2,0,0,0,0,0,0.0,0.0,0,0,0.0,0.0,0.0,50.47828172,39621.0,0.0,39621,39621,39621,39621.0,0.0,39621,39621,0,0.0,0.0,0,0,0,0,0,0,40,0,50.47828172,0.0,0,0,0.0,0.0,0.0,0,0,0,0,1,0,0,0,0,0.0,0.0,0.0,40,0,0,0,0,0,0,2,0,0,0,253,-1,0,20,0.0,0.0,0,0,0.0,0.0,0,0,BENIGN
80,40254,2,0,0,0,0,0,0.0,0.0,0,0,0.0,0.0,0.0,49.6845034,40254.0,0.0,40254,40254,40254,40254.0,0.0,40254,40254,0,0.0,0.0,0,0,0,0,0,0,40,0,49.6845034,0.0,0,0,0.0,0.0,0.0,0,0,0,0,1,0,0,0,0,0.0,0.0,0.0,40,0,0,0,0,0,0,2,0,0,0,253,-1,0,20,0.0,0.0,0,0,0.0,0.0,0,0,BENIGN
1380,3,2,0,0,0,0,0,0.0,0.0,0,0,0.0,0.0,0.0,666666.6667,3.0,0.0,3,3,3,3.0,0.0,3,3,0,0.0,0.0,0,0,0,0,0,0,40,0,666666.6667,0.0,0,0,0.0,0.0,0.0,0,0,0,0,1,0,0,0,0,0.0,0.0,0.0,40,0,0,0,0,0,0,2,0,0,0,34909,-1,0,20,0.0,0.0,0,0,0.0,0.0,0,0,BENIGN
1379,3,2,0,31,0,31,0,15.5,21.92031022,0,0,0.0,0.0,10300000.0,666666.6667,3.0,0.0,3,3,3,3.0,0.0,3,3,0,0.0,0.0,0,0,1,0,0,0,40,0,666666.6667,0.0,0,31,20.66666667,17.89785834,320.3333333,0,1,0,0,1,0,0,0,0,31.0,15.5,0.0,40,0,0,0,0,0,0,2,31,0,0,110,-1,0,20,0.0,0.0,0,0,0.0,0.0,0,0,BENIGN
1362,3,2,0,31,0,31,0,15.5,21.92031022,0,0,0.0,0.0,10300000.0,666666.6667,3.0,0.0,3,3,3,3.0,0.0,3,3,0,0.0,0.0,0,0,1,0,0,0,40,0,666666.6667,0.0,0,31,20.66666667,17.89785834,320.3333333,0,1,0,0,1,0,0,0,0,31.0,15.5,0.0,40,0,0,0,0,0,0,2,31,0,0,75,-1,0,20,0.0,0.0,0,0,0.0,0.0,0,0,BENIGN
1372,4,2,0,31,0,31,0,15.5,21.92031022,0,0,0.0,0.0,7750000.0,500000.0,4.0,0.0,4,4,4,4.0,0.0,4,4,0,0.0,0.0,0,0,1,0,0,0,40,0,500000.0,0.0,0,31,20.66666667,17.89785834,320.3333333,0,1,0,0,1,0,0,0,0,31.0,15.5,0.0,40,0,0,0,0,0,0,2,31,0,0,119,-1,0,20,0.0,0.0,0,0,0.0,0.0,0,0,BENIGN
1378,48,2,0,31,0,31,0,15.5,21.92031022,0,0,0.0,0.0,645833.3333,41666.66667,48.0,0.0,48,48,48,48.0,0.0,48,48,0,0.0,0.0,0,0,1,0,0,0,40,0,41666.66667,0.0,0,31,20.66666667,17.89785834,320.3333333,0,1,0,0,1,0,0,0,0,31.0,15.5,0.0,40,0,0,0,0,0,0,2,31,0,0,110,-1,0,20,0.0,0.0,0,0,0.0,0.0,0,0,BENIGN
80,85115,3,4,435,859,435,0,145.0,251.1473671,859,0,214.75,429.5,15202.9607,82.24167303,14185.833330000001,16041.92856,36774,4,60213,30106.5,9429.268927,36774,23439,61745,20581.66667,35215.47638,61244,4,0,0,0,0,72,92,35.2464313,46.99524173,0,859,161.75,320.22347110000004,102543.0714,0,0,0,1,0,0,0,0,1,184.8571429,145.0,214.75,72,0,0,0,0,0,0,3,435,4,859,8192,31,1,20,0.0,0.0,0,0,0.0,0.0,0,0,BENIGN
1393,48,2,0,0,0,0,0,0.0,0.0,0,0,0.0,0.0,0.0,41666.66667,48.0,0.0,48,48,48,48.0,0.0,48,48,0,0.0,0.0,0,0,0,0,0,0,40,0,41666.66667,0.0,0,0,0.0,0.0,0.0,0,0,0,0,1,0,0,0,0,0.0,0.0,0.0,40,0,0,0,0,0,0,2,0,0,0,4601,-1,0,20,0.0,0.0,0,0,0.0,0.0,0,0,BENIGN
80,33366,2,0,0,0,0,0,0.0,0.0,0,0,0.0,0.0,0.0,59.94125757,33366.0,0.0,33366,33366,33366,33366.0,0.0,33366,33366,0,0.0,0.0,0,0,0,0,0,0,40,0,59.94125757,0.0,0,0,0.0,0.0,0.0,0,0,0,0,1,0,0,0,0,0.0,0.0,0.0,40,0,0,0,0,0,0,2,0,0,0,253,-1,0,20,0.0,0.0,0,0,0.0,0.0,0,0,BENIGN
443,391123,11,7,557,6266,191,0,50.63636364,73.34749175,2920,0,895.1428571,1121.817042,17444.640180000002,46.02132833,23007.23529,37112.15072,126952,3,391123,39112.3,42169.60264,126952,3,168663,28110.5,43515.27636,96016,4,0,0,0,0,232,152,28.12414509,17.89718324,0,2920,359.10526319999997,774.2965908,599535.2105,0,0,0,1,0,0,0,0,0,379.05555560000005,50.63636364,895.1428571,232,0,0,0,0,0,0,11,557,7,6266,8192,60,5,20,0.0,0.0,0,0,0.0,0.0,0,0,BENIGN
443,526481,6,7,922,3492,389,0,153.66666669999998,180.6019564,1460,0,498.85714289999993,585.2265739000001,8383.968272,24.6922491,43873.41667,49412.436610000004,109651,3,416827,83365.4,67940.82737,177068,12644,423754,70625.66667,80402.16009,181804,3,0,0,0,0,132,152,11.39642266,13.29582644,0,1460,315.2857143,456.57966339999996,208464.98899999997,0,0,0,1,0,0,0,0,1,339.53846150000004,153.66666669999998,498.85714289999993,132,0,0,0,0,0,0,6,922,7,3492,8192,64,3,20,0.0,0.0,0,0,0.0,0.0,0,0,BENIGN
443,16526,2,0,0,0,0,0,0.0,0.0,0,0,0.0,0.0,0.0,121.02142079999999,16526.0,0.0,16526,16526,16526,16526.0,0.0,16526,16526,0,0.0,0.0,0,0,0,0,0,0,40,0,121.02142079999999,0.0,0,0,0.0,0.0,0.0,0,0,0,0,1,0,0,0,0,0.0,0.0,0.0,40,0,0,0,0,0,0,2,0,0,0,253,-1,0,20,0.0,0.0,0,0,0.0,0.0,0,0,BENIGN
1523,30247,3,1,38,0,38,0,12.66666667,21.93931023,0,0,0.0,0.0,1256.3229410000001,132.2445201,10082.33333,17404.25147,30179,3,30247,15123.5,21383.616169999998,30244,3,0,0.0,0.0,0,0,0,0,0,0,60,20,99.18339009,33.06113003,0,38,7.6,16.99411663,288.8,0,0,0,0,1,0,0,0,0,9.5,12.66666667,0.0,60,0,0,0,0,0,0,3,38,1,0,62,0,1,20,0.0,0.0,0,0,0.0,0.0,0,0,BENIGN
443,111291518,261,364,7192,547919,1366,0,27.55555556,165.9994954,4254,0,1505.271978,588.4727773,4987.900336,5.615881706000001,178351.7917,1310269.0320000001,10000000,0,111000000,427904.5038,2011192.385,10100000,1,111000000,306487.7548,1715177.091,10100000,1,0,0,0,0,8360,11656,2.345192201,3.270689506,0,4254,886.7587858999999,863.0988194,744939.5721,0,0,0,1,0,0,0,0,1,888.1776,27.55555556,1505.271978,8360,0,0,0,0,0,0,261,7192,364,547919,29200,481,9,32,163804.0,253011.8495,748147,36279,9950302.455,122085.5511,10000000,9679583,BENIGN
443,110441946,120,260,6896,373799,1301,0,57.46666667,237.98467340000002,4030,0,1437.6884619999998,550.4343661,3447.014597,3.440721698,291403.5515,1661617.0590000001,10000000,0,110000000,927773.5546,2880702.639,10000000,1,110000000,426274.9305,2006935.244,10100000,1,0,0,0,0,3848,8328,1.086543694,2.354178004,0,4030,999.1994751,799.0514489,638483.218,0,0,0,1,0,0,0,0,2,1001.8289470000001,57.46666667,1437.6884619999998,3848,0,0,0,0,0,0,120,6896,260,373799,29200,465,8,32,151219.3636,218826.2394,614035,36591,9885603.636,264728.932,10000000,9324217,BENIGN
5353,19,12,0,540,0,45,45,45.0,0.0,0,0,0.0,0.0,28400000.0,631578.9474,1.727272727,1.190874392,5,1,19,1.727272727,1.190874392,5,1,0,0.0,0.0,0,0,0,0,0,0,384,0,631578.9474,0.0,45,45,45.0,0.0,0.0,0,0,0,0,0,0,0,0,0,48.75,45.0,0.0,384,0,0,0,0,0,0,12,540,0,0,-1,-1,11,32,0.0,0.0,0,0,0.0,0.0,0,0,BENIGN
443,5468455,8,10,750,4645,434,0,93.75,155.84768200000002,1460,0,464.5,565.3420302000001,986.5675039999999,3.29160613,321673.8235,1142994.418,4750154,3,718298,102614.0,93372.24937,256158,9759,5428202,603133.5556,1558325.926,4750177,3,0,0,0,0,184,212,1.4629360580000002,1.828670072,0,1460,283.9473684,455.98141699999996,207919.0526,0,0,0,1,0,0,0,0,1,299.72222220000003,93.75,464.5,184,0,0,0,0,0,0,8,750,10,4645,8192,62,3,20,0.0,0.0,0,0,0.0,0.0,0,0,BENIGN
443,256,2,0,0,0,0,0,0.0,0.0,0,0,0.0,0.0,0.0,7812.5,256.0,0.0,256,256,256,256.0,0.0,256,256,0,0.0,0.0,0,0,0,0,0,0,40,0,7812.5,0.0,0,0,0.0,0.0,0.0,0,0,0,0,1,0,0,0,0,0.0,0.0,0.0,40,0,0,0,0,0,0,2,0,0,0,253,-1,0,20,0.0,0.0,0,0,0.0,0.0,0,0,BENIGN
443,6621069,10,11,1172,5776,473,0,117.2,177.6061811,1460,0,525.0909091,543.1357942000001,1049.377374,3.1716932719999997,331053.45,1051599.4740000002,4706111,17,6621043,735671.4444,1516102.961,4706275,38722,6582436,658243.6,1553901.493,5000471,49,0,0,0,0,224,232,1.510330129,1.661363142,0,1460,315.8181818,447.7371291,200468.5368,0,0,0,1,0,0,0,0,1,330.85714289999993,117.2,525.0909091,224,0,0,0,0,0,0,10,1172,11,5776,8192,64,4,20,0.0,0.0,0,0,0.0,0.0,0,0,BENIGN
80,58112,3,4,435,859,435,0,145.0,251.1473671,859,0,214.75,429.5,22267.34581,120.45704850000001,9685.333333,11283.462440000001,23394,2,34151,17075.5,8750.446417000001,23263,10888,35020,11673.33333,19729.778309999998,34453,2,0,0,0,0,72,92,51.62444934,68.83259912,0,859,161.75,320.22347110000004,102543.0714,0,0,0,1,0,0,0,0,1,184.8571429,145.0,214.75,72,0,0,0,0,0,0,3,435,4,859,8192,31,1,20,0.0,0.0,0,0,0.0,0.0,0,0,BENIGN
80,18134,2,0,0,0,0,0,0.0,0.0,0,0,0.0,0.0,0.0,110.2900629,18134.0,0.0,18134,18134,18134,18134.0,0.0,18134,18134,0,0.0,0.0,0,0,0,0,0,0,40,0,110.2900629,0.0,0,0,0.0,0.0,0.0,0,0,0,0,1,0,0,0,0,0.0,0.0,0.0,40,0,0,0,0,0,0,2,0,0,0,253,-1,0,20,0.0,0.0,0,0,0.0,0.0,0,0,BENIGN
443,119925579,54,45,8073,40539,927,0,149.5,328.0656716,1418,0,900.8666667000001,605.3360299,405.35138880000005,0.825511962,1223730.398,3131307.8819999998,10000000,1,120000000,2262746.774,4001636.778,10000000,1,120000000,2724732.318,4261650.866,10000000,1,0,0,0,0,1736,1448,0.450279252,0.37523271,0,1418,486.12,602.3783884,362859.7228,0,0,0,1,0,0,0,0,0,491.030303,149.5,900.8666667000001,1736,0,0,0,0,0,0,54,8073,45,40539,29200,528,11,32,491630.4167,823808.5512,1913949,36630,9497496.917000001,925503.9866,10000000,7935746,BENIGN
80,67023,3,4,435,859,435,0,145.0,251.1473671,859,0,214.75,429.5,19306.80513,104.4417588,11170.5,12118.67832,23374,3,43283,21641.5,2336.987912,23294,19989,43851,14617.0,25001.069340000002,43485,3,0,0,0,0,72,92,44.76075377,59.68100503,0,859,161.75,320.22347110000004,102543.0714,0,0,0,1,0,0,0,0,1,184.8571429,145.0,214.75,72,0,0,0,0,0,0,3,435,4,859,8192,31,1,20,0.0,0.0,0,0,0.0,0.0,0,0,BENIGN
80,19865,2,0,0,0,0,0,0.0,0.0,0,0,0.0,0.0,0.0,100.6795872,19865.0,0.0,19865,19865,19865,19865.0,0.0,19865,19865,0,0.0,0.0,0,0,0,0,0,0,40,0,100.6795872,0.0,0,0,0.0,0.0,0.0,0,0,0,0,1,0,0,0,0,0.0,0.0,0.0,40,0,0,0,0,0,0,2,0,0,0,253,-1,0,20,0.0,0.0,0,0,0.0,0.0,0,0,BENIGN
443,5215849,9,8,350,5315,193,0,38.88888889,71.12918607,1460,0,664.375,693.6357499,1086.112731,3.259296809,325990.5625,1170734.16,4709873,3,5215849,651981.125,1642565.9780000001,4709873,3,455221,65031.571429999996,95371.26425,251207,48,0,0,0,0,204,172,1.725510075,1.5337867330000001,0,1460,314.72222220000003,551.4820466,304132.4477,0,0,0,1,0,0,0,0,0,333.23529410000003,38.88888889,664.375,204,0,0,0,0,0,0,9,350,8,5315,8192,110,3,20,0.0,0.0,0,0,0.0,0.0,0,0,BENIGN
443,5988565,8,6,354,3677,197,0,44.25,75.57541172,1460,0,612.8333332999999,683.1692079,673.1161806,2.337788769,460658.8462,1464802.8909999998,5324019,3,5988565,855509.2857,1974598.108,5324019,3,409617,81923.4,150120.3701,346549,48,0,0,0,0,172,132,1.335879297,1.0019094720000001,0,1460,268.7333333,504.2229477,254240.78100000002,0,0,0,1,0,0,0,0,0,287.92857139999995,44.25,612.8333332999999,172,0,0,0,0,0,0,8,354,6,3677,8192,946,3,20,664543.0,0.0,664543,664543,5324019.0,0.0,5324019,5324019,BENIGN
443,6067932,6,4,599,152,517,0,99.83333333,205.45112959999997,152,0,38.0,76.0,123.7653949,1.648007921,674214.6667,1838678.958,5574285,3,6067932,1213586.4,2511527.13,5704920,3,406052,135350.6667,133152.1274,266194,4,0,0,0,0,132,92,0.9888047529999999,0.659203168,0,517,68.27272727,155.7825991,24268.21818,0,0,0,1,0,0,0,0,0,75.1,99.83333333,38.0,132,0,0,0,0,0,0,6,599,4,152,8192,232,3,20,493644.0,0.0,493644,493644,5574285.0,0.0,5574285,5574285,BENIGN
443,6067946,7,4,325,138,229,0,46.42857143,83.86667424,85,0,34.5,41.92453538,76.3025907,1.8128045309999998,606794.6,1834306.2340000002,5826351,3,6067946,1011324.333,2370839.251,5850111,3,217752,72584.0,68787.94459,138705,1408,0,0,0,0,152,84,1.153602883,0.6592016470000001,0,229,38.58333333,67.05555137,4496.44697,0,0,0,1,0,0,0,0,0,42.09090909,46.42857143,34.5,152,0,0,0,0,0,0,7,325,4,138,8192,35171,3,20,241592.0,0.0,241592,241592,5826351.0,0.0,5826351,5826351,BENIGN
443,6102485,9,6,359,3125,202,0,39.88888889,73.58743854,1563,0,520.8333333,768.3966207000001,570.9149633,2.458015055,435891.7857,1473485.3390000002,5551161,39,6102485,762810.625,1936571.073,5551161,49,499638,99927.6,108554.8938,247926,256,0,0,0,0,192,124,1.474809033,0.9832060220000001,0,1563,217.75,508.5122745,258584.7333,0,0,0,1,0,0,0,0,0,232.2666667,39.88888889,520.8333333,192,0,0,0,0,0,0,9,359,6,3125,8192,30016,3,20,551275.0,0.0,551275,551275,5551161.0,0.0,5551161,5551161,BENIGN
443,5386607,9,9,355,3009,198,0,39.44444444,72.48984603,1432,0,334.3333333,542.1063088,624.5118679999999,3.341621173,316859.2353,1224635.502,5067468,3,5386607,673325.875,1775855.07,5067468,49,268470,33558.75,63911.35957000001,164451,3,0,0,0,0,192,192,1.670810586,1.670810586,0,1432,177.05263159999998,395.6344376,156526.6082,0,0,0,1,0,0,0,0,1,186.88888889999998,39.44444444,334.3333333,192,0,0,0,0,0,0,9,355,9,3009,8192,62,3,20,319090.0,0.0,319090,319090,5067468.0,0.0,5067468,5067468,BENIGN
1401,3,2,0,31,0,31,0,15.5,21.92031022,0,0,0.0,0.0,10300000.0,666666.6667,3.0,0.0,3,3,3,3.0,0.0,3,3,0,0.0,0.0,0,0,1,0,0,0,40,0,666666.6667,0.0,0,31,20.66666667,17.89785834,320.3333333,0,1,0,0,1,0,0,0,0,31.0,15.5,0.0,40,0,0,0,0,0,0,2,31,0,0,946,-1,0,20,0.0,0.0,0,0,0.0,0.0,0,0,BENIGN
1400,4,2,0,0,0,0,0,0.0,0.0,0,0,0.0,0.0,0.0,500000.0,4.0,0.0,4,4,4,4.0,0.0,4,4,0,0.0,0.0,0,0,0,0,0,0,40,0,500000.0,0.0,0,0,0.0,0.0,0.0,0,0,0,0,1,0,0,0,0,0.0,0.0,0.0,40,0,0,0,0,0,0,2,0,0,0,35134,-1,0,20,0.0,0.0,0,0,0.0,0.0,0,0,BENIGN
1365,1000263,2,0,0,0,0,0,0.0,0.0,0,0,0.0,0.0,0.0,1.999474138,1000263.0,0.0,1000263,1000263,1000263,1000263.0,0.0,1000263,1000263,0,0.0,0.0,0,0,0,0,0,0,40,0,1.999474138,0.0,0,0,0.0,0.0,0.0,0,0,0,0,1,0,0,0,0,0.0,0.0,0.0,40,0,0,0,0,0,0,2,0,0,0,4835,-1,0,20,0.0,0.0,0,0,0.0,0.0,0,0,BENIGN
1420,4,2,0,31,0,31,0,15.5,21.92031022,0,0,0.0,0.0,7750000.0,500000.0,4.0,0.0,4,4,4,4.0,0.0,4,4,0,0.0,0.0,0,0,1,0,0,0,40,0,500000.0,0.0,0,31,20.66666667,17.89785834,320.3333333,0,1,0,0,1,0,0,0,0,31.0,15.5,0.0,40,0,0,0,0,0,0,2,31,0,0,110,-1,0,20,0.0,0.0,0,0,0.0,0.0,0,0,BENIGN
1395,3,2,0,31,0,31,0,15.5,21.92031022,0,0,0.0,0.0,10300000.0,666666.6667,3.0,0.0,3,3,3,3.0,0.0,3,3,0,0.0,0.0,0,0,1,0,0,0,40,0,666666.6667,0.0,0,31,20.66666667,17.89785834,320.3333333,0,1,0,0,1,0,0,0,0,31.0,15.5,0.0,40,0,0,0,0,0,0,2,31,0,0,30016,-1,0,20,0.0,0.0,0,0,0.0,0.0,0,0,BENIGN
1417,3,2,0,31,0,31,0,15.5,21.92031022,0,0,0.0,0.0,10300000.0,666666.6667,3.0,0.0,3,3,3,3.0,0.0,3,3,0,0.0,0.0,0,0,1,0,0,0,40,0,666666.6667,0.0,0,31,20.66666667,17.89785834,320.3333333,0,1,0,0,1,0,0,0,0,31.0,15.5,0.0,40,0,0,0,0,0,0,2,31,0,0,62,-1,0,20,0.0,0.0,0,0,0.0,0.0,0,0,BENIGN
443,110550781,137,177,1549,231164,517,0,11.30656934,72.01210703,2836,0,1306.011299,417.2755111,2105.032618,2.84032367,353197.3834,1839298.659,10000000,0,111000000,812602.7794,2737068.522,10000000,1,111000000,627918.2898,2431722.49,10100000,1,0,0,0,0,4392,5672,1.239249499,1.601074171,0,2836,738.7714286,716.833033,513849.5973,0,0,0,1,0,0,0,0,1,741.1242037999999,11.30656934,1306.011299,4392,0,0,0,0,0,0,137,1549,177,231164,29200,357,4,32,72171.18182,80632.36533,270963,36565,9974554.091,104799.5889,10000000,9661992,BENIGN
1399,215,2,0,0,0,0,0,0.0,0.0,0,0,0.0,0.0,0.0,9302.325581000001,215.0,0.0,215,215,215,215.0,0.0,215,215,0,0.0,0.0,0,0,0,0,0,0,40,0,9302.325581000001,0.0,0,0,0.0,0.0,0.0,0,0,0,0,1,0,0,0,0,0.0,0.0,0.0,40,0,0,0,0,0,0,2,0,0,0,232,-1,0,20,0.0,0.0,0,0,0.0,0.0,0,0,BENIGN
443,43135,4,1,184,0,184,0,46.0,92.0,0,0,0.0,0.0,4265.677524000001,115.91515009999999,10783.75,17425.82083,36738,81,43135,14378.333330000001,19517.64456,36819,1355,0,0.0,0.0,0,0,0,0,0,0,136,40,92.73212009,23.18303002,0,184,30.66666667,75.11768545,5642.666667,0,0,0,1,0,0,0,0,0,36.8,46.0,0.0,136,0,0,0,0,0,0,4,184,1,0,29200,42408,1,32,0.0,0.0,0,0,0.0,0.0,0,0,BENIGN
46980,14046,5,2,4170,0,1418,0,834.0,762.1062918,0,0,0.0,0.0,296881.6745,498.3625231000001,2341.0,5604.237575,13780,1,14046,3511.5,6846.294983,13780,1,204,204.0,0.0,204,204,0,0,0,0,160,40,355.9732308,142.38929230000002,0,1418,521.25,719.8602543,518198.7857,0,0,0,0,1,0,0,0,0,595.7142857000001,834.0,0.0,160,0,0,0,0,0,0,5,4170,2,0,340,0,3,32,0.0,0.0,0,0,0.0,0.0,0,0,BENIGN
80,857257,3,4,435,859,435,0,145.0,251.1473671,859,0,214.75,429.5,1509.465656,8.165579284,142876.1667,327057.3697,810083,11,833546,416773.0,556224.3362,810083,23463,833945,277981.6667,480993.4712,833385,11,0,0,0,0,72,92,3.4995339789999997,4.666045305,0,859,161.75,320.22347110000004,102543.0714,0,0,0,1,0,0,0,0,1,184.8571429,145.0,214.75,72,0,0,0,0,0,0,3,435,4,859,8192,31,1,20,0.0,0.0,0,0,0.0,0.0,0,0,BENIGN
80,37718,2,0,0,0,0,0,0.0,0.0,0,0,0.0,0.0,0.0,53.02508086,37718.0,0.0,37718,37718,37718,37718.0,0.0,37718,37718,0,0.0,0.0,0,0,0,0,0,0,40,0,53.02508086,0.0,0,0,0.0,0.0,0.0,0,0,0,0,1,0,0,0,0,0.0,0.0,0.0,40,0,0,0,0,0,0,2,0,0,0,253,-1,0,20,0.0,0.0,0,0,0.0,0.0,0,0,BENIGN
80,87194,3,4,426,2266,426,0,142.0,245.95121469999998,2266,0,566.5,1133.0,30873.68397,80.28075326,14532.333330000001,15592.04352,29118,4,57323,28661.5,685.186471,29146,28177,58206,19402.0,32955.23793,57453,4,0,0,0,0,72,92,34.40603711,45.87471615,0,2266,336.5,793.7590494,630053.4286,0,0,0,1,0,0,0,0,1,384.57142860000005,142.0,566.5,72,0,0,0,0,0,0,3,426,4,2266,8192,237,1,20,0.0,0.0,0,0,0.0,0.0,0,0,BENIGN
80,87361,3,5,426,2266,426,0,142.0,245.95121469999998,1460,0,453.2,662.2470837999999,30814.66558,91.57404334,12480.14286,15244.47059,29156,1,57149,28574.5,801.1519831,29141,28008,58219,14554.75,28409.06177,57163,1,0,0,0,0,72,112,34.34026625,57.23377709,0,1460,299.1111111,519.3150403,269688.1111,0,0,0,1,0,0,0,0,1,336.5,142.0,453.2,72,0,0,0,0,0,0,3,426,5,2266,8192,237,1,20,0.0,0.0,0,0,0.0,0.0,0,0,BENIGN
443,4262132,8,10,319,6745,193,0,39.875,75.9745023,1609,0,674.5,715.72407,1657.386491,4.223238511,250713.6471,903723.9562,3749331,2,4262083,608869.0,1388514.621,3749490,195,4211302,467922.4444,1233600.814,3749334,4,0,0,0,0,184,212,1.876994894,2.346243617,0,1609,371.7894737,604.9175866,365925.2865,0,0,0,1,0,0,0,0,1,392.44444439999995,39.875,674.5,184,0,0,0,0,0,0,8,319,10,6745,8192,219,2,20,0.0,0.0,0,0,0.0,0.0,0,0,BENIGN
80,64008,2,0,0,0,0,0,0.0,0.0,0,0,0.0,0.0,0.0,31.24609424,64008.0,0.0,64008,64008,64008,64008.0,0.0,64008,64008,0,0.0,0.0,0,0,0,0,0,0,40,0,31.24609424,0.0,0,0,0.0,0.0,0.0,0,0,0,0,1,0,0,0,0,0.0,0.0,0.0,40,0,0,0,0,0,0,2,0,0,0,256,-1,0,20,0.0,0.0,0,0,0.0,0.0,0,0,BENIGN
80,63764,2,0,0,0,0,0,0.0,0.0,0,0,0.0,0.0,0.0,31.36566087,63764.0,0.0,63764,63764,63764,63764.0,0.0,63764,63764,0,0.0,0.0,0,0,0,0,0,0,40,0,31.36566087,0.0,0,0,0.0,0.0,0.0,0,0,0,0,1,0,0,0,0,0.0,0.0,0.0,40,0,0,0,0,0,0,2,0,0,0,256,-1,0,20,0.0,0.0,0,0,0.0,0.0,0,0,BENIGN
443,4322013,8,8,748,7012,429,0,93.5,154.5629784,3069,0,876.5,1079.5480539999999,1795.4596620000002,3.7019786839999997,288134.2,970785.6646,3791966,4,530043,75720.42857,90358.10881,261104,383,4271257,610179.5714,1495752.937,4000475,4,0,0,0,0,172,172,1.8509893419999999,1.8509893419999999,0,3069,456.4705882,829.1162552000001,687433.7647,0,0,0,1,0,0,0,0,1,485.0,93.5,876.5,172,0,0,0,0,0,0,8,748,8,7012,8192,227,3,20,0.0,0.0,0,0,0.0,0.0,0,0,BENIGN
