Destination Port,Flow Duration,Total Fwd Packets,Total Backward Packets,Total Length of Fwd Packets,Total Length of Bwd Packets,Fwd Packet Length Max,Fwd Packet Length Min,Fwd Packet Length Mean,Fwd Packet Length Std,Bwd Packet Length Max,Bwd Packet Length Min,Bwd Packet Length Mean,Bwd Packet Length Std,Flow Bytes/s,Flow Packets/s,Flow IAT Mean,Flow IAT Std,Flow IAT Max,Flow IAT Min,Fwd IAT Total,Fwd IAT Mean,Fwd IAT Std,Fwd IAT Max,Fwd IAT Min,Bwd IAT Total,Bwd IAT Mean,Bwd IAT Std,Bwd IAT Max,Bwd IAT Min,Fwd PSH Flags,Bwd PSH Flags,Fwd URG Flags,Bwd URG Flags,Fwd Header Length,Bwd Header Length,Fwd Packets/s,Bwd Packets/s,Min Packet Length,Max Packet Length,Packet Length Mean,Packet Length Std,Packet Length Variance,FIN Flag Count,SYN Flag Count,RST Flag Count,PSH Flag Count,ACK Flag Count,URG Flag Count,CWE Flag Count,ECE Flag Count,Down/Up Ratio,Average Packet Size,Avg Fwd Segment Size,Avg Bwd Segment Size,Fwd Header Length.1,Fwd Avg Bytes/Bulk,Fwd Avg Packets/Bulk,Fwd Avg Bulk Rate,Bwd Avg Bytes/Bulk,Bwd Avg Packets/Bulk,Bwd Avg Bulk Rate,Subflow Fwd Packets,Subflow Fwd Bytes,Subflow Bwd Packets,Subflow Bwd Bytes,Init_Win_bytes_forward,Init_Win_bytes_backward,act_data_pkt_fwd,min_seg_size_forward,Active Mean,Active Std,Active Max,Active Min,Idle Mean,Idle Std,Idle Max,Idle Min,Label
88,1144,7,4,2730,2780,1365,0,390.0,666.0517997999999,1390,0,695.0,802.5168742000001,4816433.566000001,9615.384615,114.4,236.53808709999998,770,0,1144,190.66666669999998,396.1811034,998,1,917,305.6666667,487.56162,868,1,0,0,0,0,164,104,6118.881119,3496.5034969999997,0,1390,459.16666669999995,678.2760009,460058.3333,0,0,0,1,0,0,0,0,0,500.9090909,390.0,695.0,164,0,0,0,0,0,0,7,2730,4,2780,8192,2053,2,20,0.0,0.0,0,0,0.0,0.0,0,0,BENIGN
389,2924095,25,21,5740,7080,1684,0,229.6,450.54836960000006,2634,0,337.14285710000007,647.9580454,4384.262481000001,15.73136304,64979.888889999995,426987.4492,2865148,0,2924095,121837.2917,584427.0479,2865148,2,2924030,146201.5,652744.4584,2919405,2,0,0,0,0,524,444,8.549653825,7.1817092129999995,0,2634,272.76595739999993,541.2718602000001,292975.2266,0,0,0,1,0,0,0,0,0,278.6956522,229.6,337.14285710000007,524,0,0,0,0,0,0,25,5740,21,7080,8192,0,16,20,0.0,0.0,0,0,0.0,0.0,0,0,BENIGN
443,5311938,9,7,362,5202,205,0,40.22222222,74.41568682,2920,0,743.1428571,1042.814689,1047.451985,3.0120833489999996,354129.2,1285640.8059999999,4996939,16,5311938,663992.25,1752740.61,4996939,48,291712,48618.66667,87352.9251,223342,80,0,0,0,0,204,152,1.6942968840000001,1.317786465,0,2920,327.29411760000005,734.3535222,539275.0956,0,0,0,1,0,0,0,0,0,347.75,40.22222222,743.1428571,204,0,0,0,0,0,0,9,362,7,5202,8192,946,3,20,0.0,0.0,0,0,0.0,0.0,0,0,BENIGN
49671,22953788,21,14,3014,2080,760,0,143.5238095,219.0731885,680,0,148.5714286,228.1530236,221.92415469999997,1.524802791,675111.4118,3875894.9839999997,22600000,1,23000000,1147689.4,5051821.808,22600000,1,292168,22474.46154,80570.56457999999,290629,3,0,0,0,0,444,304,0.9148816740000001,0.609921116,0,760,141.5,217.60836380000003,47353.4,0,0,0,1,0,0,0,0,0,145.5428571,143.5238095,148.5714286,444,0,0,0,0,0,0,21,3014,14,2080,8192,2047,12,20,0.0,0.0,0,0,0.0,0.0,0,0,BENIGN
80,5194319,5,5,72,651,72,0,14.4,32.19937888,646,0,130.2,288.349094,139.1905272,1.9251801819999999,577146.5556,1660875.775,5004817,1,189502,47375.5,54585.37525,95028,3,5100152,1275038.0,2486970.926,5004899,1,0,0,0,0,168,168,0.9625900909999999,0.9625900909999999,0,646,65.72727273,193.650247,37500.41818,0,0,0,1,0,0,0,0,1,72.3,14.4,130.2,168,0,0,0,0,0,0,5,72,5,651,29200,114,1,32,0.0,0.0,0,0,0.0,0.0,0,0,BENIGN
88,1152,7,5,2796,2836,1398,0,399.42857139999995,682.154151,1418,0,567.2,776.6705865,4888888.8889999995,10416.66667,104.7272727,232.14223700000002,792,2,1152,192.0,413.3850505,1034,2,987,246.75,416.0187295,866,4,0,0,0,0,164,124,6076.388889,4340.277778,0,1418,433.2307692,676.4059622000001,457525.0256,0,0,0,1,0,0,0,0,0,469.33333330000005,399.42857139999995,567.2,164,0,0,0,0,0,0,7,2796,5,2836,8192,2053,2,20,0.0,0.0,0,0,0.0,0.0,0,0,BENIGN
88,1085,9,6,3150,3152,1575,0,350.0,694.5097192000001,1576,0,525.3333333,813.8429005,5808294.931,13824.88479,77.5,218.84759359999998,834,1,1085,135.625,327.1207455,942,1,990,198.0,360.8649332,834,1,0,0,0,0,304,208,8294.930876,5529.953917,0,1576,393.875,704.585067,496440.1167,0,0,0,1,0,0,0,0,0,420.13333330000006,350.0,525.3333333,304,0,0,0,0,0,0,9,3150,6,3152,29200,2081,2,32,0.0,0.0,0,0,0.0,0.0,0,0,BENIGN
80,80453,3,5,427,2267,427,0,142.33333330000002,246.52856490000002,1460,0,453.4,662.3804043,33485.38898,99.43693834,11493.28571,14326.53356,29891,2,50572,25286.0,6595.892054999999,29950,20622,50562,12640.5,24646.52606,49605,2,0,0,0,0,72,112,37.28885188,62.14808646,0,1460,299.3333333,519.4677565000001,269846.75,0,0,0,1,0,0,0,0,1,336.75,142.33333330000002,453.4,72,0,0,0,0,0,0,3,427,5,2267,8192,237,1,20,0.0,0.0,0,0,0.0,0.0,0,0,BENIGN
80,2668,5,0,0,0,0,0,0.0,0.0,0,0,0.0,0.0,0.0,1874.062969,667.0,840.7429254000001,1926,209,2668,667.0,840.7429254000001,1926,209,0,0.0,0.0,0,0,0,0,0,0,160,0,1874.062969,0.0,0,0,0.0,0.0,0.0,0,0,0,0,1,0,0,0,0,0.0,0.0,0.0,160,0,0,0,0,0,0,5,0,0,0,251,-1,0,32,0.0,0.0,0,0,0.0,0.0,0,0,PortScan
443,73489552,172,454,4411,748034,1712,0,25.64534884,162.67611000000002,3864,0,1647.651982,742.4102669,10238.80238,8.518217664,117583.2832,999984.94,10000000,0,69400000,405825.53799999994,1884669.987,10200000,1,73300000,161899.2759,1190418.649,10200000,1,0,0,0,0,5512,14536,2.340468751,6.177748912999999,0,3864,1200.07177,965.7319012,932638.1051,0,0,0,1,0,0,0,0,2,1201.988818,25.64534884,1647.651982,5512,0,0,0,0,0,0,172,4411,454,748034,29200,203,6,32,1539254.167,3405677.538,8491064,148135,10000000.0,1203.955758,10000000,10000000,BENIGN
80,2559,5,0,0,0,0,0,0.0,0.0,0,0,0.0,0.0,0.0,1953.888238,639.75,803.3896419,1838,150,2559,639.75,803.3896419,1838,150,0,0.0,0.0,0,0,0,0,0,0,160,0,1953.888238,0.0,0,0,0.0,0.0,0.0,0,0,0,0,1,0,0,0,0,0.0,0.0,0.0,160,0,0,0,0,0,0,5,0,0,0,251,-1,0,32,0.0,0.0,0,0,0.0,0.0,0,0,PortScan
80,732,2,1,8,2,6,2,4.0,2.828427125,2,2,2.0,0.0,13661.20219,4098.360656,366.0,401.6366517,650,82,732,732.0,0.0,732,732,0,0.0,0.0,0,0,0,0,0,0,44,24,2732.240437,1366.120219,2,6,3.0,2.0,4.0,0,0,0,1,0,0,0,0,0,4.0,4.0,2.0,44,0,0,0,0,0,0,2,8,1,2,1024,29200,1,20,0.0,0.0,0,0,0.0,0.0,0,0,PortScan
88,1115,9,6,3150,3150,1575,0,350.0,694.5097192000001,1575,0,525.0,813.3265027000001,5650224.215,13452.9148,79.64285714,220.33596969999996,842,1,1115,139.375,339.26177739999997,976,1,1026,205.2,359.5659884,842,3,0,0,0,0,304,208,8071.748879000001,5381.165919,0,1575,393.75,704.3614129,496125.0,0,0,0,1,0,0,0,0,0,420.0,350.0,525.0,304,0,0,0,0,0,0,9,3150,6,3150,29200,2081,2,32,0.0,0.0,0,0,0.0,0.0,0,0,BENIGN
80,106138,3,6,18,11595,18,0,6.0,10.39230485,4344,0,1932.5,1754.831473,109414.1589,84.79526654,13267.25,36866.46853,104505,15,105365,52682.5,73288.08234,104505,860,106047,21209.4,47053.05556,105380,15,0,0,0,0,104,200,28.26508885,56.53017769,0,4344,1161.3,1643.79818,2702072.4560000002,0,0,0,1,0,0,0,0,2,1290.333333,6.0,1932.5,104,0,0,0,0,0,0,3,18,6,11595,29200,227,1,32,0.0,0.0,0,0,0.0,0.0,0,0,PortScan
88,900,9,4,600,2944,300,0,66.66666667,132.2875656,1472,0,736.0,849.8595962000002,3937777.778,14444.444440000001,75.0,192.7952282,684,1,900,112.5,252.41122909999999,734,1,766,255.33333330000002,435.32325149999997,758,3,0,0,0,0,204,104,10000.0,4444.444444,0,1472,253.1428571,527.4342623,278186.9011,0,0,0,1,0,0,0,0,0,272.6153846,66.66666667,736.0,204,0,0,0,0,0,0,9,600,4,2944,8192,2053,2,20,0.0,0.0,0,0,0.0,0.0,0,0,BENIGN
443,43881721,26,28,1029,31671,517,0,39.57692308,122.5248295,3864,0,1131.107143,943.8102971000001,745.1849940000001,1.230580724,827957.0,2634342.008,10000000,3,34400000,1374289.12,3341769.981,10200000,3,43700000,1619749.63,3596409.3619999997,10200000,3,0,0,0,0,840,904,0.59250183,0.638078894,0,3864,594.5454545,869.7455315,756457.2896,0,0,0,1,0,0,0,0,1,605.5555555999999,39.57692308,1131.107143,840,0,0,0,0,0,0,26,1029,28,31671,29200,252,3,32,1121158.5,1944769.687,4038313,148554,9849271.0,315634.6238,10000000,9375895,BENIGN
443,155937,10,10,533,5370,196,0,53.3,81.13370309,2085,0,537.0,802.7386457,37855.0312,128.2569243,8207.210526,11510.758240000001,28240,3,155937,17326.33333,13359.97158,32020,48,104402,11600.22222,17509.24019,47736,3,0,0,0,0,212,212,64.12846214,64.12846214,0,2085,281.0952381,596.3028512999999,355577.0905,0,0,0,1,0,0,0,0,1,295.15,53.3,537.0,212,0,0,0,0,0,0,10,533,10,5370,8192,12501,4,20,0.0,0.0,0,0,0.0,0.0,0,0,BENIGN
443,1130572,9,10,764,5723,357,0,84.88888889,134.9253909,2920,0,572.3,970.1387129000001,5737.803519,16.80565236,62809.55556,108833.5557,342712,81,787860,98482.5,121919.5922,296450,3770,1105985,122887.2222,222089.6511,593831,197,0,0,0,0,192,208,7.960572171,8.845080188999999,0,2920,324.35,720.0961394,518538.45,0,0,0,1,0,0,0,0,1,341.4210526,84.88888889,572.3,192,0,0,0,0,0,0,9,764,10,5723,8192,5144,3,20,0.0,0.0,0,0,0.0,0.0,0,0,BENIGN
444,119,1,1,0,6,0,0,0.0,0.0,6,6,6.0,0.0,50420.16807,16806.722690000002,119.0,0.0,119,119,0,0.0,0.0,0,0,0,0.0,0.0,0,0,0,0,0,0,40,20,8403.361345000001,8403.361345000001,0,6,2.0,3.464101615,12.0,0,0,0,1,0,0,0,0,1,3.0,0.0,6.0,40,0,0,0,0,0,0,1,0,1,6,29200,0,0,40,0.0,0.0,0,0,0.0,0.0,0,0,PortScan
21,878,2,1,8,2,6,2,4.0,2.828427125,2,2,2.0,0.0,11389.52164,3416.8564920000003,439.0,478.0041841,777,101,878,878.0,0.0,878,878,0,0.0,0.0,0,0,0,0,0,0,44,24,2277.904328,1138.952164,2,6,3.0,2.0,4.0,0,0,0,1,0,0,0,0,0,4.0,4.0,2.0,44,0,0,0,0,0,0,2,8,1,2,1024,29200,1,20,0.0,0.0,0,0,0.0,0.0,0,0,PortScan
21,942,3,1,0,0,0,0,0.0,0.0,0,0,0.0,0.0,0.0,4246.284501,314.0,372.71436780000005,740,48,942,471.0,598.2123369,894,48,0,0.0,0.0,0,0,0,0,0,0,104,40,3184.713376,1061.571125,0,0,0.0,0.0,0.0,0,0,0,1,0,0,0,0,0,0.0,0.0,0.0,104,0,0,0,0,0,0,3,0,1,0,29200,28960,0,32,0.0,0.0,0,0,0.0,0.0,0,0,PortScan
88,1082,9,6,3110,3108,1555,0,345.55555560000005,685.6905481000001,1554,0,518.0,802.4821493,5746765.25,13863.216269999999,77.28571429,219.13691839999998,836,1,1082,135.25,311.436648,903,1,1003,200.6,361.5941095,836,1,0,0,0,0,304,208,8317.929759999999,5545.286506,0,1555,388.625,695.1935822,483294.1167,0,0,0,1,0,0,0,0,0,414.53333330000004,345.55555560000005,518.0,304,0,0,0,0,0,0,9,3110,6,3108,29200,2081,2,32,0.0,0.0,0,0,0.0,0.0,0,0,BENIGN
80,19163,5,0,0,0,0,0,0.0,0.0,0,0,0.0,0.0,0.0,260.91948019999995,4790.75,8993.964656999999,18281,222,19163,4790.75,8993.964656999999,18281,222,0,0.0,0.0,0,0,0,0,0,0,160,0,260.91948019999995,0.0,0,0,0.0,0.0,0.0,0,0,0,0,1,0,0,0,0,0.0,0.0,0.0,160,0,0,0,0,0,0,5,0,0,0,251,-1,0,32,0.0,0.0,0,0,0.0,0.0,0,0,PortScan
80,718,2,1,8,2,6,2,4.0,2.828427125,2,2,2.0,0.0,13927.5766,4178.272981,359.0,267.2863633,548,170,718,718.0,0.0,718,718,0,0.0,0.0,0,0,0,0,0,0,44,24,2785.51532,1392.75766,2,6,3.0,2.0,4.0,0,0,0,1,0,0,0,0,0,4.0,4.0,2.0,44,0,0,0,0,0,0,2,8,1,2,1024,29200,1,20,0.0,0.0,0,0,0.0,0.0,0,0,PortScan
21,783,3,1,0,0,0,0,0.0,0.0,0,0,0.0,0.0,0.0,5108.556833,261.0,366.75468639999997,681,4,783,391.5,548.0077554,779,4,0,0.0,0.0,0,0,0,0,0,0,104,40,3831.417625,1277.139208,0,0,0.0,0.0,0.0,0,0,0,1,0,0,0,0,0,0.0,0.0,0.0,104,0,0,0,0,0,0,3,0,1,0,29200,28960,0,32,0.0,0.0,0,0,0.0,0.0,0,0,PortScan
443,120,1,1,2,6,2,2,2.0,0.0,6,6,6.0,0.0,66666.66667,16666.66667,120.0,0.0,120,120,0,0.0,0.0,0,0,0,0.0,0.0,0,0,0,0,0,0,24,20,8333.333333,8333.333333,2,6,3.333333333,2.309401077,5.333333333,0,0,0,1,0,0,0,0,1,5.0,2.0,6.0,24,0,0,0,0,0,0,1,2,1,6,1024,0,0,24,0.0,0.0,0,0,0.0,0.0,0,0,PortScan
123,64015367,4,4,192,192,48,48,48.0,0.0,48,48,48.0,0.0,5.99855969,0.124969994,9145052.429,24200000.0,64000000,3,64000000,21300000.0,37000000.0,64000000,3,64000000,21300000.0,37000000.0,64000000,4,0,0,0,0,80,80,0.062484997,0.062484997,48,48,48.0,0.0,0.0,0,0,0,0,0,0,0,0,1,54.0,48.0,48.0,80,0,0,0,0,0,0,4,192,4,192,-1,-1,3,20,139.0,0.0,139,139,64000000.0,0.0,64000000,64000000,BENIGN
80,74162,3,5,427,2267,427,0,142.33333330000002,246.52856490000002,1460,0,453.4,662.3804043,36325.881180000004,107.87195600000001,10594.57143,13737.95676,29372,2,43633,21816.5,10878.83783,29509,14124,44790,11197.5,21537.28224,43496,2,0,0,0,0,72,112,40.451983500000004,67.41997249,0,1460,299.3333333,519.4677565000001,269846.75,0,0,0,1,0,0,0,0,1,336.75,142.33333330000002,453.4,72,0,0,0,0,0,0,3,427,5,2267,8192,237,1,20,0.0,0.0,0,0,0.0,0.0,0,0,BENIGN
123,81028837,9,9,432,432,48,48,48.0,0.0,48,48,48.0,0.0,10.66287055,0.222143137,4766402.176,14200000.0,59000000,28793,81000000,10100000.0,19900000.0,59000000,1999952,81000000,10100000.0,19900000.0,59000000,1999823,0,0,0,0,196,196,0.11107156800000001,0.11107156800000001,48,48,48.0,0.0,0.0,0,0,0,0,0,0,0,0,1,50.66666667,48.0,48.0,196,0,0,0,0,0,0,9,432,9,432,-1,-1,8,0,6029032.0,5656916.475,10000000,2028988,34500000.0,34600000.0,59000000,9970993,BENIGN
49666,48875559,11,6,890,912,224,0,80.90909091,112.26081640000001,328,0,152.0,147.8593927,36.86914353,0.347822109,3054722.438,12200000.0,48700000,1,48900000,4887555.9,15400000.0,48700000,1,688,137.6,164.8083736,408,3,0,0,0,0,244,144,0.225061365,0.122760744,0,328,100.11111109999999,124.98700590000001,15621.75163,0,0,0,1,0,0,0,0,0,106.0,80.90909091,152.0,244,0,0,0,0,0,0,11,890,6,912,8192,2052,4,20,0.0,0.0,0,0,0.0,0.0,0,0,BENIGN
88,885,9,4,626,3064,313,0,69.55555556,138.0200267,1532,0,766.0,884.5006124,4169491.525,14689.26554,73.75,200.35973330000002,707,1,885,110.625,246.4032337,717,1,783,261.0,445.13818080000004,775,3,0,0,0,0,204,104,10169.49153,4519.7740109999995,0,1532,263.5714286,548.9435607999999,301339.033,0,0,0,1,0,0,0,0,0,283.8461538,69.55555556,766.0,204,0,0,0,0,0,0,9,626,4,3064,8192,2053,2,20,0.0,0.0,0,0,0.0,0.0,0,0,BENIGN
80,20598,5,0,0,0,0,0,0.0,0.0,0,0,0.0,0.0,0.0,242.74201380000002,5149.5,9720.615978,19730,224,20598,5149.5,9720.615978,19730,224,0,0.0,0.0,0,0,0,0,0,0,160,0,242.74201380000002,0.0,0,0,0.0,0.0,0.0,0,0,0,0,1,0,0,0,0,0.0,0.0,0.0,160,0,0,0,0,0,0,5,0,0,0,251,-1,0,32,0.0,0.0,0,0,0.0,0.0,0,0,PortScan
135,26241793,11,6,656,752,168,0,59.63636364,82.78076193,268,0,125.33333329999999,120.6029298,53.65487031,0.647821587,1640112.063,6505873.822000001,26000000,3,26200000,2624179.3,8226463.495,26000000,3,1048,209.6,308.6451036,695,3,0,0,0,0,244,144,0.419178674,0.228642913,0,268,78.22222222,98.36519922,9675.712418000001,0,0,0,1,0,0,0,0,0,82.82352941,59.63636364,125.33333329999999,244,0,0,0,0,0,0,11,656,6,752,8192,2052,4,20,0.0,0.0,0,0,0.0,0.0,0,0,BENIGN
444,150,1,1,0,6,0,0,0.0,0.0,6,6,6.0,0.0,40000.0,13333.33333,150.0,0.0,150,150,0,0.0,0.0,0,0,0,0.0,0.0,0,0,0,0,0,0,40,20,6666.666667,6666.666667,0,6,2.0,3.464101615,12.0,0,0,0,1,0,0,0,0,1,3.0,0.0,6.0,40,0,0,0,0,0,0,1,0,1,6,29200,0,0,40,0.0,0.0,0,0,0.0,0.0,0,0,PortScan
22,134,1,1,0,0,0,0,0.0,0.0,0,0,0.0,0.0,0.0,14925.373130000002,134.0,0.0,134,134,0,0.0,0.0,0,0,0,0.0,0.0,0,0,0,0,0,0,32,32,7462.686567,7462.686567,0,0,0.0,0.0,0.0,0,0,0,0,1,1,0,0,1,0.0,0.0,0.0,32,0,0,0,0,0,0,1,0,1,0,290,243,0,32,0.0,0.0,0,0,0.0,0.0,0,0,BENIGN
444,121,1,1,2,6,2,2,2.0,0.0,6,6,6.0,0.0,66115.70247999999,16528.925619999998,121.0,0.0,121,121,0,0.0,0.0,0,0,0,0.0,0.0,0,0,0,0,0,0,24,20,8264.462809999999,8264.462809999999,2,6,3.333333333,2.309401077,5.333333333,0,0,0,1,0,0,0,0,1,5.0,2.0,6.0,24,0,0,0,0,0,0,1,2,1,6,1024,0,0,24,0.0,0.0,0,0,0.0,0.0,0,0,PortScan
1150,335,4,0,0,0,0,0,0.0,0.0,0,0,0.0,0.0,0.0,11940.298509999999,111.66666670000001,110.2739014,239,48,335,111.66666670000001,110.2739014,239,48,0,0.0,0.0,0,0,0,0,0,0,80,0,11940.298509999999,0.0,0,0,0.0,0.0,0.0,0,0,0,0,1,0,0,0,0,0.0,0.0,0.0,80,0,0,0,0,0,0,4,0,0,0,4657,-1,0,20,0.0,0.0,0,0,0.0,0.0,0,0,BENIGN
80,912,3,1,0,0,0,0,0.0,0.0,0,0,0.0,0.0,0.0,4385.9649119999995,304.0,198.403629,522,134,912,456.0,282.8427125,656,256,0,0.0,0.0,0,0,0,0,0,0,104,40,3289.473684,1096.4912279999999,0,0,0.0,0.0,0.0,0,0,0,1,0,0,0,0,0,0.0,0.0,0.0,104,0,0,0,0,0,0,3,0,1,0,29200,28960,0,32,0.0,0.0,0,0,0.0,0.0,0,0,PortScan
444,93,1,1,2,6,2,2,2.0,0.0,6,6,6.0,0.0,86021.50538,21505.37634,93.0,0.0,93,93,0,0.0,0.0,0,0,0,0.0,0.0,0,0,0,0,0,0,24,20,10752.68817,10752.68817,2,6,3.333333333,2.309401077,5.333333333,0,0,0,1,0,0,0,0,1,5.0,2.0,6.0,24,0,0,0,0,0,0,1,2,1,6,1024,0,0,24,0.0,0.0,0,0,0.0,0.0,0,0,PortScan
80,2665,5,0,0,0,0,0,0.0,0.0,0,0,0.0,0.0,0.0,1876.1726079999999,666.25,745.5947848999999,1781,213,2665,666.25,745.5947848999999,1781,213,0,0.0,0.0,0,0,0,0,0,0,160,0,1876.1726079999999,0.0,0,0,0.0,0.0,0.0,0,0,0,0,1,0,0,0,0,0.0,0.0,0.0,160,0,0,0,0,0,0,5,0,0,0,251,-1,0,32,0.0,0.0,0,0,0.0,0.0,0,0,PortScan
80,5194640,5,5,72,628,72,0,14.4,32.19937888,623,0,125.6,278.06348199999996,134.7542852,1.9250612169999999,577182.2222,1660314.706,5003340,4,191300,47825.0,55090.015770000005,95921,4,5099552,1274888.0,2486065.067,5003389,4,0,0,0,0,168,168,0.962530608,0.962530608,0,623,63.63636364,186.7598847,34879.25455,0,0,0,1,0,0,0,0,1,70.0,14.4,125.6,168,0,0,0,0,0,0,5,72,5,628,29200,227,1,32,0.0,0.0,0,0,0.0,0.0,0,0,BENIGN
1128,48,2,0,31,0,31,0,15.5,21.92031022,0,0,0.0,0.0,645833.3333,41666.66667,48.0,0.0,48,48,48,48.0,0.0,48,48,0,0.0,0.0,0,0,1,0,0,0,40,0,41666.66667,0.0,0,31,20.66666667,17.89785834,320.3333333,0,1,0,0,1,0,0,0,0,31.0,15.5,0.0,40,0,0,0,0,0,0,2,31,0,0,946,-1,0,20,0.0,0.0,0,0,0.0,0.0,0,0,BENIGN
80,2989643,7,4,866,1492,433,0,123.7142857,211.28236580000004,746,0,373.0,430.7033008,788.7229345,3.679369075,298964.3,658683.6578,2095890,69,2989643,498273.8333,815309.6326,2095890,98,789933,263311.0,406350.334,732426,20451,0,0,0,0,152,92,2.341416684,1.337952391,0,746,196.5,305.20678530000004,93151.18182,0,0,0,1,0,0,0,0,0,214.36363640000002,123.7142857,373.0,152,0,0,0,0,0,0,7,866,4,1492,8192,351,2,20,0.0,0.0,0,0,0.0,0.0,0,0,BENIGN
443,336188,9,9,2907,6525,1829,0,323.0,608.3648165,1460,0,725.0,709.9382015,28055.73072,53.54147084,19775.76471,27336.165339999996,66029,15,336188,42023.5,43682.49649,119684,15,272124,34015.5,34008.15892,84599,44,0,0,0,0,192,192,26.77073542,26.77073542,0,1829,496.42105260000005,665.8454372,443350.1462,0,0,0,1,0,0,0,0,1,524.0,323.0,725.0,192,0,0,0,0,0,0,9,2907,9,6525,8192,510,4,20,0.0,0.0,0,0,0.0,0.0,0,0,BENIGN
49666,81,1,2,0,0,0,0,0.0,0.0,0,0,0.0,0.0,0.0,37037.037039999996,40.5,53.03300859,78,3,0,0.0,0.0,0,0,3,3.0,0.0,3,3,0,0,0,0,20,40,12345.67901,24691.35802,0,0,0.0,0.0,0.0,0,0,0,0,1,1,0,0,2,0.0,0.0,0.0,20,0,0,0,0,0,0,1,0,2,0,254,2052,0,20,0.0,0.0,0,0,0.0,0.0,0,0,BENIGN
21,752,2,1,8,2,6,2,4.0,2.828427125,2,2,2.0,0.0,13297.87234,3989.361702,376.0,463.8620485,704,48,752,752.0,0.0,752,752,0,0.0,0.0,0,0,0,0,0,0,44,24,2659.574468,1329.787234,2,6,3.0,2.0,4.0,0,0,0,1,0,0,0,0,0,4.0,4.0,2.0,44,0,0,0,0,0,0,2,8,1,2,1024,29200,1,20,0.0,0.0,0,0,0.0,0.0,0,0,PortScan
443,868178,8,9,661,5446,336,0,82.625,127.47990039999999,1460,0,605.1111111,656.3530766,7034.271774,19.58123795,54261.125,109782.5485,405378,1,815800,116542.8571,159963.5108,405378,346,817562,102195.25,166157.5952,457864,1,0,0,0,0,184,192,9.214700211,10.36653774,0,1460,339.27777779999997,533.4809998,284601.9771,0,0,0,1,0,0,0,0,1,359.23529410000003,82.625,605.1111111,184,0,0,0,0,0,0,8,661,9,5446,8192,40,3,20,0.0,0.0,0,0,0.0,0.0,0,0,BENIGN
80,11788,2,0,0,0,0,0,0.0,0.0,0,0,0.0,0.0,0.0,169.66406519999998,11788.0,0.0,11788,11788,11788,11788.0,0.0,11788,11788,0,0.0,0.0,0,0,0,0,0,0,40,0,169.66406519999998,0.0,0,0,0.0,0.0,0.0,0,0,0,0,1,0,0,0,0,0.0,0.0,0.0,40,0,0,0,0,0,0,2,0,0,0,256,-1,0,20,0.0,0.0,0,0,0.0,0.0,0,0,BENIGN
443,117,1,1,0,6,0,0,0.0,0.0,6,6,6.0,0.0,51282.05128,17094.01709,117.0,0.0,117,117,0,0.0,0.0,0,0,0,0.0,0.0,0,0,0,0,0,0,40,20,8547.008547,8547.008547,0,6,2.0,3.464101615,12.0,0,0,0,1,0,0,0,0,1,3.0,0.0,6.0,40,0,0,0,0,0,0,1,0,1,6,29200,0,0,40,0.0,0.0,0,0,0.0,0.0,0,0,PortScan
443,7693,2,0,0,0,0,0,0.0,0.0,0,0,0.0,0.0,0.0,259.9766021,7693.0,0.0,7693,7693,7693,7693.0,0.0,7693,7693,0,0.0,0.0,0,0,0,0,0,0,64,0,259.9766021,0.0,0,0,0.0,0.0,0.0,0,0,0,0,1,0,0,0,0,0.0,0.0,0.0,64,0,0,0,0,0,0,2,0,0,0,743,-1,0,32,0.0,0.0,0,0,0.0,0.0,0,0,BENIGN
80,5386396,3,1,0,0,0,0,0.0,0.0,0,0,0.0,0.0,0.0,0.742611572,1795465.333,3108998.8880000003,5385428,130,5386396,2693198.0,3807388.1789999995,5385428,968,0,0.0,0.0,0,0,0,0,0,0,104,40,0.556958679,0.185652893,0,0,0.0,0.0,0.0,0,0,0,1,0,0,0,0,0,0.0,0.0,0.0,104,0,0,0,0,0,0,3,0,1,0,29200,28960,0,32,0.0,0.0,0,0,0.0,0.0,0,0,PortScan
80,817,3,1,0,0,0,0,0.0,0.0,0,0,0.0,0.0,0.0,4895.960832,272.3333333,425.55179860000004,763,4,817,408.5,572.049386,813,4,0,0.0,0.0,0,0,0,0,0,0,104,40,3671.970624,1223.990208,0,0,0.0,0.0,0.0,0,0,0,1,0,0,0,0,0,0.0,0.0,0.0,104,0,0,0,0,0,0,3,0,1,0,29200,28960,0,32,0.0,0.0,0,0,0.0,0.0,0,0,PortScan
443,418361,7,7,315,5125,189,0,45.0,78.97467949,1689,0,732.1428571,763.4152275,13003.1241,33.46392231,32181.615380000003,63583.43232000001,228719,43,418361,69726.83333,98093.57211000001,261791,1538,383555,63925.833329999994,91694.08111,228719,89,0,0,0,0,164,152,16.73196115,16.73196115,0,1689,362.6666667,616.8896251,380552.8095,0,0,0,1,0,0,0,0,1,388.57142860000005,45.0,732.1428571,164,0,0,0,0,0,0,7,315,7,5125,8192,55,2,20,0.0,0.0,0,0,0.0,0.0,0,0,BENIGN
21,569,2,1,8,2,6,2,4.0,2.828427125,2,2,2.0,0.0,17574.69244,5272.407733,284.5,306.1772363,501,68,569,569.0,0.0,569,569,0,0.0,0.0,0,0,0,0,0,0,44,24,3514.938489,1757.4692440000001,2,6,3.0,2.0,4.0,0,0,0,1,0,0,0,0,0,4.0,4.0,2.0,44,0,0,0,0,0,0,2,8,1,2,1024,29200,1,20,0.0,0.0,0,0,0.0,0.0,0,0,PortScan
80,906,3,1,0,0,0,0,0.0,0.0,0,0,0.0,0.0,0.0,4415.011038000001,302.0,433.36705,799,3,906,453.0,636.3961031,903,3,0,0.0,0.0,0,0,0,0,0,0,104,40,3311.2582780000002,1103.752759,0,0,0.0,0.0,0.0,0,0,0,1,0,0,0,0,0,0.0,0.0,0.0,104,0,0,0,0,0,0,3,0,1,0,29200,28960,0,32,0.0,0.0,0,0,0.0,0.0,0,0,PortScan
80,861,2,1,8,2,6,2,4.0,2.828427125,2,2,2.0,0.0,11614.40186,3484.320557,430.5,471.64022310000007,764,97,861,861.0,0.0,861,861,0,0.0,0.0,0,0,0,0,0,0,44,24,2322.880372,1161.440186,2,6,3.0,2.0,4.0,0,0,0,1,0,0,0,0,0,4.0,4.0,2.0,44,0,0,0,0,0,0,2,8,1,2,1024,29200,1,20,0.0,0.0,0,0,0.0,0.0,0,0,PortScan
443,684,2,0,0,0,0,0,0.0,0.0,0,0,0.0,0.0,0.0,2923.976608,684.0,0.0,684,684,684,684.0,0.0,684,684,0,0.0,0.0,0,0,0,0,0,0,64,0,2923.976608,0.0,0,0,0.0,0.0,0.0,0,0,0,0,1,0,0,0,0,0.0,0.0,0.0,64,0,0,0,0,0,0,2,0,0,0,437,-1,0,32,0.0,0.0,0,0,0.0,0.0,0,0,BENIGN
389,58251194,27,19,5104,8670,1293,0,189.037037,341.6459573,3069,0,456.31578949999994,774.3691377,236.45867239999998,0.789683384,1294470.978,8673753.923,58200000,1,58300000,2240430.538,11400000.0,58200000,1,64332,3574.0,11186.42385,45688,3,0,0,0,0,880,624,0.463509812,0.32617357199999997,0,3069,293.0638298,565.5483835,319844.9741,0,0,0,1,0,0,0,0,0,299.43478260000006,189.037037,456.31578949999994,880,0,0,0,0,0,0,27,5104,19,8670,29200,2078,16,32,0.0,0.0,0,0,0.0,0.0,0,0,BENIGN
443,199382,11,12,561,5370,195,0,51.0,74.11882352,2920,0,447.5,979.0217287999999,29746.917980000002,115.3564514,9062.818181999999,11897.37155,29370,3,170882,17088.2,14142.59515,34964,17,170403,15491.181819999998,17415.61005,41757,3,0,0,0,0,232,252,55.17047677,60.18597466,0,2920,247.125,709.0790912,502793.1576,0,0,0,1,0,0,0,0,1,257.86956519999995,51.0,447.5,232,0,0,0,0,0,0,11,561,12,5370,8192,12501,5,20,0.0,0.0,0,0,0.0,0.0,0,0,BENIGN
80,545,2,1,8,2,6,2,4.0,2.828427125,2,2,2.0,0.0,18348.62385,5504.5871560000005,272.5,311.8340905,493,52,545,545.0,0.0,545,545,0,0.0,0.0,0,0,0,0,0,0,44,24,3669.724771,1834.8623850000001,2,6,3.0,2.0,4.0,0,0,0,1,0,0,0,0,0,4.0,4.0,2.0,44,0,0,0,0,0,0,2,8,1,2,1024,29200,1,20,0.0,0.0,0,0,0.0,0.0,0,0,PortScan
123,79022373,8,8,384,384,48,48,48.0,0.0,48,48,48.0,0.0,9.718766608,0.202474304,5268158.2,14600000.0,57000000,22191,79000000,11300000.0,20500000.0,57000000,1999850,79000000,11300000.0,20500000.0,57000000,1999705,0,0,0,0,208,208,0.101237152,0.101237152,48,48,48.0,0.0,0.0,0,0,0,0,0,0,0,0,1,51.0,48.0,48.0,208,0,0,0,0,0,0,8,384,8,384,-1,-1,7,20,5022396.5,7070816.789,10000000,22574,34500000.0,31800000.0,57000000,12000000,BENIGN
1047,34,3,1,0,0,0,0,0.0,0.0,0,0,0.0,0.0,0.0,117647.0588,11.33333333,7.234178138,16,3,18,9.0,8.485281374,15,3,0,0.0,0.0,0,0,0,0,0,0,60,20,88235.29412,29411.764710000003,0,0,0.0,0.0,0.0,1,0,0,0,1,0,0,0,0,0.0,0.0,0.0,60,0,0,0,0,0,0,3,0,1,0,0,256,0,20,0.0,0.0,0,0,0.0,0.0,0,0,BENIGN
123,88072273,9,9,432,432,48,48,48.0,0.0,48,48,48.0,0.0,9.810124919,0.204377602,5180721.941000001,14400000.0,58900000,71904,88000000,11000000.0,20100000.0,59000000,1999879,88000000,11000000.0,20100000.0,59000000,1999839,0,0,0,0,212,200,0.102188801,0.102188801,48,48,48.0,0.0,0.0,0,0,0,0,0,0,0,0,1,50.66666667,48.0,48.0,212,0,0,0,0,0,0,9,432,9,432,-1,-1,8,0,6072157.5,5656908.697000001,10100000,2072119,37900000.0,29700000.0,58900000,16900000,BENIGN
389,8062,13,11,5754,940,1684,0,442.61538459999997,660.3381127,210,0,85.45454545,99.28581332,830315.0583,2976.928802,350.52173910000005,952.3574992,3974,3,8062,671.8333332999999,1294.3788140000001,4056,3,8003,800.3,1458.0917550000001,4225,3,0,0,0,0,284,244,1612.503101,1364.425701,0,1684,267.76,506.8647321,256911.8567,0,0,0,1,0,0,0,0,0,278.9166667,442.61538459999997,85.45454545,284,0,0,0,0,0,0,13,5754,11,940,8192,0,8,20,0.0,0.0,0,0,0.0,0.0,0,0,BENIGN
123,71022316,8,8,384,384,48,48,48.0,0.0,48,48,48.0,0.0,10.81350262,0.225281305,4734821.067,14200000.0,56000000,28714,71000000,10100000.0,20300000.0,56000000,1982935,71000000,10100000.0,20300000.0,56000000,1982967,0,0,0,0,184,184,0.112640652,0.112640652,48,48,48.0,0.0,0.0,0,0,0,0,0,0,0,0,1,51.0,48.0,48.0,184,0,0,0,0,0,0,8,384,8,384,-1,-1,7,20,15000000.0,0.0,15000000,15000000,56000000.0,0.0,56000000,56000000,BENIGN
443,693,2,0,0,0,0,0,0.0,0.0,0,0,0.0,0.0,0.0,2886.0028859999998,693.0,0.0,693,693,693,693.0,0.0,693,693,0,0.0,0.0,0,0,0,0,0,0,64,0,2886.0028859999998,0.0,0,0,0.0,0.0,0.0,0,0,0,0,1,0,0,0,0,0.0,0.0,0.0,64,0,0,0,0,0,0,2,0,0,0,343,-1,0,32,0.0,0.0,0,0,0.0,0.0,0,0,BENIGN
53,23853,1,1,43,99,43,43,43.0,0.0,99,99,99.0,0.0,5953.129585000001,83.84689557,23853.0,0.0,23853,23853,0,0.0,0.0,0,0,0,0.0,0.0,0,0,0,0,0,0,20,20,41.92344778,41.92344778,43,99,61.66666667,32.33161507,1045.333333,0,0,0,0,0,0,0,0,1,92.5,43.0,99.0,20,0,0,0,0,0,0,1,43,1,99,-1,-1,0,20,0.0,0.0,0,0,0.0,0.0,0,0,BENIGN
123,67071862,7,7,336,336,48,48,48.0,0.0,48,48,48.0,0.0,10.01910458,0.208731345,5159374.0,15600000.0,56900000,71960,67000000,11200000.0,22500000.0,57000000,1999890,67000000,11200000.0,22500000.0,57000000,1999591,0,0,0,0,188,188,0.104365673,0.104365673,48,48,48.0,0.0,0.0,0,0,0,0,0,0,0,0,1,51.42857143,48.0,48.0,188,0,0,0,0,0,0,7,336,7,336,-1,-1,6,20,10100000.0,0.0,10100000,10100000,56900000.0,0.0,56900000,56900000,BENIGN
80,26641766,4,4,227,301,227,0,56.75,113.5,301,0,75.25,150.5,19.81850603,0.300280394,3805966.5710000005,10000000.0,26600000,30,75494,25164.66667,21765.99872,38095,35,26600000,8868151.332999999,15300000.0,26600000,736,0,0,0,0,92,92,0.150140197,0.150140197,0,301,58.66666667,117.8738733,13894.25,0,0,0,1,0,0,0,0,1,66.0,56.75,75.25,92,0,0,0,0,0,0,4,227,4,301,65535,946,1,20,0.0,0.0,0,0,0.0,0.0,0,0,BENIGN
444,149,1,1,2,6,2,2,2.0,0.0,6,6,6.0,0.0,53691.27517000001,13422.818790000001,149.0,0.0,149,149,0,0.0,0.0,0,0,0,0.0,0.0,0,0,0,0,0,0,24,20,6711.409395999999,6711.409395999999,2,6,3.333333333,2.309401077,5.333333333,0,0,0,1,0,0,0,0,1,5.0,2.0,6.0,24,0,0,0,0,0,0,1,2,1,6,1024,0,0,24,0.0,0.0,0,0,0.0,0.0,0,0,PortScan
22,703,3,1,0,0,0,0,0.0,0.0,0,0,0.0,0.0,0.0,5689.9004270000005,234.33333330000002,295.515369,575,47,703,351.5,430.6280297,656,47,0,0.0,0.0,0,0,0,0,0,0,104,40,4267.42532,1422.475107,0,0,0.0,0.0,0.0,0,0,0,1,0,0,0,0,0,0.0,0.0,0.0,104,0,0,0,0,0,0,3,0,1,0,29200,28960,0,32,0.0,0.0,0,0,0.0,0.0,0,0,PortScan
443,1091171,15,16,833,7098,234,0,55.53333333,81.71716612,1690,0,443.625,661.6589126,7268.338326000001,28.40984594,36372.366669999996,103277.0058,512356,1,1091171,77940.78571,148786.8209,512356,48,1061607,70773.8,195967.4713,746636,1,0,0,0,0,312,332,13.74669965,14.66314629,0,1690,247.84375,504.4906796,254510.8458,0,0,0,1,0,0,0,0,1,255.8387097,55.53333333,443.625,312,0,0,0,0,0,0,15,833,16,7098,8192,12501,7,20,0.0,0.0,0,0,0.0,0.0,0,0,BENIGN
80,613,3,1,0,0,0,0,0.0,0.0,0,0,0.0,0.0,0.0,6525.285481,204.33333330000002,320.51573019999995,574,4,613,306.5,427.79960260000007,609,4,0,0.0,0.0,0,0,0,0,0,0,104,40,4893.964111,1631.32137,0,0,0.0,0.0,0.0,0,0,0,1,0,0,0,0,0,0.0,0.0,0.0,104,0,0,0,0,0,0,3,0,1,0,29200,28960,0,32,0.0,0.0,0,0,0.0,0.0,0,0,PortScan
123,4022869,3,3,144,144,48,48,48.0,0.0,48,48,48.0,0.0,71.59069808,1.4914728769999999,804573.8,1070691.442,1977491,22509,3999993,1999996.5,4.949747468,2000000,1999993,4000300,2000150.0,306.884343,2000367,1999933,0,0,0,0,72,72,0.745736438,0.745736438,48,48,48.0,0.0,0.0,0,0,0,0,0,0,0,0,1,56.0,48.0,48.0,72,0,0,0,0,0,0,3,144,3,144,-1,-1,2,20,0.0,0.0,0,0,0.0,0.0,0,0,BENIGN
5353,89801855,215,0,28468,0,292,39,132.4093023,90.01770286,0,0,0.0,0.0,317.0090417,2.3941598980000003,419634.8364,2909229.0519999997,32000000,0,89800000,419634.8364,2909229.0519999997,32000000,0,0,0.0,0.0,0,0,0,0,0,0,3318,0,2.3941598980000003,0.0,39,292,133.0555556,90.3089615,8155.708527,0,0,0,0,0,0,0,0,0,133.6744186,132.4093023,0.0,3318,0,0,0,0,0,0,215,28468,0,0,-1,-1,214,0,3022883.75,3577148.203,7004138,13,19400000.0,10100000.0,32000000,8000740,BENIGN
21,964,3,1,0,0,0,0,0.0,0.0,0,0,0.0,0.0,0.0,4149.377593,321.3333333,196.1054138,538,156,964,482.0,299.81327519999996,694,270,0,0.0,0.0,0,0,0,0,0,0,104,40,3112.033195,1037.344398,0,0,0.0,0.0,0.0,0,0,0,1,0,0,0,0,0,0.0,0.0,0.0,104,0,0,0,0,0,0,3,0,1,0,29200,28960,0,32,0.0,0.0,0,0,0.0,0.0,0,0,PortScan
443,5027591,8,7,363,5457,206,0,45.375,78.19561095,2021,0,779.5714286,839.3100057,1157.612065,2.98353625,359113.6429,1248577.6979999999,4691942,4,5027591,718227.2857,1754791.04,4691942,4,304494,50749.0,90937.19378,233472,49,0,0,0,0,184,152,1.5912193330000002,1.3923169169999998,0,2021,363.75,654.3707919,428201.1333,0,0,0,1,0,0,0,0,0,388.0,45.375,779.5714286,184,0,0,0,0,0,0,8,363,7,5457,8192,119,3,20,0.0,0.0,0,0,0.0,0.0,0,0,BENIGN
88,549,7,4,2762,2820,1381,0,394.57142860000005,673.8590004,1410,0,705.0,814.0638796000001,10200000.0,20036.42987,54.9,76.08978614,258,0,549,91.5,145.45892890000002,384,2,467,155.66666669999998,185.618785,370,48,0,0,0,0,164,104,12750.45537,7285.974498999999,0,1410,465.16666669999995,687.1523363,472178.3333,0,0,0,1,0,0,0,0,0,507.4545455,394.57142860000005,705.0,164,0,0,0,0,0,0,7,2762,4,2820,8192,2053,2,20,0.0,0.0,0,0,0.0,0.0,0,0,BENIGN
389,14737,17,12,3452,6654,1313,0,203.05882350000002,425.7784739,1621,0,554.5,727.5332545,685756.9383,1967.836059,526.3214286,2431.6591359999998,12919,0,14737,921.0625,3206.354679,12919,0,14569,1324.4545449999998,4048.0990439999996,13522,1,0,0,0,0,560,400,1153.559069,814.2769899,0,1621,336.8666667,578.6183146000001,334799.154,0,0,0,1,0,0,0,0,0,348.4827586,203.05882350000002,554.5,560,0,0,0,0,0,0,17,3452,12,6654,29200,2075,10,32,0.0,0.0,0,0,0.0,0.0,0,0,BENIGN
443,535,2,0,0,0,0,0,0.0,0.0,0,0,0.0,0.0,0.0,3738.3177570000003,535.0,0.0,535,535,535,535.0,0.0,535,535,0,0.0,0.0,0,0,0,0,0,0,64,0,3738.3177570000003,0.0,0,0,0.0,0.0,0.0,0,0,0,0,1,0,0,0,0,0.0,0.0,0.0,64,0,0,0,0,0,0,2,0,0,0,372,-1,0,32,0.0,0.0,0,0,0.0,0.0,0,0,BENIGN
22,633,2,1,8,2,6,2,4.0,2.828427125,2,2,2.0,0.0,15797.78831,4739.336493,316.5,355.6747109,568,65,633,633.0,0.0,633,633,0,0.0,0.0,0,0,0,0,0,0,44,24,3159.557662,1579.778831,2,6,3.0,2.0,4.0,0,0,0,1,0,0,0,0,0,4.0,4.0,2.0,44,0,0,0,0,0,0,2,8,1,2,1024,29200,1,20,0.0,0.0,0,0,0.0,0.0,0,0,PortScan
135,65,1,1,0,0,0,0,0.0,0.0,0,0,0.0,0.0,0.0,30769.23077,65.0,0.0,65,65,0,0.0,0.0,0,0,0,0.0,0.0,0,0,0,0,0,0,20,20,15384.615380000001,15384.615380000001,0,0,0.0,0.0,0.0,0,0,0,0,1,1,0,0,1,0.0,0.0,0.0,20,0,0,0,0,0,0,1,0,1,0,253,2051,0,20,0.0,0.0,0,0,0.0,0.0,0,0,BENIGN
22,790,3,1,0,0,0,0,0.0,0.0,0,0,0.0,0.0,0.0,5063.291139,263.3333333,374.0753044,692,3,790,395.0,554.3717165,787,3,0,0.0,0.0,0,0,0,0,0,0,104,40,3797.468354,1265.822785,0,0,0.0,0.0,0.0,0,0,0,1,0,0,0,0,0,0.0,0.0,0.0,104,0,0,0,0,0,0,3,0,1,0,29200,28960,0,32,0.0,0.0,0,0,0.0,0.0,0,0,PortScan
445,90000196,10,10,8,2,1,0,0.8,0.421637021,1,0,0.2,0.421637021,0.111110869,0.222221738,4736852.421,11200000.0,30000000,1,90000000,10000000.0,15000000.0,30000000,3,90000000,10000000.0,15000000.0,30000000,3,0,0,0,0,224,296,0.111110869,0.111110869,0,1,0.523809524,0.511766316,0.261904762,0,0,0,0,1,0,0,0,1,0.55,0.8,0.2,224,0,0,0,0,0,0,10,8,10,2,253,2047,7,20,16680.66667,28773.98835,49906,50,30000000.0,28836.416719999997,30000000,30000000,BENIGN
1113,20239,6,1,454,0,318,0,75.66666667,120.9258726,0,0,0.0,0.0,22431.93834,345.86689069999994,3373.166667,7971.257904000001,19639,0,20239,4047.8,8719.497847,19639,0,0,0.0,0.0,0,0,1,0,0,0,120,20,296.4573348,49.40955581,0,318,96.5,138.40623440000002,19156.28571,0,1,0,0,1,0,0,0,0,110.2857143,75.66666667,0.0,120,0,0,0,0,0,0,6,454,1,0,343,0,3,20,0.0,0.0,0,0,0.0,0.0,0,0,BENIGN
389,337,11,4,172,326,79,0,15.63636364,31.4492376,163,0,81.5,94.10809388,1477744.8069999998,44510.385760000005,24.07142857,21.87187968,49,0,337,33.7,38.0848468,102,0,256,85.33333333,62.93117934,158,49,0,0,0,0,368,144,32640.94955,11869.4362,0,163,31.125,57.86060836,3347.85,0,0,0,1,0,0,0,0,0,33.2,15.63636364,81.5,368,0,0,0,0,0,0,11,172,4,326,29200,2081,4,32,0.0,0.0,0,0,0.0,0.0,0,0,BENIGN
88,640,7,4,440,358,220,0,62.85714286,107.34900800000001,179,0,89.5,103.3456982,1246875.0,17187.5,64.0,135.557286,445,1,640,106.66666670000001,194.3251571,497,1,538,179.33333330000002,303.6862416,530,4,0,0,0,0,164,104,10937.5,6250.0,0,220,66.5,99.00183653,9801.363636,0,0,0,1,0,0,0,0,0,72.54545455,62.85714286,89.5,164,0,0,0,0,0,0,7,440,4,358,8192,2053,2,20,0.0,0.0,0,0,0.0,0.0,0,0,BENIGN
49666,56,1,1,0,0,0,0,0.0,0.0,0,0,0.0,0.0,0.0,35714.285710000004,56.0,0.0,56,56,0,0.0,0.0,0,0,0,0.0,0.0,0,0,0,0,0,0,20,20,17857.14286,17857.14286,0,0,0.0,0.0,0.0,0,0,0,0,1,1,0,0,1,0.0,0.0,0.0,20,0,0,0,0,0,0,1,0,1,0,256,2048,0,20,0.0,0.0,0,0,0.0,0.0,0,0,BENIGN
80,6735,2,0,0,0,0,0,0.0,0.0,0,0,0.0,0.0,0.0,296.956199,6735.0,0.0,6735,6735,6735,6735.0,0.0,6735,6735,0,0.0,0.0,0,0,0,0,0,0,40,0,296.956199,0.0,0,0,0.0,0.0,0.0,0,0,0,0,1,0,0,0,0,0.0,0.0,0.0,40,0,0,0,0,0,0,2,0,0,0,63586,-1,0,20,0.0,0.0,0,0,0.0,0.0,0,0,BENIGN
80,13218,2,0,0,0,0,0,0.0,0.0,0,0,0.0,0.0,0.0,151.30882130000003,13218.0,0.0,13218,13218,13218,13218.0,0.0,13218,13218,0,0.0,0.0,0,0,0,0,0,0,40,0,151.30882130000003,0.0,0,0,0.0,0.0,0.0,0,0,0,0,1,0,0,0,0,0.0,0.0,0.0,40,0,0,0,0,0,0,2,0,0,0,253,-1,0,20,0.0,0.0,0,0,0.0,0.0,0,0,BENIGN
80,3629,2,0,0,0,0,0,0.0,0.0,0,0,0.0,0.0,0.0,551.1160099,3629.0,0.0,3629,3629,3629,3629.0,0.0,3629,3629,0,0.0,0.0,0,0,0,0,0,0,40,0,551.1160099,0.0,0,0,0.0,0.0,0.0,0,0,0,0,1,0,0,0,0,0.0,0.0,0.0,40,0,0,0,0,0,0,2,0,0,0,64130,-1,0,20,0.0,0.0,0,0,0.0,0.0,0,0,BENIGN
389,0,2,0,7,0,7,0,3.5,4.949747468,0,0,0.0,0.0,inf,inf,0.0,0.0,0,0,0,0.0,0.0,0,0,0,0.0,0.0,0,0,1,0,0,0,64,0,0.0,0.0,0,7,4.666666667,4.041451884,16.33333333,0,1,0,0,1,0,0,0,0,7.0,3.5,0.0,64,0,0,0,0,0,0,2,7,0,0,237,-1,0,32,0.0,0.0,0,0,0.0,0.0,0,0,BENIGN
123,67015945,8,8,384,384,48,48,48.0,0.0,48,48,48.0,0.0,11.45995927,0.23874915100000002,4467729.666999999,14300000.0,56000000,16154,67000000,9571398.714,20500000.0,56000000,1014242,67000000,9571389.143,20500000.0,56000000,1014583,0,0,0,0,152,152,0.119374576,0.119374576,48,48,48.0,0.0,0.0,0,0,0,0,0,0,0,0,1,51.0,48.0,48.0,152,0,0,0,0,0,0,8,384,8,384,-1,-1,7,0,11000000.0,0.0,11000000,11000000,56000000.0,0.0,56000000,56000000,BENIGN
135,14241853,11,6,656,560,168,0,59.63636364,82.78076193,172,0,93.33333333,77.75517132,85.38214796,1.1936648970000001,890115.8125,3507027.835,14000000,1,14200000,1424185.3,4433240.813,14000000,1,615,123.0,156.21139519999997,366,4,0,0,0,0,244,144,0.772371404,0.42129349299999996,0,172,67.55555556,79.70402767,6352.732026,0,0,0,1,0,0,0,0,0,71.52941176,59.63636364,93.33333333,244,0,0,0,0,0,0,11,656,6,560,8192,2052,4,20,0.0,0.0,0,0,0.0,0.0,0,0,BENIGN
443,15138,2,0,0,0,0,0,0.0,0.0,0,0,0.0,0.0,0.0,132.1178491,15138.0,0.0,15138,15138,15138,15138.0,0.0,15138,15138,0,0.0,0.0,0,0,0,0,0,0,40,0,132.1178491,0.0,0,0,0.0,0.0,0.0,0,0,0,0,1,0,0,0,0,0.0,0.0,0.0,40,0,0,0,0,0,0,2,0,0,0,254,-1,0,20,0.0,0.0,0,0,0.0,0.0,0,0,BENIGN
49174,36,3,1,0,0,0,0,0.0,0.0,0,0,0.0,0.0,0.0,111111.1111,12.0,7.937253932999999,18,3,18,9.0,8.485281374,15,3,0,0.0,0.0,0,0,0,0,0,0,60,20,83333.33333,27777.77778,0,0,0.0,0.0,0.0,1,0,0,0,1,0,0,0,0,0.0,0.0,0.0,60,0,0,0,0,0,0,3,0,1,0,0,254,0,20,0.0,0.0,0,0,0.0,0.0,0,0,BENIGN
444,186,1,1,2,6,2,2,2.0,0.0,6,6,6.0,0.0,43010.75269,10752.68817,186.0,0.0,186,186,0,0.0,0.0,0,0,0,0.0,0.0,0,0,0,0,0,0,24,20,5376.344086,5376.344086,2,6,3.333333333,2.309401077,5.333333333,0,0,0,1,0,0,0,0,1,5.0,2.0,6.0,24,0,0,0,0,0,0,1,2,1,6,1024,0,0,24,0.0,0.0,0,0,0.0,0.0,0,0,PortScan
1054,24,1,1,0,0,0,0,0.0,0.0,0,0,0.0,0.0,0.0,83333.33333,24.0,0.0,24,24,0,0.0,0.0,0,0,0,0.0,0.0,0,0,0,0,0,0,20,20,41666.66667,41666.66667,0,0,0.0,0.0,0.0,0,0,0,0,1,0,0,0,1,0.0,0.0,0.0,20,0,0,0,0,0,0,1,0,1,0,2053,251,0,20,0.0,0.0,0,0,0.0,0.0,0,0,BENIGN
21,586,3,1,0,0,0,0,0.0,0.0,0,0,0.0,0.0,0.0,6825.938567,195.33333330000002,164.6096392,373,48,586,293.0,346.4823228,538,48,0,0.0,0.0,0,0,0,0,0,0,104,40,5119.453925,1706.4846420000001,0,0,0.0,0.0,0.0,0,0,0,1,0,0,0,0,0,0.0,0.0,0.0,104,0,0,0,0,0,0,3,0,1,0,29200,28960,0,32,0.0,0.0,0,0,0.0,0.0,0,0,PortScan
53,121628,1,1,51,149,51,51,51.0,0.0,149,149,149.0,0.0,1644.358207,16.44358207,121628.0,0.0,121628,121628,0,0.0,0.0,0,0,0,0.0,0.0,0,0,0,0,0,0,20,20,8.221791035,8.221791035,51,149,83.66666667,56.58032638,3201.333333,0,0,0,0,0,0,0,0,1,125.5,51.0,149.0,20,0,0,0,0,0,0,1,51,1,149,-1,-1,0,20,0.0,0.0,0,0,0.0,0.0,0,0,BENIGN
389,112962280,46,27,9834,11710,1337,0,213.78260869999997,306.1758328,3069,0,433.70370369999995,642.2746725,190.7185301,0.646233415,1568920.5559999999,4813490.8319999995,16400000,1,113000000,2510272.889,5913603.333,16400000,1,113000000,4344698.5,7301900.373,16400000,3,0,0,0,0,1488,880,0.40721557700000005,0.23901783899999998,0,3069,291.1351351,466.0044777,217160.1733,0,0,0,1,0,0,0,0,0,295.1232877,213.78260869999997,433.70370369999995,1488,0,0,0,0,0,0,46,9834,27,11710,29200,2076,24,32,9393.428570999999,23989.27995,63796,318,16100000.0,496964.8891,16400000,15400000,BENIGN
88,639,7,4,466,414,233,0,66.57142857,113.6923585,207,0,103.5,119.5115057,1377151.8,17214.3975,63.9,117.13283059999999,380,1,639,106.5,196.9758868,503,1,469,156.33333330000002,264.7155706,462,3,0,0,0,0,164,104,10954.616590000001,6259.780908,0,233,73.33333333,108.6038115,11794.78788,0,0,0,1,0,0,0,0,0,80.0,66.57142857,103.5,164,0,0,0,0,0,0,7,466,4,414,8192,2053,2,20,0.0,0.0,0,0,0.0,0.0,0,0,BENIGN
80,699,2,1,8,2,6,2,4.0,2.828427125,2,2,2.0,0.0,14306.15165,4291.845494,349.5,310.41987689999996,569,130,699,699.0,0.0,699,699,0,0.0,0.0,0,0,0,0,0,0,44,24,2861.230329,1430.615165,2,6,3.0,2.0,4.0,0,0,0,1,0,0,0,0,0,4.0,4.0,2.0,44,0,0,0,0,0,0,2,8,1,2,1024,29200,1,20,0.0,0.0,0,0,0.0,0.0,0,0,PortScan
137,1614495,27,0,1350,0,50,50,50.0,0.0,0,0,0.0,0.0,836.1747791,16.72349558,62095.96154,219359.7573,807336,1,1614495,62095.96154,219359.7573,807336,1,0,0.0,0.0,0,0,0,0,0,0,864,0,16.72349558,0.0,50,50,50.0,0.0,0.0,0,0,0,0,0,0,0,0,0,51.85185185,50.0,0.0,864,0,0,0,0,0,0,27,1350,0,0,-1,-1,26,32,0.0,0.0,0,0,0.0,0.0,0,0,BENIGN
123,67059625,7,7,336,336,48,48,48.0,0.0,48,48,48.0,0.0,10.02093286,0.208769435,5158432.692,15600000.0,56900000,50347,67000000,11200000.0,22500000.0,57000000,1999872,67000000,11200000.0,22500000.0,57000000,1986820,0,0,0,0,152,152,0.10438471699999999,0.10438471699999999,48,48,48.0,0.0,0.0,0,0,0,0,0,0,0,0,1,51.42857143,48.0,48.0,152,0,0,0,0,0,0,7,336,7,336,-1,-1,6,20,10100000.0,0.0,10100000,10100000,56900000.0,0.0,56900000,56900000,BENIGN
22,9915,4,2,0,41,0,0,0.0,0.0,41,0,20.5,28.99137803,4135.1487640000005,605.1437216,1983.0,3067.8950440000003,7444,97,9915,3305.0,4214.97414,8172,856,8234,8234.0,0.0,8234,8234,0,0,0,0,136,72,403.4291478,201.7145739,0,41,5.857142857,15.49654339,240.1428571,0,0,0,1,0,0,0,0,0,6.833333333,0.0,20.5,136,0,0,0,0,0,0,4,0,2,41,29200,227,0,32,0.0,0.0,0,0,0.0,0.0,0,0,PortScan
389,26534,17,12,3452,6654,1313,0,203.05882350000002,425.7784739,3069,0,554.5,977.7881812,380869.8274,1092.937363,947.6428571,4642.216315,24628,1,26534,1658.375,6128.181240999999,24628,1,26442,2403.818182,7574.998017,25239,3,0,0,0,0,560,388,640.6874199,452.2499435,0,3069,336.8666667,704.7521322000001,496675.5678,0,0,0,1,0,0,0,0,0,348.4827586,203.05882350000002,554.5,560,0,0,0,0,0,0,17,3452,12,6654,29200,0,10,32,0.0,0.0,0,0,0.0,0.0,0,0,BENIGN
443,7148,2,0,0,0,0,0,0.0,0.0,0,0,0.0,0.0,0.0,279.79854500000005,7148.0,0.0,7148,7148,7148,7148.0,0.0,7148,7148,0,0.0,0.0,0,0,0,0,0,0,64,0,279.79854500000005,0.0,0,0,0.0,0.0,0.0,0,0,0,0,1,0,0,0,0,0.0,0.0,0.0,64,0,0,0,0,0,0,2,0,0,0,755,-1,0,32,0.0,0.0,0,0,0.0,0.0,0,0,BENIGN
443,43843756,27,26,1029,28394,517,0,38.11111111,120.3866634,3069,0,1092.076923,858.0099264,671.0875774,1.208838038,843149.1538,2657237.244,10000000,8,43800000,1686291.5769999998,3643473.73,10200000,110,43700000,1747815.68,3711404.1010000003,10200000,171,0,0,0,0,872,840,0.615823152,0.593014887,0,3069,544.8703704,798.5514017999999,637684.3414,0,0,0,1,0,0,0,0,0,555.1509434,38.11111111,1092.076923,872,0,0,0,0,0,0,27,1029,26,28394,29200,252,3,32,1110452.25,1924054.504,3996534,148294,9850426.0,316980.0521,10000000,9375061,BENIGN
444,140,1,1,2,6,2,2,2.0,0.0,6,6,6.0,0.0,57142.85714,14285.71429,140.0,0.0,140,140,0,0.0,0.0,0,0,0,0.0,0.0,0,0,0,0,0,0,24,20,7142.857143000001,7142.857143000001,2,6,3.333333333,2.309401077,5.333333333,0,0,0,1,0,0,0,0,1,5.0,2.0,6.0,24,0,0,0,0,0,0,1,2,1,6,1024,0,0,24,0.0,0.0,0,0,0.0,0.0,0,0,PortScan
1049,8,2,1,0,0,0,0,0.0,0.0,0,0,0.0,0.0,0.0,375000.0,4.0,4.242640687,7,1,1,1.0,0.0,1,1,0,0.0,0.0,0,0,0,0,0,0,40,20,250000.0,125000.0,0,0,0.0,0.0,0.0,1,0,0,0,0,0,0,0,0,0.0,0.0,0.0,40,0,0,0,0,0,0,2,0,1,0,0,254,0,20,0.0,0.0,0,0,0.0,0.0,0,0,BENIGN
88,1840,8,6,5038,258,2519,0,629.75,958.1053849,129,0,43.0,66.61531355,2878260.87,7608.695651999999,141.5384615,254.4653268,784,1,1840,262.8571429,424.8056138,929,2,1416,283.2,403.5767585,879,1,0,0,0,0,184,144,4347.8260869999995,3260.869565,0,2519,353.0666667,744.5939897000001,554420.2095,0,0,0,1,0,0,0,0,0,378.2857143,629.75,43.0,184,0,0,0,0,0,0,8,5038,6,258,8192,2053,3,20,0.0,0.0,0,0,0.0,0.0,0,0,BENIGN
80,779,2,1,8,2,6,2,4.0,2.828427125,2,2,2.0,0.0,12836.97047,3851.091142,389.5,482.95393160000003,731,48,779,779.0,0.0,779,779,0,0.0,0.0,0,0,0,0,0,0,44,24,2567.394095,1283.697047,2,6,3.0,2.0,4.0,0,0,0,1,0,0,0,0,0,4.0,4.0,2.0,44,0,0,0,0,0,0,2,8,1,2,1024,29200,1,20,0.0,0.0,0,0,0.0,0.0,0,0,PortScan
21,853,3,1,0,0,0,0,0.0,0.0,0,0,0.0,0.0,0.0,4689.331770000001,284.3333333,475.21083039999996,833,3,853,426.5,598.9194437000001,850,3,0,0.0,0.0,0,0,0,0,0,0,104,40,3516.9988280000002,1172.332943,0,0,0.0,0.0,0.0,0,0,0,1,0,0,0,0,0,0.0,0.0,0.0,104,0,0,0,0,0,0,3,0,1,0,29200,28960,0,32,0.0,0.0,0,0,0.0,0.0,0,0,PortScan
123,70012970,8,8,384,384,48,48,48.0,0.0,48,48,48.0,0.0,10.969396099999999,0.228529085,4667531.333000001,14200000.0,56000000,27449,70000000,9997931.571,20300000.0,56000000,1996407,70000000,9997838.0,20300000.0,56000000,1996240,0,0,0,0,184,204,0.11426454300000001,0.11426454300000001,48,48,48.0,0.0,0.0,0,0,0,0,0,0,0,0,1,51.0,48.0,48.0,184,0,0,0,0,0,0,8,384,8,384,-1,-1,7,20,14000000.0,0.0,14000000,14000000,56000000.0,0.0,56000000,56000000,BENIGN
443,71054993,38,44,1310,57983,517,0,34.47368421,113.77235139999999,2930,0,1317.7954550000002,950.4915883,834.4663407,1.15403572,877222.1358,2689414.269,10000000,1,71100000,1920399.405,3794233.514,10200000,1,70900000,1648990.07,3592349.5519999997,10200000,3,0,0,0,0,1224,1416,0.534797041,0.619238679,0,2930,714.373494,946.2645006000001,895416.5051,0,0,0,1,0,0,0,0,1,723.0853658999999,34.47368421,1317.7954550000002,1224,0,0,0,0,0,0,38,1310,44,57983,29200,252,4,32,722464.0,1450131.562,4008526,148321,9428215.286,1274207.385,10000000,6590232,BENIGN
88,1087,9,6,3110,3108,1555,0,345.55555560000005,685.6905481000001,1554,0,518.0,802.4821493,5720331.187000001,13799.448019999998,77.64285714,210.08006060000002,804,1,1087,135.875,309.4107014,898,1,995,199.0,342.4083819,804,3,0,0,0,0,304,208,8279.668813,5519.779209,0,1555,388.625,695.1935822,483294.1167,0,0,0,1,0,0,0,0,0,414.53333330000004,345.55555560000005,518.0,304,0,0,0,0,0,0,9,3110,6,3108,29200,2081,2,32,0.0,0.0,0,0,0.0,0.0,0,0,BENIGN
80,736,3,1,0,0,0,0,0.0,0.0,0,0,0.0,0.0,0.0,5434.782609000001,245.33333330000002,248.93037850000002,525,48,736,368.0,452.54834000000005,688,48,0,0.0,0.0,0,0,0,0,0,0,104,40,4076.086957,1358.6956519999999,0,0,0.0,0.0,0.0,0,0,0,1,0,0,0,0,0,0.0,0.0,0.0,104,0,0,0,0,0,0,3,0,1,0,29200,28960,0,32,0.0,0.0,0,0,0.0,0.0,0,0,PortScan
49666,34256029,39,34,12094,6500,1755,0,310.10256410000005,490.9717965,348,0,191.1764706,128.0128948,542.7949632,2.131011741,475778.1806,3665524.167,31100000,1,34300000,901474.4474,5038710.097,31100000,1,3123992,94666.42424,392212.6272,1981403,1,0,0,0,0,804,704,1.138485725,0.9925260159999999,0,1755,251.27027030000002,370.5182338,137283.7616,0,0,0,1,0,0,0,0,0,254.71232880000002,310.10256410000005,191.1764706,804,0,0,0,0,0,0,39,12094,34,6500,8192,2053,28,20,0.0,0.0,0,0,0.0,0.0,0,0,BENIGN
443,76,1,1,2,6,2,2,2.0,0.0,6,6,6.0,0.0,105263.1579,26315.78947,76.0,0.0,76,76,0,0.0,0.0,0,0,0,0.0,0.0,0,0,0,0,0,0,24,20,13157.89474,13157.89474,2,6,3.333333333,2.309401077,5.333333333,0,0,0,1,0,0,0,0,1,5.0,2.0,6.0,24,0,0,0,0,0,0,1,2,1,6,1024,0,0,24,0.0,0.0,0,0,0.0,0.0,0,0,PortScan
80,738,2,1,8,2,6,2,4.0,2.828427125,2,2,2.0,0.0,13550.1355,4065.04065,369.0,309.7127702,588,150,738,738.0,0.0,738,738,0,0.0,0.0,0,0,0,0,0,0,44,24,2710.0271,1355.01355,2,6,3.0,2.0,4.0,0,0,0,1,0,0,0,0,0,4.0,4.0,2.0,44,0,0,0,0,0,0,2,8,1,2,1024,29200,1,20,0.0,0.0,0,0,0.0,0.0,0,0,PortScan
80,599,2,1,8,2,6,2,4.0,2.828427125,2,2,2.0,0.0,16694.49082,5008.347245,299.5,398.10111780000005,581,18,599,599.0,0.0,599,599,0,0.0,0.0,0,0,0,0,0,0,44,24,3338.898164,1669.449082,2,6,3.0,2.0,4.0,0,0,0,1,0,0,0,0,0,4.0,4.0,2.0,44,0,0,0,0,0,0,2,8,1,2,1024,29200,1,20,0.0,0.0,0,0,0.0,0.0,0,0,PortScan
80,62792,3,2,426,654,426,0,142.0,245.95121469999998,654,0,327.0,462.4478348999999,17199.64327,79.62797809,15698.0,15786.892090000001,29370,3,33422,16711.0,17676.25532,29210,4212,33585,33585.0,0.0,33585,33585,0,0,0,0,72,44,47.77678685,31.85119123,0,654,180.0,288.02499889999996,82958.4,0,0,0,1,0,0,0,0,0,216.0,142.0,327.0,72,0,0,0,0,0,0,3,426,2,654,8192,16384,1,20,0.0,0.0,0,0,0.0,0.0,0,0,BENIGN
1061,47,1,1,0,0,0,0,0.0,0.0,0,0,0.0,0.0,0.0,42553.19149,47.0,0.0,47,47,0,0.0,0.0,0,0,0,0.0,0.0,0,0,0,0,0,0,20,20,21276.59574,21276.59574,0,0,0.0,0.0,0.0,1,0,0,0,1,0,0,0,1,0.0,0.0,0.0,20,0,0,0,0,0,0,1,0,1,0,0,256,0,20,0.0,0.0,0,0,0.0,0.0,0,0,BENIGN
443,36716149,22,24,1458,18752,565,0,66.27272727,166.6716709,2576,0,781.3333332999999,799.0422346,550.4389907999999,1.252854704,815914.4222,2588799.736,10000000,2,31700000,1507834.667,3613604.599,10200000,2,36500000,1588064.696,3557191.883,10200000,2,0,0,0,0,712,776,0.59919138,0.6536633239999999,0,2576,430.0,680.8886776,463609.3913,0,0,0,1,0,0,0,0,1,439.3478261,66.27272727,781.3333332999999,712,0,0,0,0,0,0,22,1458,24,18752,29200,261,4,32,539690.6667,603006.1824,1235981,190412,10000000.0,13402.00131,10000000,10000000,BENIGN
123,64412706,4,4,192,192,48,48,48.0,0.0,48,48,48.0,0.0,5.961556715,0.12419909800000001,9201815.143,24300000.0,64400000,3,64400000,21500000.0,37200000.0,64400000,3,64400000,21500000.0,37200000.0,64400000,3,0,0,0,0,80,80,0.062099549000000004,0.062099549000000004,48,48,48.0,0.0,0.0,0,0,0,0,0,0,0,0,1,54.0,48.0,48.0,80,0,0,0,0,0,0,4,192,4,192,-1,-1,3,20,133.0,0.0,133,133,64400000.0,0.0,64400000,64400000,BENIGN
53,104965,1,1,59,91,59,59,59.0,0.0,91,91,91.0,0.0,1429.0477779999999,19.05397037,104965.0,0.0,104965,104965,0,0.0,0.0,0,0,0,0.0,0.0,0,0,0,0,0,0,32,32,9.526985186000001,9.526985186000001,59,91,69.66666667,18.47520861,341.3333333,0,0,0,0,0,0,0,0,1,104.5,59.0,91.0,32,0,0,0,0,0,0,1,59,1,91,-1,-1,0,32,0.0,0.0,0,0,0.0,0.0,0,0,BENIGN
138,63774154,24,0,5592,0,233,233,233.0,0.0,0,0,0.0,0.0,87.68442463,0.37632800299999997,2772789.3039999995,13300000.0,63800000,1,63800000,2772789.3039999995,13300000.0,63800000,1,0,0.0,0.0,0,0,0,0,0,0,624,0,0.37632800299999997,0.0,233,233,233.0,0.0,0.0,0,0,0,0,0,0,0,0,0,242.70833330000002,233.0,0.0,624,0,0,0,0,0,0,24,5592,0,0,-1,-1,23,20,21.0,0.0,21,21,63800000.0,0.0,63800000,63800000,BENIGN
443,49,1,1,0,6,0,0,0.0,0.0,6,6,6.0,0.0,122448.9796,40816.32653,49.0,0.0,49,49,0,0.0,0.0,0,0,0,0.0,0.0,0,0,0,0,0,0,40,20,20408.163269999997,20408.163269999997,0,6,2.0,3.464101615,12.0,0,0,0,1,0,0,0,0,1,3.0,0.0,6.0,40,0,0,0,0,0,0,1,0,1,6,29200,0,0,40,0.0,0.0,0,0,0.0,0.0,0,0,PortScan
80,11456,2,0,0,0,0,0,0.0,0.0,0,0,0.0,0.0,0.0,174.5810056,11456.0,0.0,11456,11456,11456,11456.0,0.0,11456,11456,0,0.0,0.0,0,0,0,0,0,0,40,0,174.5810056,0.0,0,0,0.0,0.0,0.0,0,0,0,0,1,0,0,0,0,0.0,0.0,0.0,40,0,0,0,0,0,0,2,0,0,0,256,-1,0,20,0.0,0.0,0,0,0.0,0.0,0,0,BENIGN
443,1239970,8,11,764,5723,357,0,95.5,140.1692854,1460,0,520.2727273,671.1984938999999,5231.578183,15.32295136,68887.22222000001,129787.9453,496215,49,743755,106250.7143,106693.1567,241842,8920,1215527,121552.7,241959.7356,703403,49,0,0,0,0,172,228,6.451768994,8.871182367000001,0,1460,324.35,542.3647321000001,294159.5026,0,0,0,1,0,0,0,0,1,341.4210526,95.5,520.2727273,172,0,0,0,0,0,0,8,764,11,5723,8192,5144,3,20,0.0,0.0,0,0,0.0,0.0,0,0,BENIGN
22,686,3,1,0,0,0,0,0.0,0.0,0,0,0.0,0.0,0.0,5830.90379,228.66666669999998,367.73133310000003,653,3,686,343.0,480.8326112,683,3,0,0.0,0.0,0,0,0,0,0,0,104,40,4373.177843,1457.725948,0,0,0.0,0.0,0.0,0,0,0,1,0,0,0,0,0,0.0,0.0,0.0,104,0,0,0,0,0,0,3,0,1,0,29200,28960,0,32,0.0,0.0,0,0,0.0,0.0,0,0,PortScan
123,64015314,4,4,192,192,48,48,48.0,0.0,48,48,48.0,0.0,5.998564656,0.12497009699999999,9145044.857,24200000.0,64000000,3,64000000,21300000.0,37000000.0,64000000,3,64000000,21300000.0,37000000.0,64000000,3,0,0,0,0,80,80,0.062485048,0.062485048,48,48,48.0,0.0,0.0,0,0,0,0,0,0,0,0,1,54.0,48.0,48.0,80,0,0,0,0,0,0,4,192,4,192,-1,-1,3,20,137.0,0.0,137,137,64000000.0,0.0,64000000,64000000,BENIGN
80,773,2,1,8,2,6,2,4.0,2.828427125,2,2,2.0,0.0,12936.61061,3880.983182,386.5,480.12550439999995,726,47,773,773.0,0.0,773,773,0,0.0,0.0,0,0,0,0,0,0,44,24,2587.322122,1293.661061,2,6,3.0,2.0,4.0,0,0,0,1,0,0,0,0,0,4.0,4.0,2.0,44,0,0,0,0,0,0,2,8,1,2,1024,29200,1,20,0.0,0.0,0,0,0.0,0.0,0,0,PortScan
443,344,3,0,85,0,85,0,28.33333333,49.07477288,0,0,0.0,0.0,247093.0233,8720.930233,172.0,239.002092,341,3,344,172.0,239.002092,341,3,0,0.0,0.0,0,0,0,0,0,0,60,0,8720.930233,0.0,0,85,21.25,42.5,1806.25,0,0,0,0,1,0,0,0,0,28.33333333,28.33333333,0.0,60,0,0,0,0,0,0,3,85,0,0,256,-1,1,20,0.0,0.0,0,0,0.0,0.0,0,0,BENIGN
443,30609,2,0,0,0,0,0,0.0,0.0,0,0,0.0,0.0,0.0,65.34025940000001,30609.0,0.0,30609,30609,30609,30609.0,0.0,30609,30609,0,0.0,0.0,0,0,0,0,0,0,64,0,65.34025940000001,0.0,0,0,0.0,0.0,0.0,0,0,0,0,1,0,0,0,0,0.0,0.0,0.0,64,0,0,0,0,0,0,2,0,0,0,304,-1,0,32,0.0,0.0,0,0,0.0,0.0,0,0,BENIGN
53,198,2,2,86,240,43,43,43.0,0.0,120,120,120.0,0.0,1646464.646,20202.0202,66.0,108.25433020000001,191,3,4,4.0,0.0,4,4,3,3.0,0.0,3,3,0,0,0,0,64,64,10101.0101,10101.0101,43,120,73.8,42.17463693,1778.7,0,0,0,0,0,0,0,0,1,92.25,43.0,120.0,64,0,0,0,0,0,0,2,86,2,240,-1,-1,1,32,0.0,0.0,0,0,0.0,0.0,0,0,BENIGN
444,148,1,1,2,6,2,2,2.0,0.0,6,6,6.0,0.0,54054.05405,13513.513509999999,148.0,0.0,148,148,0,0.0,0.0,0,0,0,0.0,0.0,0,0,0,0,0,0,24,20,6756.756756999999,6756.756756999999,2,6,3.333333333,2.309401077,5.333333333,0,0,0,1,0,0,0,0,1,5.0,2.0,6.0,24,0,0,0,0,0,0,1,2,1,6,1024,0,0,24,0.0,0.0,0,0,0.0,0.0,0,0,PortScan
88,1170,9,6,3226,3232,1613,0,358.44444439999995,711.2661441,1616,0,538.6666667000001,834.4988117,5519658.12,12820.51282,83.57142857,221.9936639,848,1,1170,146.25,342.7467828,984,1,1047,209.4,361.2489446000001,848,4,0,0,0,0,304,208,7692.307692,5128.2051280000005,0,1616,403.625,722.0267654,521322.65,0,0,0,1,0,0,0,0,0,430.53333330000004,358.44444439999995,538.6666667000001,304,0,0,0,0,0,0,9,3226,6,3232,29200,2081,2,32,0.0,0.0,0,0,0.0,0.0,0,0,BENIGN
443,310531,15,13,938,4633,376,0,62.53333333,106.54969779999999,1430,0,356.3846154,515.0487903,17940.23785,90.16813136,11501.14815,20369.31564,68414,3,310531,22180.78571,26718.8112,68529,4,272770,22730.83333,48027.453760000004,166490,3,0,0,0,0,312,272,48.30435609,41.86377528,0,1430,192.1034483,377.1046032,142207.8818,0,0,0,1,0,0,0,0,0,198.96428569999998,62.53333333,356.3846154,312,0,0,0,0,0,0,15,938,13,4633,8192,360,7,20,0.0,0.0,0,0,0.0,0.0,0,0,BENIGN
21,4416,4,2,0,20,0,0,0.0,0.0,20,0,10.0,14.14213562,4528.985507,1358.6956519999999,883.2,1018.085065,2673,126,4416,1472.0,1527.637719,3228,449,3286,3286.0,0.0,3286,3286,0,0,0,0,136,72,905.7971014000001,452.89855070000004,0,20,2.857142857,7.55928946,57.14285714,0,0,0,1,0,0,0,0,0,3.333333333,0.0,10.0,136,0,0,0,0,0,0,4,0,2,20,29200,227,0,32,0.0,0.0,0,0,0.0,0.0,0,0,PortScan
80,6007477,3,6,18,11595,18,0,6.0,10.39230485,4344,0,1932.5,1754.831473,1933.091046,1.498133076,750934.625,2123287.478,6005803,16,6006690,3003345.0,4246116.824,6005803,887,6007363,1201472.6,2686225.584,6006739,16,0,0,0,0,104,200,0.49937769200000004,0.9987553840000001,0,4344,1161.3,1643.79818,2702072.4560000002,0,0,0,1,0,0,0,0,2,1290.333333,6.0,1932.5,104,0,0,0,0,0,0,3,18,6,11595,29200,227,1,32,887.0,0.0,887,887,6005803.0,0.0,6005803,6005803,PortScan
444,122,1,1,0,6,0,0,0.0,0.0,6,6,6.0,0.0,49180.32787,16393.442619999998,122.0,0.0,122,122,0,0.0,0.0,0,0,0,0.0,0.0,0,0,0,0,0,0,40,20,8196.721311,8196.721311,0,6,2.0,3.464101615,12.0,0,0,0,1,0,0,0,0,1,3.0,0.0,6.0,40,0,0,0,0,0,0,1,0,1,6,29200,0,0,40,0.0,0.0,0,0,0.0,0.0,0,0,PortScan
22,689,2,1,8,2,6,2,4.0,2.828427125,2,2,2.0,0.0,14513.7881,4354.13643,344.5,265.1650429,532,157,689,689.0,0.0,689,689,0,0.0,0.0,0,0,0,0,0,0,44,24,2902.75762,1451.37881,2,6,3.0,2.0,4.0,0,0,0,1,0,0,0,0,0,4.0,4.0,2.0,44,0,0,0,0,0,0,2,8,1,2,1024,29200,1,20,0.0,0.0,0,0,0.0,0.0,0,0,PortScan
80,4,2,0,0,0,0,0,0.0,0.0,0,0,0.0,0.0,0.0,500000.0,4.0,0.0,4,4,4,4.0,0.0,4,4,0,0.0,0.0,0,0,0,0,0,0,40,0,500000.0,0.0,0,0,0.0,0.0,0.0,0,0,0,0,1,0,0,0,0,0.0,0.0,0.0,40,0,0,0,0,0,0,2,0,0,0,256,-1,0,20,0.0,0.0,0,0,0.0,0.0,0,0,BENIGN
3268,16044,17,12,3412,6654,1293,0,200.7058824,419.263307,1621,0,554.5,727.5332545,627399.6510000001,1807.5292940000002,573.0,2559.2124510000003,13599,1,16044,1002.75,3370.344483,13599,1,15165,1378.636364,4256.960706,14208,2,0,0,0,0,560,400,1059.5861380000001,747.9431562999999,0,1621,335.53333330000004,576.3090486000001,332132.1195,0,0,0,1,0,0,0,0,0,347.1034483,200.7058824,554.5,560,0,0,0,0,0,0,17,3412,12,6654,29200,2076,10,32,0.0,0.0,0,0,0.0,0.0,0,0,BENIGN
88,935,9,6,3074,3010,1537,0,341.55555560000005,677.7532942,1505,0,501.66666669999995,777.1786581,6506951.872,16042.78075,66.78571429,187.3619199,714,1,935,116.875,281.5312403,811,1,859,171.8,308.5226086,714,2,0,0,0,0,204,144,9625.668448999999,6417.112299,0,1537,380.25,680.2620573,462756.4667,0,0,0,1,0,0,0,0,0,405.6,341.55555560000005,501.66666669999995,204,0,0,0,0,0,0,9,3074,6,3010,8192,2053,2,20,0.0,0.0,0,0,0.0,0.0,0,0,BENIGN
443,5589965,9,7,353,4032,196,0,39.22222222,71.94403689,1460,0,576.0,639.3069164,784.4414052999999,2.8622719460000003,372664.3333,1331116.576,5180216,3,5589965,698745.625,1812843.593,5180216,3,359928,59988.0,97075.01312,250715,48,0,0,0,0,204,152,1.61002797,1.252243976,0,1460,257.94117650000004,480.81265460000003,231180.8088,0,0,0,1,0,0,0,0,0,274.0625,39.22222222,576.0,204,0,0,0,0,0,0,9,353,7,4032,8192,946,3,20,409746.0,0.0,409746,409746,5180216.0,0.0,5180216,5180216,BENIGN
123,67082087,3,3,144,144,48,48,48.0,0.0,48,48,48.0,0.0,4.293247466,0.089442656,13400000.0,29300000.0,65900000,94048,67000000,33500000.0,46000000.0,66000000,989282,67000000,33500000.0,46000000.0,66000000,989106,0,0,0,0,60,60,0.044721328,0.044721328,48,48,48.0,0.0,0.0,0,0,0,0,0,0,0,0,1,56.0,48.0,48.0,60,0,0,0,0,0,0,3,144,3,144,-1,-1,2,20,1083330.0,0.0,1083330,1083330,65900000.0,0.0,65900000,65900000,BENIGN
53,66230,1,1,50,162,50,50,50.0,0.0,162,162,162.0,0.0,3200.966329,30.19779556,66230.0,0.0,66230,66230,0,0.0,0.0,0,0,0,0.0,0.0,0,0,0,0,0,0,20,20,15.09889778,15.09889778,50,162,87.33333333,64.66323015,4181.333333,0,0,0,0,0,0,0,0,1,131.0,50.0,162.0,20,0,0,0,0,0,0,1,50,1,162,-1,-1,0,20,0.0,0.0,0,0,0.0,0.0,0,0,BENIGN
80,5088178,3,1,0,0,0,0,0.0,0.0,0,0,0.0,0.0,0.0,0.78613602,1696059.333,2904799.0330000003,5050161,63,5088178,2544089.0,3544121.0110000004,5050161,38017,0,0.0,0.0,0,0,0,0,0,0,104,40,0.589602015,0.196534005,0,0,0.0,0.0,0.0,0,0,0,1,0,0,0,0,0,0.0,0.0,0.0,104,0,0,0,0,0,0,3,0,1,0,29200,42408,0,32,0.0,0.0,0,0,0.0,0.0,0,0,BENIGN
443,4,2,0,85,0,85,0,42.5,60.1040764,0,0,0.0,0.0,21300000.0,500000.0,4.0,0.0,4,4,4,4.0,0.0,4,4,0,0.0,0.0,0,0,1,0,0,0,40,0,500000.0,0.0,0,85,56.66666667,49.07477288,2408.333333,0,1,0,0,1,0,0,0,0,85.0,42.5,0.0,40,0,0,0,0,0,0,2,85,0,0,256,-1,0,20,0.0,0.0,0,0,0.0,0.0,0,0,BENIGN
80,35439,2,0,0,0,0,0,0.0,0.0,0,0,0.0,0.0,0.0,56.43500099,35439.0,0.0,35439,35439,35439,35439.0,0.0,35439,35439,0,0.0,0.0,0,0,0,0,0,0,40,0,56.43500099,0.0,0,0,0.0,0.0,0.0,0,0,0,0,1,0,0,0,0,0.0,0.0,0.0,40,0,0,0,0,0,0,2,0,0,0,253,-1,0,20,0.0,0.0,0,0,0.0,0.0,0,0,BENIGN
22,10100,4,2,0,41,0,0,0.0,0.0,41,0,20.5,28.99137803,4059.4059409999995,594.0594058999999,2020.0,3198.286807,7702,153,10100,3366.666667,4219.543143,8230,679,8228,8228.0,0.0,8228,8228,0,0,0,0,136,72,396.039604,198.019802,0,41,5.857142857,15.49654339,240.1428571,0,0,0,1,0,0,0,0,0,6.833333333,0.0,20.5,136,0,0,0,0,0,0,4,0,2,41,29200,227,0,32,0.0,0.0,0,0,0.0,0.0,0,0,PortScan
88,928,9,6,3176,3106,1588,0,352.8888889,700.2421803,1553,0,517.6666667,801.9657516,6769396.552,16163.7931,66.28571429,176.89433119999998,677,1,928,116.0,261.43395780000003,760,1,881,176.2,282.1953224,677,4,0,0,0,0,204,144,9698.275862,6465.517241,0,1588,392.625,702.4070876000001,493375.7167,0,0,0,1,0,0,0,0,0,418.8,352.8888889,517.6666667,204,0,0,0,0,0,0,9,3176,6,3106,8192,2053,2,20,0.0,0.0,0,0,0.0,0.0,0,0,BENIGN
22,855,2,1,8,2,6,2,4.0,2.828427125,2,2,2.0,0.0,11695.90643,3508.77193,427.5,437.69909759999996,737,118,855,855.0,0.0,855,855,0,0.0,0.0,0,0,0,0,0,0,44,24,2339.181287,1169.590643,2,6,3.0,2.0,4.0,0,0,0,1,0,0,0,0,0,4.0,4.0,2.0,44,0,0,0,0,0,0,2,8,1,2,1024,29200,1,20,0.0,0.0,0,0,0.0,0.0,0,0,PortScan
53708,106,1,1,0,0,0,0,0.0,0.0,0,0,0.0,0.0,0.0,18867.92453,106.0,0.0,106,106,0,0.0,0.0,0,0,0,0.0,0.0,0,0,0,0,0,0,20,20,9433.962264,9433.962264,0,0,0.0,0.0,0.0,0,0,0,0,1,1,0,0,1,0.0,0.0,0.0,20,0,0,0,0,0,0,1,0,1,0,256,389,0,20,0.0,0.0,0,0,0.0,0.0,0,0,BENIGN
53,49544,1,1,42,70,42,42,42.0,0.0,70,70,70.0,0.0,2260.616825,40.3681576,49544.0,0.0,49544,49544,0,0.0,0.0,0,0,0,0.0,0.0,0,0,0,0,0,0,32,20,20.1840788,20.1840788,42,70,51.33333333,16.16580754,261.3333333,0,0,0,0,0,0,0,0,1,77.0,42.0,70.0,32,0,0,0,0,0,0,1,42,1,70,-1,-1,0,32,0.0,0.0,0,0,0.0,0.0,0,0,BENIGN
49219,237019,2,0,0,0,0,0,0.0,0.0,0,0,0.0,0.0,0.0,8.43814209,237019.0,0.0,237019,237019,237019,237019.0,0.0,237019,237019,0,0.0,0.0,0,0,0,0,0,0,40,0,8.43814209,0.0,0,0,0.0,0.0,0.0,0,0,0,0,1,0,0,0,0,0.0,0.0,0.0,40,0,0,0,0,0,0,2,0,0,0,360,-1,0,20,0.0,0.0,0,0,0.0,0.0,0,0,BENIGN
80,6006962,3,6,18,11595,18,0,6.0,10.39230485,5792,0,1932.5,2181.008184,1933.2567780000002,1.498261517,750870.25,2123026.609,6005093,11,6006004,3003002.0,4245597.808,6005093,911,6006826,1201365.2,2685880.34,6006014,11,0,0,0,0,104,200,0.49942050600000004,0.9988410109999999,0,5792,1161.3,1906.2898260000002,3633940.9,0,0,0,1,0,0,0,0,2,1290.333333,6.0,1932.5,104,0,0,0,0,0,0,3,18,6,11595,29200,227,1,32,911.0,0.0,911,911,6005093.0,0.0,6005093,6005093,PortScan
443,5311525,8,8,362,5202,205,0,45.25,77.90241148,1460,0,650.25,626.1906944,1047.5334300000002,3.012317555,354101.6667,1286155.048,4998668,3,5311525,758789.2857,1871717.355,4998668,3,289706,41386.57143,82747.32061,225742,47,0,0,0,0,184,172,1.5061587769999998,1.5061587769999998,0,1460,327.29411760000005,522.3266177,272825.0956,0,0,0,1,0,0,0,0,1,347.75,45.25,650.25,184,0,0,0,0,0,0,8,362,8,5202,8192,946,3,20,0.0,0.0,0,0,0.0,0.0,0,0,BENIGN
1083,332,4,0,0,0,0,0,0.0,0.0,0,0,0.0,0.0,0.0,12048.19277,110.66666670000001,151.8628767,284,1,332,110.66666670000001,151.8628767,284,1,0,0.0,0.0,0,0,0,0,0,0,80,0,12048.19277,0.0,0,0,0.0,0.0,0.0,0,0,0,0,1,0,0,0,0,0.0,0.0,0.0,80,0,0,0,0,0,0,4,0,0,0,12498,-1,0,20,0.0,0.0,0,0,0.0,0.0,0,0,BENIGN
88,981,9,6,3128,3046,1564,0,347.55555560000005,689.6591751,1523,0,507.66666669999995,786.4738182,6293577.982000001,15290.519880000002,70.07142857,174.5276986,672,1,981,122.625,269.9581647,786,1,900,180.0,278.6548044,672,4,0,0,0,0,204,144,9174.311926999999,6116.207950999999,0,1564,385.875,690.3553554,476590.5167,0,0,0,1,0,0,0,0,0,411.6,347.55555560000005,507.66666669999995,204,0,0,0,0,0,0,9,3128,6,3046,8192,2053,2,20,0.0,0.0,0,0,0.0,0.0,0,0,BENIGN
443,20,1,1,2,6,2,2,2.0,0.0,6,6,6.0,0.0,400000.0,100000.0,20.0,0.0,20,20,0,0.0,0.0,0,0,0,0.0,0.0,0,0,0,0,0,0,24,20,50000.0,50000.0,2,6,3.333333333,2.309401077,5.333333333,0,0,0,1,0,0,0,0,1,5.0,2.0,6.0,24,0,0,0,0,0,0,1,2,1,6,1024,0,0,24,0.0,0.0,0,0,0.0,0.0,0,0,PortScan
80,5195833,5,5,72,628,72,0,14.4,32.19937888,623,0,125.6,278.06348199999996,134.7233446,1.924619209,577314.7778,1660771.4409999999,5004689,3,191144,47786.0,55076.987120000005,95802,3,5100736,1275184.0,2486765.726,5004735,3,0,0,0,0,168,168,0.962309605,0.962309605,0,623,63.63636364,186.7598847,34879.25455,0,0,0,1,0,0,0,0,1,70.0,14.4,125.6,168,0,0,0,0,0,0,5,72,5,628,29200,227,1,32,0.0,0.0,0,0,0.0,0.0,0,0,BENIGN
3268,111231413,64,40,11440,7324,403,0,178.75,167.785199,632,72,183.1,132.6193318,168.6933528,0.934987673,1079916.631,3873566.2789999996,16500000,2,111000000,1765577.9840000002,4843008.829,16500000,2,111000000,2852077.974,5925352.642999999,16500000,2,1,0,0,0,2048,1280,0.57537703,0.35961064299999995,0,632,182.5428571,155.323176,24125.28901,0,1,0,0,1,0,0,0,0,184.2980769,178.75,183.1,2048,0,0,0,0,0,0,64,11440,40,7324,299,258,39,32,23578.0,65468.0317,185603,367,13900000.0,3950944.152,16500000,6370788,BENIGN
88,986,9,6,3100,3030,1550,0,344.44444439999995,683.4857553999999,1515,0,505.0,782.3426359,6217038.54,15212.981740000001,70.42857143,182.10846909999998,696,1,986,123.25,268.4142587,785,1,889,177.8,300.8308495,697,1,0,0,0,0,204,144,9127.789047,6085.192698,0,1550,383.125,685.4144124,469792.9167,0,0,0,1,0,0,0,0,0,408.6666667,344.44444439999995,505.0,204,0,0,0,0,0,0,9,3100,6,3030,8192,2053,2,20,0.0,0.0,0,0,0.0,0.0,0,0,BENIGN
0,73326134,6,0,0,0,0,0,0.0,0.0,0,0,0.0,0.0,0.0,0.081826215,14700000.0,32500000.0,72700000,66,73300000,14700000.0,32500000.0,72700000,66,0,0.0,0.0,0,0,0,0,0,0,0,0,0.081826215,0.0,0,0,0.0,0.0,0.0,0,0,0,0,0,0,0,0,0,0.0,0.0,0.0,0,0,0,0,0,0,0,6,0,0,0,-1,-1,0,0,160756.0,0.0,160756,160756,72700000.0,0.0,72700000,72700000,BENIGN
443,117,1,1,2,6,2,2,2.0,0.0,6,6,6.0,0.0,68376.06838,17094.01709,117.0,0.0,117,117,0,0.0,0.0,0,0,0,0.0,0.0,0,0,0,0,0,0,24,20,8547.008547,8547.008547,2,6,3.333333333,2.309401077,5.333333333,0,0,0,1,0,0,0,0,1,5.0,2.0,6.0,24,0,0,0,0,0,0,1,2,1,6,1024,0,0,24,0.0,0.0,0,0,0.0,0.0,0,0,PortScan
1084,43,2,0,0,0,0,0,0.0,0.0,0,0,0.0,0.0,0.0,46511.62791,43.0,0.0,43,43,43,43.0,0.0,43,43,0,0.0,0.0,0,0,0,0,0,0,40,0,46511.62791,0.0,0,0,0.0,0.0,0.0,0,0,0,0,1,0,0,0,0,0.0,0.0,0.0,40,0,0,0,0,0,0,2,0,0,0,40927,-1,0,20,0.0,0.0,0,0,0.0,0.0,0,0,BENIGN
80,715,3,1,0,0,0,0,0.0,0.0,0,0,0.0,0.0,0.0,5594.405594,238.33333330000002,308.0541078,587,3,715,357.5,501.3387079,712,3,0,0.0,0.0,0,0,0,0,0,0,104,40,4195.804196,1398.6013990000001,0,0,0.0,0.0,0.0,0,0,0,1,0,0,0,0,0,0.0,0.0,0.0,104,0,0,0,0,0,0,3,0,1,0,29200,28960,0,32,0.0,0.0,0,0,0.0,0.0,0,0,PortScan
49671,54,1,3,0,0,0,0,0.0,0.0,0,0,0.0,0.0,0.0,74074.07407,18.0,27.73084925,50,1,0,0.0,0.0,0,0,4,2.0,1.4142135619999998,3,1,0,0,0,0,20,60,18518.518519999998,55555.55556,0,0,0.0,0.0,0.0,0,0,0,0,1,1,0,0,3,0.0,0.0,0.0,20,0,0,0,0,0,0,1,0,3,0,251,2053,0,20,0.0,0.0,0,0,0.0,0.0,0,0,BENIGN
389,39097,21,20,5100,6972,1536,0,242.8571429,443.78466460000004,2634,0,348.6,662.8365203,308770.4939,1048.673811,977.425,4127.733773,22711,1,39097,1954.85,5847.231709000001,22873,1,39043,2054.894737,5912.312322,22788,1,0,0,0,0,444,424,537.1256107,511.54820060000003,0,2634,287.42857139999995,551.8430823,304530.7875,0,0,0,1,0,0,0,0,0,294.4390244,242.8571429,348.6,444,0,0,0,0,0,0,21,5100,20,6972,8192,0,14,20,0.0,0.0,0,0,0.0,0.0,0,0,BENIGN
123,3003733,3,3,144,144,48,48,48.0,0.0,48,48,48.0,0.0,95.88069246,1.997514426,600746.6,875071.4807,1978859,16517,2987216,1493608.0,709812.1717,1995521,991695,2987114,1493557.0,709679.2357,1995376,991738,0,0,0,0,72,72,0.998757213,0.998757213,48,48,48.0,0.0,0.0,0,0,0,0,0,0,0,0,1,56.0,48.0,48.0,72,0,0,0,0,0,0,3,144,3,144,-1,-1,2,20,0.0,0.0,0,0,0.0,0.0,0,0,BENIGN
53566,1,1,1,0,0,0,0,0.0,0.0,0,0,0.0,0.0,0.0,2000000.0,1.0,0.0,1,1,0,0.0,0.0,0,0,0,0.0,0.0,0,0,0,0,0,0,32,32,1000000.0,1000000.0,0,0,0.0,0.0,0.0,0,0,0,0,1,0,0,0,1,0.0,0.0,0.0,32,0,0,0,0,0,0,1,0,1,0,2081,237,0,32,0.0,0.0,0,0,0.0,0.0,0,0,BENIGN
443,115,1,1,0,6,0,0,0.0,0.0,6,6,6.0,0.0,52173.91304,17391.30435,115.0,0.0,115,115,0,0.0,0.0,0,0,0,0.0,0.0,0,0,0,0,0,0,40,20,8695.652173999999,8695.652173999999,0,6,2.0,3.464101615,12.0,0,0,0,1,0,0,0,0,1,3.0,0.0,6.0,40,0,0,0,0,0,0,1,0,1,6,29200,0,0,40,0.0,0.0,0,0,0.0,0.0,0,0,PortScan
80,884,3,1,0,0,0,0,0.0,0.0,0,0,0.0,0.0,0.0,4524.886878,294.6666667,423.96029689999995,781,3,884,442.0,620.8397539,881,3,0,0.0,0.0,0,0,0,0,0,0,104,40,3393.665158,1131.221719,0,0,0.0,0.0,0.0,0,0,0,1,0,0,0,0,0,0.0,0.0,0.0,104,0,0,0,0,0,0,3,0,1,0,29200,28960,0,32,0.0,0.0,0,0,0.0,0.0,0,0,PortScan
22,780,2,1,8,2,6,2,4.0,2.828427125,2,2,2.0,0.0,12820.51282,3846.153846,390.0,483.66103830000003,732,48,780,780.0,0.0,780,780,0,0.0,0.0,0,0,0,0,0,0,44,24,2564.1025640000003,1282.0512820000001,2,6,3.0,2.0,4.0,0,0,0,1,0,0,0,0,0,4.0,4.0,2.0,44,0,0,0,0,0,0,2,8,1,2,1024,29200,1,20,0.0,0.0,0,0,0.0,0.0,0,0,PortScan
21,658,3,1,0,0,0,0,0.0,0.0,0,0,0.0,0.0,0.0,6079.0273560000005,219.33333330000002,325.7642297,594,3,658,329.0,461.03362130000005,655,3,0,0.0,0.0,0,0,0,0,0,0,104,40,4559.270517,1519.7568390000001,0,0,0.0,0.0,0.0,0,0,0,1,0,0,0,0,0,0.0,0.0,0.0,104,0,0,0,0,0,0,3,0,1,0,29200,28960,0,32,0.0,0.0,0,0,0.0,0.0,0,0,PortScan
22,699,3,1,0,0,0,0,0.0,0.0,0,0,0.0,0.0,0.0,5722.460658,233.0,255.86910719999997,525,48,699,349.5,426.3853891,651,48,0,0.0,0.0,0,0,0,0,0,0,104,40,4291.845494,1430.615165,0,0,0.0,0.0,0.0,0,0,0,1,0,0,0,0,0,0.0,0.0,0.0,104,0,0,0,0,0,0,3,0,1,0,29200,28960,0,32,0.0,0.0,0,0,0.0,0.0,0,0,PortScan
88,1138,9,6,3110,3108,1555,0,345.55555560000005,685.6905481000001,1554,0,518.0,802.4821493,5463971.88,13181.01933,81.28571429,200.44697309999998,773,2,1138,142.25,295.0393436,870,2,1036,207.2,322.08182189999997,773,2,0,0,0,0,304,208,7908.611599,5272.407733,0,1555,388.625,695.1935822,483294.1167,0,0,0,1,0,0,0,0,0,414.53333330000004,345.55555560000005,518.0,304,0,0,0,0,0,0,9,3110,6,3108,29200,2081,2,32,0.0,0.0,0,0,0.0,0.0,0,0,BENIGN
443,1087085,16,16,824,8032,225,0,51.5,78.81624198,2085,0,502.0,736.6170421,8146.5570769999995,29.4365206,35067.25806,95348.5992,431822,1,1087085,72472.33333,136451.0645,431822,47,1057334,70488.93333,192916.9637,728569,1,0,0,0,0,332,332,14.7182603,14.7182603,0,2085,268.3636364,557.0604107,310316.3011,0,0,0,1,0,0,0,0,1,276.75,51.5,502.0,332,0,0,0,0,0,0,16,824,16,8032,8192,12501,7,20,0.0,0.0,0,0,0.0,0.0,0,0,BENIGN
80,2710,5,0,0,0,0,0,0.0,0.0,0,0,0.0,0.0,0.0,1845.01845,677.5,863.8728687000001,1965,132,2710,677.5,863.8728687000001,1965,132,0,0.0,0.0,0,0,0,0,0,0,160,0,1845.01845,0.0,0,0,0.0,0.0,0.0,0,0,0,0,1,0,0,0,0,0.0,0.0,0.0,160,0,0,0,0,0,0,5,0,0,0,251,-1,0,32,0.0,0.0,0,0,0.0,0.0,0,0,PortScan
80,2405,5,0,0,0,0,0,0.0,0.0,0,0,0.0,0.0,0.0,2079.002079,601.25,731.0678833,1695,195,2405,601.25,731.0678833,1695,195,0,0.0,0.0,0,0,0,0,0,0,160,0,2079.002079,0.0,0,0,0.0,0.0,0.0,0,0,0,0,1,0,0,0,0,0.0,0.0,0.0,160,0,0,0,0,0,0,5,0,0,0,251,-1,0,32,0.0,0.0,0,0,0.0,0.0,0,0,PortScan
80,16,2,0,0,0,0,0,0.0,0.0,0,0,0.0,0.0,0.0,125000.0,16.0,0.0,16,16,16,16.0,0.0,16,16,0,0.0,0.0,0,0,0,0,0,0,40,0,125000.0,0.0,0,0,0.0,0.0,0.0,0,0,0,0,1,0,0,0,0,0.0,0.0,0.0,40,0,0,0,0,0,0,2,0,0,0,254,-1,0,20,0.0,0.0,0,0,0.0,0.0,0,0,BENIGN
80,66821,3,4,437,859,437,0,145.66666669999998,252.3020676,859,0,214.75,429.5,19395.10034,104.7574864,11136.83333,12054.90153,23217,2,43114,21557.0,2402.748842,23256,19858,43604,14534.666669999999,24716.326269999998,43073,2,0,0,0,0,104,136,44.89606561,59.86142081,0,859,162.0,320.4679614,102699.7143,0,0,0,1,0,0,0,0,1,185.1428571,145.66666669999998,214.75,104,0,0,0,0,0,0,3,437,4,859,29200,31,1,32,0.0,0.0,0,0,0.0,0.0,0,0,BENIGN
445,16523256,25,18,2168,2608,252,0,86.72,79.59246195,307,0,144.88888889999998,98.30258742,289.0471466,2.602392652,393410.8571,2353800.438,15300000,3,16500000,688469.0,3108754.9439999997,15300000,3,16500000,971948.2941,3741877.425,15500000,3,0,0,0,0,524,384,1.5130189840000001,1.089373668,0,307,108.54545449999999,91.97862607,8460.067653,0,0,0,1,0,0,0,0,0,111.06976740000002,86.72,144.88888889999998,524,0,0,0,0,0,0,25,2168,18,2608,8192,2049,16,20,1260627.0,0.0,1260627,1260627,15300000.0,0.0,15300000,15300000,BENIGN
443,110,1,1,2,6,2,2,2.0,0.0,6,6,6.0,0.0,72727.27273,18181.818180000002,110.0,0.0,110,110,0,0.0,0.0,0,0,0,0.0,0.0,0,0,0,0,0,0,24,20,9090.909091,9090.909091,2,6,3.333333333,2.309401077,5.333333333,0,0,0,1,0,0,0,0,1,5.0,2.0,6.0,24,0,0,0,0,0,0,1,2,1,6,1024,0,0,24,0.0,0.0,0,0,0.0,0.0,0,0,PortScan
0,118903732,477,0,0,0,0,0,0.0,0.0,0,0,0.0,0.0,0.0,4.011648684,249797.7563,1899108.881,33800000,0,119000000,249797.7563,1899108.881,33800000,0,0,0.0,0.0,0,0,0,0,0,0,0,0,4.011648684,0.0,0,0,0.0,0.0,0.0,0,0,0,0,0,0,0,0,0,0.0,0.0,0.0,0,0,0,0,0,0,0,477,0,0,0,-1,-1,0,0,18000000.0,12900000.0,29800000,4182193,21600000.0,10700000.0,33800000,13700000,BENIGN
443,409,3,0,85,0,85,0,28.33333333,49.07477288,0,0,0.0,0.0,207823.9609,7334.963325,204.5,221.3244225,361,48,409,204.5,221.3244225,361,48,0,0.0,0.0,0,0,0,0,0,0,60,0,7334.963325,0.0,0,85,21.25,42.5,1806.25,0,0,0,0,1,0,0,0,0,28.33333333,28.33333333,0.0,60,0,0,0,0,0,0,3,85,0,0,256,-1,1,20,0.0,0.0,0,0,0.0,0.0,0,0,BENIGN
1029,0,2,0,0,0,0,0,0.0,0.0,0,0,0.0,0.0,,inf,0.0,0.0,0,0,0,0.0,0.0,0,0,0,0.0,0.0,0,0,0,0,0,0,40,0,0.0,0.0,0,0,0.0,0.0,0.0,0,0,0,0,1,0,0,0,0,0.0,0.0,0.0,40,0,0,0,0,0,0,2,0,0,0,2053,-1,0,20,0.0,0.0,0,0,0.0,0.0,0,0,BENIGN
88,1260,9,6,3074,3010,1537,0,341.55555560000005,677.7532942,1505,0,501.66666669999995,777.1786581,4828571.429,11904.7619,90.0,252.53149080000003,964,1,1260,157.5,364.6411151,1056,1,1160,232.0,412.8686232,964,4,0,0,0,0,204,144,7142.857143000001,4761.904762,0,1537,380.25,680.2620573,462756.4667,0,0,0,1,0,0,0,0,0,405.6,341.55555560000005,501.66666669999995,204,0,0,0,0,0,0,9,3074,6,3010,8192,2053,2,20,0.0,0.0,0,0,0.0,0.0,0,0,BENIGN
443,533,2,0,0,0,0,0,0.0,0.0,0,0,0.0,0.0,0.0,3752.3452159999997,533.0,0.0,533,533,533,533.0,0.0,533,533,0,0.0,0.0,0,0,0,0,0,0,64,0,3752.3452159999997,0.0,0,0,0.0,0.0,0.0,0,0,0,0,1,0,0,0,0,0.0,0.0,0.0,64,0,0,0,0,0,0,2,0,0,0,1209,-1,0,32,0.0,0.0,0,0,0.0,0.0,0,0,BENIGN
1095,49,3,1,0,0,0,0,0.0,0.0,0,0,0.0,0.0,0.0,81632.65306,16.33333333,17.24335621,35,1,49,24.5,33.23401872,48,1,0,0.0,0.0,0,0,0,0,0,0,60,20,61224.4898,20408.163269999997,0,0,0.0,0.0,0.0,0,0,0,0,1,0,0,0,0,0.0,0.0,0.0,60,0,0,0,0,0,0,3,0,1,0,12499,255,0,20,0.0,0.0,0,0,0.0,0.0,0,0,BENIGN
389,495,11,4,172,326,79,0,15.63636364,31.4492376,163,0,81.5,94.10809388,1006060.6059999999,30303.0303,35.35714286,27.78103156,79,0,495,49.5,40.87990541,123,0,285,95.0,160.21547990000002,280,2,0,0,0,0,368,144,22222.22222,8080.808081,0,163,31.125,57.86060836,3347.85,0,0,0,1,0,0,0,0,0,33.2,15.63636364,81.5,368,0,0,0,0,0,0,11,172,4,326,29200,2081,4,32,0.0,0.0,0,0,0.0,0.0,0,0,BENIGN
22,657,3,1,0,0,0,0,0.0,0.0,0,0,0.0,0.0,0.0,6088.280061,219.0,280.4870764,536,3,657,328.5,460.32651460000005,654,3,0,0.0,0.0,0,0,0,0,0,0,104,40,4566.210046,1522.070015,0,0,0.0,0.0,0.0,0,0,0,1,0,0,0,0,0,0.0,0.0,0.0,104,0,0,0,0,0,0,3,0,1,0,29200,28960,0,32,0.0,0.0,0,0,0.0,0.0,0,0,PortScan
123,66016477,7,7,336,336,48,48,48.0,0.0,48,48,48.0,0.0,10.17927691,0.21206826899999998,5078190.538,15300000.0,56000000,16325,66000000,11000000.0,22000000.0,56000000,1999884,66000000,11000000.0,22000000.0,56000000,1999663,0,0,0,0,156,156,0.106034134,0.106034134,48,48,48.0,0.0,0.0,0,0,0,0,0,0,0,0,1,51.42857143,48.0,48.0,156,0,0,0,0,0,0,7,336,7,336,-1,-1,6,0,10000000.0,0.0,10000000,10000000,56000000.0,0.0,56000000,56000000,BENIGN
443,1581930,14,13,1044,5121,438,0,74.57142857,121.3917462,1430,0,393.9230769,579.8994829,3897.1383060000003,17.067759,60843.46154,258333.5705,1324171,2,1581930,121686.9231,384917.9783,1401302,4,219825,18318.75,25900.25979,77559,2,0,0,0,0,292,272,8.849949113,8.21780989,0,1430,220.1785714,428.8097267,183877.7817,0,0,0,1,0,0,0,0,0,228.33333330000002,74.57142857,393.9230769,292,0,0,0,0,0,0,14,1044,13,5121,8192,360,8,20,0.0,0.0,0,0,0.0,0.0,0,0,BENIGN
21,48,2,0,0,0,0,0,0.0,0.0,0,0,0.0,0.0,0.0,41666.66667,48.0,0.0,48,48,48,48.0,0.0,48,48,0,0.0,0.0,0,0,0,0,0,0,64,0,41666.66667,0.0,0,0,0.0,0.0,0.0,0,0,0,0,1,1,0,0,0,0.0,0.0,0.0,64,0,0,0,0,0,0,2,0,0,0,229,-1,0,32,0.0,0.0,0,0,0.0,0.0,0,0,BENIGN
138,77478064,23,0,5359,0,233,233,233.0,0.0,0,0,0.0,0.0,69.16796475,0.296858218,3521730.182,16500000.0,77500000,1,77500000,3521730.182,16500000.0,77500000,1,0,0.0,0.0,0,0,0,0,0,0,592,0,0.296858218,0.0,233,233,233.0,0.0,0.0,0,0,0,0,0,0,0,0,0,243.13043480000002,233.0,0.0,592,0,0,0,0,0,0,23,5359,0,0,-1,-1,22,20,20.0,0.0,20,20,77500000.0,0.0,77500000,77500000,BENIGN
88,691,7,4,466,414,233,0,66.57142857,113.6923585,207,0,103.5,119.5115057,1273516.643,15918.958030000002,69.1,107.661455,367,1,691,115.16666670000001,177.2584742,474,1,581,193.66666669999998,252.3020676,485,48,0,0,0,0,164,104,10130.24602,5788.712012,0,233,73.33333333,108.6038115,11794.78788,0,0,0,1,0,0,0,0,0,80.0,66.57142857,103.5,164,0,0,0,0,0,0,7,466,4,414,8192,2053,2,20,0.0,0.0,0,0,0.0,0.0,0,0,BENIGN
443,43814737,21,24,954,29266,517,0,45.42857143,133.04494409999998,3864,0,1219.416667,1165.65335,689.7222731,1.027051697,995789.4773,2866237.04,10000000,10,43800000,2190727.7,4037552.2180000003,10200000,205,43700000,1898530.5219999999,3837505.796,10200000,85,0,0,0,0,680,776,0.479290792,0.547760905,0,3864,656.9565217,1027.216064,1055172.8429999999,0,0,0,1,0,0,0,0,1,671.5555555999999,45.42857143,1219.416667,680,0,0,0,0,0,0,21,954,24,29266,29200,243,3,32,1106117.75,1912103.457,3974271,148417,9847505.25,313507.8844,10000000,9377314,BENIGN
80,204,2,0,0,0,0,0,0.0,0.0,0,0,0.0,0.0,0.0,9803.921569,204.0,0.0,204,204,204,204.0,0.0,204,204,0,0.0,0.0,0,0,0,0,0,0,64,0,9803.921569,0.0,0,0,0.0,0.0,0.0,0,0,0,0,1,0,0,0,0,0.0,0.0,0.0,64,0,0,0,0,0,0,2,0,0,0,264,-1,0,32,0.0,0.0,0,0,0.0,0.0,0,0,BENIGN
80,1323699,3,4,436,860,436,0,145.33333330000002,251.7247174,860,0,215.0,430.0,979.0745479000001,5.288211293,220616.5,517333.8592,1276356,1,1299720,649860.0,885999.14,1276356,23364,1300417,433472.3333,750791.7749,1300412,1,0,0,0,0,72,92,2.266376268,3.0218350239999996,0,860,162.0,320.65646949999996,102820.5714,0,0,0,1,0,0,0,0,1,185.1428571,145.33333330000002,215.0,72,0,0,0,0,0,0,3,436,4,860,8192,31,1,20,0.0,0.0,0,0,0.0,0.0,0,0,BENIGN
444,121,1,1,2,6,2,2,2.0,0.0,6,6,6.0,0.0,66115.70247999999,16528.925619999998,121.0,0.0,121,121,0,0.0,0.0,0,0,0,0.0,0.0,0,0,0,0,0,0,24,20,8264.462809999999,8264.462809999999,2,6,3.333333333,2.309401077,5.333333333,0,0,0,1,0,0,0,0,1,5.0,2.0,6.0,24,0,0,0,0,0,0,1,2,1,6,1024,0,0,24,0.0,0.0,0,0,0.0,0.0,0,0,PortScan
21,10565,4,2,0,20,0,0,0.0,0.0,20,0,10.0,14.14213562,1893.0430670000003,567.91292,2113.0,3770.6864100000003,8844,124,10565,3521.666667,5256.36855,9586,272,9427,9427.0,0.0,9427,9427,0,0,0,0,136,72,378.6086133,189.30430669999998,0,20,2.857142857,7.55928946,57.14285714,0,0,0,1,0,0,0,0,0,3.333333333,0.0,10.0,136,0,0,0,0,0,0,4,0,2,20,29200,227,0,32,0.0,0.0,0,0,0.0,0.0,0,0,PortScan
1276,34011,4,1,3553,0,2860,0,888.25,1354.485973,0,0,0.0,0.0,104466.2021,147.0112611,8502.75,9880.763175,19098,67,34011,11337.0,9912.282835,19098,171,0,0.0,0.0,0,0,0,0,0,0,80,20,117.60900890000002,29.40225221,0,2860,592.1666667000001,1145.06601,1311176.1670000001,0,0,0,0,1,0,0,0,0,710.6,888.25,0.0,80,0,0,0,0,0,0,4,3553,1,0,343,0,2,20,0.0,0.0,0,0,0.0,0.0,0,0,BENIGN
443,117,1,1,0,6,0,0,0.0,0.0,6,6,6.0,0.0,51282.05128,17094.01709,117.0,0.0,117,117,0,0.0,0.0,0,0,0,0.0,0.0,0,0,0,0,0,0,40,20,8547.008547,8547.008547,0,6,2.0,3.464101615,12.0,0,0,0,1,0,0,0,0,1,3.0,0.0,6.0,40,0,0,0,0,0,0,1,0,1,6,29200,0,0,40,0.0,0.0,0,0,0.0,0.0,0,0,PortScan
21,694,2,1,8,2,6,2,4.0,2.828427125,2,2,2.0,0.0,14409.2219,4322.766571,347.0,313.9554108,569,125,694,694.0,0.0,694,694,0,0.0,0.0,0,0,0,0,0,0,44,24,2881.84438,1440.92219,2,6,3.0,2.0,4.0,0,0,0,1,0,0,0,0,0,4.0,4.0,2.0,44,0,0,0,0,0,0,2,8,1,2,1024,29200,1,20,0.0,0.0,0,0,0.0,0.0,0,0,PortScan
88,909,8,6,4930,258,2465,0,616.25,939.5848247000001,129,0,43.0,66.61531355,5707370.737000001,15401.54015,69.92307692,126.88213789999999,478,0,909,129.8571429,236.57023519999998,661,1,785,157.0,196.1224108,478,2,0,0,0,0,184,144,8800.880088,6600.6600659999995,0,2465,345.8666667,729.8128788,532626.8381,0,0,0,1,0,0,0,0,0,370.57142860000005,616.25,43.0,184,0,0,0,0,0,0,8,4930,6,258,8192,2053,3,20,0.0,0.0,0,0,0.0,0.0,0,0,BENIGN
21,782,2,1,8,2,6,2,4.0,2.828427125,2,2,2.0,0.0,12787.72379,3836.317136,391.0,530.3300859,766,16,782,782.0,0.0,782,782,0,0.0,0.0,0,0,0,0,0,0,44,24,2557.544757,1278.772379,2,6,3.0,2.0,4.0,0,0,0,1,0,0,0,0,0,4.0,4.0,2.0,44,0,0,0,0,0,0,2,8,1,2,1024,29200,1,20,0.0,0.0,0,0,0.0,0.0,0,0,PortScan
443,54,1,1,0,6,0,0,0.0,0.0,6,6,6.0,0.0,111111.1111,37037.037039999996,54.0,0.0,54,54,0,0.0,0.0,0,0,0,0.0,0.0,0,0,0,0,0,0,40,20,18518.518519999998,18518.518519999998,0,6,2.0,3.464101615,12.0,0,0,0,1,0,0,0,0,1,3.0,0.0,6.0,40,0,0,0,0,0,0,1,0,1,6,29200,0,0,40,0.0,0.0,0,0,0.0,0.0,0,0,PortScan
88,853,9,4,632,3112,316,0,70.22222222,139.34290239999999,1556,0,778.0,898.3570189,4389214.537,15240.32825,71.08333333,176.4809845,628,1,853,106.625,241.3236934,701,1,735,245.0,342.0803999,640,47,0,0,0,0,204,104,10550.99648,4689.331770000001,0,1556,267.4285714,557.5172594,310825.4945,0,0,0,1,0,0,0,0,0,288.0,70.22222222,778.0,204,0,0,0,0,0,0,9,632,4,3112,8192,2053,2,20,0.0,0.0,0,0,0.0,0.0,0,0,BENIGN
80,4835287,2,0,0,0,0,0,0.0,0.0,0,0,0.0,0.0,0.0,0.41362591299999996,4835287.0,0.0,4835287,4835287,4835287,4835287.0,0.0,4835287,4835287,0,0.0,0.0,0,0,0,0,0,0,64,0,0.41362591299999996,0.0,0,0,0.0,0.0,0.0,0,0,0,0,1,0,0,0,0,0.0,0.0,0.0,64,0,0,0,0,0,0,2,0,0,0,239,-1,0,32,0.0,0.0,0,0,0.0,0.0,0,0,BENIGN
444,121,1,1,0,6,0,0,0.0,0.0,6,6,6.0,0.0,49586.776860000005,16528.925619999998,121.0,0.0,121,121,0,0.0,0.0,0,0,0,0.0,0.0,0,0,0,0,0,0,40,20,8264.462809999999,8264.462809999999,0,6,2.0,3.464101615,12.0,0,0,0,1,0,0,0,0,1,3.0,0.0,6.0,40,0,0,0,0,0,0,1,0,1,6,29200,0,0,40,0.0,0.0,0,0,0.0,0.0,0,0,PortScan
465,215,3,0,37,0,37,0,12.33333333,21.36195996,0,0,0.0,0.0,172093.0233,13953.48837,107.5,84.14570696,167,48,215,107.5,84.14570696,167,48,0,0.0,0.0,0,0,0,0,0,0,60,0,13953.48837,0.0,0,37,9.25,18.5,342.25,0,0,0,0,1,0,0,0,0,12.33333333,12.33333333,0.0,60,0,0,0,0,0,0,3,37,0,0,255,-1,1,20,0.0,0.0,0,0,0.0,0.0,0,0,BENIGN
80,82523355,2,0,0,0,0,0,0.0,0.0,0,0,0.0,0.0,0.0,0.024235562999999998,82500000.0,0.0,82500000,82500000,82500000,82500000.0,0.0,82500000,82500000,0,0.0,0.0,0,0,0,0,0,0,40,0,0.024235562999999998,0.0,0,0,0.0,0.0,0.0,0,0,0,0,1,0,0,0,0,0.0,0.0,0.0,40,0,0,0,0,0,0,2,0,0,0,1022,-1,0,20,0.0,0.0,0,0,0.0,0.0,0,0,BENIGN
389,0,2,0,7,0,7,0,3.5,4.949747468,0,0,0.0,0.0,inf,inf,0.0,0.0,0,0,0,0.0,0.0,0,0,0,0.0,0.0,0,0,1,0,0,0,64,0,0.0,0.0,0,7,4.666666667,4.041451884,16.33333333,0,1,0,0,1,0,0,0,0,7.0,3.5,0.0,64,0,0,0,0,0,0,2,7,0,0,237,-1,0,32,0.0,0.0,0,0,0.0,0.0,0,0,BENIGN
443,66157533,13,14,1127,844,523,0,86.69230769,193.79645019999998,656,0,60.28571429,176.5186539,29.79252567,0.40811679,2544520.5,4245415.813999999,10000000,3,62000000,5169067.25,5198838.683,10200000,147,66000000,5077623.846,5015110.199,10200000,3,0,0,0,0,424,456,0.19650067699999998,0.211616113,0,656,70.39285714,179.0498253,32058.83995,0,0,0,1,0,0,0,0,1,73.0,86.69230769,60.28571429,424,0,0,0,0,0,0,13,1127,14,844,29200,130,3,32,317147.0,413665.4463,1161538,148153,10000000.0,11458.11736,10000000,9999714,BENIGN
123,73016131,9,9,432,432,48,48,48.0,0.0,48,48,48.0,0.0,11.83300167,0.246520868,4295066.529,13900000.0,58000000,16148,73000000,9124989.0,19800000.0,58000000,1999904,73000000,9124983.75,19800000.0,58000000,1999816,0,0,0,0,204,204,0.123260434,0.123260434,48,48,48.0,0.0,0.0,0,0,0,0,0,0,0,0,1,50.66666667,48.0,48.0,204,0,0,0,0,0,0,9,432,9,432,-1,-1,8,20,15000000.0,0.0,15000000,15000000,58000000.0,0.0,58000000,58000000,BENIGN
123,68994232,8,8,384,384,48,48,48.0,0.0,48,48,48.0,0.0,11.1313653,0.231903444,4599615.467,14300000.0,56000000,16120,69000000,9853967.0,20400000.0,56000000,1991135,69000000,9853976.571,20400000.0,56000000,1991191,0,0,0,0,208,208,0.115951722,0.115951722,48,48,48.0,0.0,0.0,0,0,0,0,0,0,0,0,1,51.0,48.0,48.0,208,0,0,0,0,0,0,8,384,8,384,-1,-1,7,20,13000000.0,0.0,13000000,13000000,56000000.0,0.0,56000000,56000000,BENIGN
80,97047,3,6,18,11595,18,0,6.0,10.39230485,4344,0,1932.5,1754.831473,119663.6681,92.73856997,12130.875,33762.56553,95687,47,96504,48252.0,67083.22033,95687,817,96975,19395.0,43108.64924,96510,47,0,0,0,0,104,200,30.91285666,61.82571331,0,4344,1161.3,1643.79818,2702072.4560000002,0,0,0,1,0,0,0,0,2,1290.333333,6.0,1932.5,104,0,0,0,0,0,0,3,18,6,11595,29200,227,1,32,0.0,0.0,0,0,0.0,0.0,0,0,PortScan
443,8992,2,0,0,0,0,0,0.0,0.0,0,0,0.0,0.0,0.0,222.4199288,8992.0,0.0,8992,8992,8992,8992.0,0.0,8992,8992,0,0.0,0.0,0,0,0,0,0,0,64,0,222.4199288,0.0,0,0,0.0,0.0,0.0,0,0,0,0,1,0,0,0,0,0.0,0.0,0.0,64,0,0,0,0,0,0,2,0,0,0,800,-1,0,32,0.0,0.0,0,0,0.0,0.0,0,0,BENIGN
443,115,1,1,0,6,0,0,0.0,0.0,6,6,6.0,0.0,52173.91304,17391.30435,115.0,0.0,115,115,0,0.0,0.0,0,0,0,0.0,0.0,0,0,0,0,0,0,40,20,8695.652173999999,8695.652173999999,0,6,2.0,3.464101615,12.0,0,0,0,1,0,0,0,0,1,3.0,0.0,6.0,40,0,0,0,0,0,0,1,0,1,6,29200,0,0,40,0.0,0.0,0,0,0.0,0.0,0,0,PortScan
443,103906809,9,7,2243,4659,1557,0,249.2222222,503.21386550000005,1460,0,665.5714286,709.4084054,66.42490579999999,0.153984134,6927120.6,26700000.0,103000000,48,104000000,13000000.0,36600000.0,103000000,54,298543,49757.16667,54250.1028,106353,48,0,0,0,0,192,152,0.086616075,0.06736805900000001,0,1557,406.0,607.4046221,368940.375,0,0,0,1,0,0,0,0,0,431.375,249.2222222,665.5714286,192,0,0,0,0,0,0,9,2243,7,4659,8192,513,4,20,0.0,0.0,0,0,0.0,0.0,0,0,BENIGN
443,980,2,0,0,0,0,0,0.0,0.0,0,0,0.0,0.0,0.0,2040.816327,980.0,0.0,980,980,980,980.0,0.0,980,980,0,0.0,0.0,0,0,0,0,0,0,64,0,2040.816327,0.0,0,0,0.0,0.0,0.0,0,0,0,0,1,0,0,0,0,0.0,0.0,0.0,64,0,0,0,0,0,0,2,0,0,0,924,-1,0,32,0.0,0.0,0,0,0.0,0.0,0,0,BENIGN
80,2193,6,5,62,11576,62,0,10.33333333,25.31139401,4344,0,2315.2,2194.156603,5306885.545,5015.959871999999,219.3,225.4398417,614,3,2193,438.6,427.91506169999997,1089,3,1054,263.5,301.8989897,666,15,0,0,0,0,200,168,2735.9781120000002,2279.98176,0,4344,969.8333332999998,1778.0216699999999,3161361.061,0,0,0,1,0,0,0,0,0,1058.0,10.33333333,2315.2,200,0,0,0,0,0,0,6,62,5,11576,29200,227,1,32,0.0,0.0,0,0,0.0,0.0,0,0,PortScan
21,673,2,1,8,2,6,2,4.0,2.828427125,2,2,2.0,0.0,14858.84101,4457.652303,336.5,290.6208871,542,131,673,673.0,0.0,673,673,0,0.0,0.0,0,0,0,0,0,0,44,24,2971.7682019999997,1485.8841009999999,2,6,3.0,2.0,4.0,0,0,0,1,0,0,0,0,0,4.0,4.0,2.0,44,0,0,0,0,0,0,2,8,1,2,1024,29200,1,20,0.0,0.0,0,0,0.0,0.0,0,0,PortScan
53,23605,1,1,45,77,45,45,45.0,0.0,77,77,77.0,0.0,5168.3965259999995,84.7278119,23605.0,0.0,23605,23605,0,0.0,0.0,0,0,0,0.0,0.0,0,0,0,0,0,0,14,14,42.36390595,42.36390595,45,77,55.66666667,18.47520861,341.3333333,0,0,0,0,0,0,0,0,1,83.5,45.0,77.0,14,0,0,0,0,0,0,1,45,1,77,-1,-1,0,14,0.0,0.0,0,0,0.0,0.0,0,0,BENIGN
88,1205,7,4,2776,2830,1388,0,396.57142860000005,677.2746506,1415,0,707.5,816.9506309,4652282.158,9128.630705,120.5,236.4333357,777,1,1205,200.83333330000002,397.05839199999997,1008,1,927,309.0,491.6472313,876,1,0,0,0,0,164,104,5809.1286310000005,3319.502075,0,1415,467.16666669999995,690.0989169,476236.5152,0,0,0,1,0,0,0,0,0,509.6363636,396.57142860000005,707.5,164,0,0,0,0,0,0,7,2776,4,2830,8192,2053,2,20,0.0,0.0,0,0,0.0,0.0,0,0,BENIGN
443,4953235,14,12,2356,10073,679,0,168.28571430000002,276.38418870000004,1460,0,839.4166667000002,645.0021082999999,2509.269195,5.2490947839999995,198129.4,726367.0293,3653585,3,4953235,381018.0769,996862.0629,3653585,3,1172197,106563.3636,148538.7807,467616,40,0,0,0,0,292,252,2.8264356530000003,2.422659131,0,1460,460.33333330000005,578.4526442000001,334607.4615,0,0,0,1,0,0,0,0,0,478.03846150000004,168.28571430000002,839.4166667000002,292,0,0,0,0,0,0,14,2356,12,10073,8192,125,6,20,0.0,0.0,0,0,0.0,0.0,0,0,BENIGN
443,119,1,1,0,6,0,0,0.0,0.0,6,6,6.0,0.0,50420.16807,16806.722690000002,119.0,0.0,119,119,0,0.0,0.0,0,0,0,0.0,0.0,0,0,0,0,0,0,40,20,8403.361345000001,8403.361345000001,0,6,2.0,3.464101615,12.0,0,0,0,1,0,0,0,0,1,3.0,0.0,6.0,40,0,0,0,0,0,0,1,0,1,6,29200,0,0,40,0.0,0.0,0,0,0.0,0.0,0,0,PortScan
444,116,1,1,0,6,0,0,0.0,0.0,6,6,6.0,0.0,51724.137930000004,17241.37931,116.0,0.0,116,116,0,0.0,0.0,0,0,0,0.0,0.0,0,0,0,0,0,0,40,20,8620.689655,8620.689655,0,6,2.0,3.464101615,12.0,0,0,0,1,0,0,0,0,1,3.0,0.0,6.0,40,0,0,0,0,0,0,1,0,1,6,29200,0,0,40,0.0,0.0,0,0,0.0,0.0,0,0,PortScan
443,43843640,22,25,1029,28149,517,0,46.77272727,132.3602342,3864,0,1125.96,1016.024216,665.5013133,1.071991285,953122.6087,2809173.3039999995,10000000,2,34300000,1634301.429,3597683.0739999996,10200000,49,43700000,1820631.167,3771840.211,10200000,2,0,0,0,0,712,808,0.501783155,0.570208131,0,3864,607.875,912.6700278999999,832966.5798,0,0,0,1,0,0,0,0,1,620.8085106000001,46.77272727,1125.96,712,0,0,0,0,0,0,22,1029,25,28149,29200,252,3,32,1112022.0,1926751.3369999998,4002149,148562,9848887.5,316152.69899999996,10000000,9374746,BENIGN
443,111,1,1,0,6,0,0,0.0,0.0,6,6,6.0,0.0,54054.05405,18018.01802,111.0,0.0,111,111,0,0.0,0.0,0,0,0,0.0,0.0,0,0,0,0,0,0,40,20,9009.009009000001,9009.009009000001,0,6,2.0,3.464101615,12.0,0,0,0,1,0,0,0,0,1,3.0,0.0,6.0,40,0,0,0,0,0,0,1,0,1,6,29200,0,0,40,0.0,0.0,0,0,0.0,0.0,0,0,PortScan
123,79999626,6,6,288,288,48,48,48.0,0.0,48,48,48.0,0.0,7.20003366,0.150000701,7272693.272999999,19400000.0,64000000,2,80000000,16000000.0,27700000.0,64000000,3,80000000,16000000.0,27700000.0,64000000,2,0,0,0,0,-1073741218,-1073741218,0.07500035099999999,0.07500035099999999,48,48,48.0,0.0,0.0,0,0,0,0,0,0,0,0,1,52.0,48.0,48.0,-1073741218,0,0,0,0,0,0,6,288,6,288,-1,-1,5,-536870661,104.0,2.828427125,106,102,40000000.0,34000000.0,64000000,16000000,BENIGN
123,67016429,7,7,336,336,48,48,48.0,0.0,48,48,48.0,0.0,10.02739194,0.20890399899999998,5155109.923,15600000.0,57000000,16466,67000000,11200000.0,22500000.0,57000000,1999952,67000000,11200000.0,22500000.0,57000000,1999847,0,0,0,0,140,140,0.104451999,0.104451999,48,48,48.0,0.0,0.0,0,0,0,0,0,0,0,0,1,51.42857143,48.0,48.0,140,0,0,0,0,0,0,7,336,7,336,-1,-1,6,20,10000000.0,0.0,10000000,10000000,57000000.0,0.0,57000000,57000000,BENIGN
443,240203,3,0,188,0,188,0,62.66666667,108.5418506,0,0,0.0,0.0,782.6713238,12.48943602,120101.5,169822.3001,240184,19,240203,120101.5,169822.3001,240184,19,0,0.0,0.0,0,0,0,0,0,0,96,0,12.48943602,0.0,0,188,47.0,94.0,8836.0,0,0,0,0,1,0,0,0,0,62.66666667,62.66666667,0.0,96,0,0,0,0,0,0,3,188,0,0,229,-1,1,32,0.0,0.0,0,0,0.0,0.0,0,0,BENIGN
443,62,1,1,0,6,0,0,0.0,0.0,6,6,6.0,0.0,96774.19355,32258.06452,62.0,0.0,62,62,0,0.0,0.0,0,0,0,0.0,0.0,0,0,0,0,0,0,40,20,16129.03226,16129.03226,0,6,2.0,3.464101615,12.0,0,0,0,1,0,0,0,0,1,3.0,0.0,6.0,40,0,0,0,0,0,0,1,0,1,6,29200,0,0,40,0.0,0.0,0,0,0.0,0.0,0,0,PortScan
123,112016162,10,10,480,480,48,48,48.0,0.0,48,48,48.0,0.0,8.570191862,0.178545664,5895587.473999999,16000000.0,64000000,16181,112000000,12400000.0,22000000.0,64000000,1999942,112000000,12400000.0,22000000.0,64000000,1999674,0,0,0,0,248,248,0.089272832,0.089272832,48,48,48.0,0.0,0.0,0,0,0,0,0,0,0,0,1,50.4,48.0,48.0,248,0,0,0,0,0,0,10,480,10,480,-1,-1,9,20,7016432.5,9899484.33,14000000,16440,49000000.0,21200000.0,64000000,34000000,BENIGN
443,119,1,1,2,6,2,2,2.0,0.0,6,6,6.0,0.0,67226.89076000001,16806.722690000002,119.0,0.0,119,119,0,0.0,0.0,0,0,0,0.0,0.0,0,0,0,0,0,0,24,20,8403.361345000001,8403.361345000001,2,6,3.333333333,2.309401077,5.333333333,0,0,0,1,0,0,0,0,1,5.0,2.0,6.0,24,0,0,0,0,0,0,1,2,1,6,1024,0,0,24,0.0,0.0,0,0,0.0,0.0,0,0,PortScan
443,140,1,1,2,6,2,2,2.0,0.0,6,6,6.0,0.0,57142.85714,14285.71429,140.0,0.0,140,140,0,0.0,0.0,0,0,0,0.0,0.0,0,0,0,0,0,0,24,20,7142.857143000001,7142.857143000001,2,6,3.333333333,2.309401077,5.333333333,0,0,0,1,0,0,0,0,1,5.0,2.0,6.0,24,0,0,0,0,0,0,1,2,1,6,1024,0,0,24,0.0,0.0,0,0,0.0,0.0,0,0,PortScan
444,151,1,1,0,6,0,0,0.0,0.0,6,6,6.0,0.0,39735.09934,13245.03311,151.0,0.0,151,151,0,0.0,0.0,0,0,0,0.0,0.0,0,0,0,0,0,0,40,20,6622.5165560000005,6622.5165560000005,0,6,2.0,3.464101615,12.0,0,0,0,1,0,0,0,0,1,3.0,0.0,6.0,40,0,0,0,0,0,0,1,0,1,6,29200,0,0,40,0.0,0.0,0,0,0.0,0.0,0,0,PortScan
80,2110,6,5,62,11576,62,0,10.33333333,25.31139401,5792,0,2315.2,2628.883261,5515639.81,5213.270142,211.0,232.19244890000002,624,3,2110,422.0,364.3082486,929,3,905,226.25,287.6286669,651,47,0,0,0,0,200,168,2843.601896,2369.668246,0,5792,969.8333332999998,1980.8581170000002,3923798.8789999997,0,0,0,1,0,0,0,0,0,1058.0,10.33333333,2315.2,200,0,0,0,0,0,0,6,62,5,11576,29200,227,1,32,0.0,0.0,0,0,0.0,0.0,0,0,PortScan
443,43843479,24,28,1029,31687,517,0,42.875,127.1621055,2576,0,1131.6785710000001,876.342866,746.1999081,1.1860372670000001,859676.0588,2681288.7,10000000,3,34300000,1492190.826,3463926.606,10200000,183,43700000,1618338.7780000002,3596554.8210000005,10200000,3,0,0,0,0,776,904,0.547401815,0.638635451,0,2576,617.2830188999999,841.4259275000001,707997.5914,0,0,0,1,0,0,0,0,1,629.1538462,42.875,1131.6785710000001,776,0,0,0,0,0,0,24,1029,28,31687,29200,252,3,32,1109439.0,1922589.334,3993323,148109,9851430.0,317747.0395,10000000,9374978,BENIGN
22,700,2,1,8,2,6,2,4.0,2.828427125,2,2,2.0,0.0,14285.71429,4285.714286,350.0,306.884343,567,133,700,700.0,0.0,700,700,0,0.0,0.0,0,0,0,0,0,0,44,24,2857.142857,1428.5714289999999,2,6,3.0,2.0,4.0,0,0,0,1,0,0,0,0,0,4.0,4.0,2.0,44,0,0,0,0,0,0,2,8,1,2,1024,29200,1,20,0.0,0.0,0,0,0.0,0.0,0,0,PortScan
21,676,2,1,8,2,6,2,4.0,2.828427125,2,2,2.0,0.0,14792.89941,4437.869822,338.0,299.81327519999996,550,126,676,676.0,0.0,676,676,0,0.0,0.0,0,0,0,0,0,0,44,24,2958.579882,1479.289941,2,6,3.0,2.0,4.0,0,0,0,1,0,0,0,0,0,4.0,4.0,2.0,44,0,0,0,0,0,0,2,8,1,2,1024,29200,1,20,0.0,0.0,0,0,0.0,0.0,0,0,PortScan
465,12181592,20,27,1346,4648,378,0,67.3,86.44748939,1430,0,172.1481481,388.8269047,492.05391219999996,3.858280593,264817.2174,945100.8265,6143317,1,12100000,638522.2632,1420418.093,6143317,35874,12100000,466624.6923,1244384.113,6192539,1,0,0,0,0,436,552,1.641821529,2.216459064,0,1430,124.875,299.46993060000005,89682.23936,0,0,0,1,0,0,0,0,1,127.5319149,67.3,172.1481481,436,0,0,0,0,0,0,20,1346,27,4648,8192,176,13,20,49477.0,0.0,49477,49477,6143317.0,0.0,6143317,6143317,BENIGN
21,648,2,1,8,2,6,2,4.0,2.828427125,2,2,2.0,0.0,15432.098769999999,4629.629629999999,324.0,360.6244584,579,69,648,648.0,0.0,648,648,0,0.0,0.0,0,0,0,0,0,0,44,24,3086.419753,1543.209877,2,6,3.0,2.0,4.0,0,0,0,1,0,0,0,0,0,4.0,4.0,2.0,44,0,0,0,0,0,0,2,8,1,2,1024,29200,1,20,0.0,0.0,0,0,0.0,0.0,0,0,PortScan
80,4770553,6,4,870,1592,435,0,145.0,224.6330341,796,0,398.0,459.5708143,516.0827267,2.096193041,530061.4444,1542432.779,4643029,73,4770553,954110.6,2062315.48,4643029,91,59834,19944.66667,16712.73602,34382,1636,0,0,0,0,132,92,1.257715825,0.8384772159999999,0,796,223.8181818,330.8536892,109464.1636,0,0,0,1,0,0,0,0,0,246.2,145.0,398.0,132,0,0,0,0,0,0,6,870,4,1592,8192,290,2,20,0.0,0.0,0,0,0.0,0.0,0,0,BENIGN
80,5194037,5,5,72,651,72,0,14.4,32.19937888,646,0,130.2,288.349094,139.1980843,1.925284706,577115.2222,1660967.8830000001,5005034,3,189003,47250.75,54463.77529,94625,3,5099888,1274972.0,2487133.346,5005080,3,0,0,0,0,168,168,0.962642353,0.962642353,0,646,65.72727273,193.650247,37500.41818,0,0,0,1,0,0,0,0,1,72.3,14.4,130.2,168,0,0,0,0,0,0,5,72,5,651,29200,114,1,32,0.0,0.0,0,0,0.0,0.0,0,0,BENIGN
443,241110,4,1,201,0,201,0,50.25,100.5,0,0,0.0,0.0,833.6443947,20.73742275,60277.5,75042.46029,169986,6,241110,80370.0,77621.04236,169986,34237,0,0.0,0.0,0,0,0,0,0,0,92,32,16.5899382,4.147484551,0,201,33.5,82.05790638,6733.5,0,0,0,1,0,0,0,0,0,40.2,50.25,0.0,92,0,0,0,0,0,0,4,201,1,0,8192,42780,1,20,0.0,0.0,0,0,0.0,0.0,0,0,BENIGN
444,155,1,1,2,6,2,2,2.0,0.0,6,6,6.0,0.0,51612.90323,12903.22581,155.0,0.0,155,155,0,0.0,0.0,0,0,0,0.0,0.0,0,0,0,0,0,0,24,20,6451.612903,6451.612903,2,6,3.333333333,2.309401077,5.333333333,0,0,0,1,0,0,0,0,1,5.0,2.0,6.0,24,0,0,0,0,0,0,1,2,1,6,1024,0,0,24,0.0,0.0,0,0,0.0,0.0,0,0,PortScan
443,2267678,10,11,851,3950,267,0,85.1,99.87041604,1448,0,359.0909091,569.9183195,2117.143616,9.260574032000001,113383.9,186539.6012,743817,9,1942161,215795.6667,286546.3696,839034,234,2172337,217233.7,239202.6488,743817,48,0,0,0,0,328,360,4.409797158,4.850776874,0,1448,218.2272727,424.317708,180045.5173,0,0,0,1,0,0,0,0,1,228.6190476,85.1,359.0909091,328,0,0,0,0,0,0,10,851,11,3950,29200,252,5,32,0.0,0.0,0,0,0.0,0.0,0,0,BENIGN
88,895,9,4,626,3064,313,0,69.55555556,138.0200267,1532,0,766.0,884.5006124,4122905.028,14525.139659999999,74.58333333,191.0818284,678,1,895,111.875,233.3693807,686,1,767,255.66666669999998,436.7657648,760,3,0,0,0,0,204,104,10055.86592,4469.273743,0,1532,263.5714286,548.9435607999999,301339.033,0,0,0,1,0,0,0,0,0,283.8461538,69.55555556,766.0,204,0,0,0,0,0,0,9,626,4,3064,8192,2053,2,20,0.0,0.0,0,0,0.0,0.0,0,0,BENIGN
123,110021565,10,10,480,480,48,48,48.0,0.0,48,48,48.0,0.0,8.72556212,0.181782544,5790608.683999999,15700000.0,62000000,22058,110000000,12200000.0,21600000.0,62000000,1000012,110000000,12200000.0,21600000.0,62000000,999838,0,0,0,0,260,260,0.090891272,0.090891272,48,48,48.0,0.0,0.0,0,0,0,0,0,0,0,0,1,50.4,48.0,48.0,260,0,0,0,0,0,0,10,480,10,480,-1,-1,9,20,6521975.0,9191952.578,13000000,22283,48500000.0,19100000.0,62000000,35000000,BENIGN
443,140,1,1,2,6,2,2,2.0,0.0,6,6,6.0,0.0,57142.85714,14285.71429,140.0,0.0,140,140,0,0.0,0.0,0,0,0,0.0,0.0,0,0,0,0,0,0,24,20,7142.857143000001,7142.857143000001,2,6,3.333333333,2.309401077,5.333333333,0,0,0,1,0,0,0,0,1,5.0,2.0,6.0,24,0,0,0,0,0,0,1,2,1,6,1024,0,0,24,0.0,0.0,0,0,0.0,0.0,0,0,PortScan
88,80,1,4,0,0,0,0,0.0,0.0,0,0,0.0,0.0,0.0,62500.0,20.0,31.10198279,66,1,0,0.0,0.0,0,0,68,22.66666667,37.527767499999996,66,1,0,0,0,0,20,80,12500.0,50000.0,0,0,0.0,0.0,0.0,0,0,0,0,1,1,0,0,4,0.0,0.0,0.0,20,0,0,0,0,0,0,1,0,4,0,256,0,0,20,0.0,0.0,0,0,0.0,0.0,0,0,BENIGN
1085,4,2,0,31,0,31,0,15.5,21.92031022,0,0,0.0,0.0,7750000.0,500000.0,4.0,0.0,4,4,4,4.0,0.0,4,4,0,0.0,0.0,0,0,1,0,0,0,40,0,500000.0,0.0,0,31,20.66666667,17.89785834,320.3333333,0,1,0,0,1,0,0,0,0,31.0,15.5,0.0,40,0,0,0,0,0,0,2,31,0,0,30016,-1,0,20,0.0,0.0,0,0,0.0,0.0,0,0,BENIGN
88,1577,9,6,3122,3040,1561,0,346.8888889,688.3362994,1520,0,506.66666669999995,784.9246248,3907419.15,9511.731135,112.6428571,231.08493509999997,749,1,1577,197.125,334.93429530000003,888,1,1371,274.2,370.8277228,749,2,0,0,0,0,204,144,5707.038681,3804.692454,0,1561,385.125,689.0138726,474740.1167,0,0,0,1,0,0,0,0,0,410.8,346.8888889,506.66666669999995,204,0,0,0,0,0,0,9,3122,6,3040,8192,2053,2,20,0.0,0.0,0,0,0.0,0.0,0,0,BENIGN
21,1145,3,1,0,0,0,0,0.0,0.0,0,0,0.0,0.0,0.0,3493.449782,381.6666667,521.1615233,981,35,1145,572.5,760.1397897999999,1110,35,0,0.0,0.0,0,0,0,0,0,0,104,40,2620.087336,873.3624454,0,0,0.0,0.0,0.0,0,0,0,1,0,0,0,0,0,0.0,0.0,0.0,104,0,0,0,0,0,0,3,0,1,0,29200,28960,0,32,0.0,0.0,0,0,0.0,0.0,0,0,PortScan
88,689,7,4,2688,2744,1344,0,384.0,655.804849,1372,0,686.0,792.1245693,7883889.695,15965.16691,68.9,145.5315544,479,1,689,114.83333329999999,210.08038140000002,541,1,633,211.0,280.59223080000004,535,49,0,0,0,0,164,104,10159.651670000001,5805.515239,0,1372,452.66666669999995,668.6862742000001,447141.3333,0,0,0,1,0,0,0,0,0,493.8181818,384.0,686.0,164,0,0,0,0,0,0,7,2688,4,2744,8192,2053,2,20,0.0,0.0,0,0,0.0,0.0,0,0,BENIGN
53,398250,1,1,55,213,55,55,55.0,0.0,213,213,213.0,0.0,672.9441306,5.021971123999999,398250.0,0.0,398250,398250,0,0.0,0.0,0,0,0,0.0,0.0,0,0,0,0,0,0,20,20,2.5109855619999997,2.5109855619999997,55,213,107.66666670000001,91.22134253,8321.333333,0,0,0,0,0,0,0,0,1,161.5,55.0,213.0,20,0,0,0,0,0,0,1,55,1,213,-1,-1,0,20,0.0,0.0,0,0,0.0,0.0,0,0,BENIGN
80,2289,6,5,62,11576,62,0,10.33333333,25.31139401,5784,0,2315.2,2627.781422,5084316.295,4805.5919619999995,228.9,277.5529779,835,3,2289,457.8,419.689409,924,3,1152,288.0,413.4174646,904,49,0,0,0,0,200,168,2621.231979,2184.359983,0,5784,969.8333332999998,1980.3264120000001,3921692.6969999997,0,0,0,1,0,0,0,0,0,1058.0,10.33333333,2315.2,200,0,0,0,0,0,0,6,62,5,11576,29200,227,1,32,0.0,0.0,0,0,0.0,0.0,0,0,PortScan
443,5523599,7,5,309,152,227,0,44.14285714,83.11724364,107,0,30.4,47.04572244,83.46007739,2.172496591,502145.3636,1546582.654,5163375,4,5523599,920599.8333,2119288.07,5245549,4,276837,69209.25,89989.26982999999,191456,331,0,0,0,0,152,104,1.267289678,0.905206913,0,227,35.46153846,65.9654144,4351.435897,0,0,0,1,0,0,0,0,0,38.41666667,44.14285714,30.4,152,0,0,0,0,0,0,7,309,5,152,8192,35183,3,20,360220.0,0.0,360220,360220,5163375.0,0.0,5163375,5163375,BENIGN
22,656,3,1,0,0,0,0,0.0,0.0,0,0,0.0,0.0,0.0,6097.560976,218.66666669999998,333.6709956,603,3,656,328.0,459.6194078,653,3,0,0.0,0.0,0,0,0,0,0,0,104,40,4573.170732,1524.390244,0,0,0.0,0.0,0.0,0,0,0,1,0,0,0,0,0,0.0,0.0,0.0,104,0,0,0,0,0,0,3,0,1,0,29200,28960,0,32,0.0,0.0,0,0,0.0,0.0,0,0,PortScan
135,36,1,2,0,0,0,0,0.0,0.0,0,0,0.0,0.0,0.0,83333.33333,18.0,21.21320344,33,3,0,0.0,0.0,0,0,3,3.0,0.0,3,3,0,0,0,0,20,40,27777.77778,55555.55556,0,0,0.0,0.0,0.0,0,0,0,0,1,1,0,0,2,0.0,0.0,0.0,20,0,0,0,0,0,0,1,0,2,0,254,2051,0,20,0.0,0.0,0,0,0.0,0.0,0,0,BENIGN
49155,5,1,1,0,0,0,0,0.0,0.0,0,0,0.0,0.0,0.0,400000.0,5.0,0.0,5,5,0,0.0,0.0,0,0,0,0.0,0.0,0,0,0,0,0,0,20,20,200000.0,200000.0,0,0,0.0,0.0,0.0,0,0,0,0,1,0,0,0,1,0.0,0.0,0.0,20,0,0,0,0,0,0,1,0,1,0,2049,251,0,20,0.0,0.0,0,0,0.0,0.0,0,0,BENIGN
88,2104,9,4,632,3112,316,0,70.22222222,139.34290239999999,1556,0,778.0,898.3570189,1779467.6809999999,6178.707224,175.33333330000002,251.8128213,678,3,2104,263.0,320.0044643,757,3,1568,522.6666667,899.2231832999998,1561,3,0,0,0,0,204,104,4277.56654,1901.140684,0,1556,267.4285714,557.5172594,310825.4945,0,0,0,1,0,0,0,0,0,288.0,70.22222222,778.0,204,0,0,0,0,0,0,9,632,4,3112,8192,2053,2,20,0.0,0.0,0,0,0.0,0.0,0,0,BENIGN
80,4173566,5,5,444,1870,444,0,88.8,198.5628364,1637,0,374.0,713.2106982,554.4419329,2.396032553,463729.5556,1326858.613,4000156,2,173410,43352.5,60807.82915,133473,53,4153933,1038483.25,1975765.664,4000158,72,0,0,0,0,120,112,1.198016277,1.198016277,0,1637,210.36363640000002,494.41000650000007,244441.2545,0,0,0,1,0,0,0,0,1,231.4,88.8,374.0,120,0,0,0,0,0,0,5,444,5,1870,29200,30,1,20,0.0,0.0,0,0,0.0,0.0,0,0,BENIGN
80,379234,3,6,18,11595,18,0,6.0,10.39230485,5792,0,1932.5,2181.008184,30622.25433,23.73204934,47404.25,133541.8638,377903,38,378712,189356.0,266645.7245,377903,809,379167,75833.4,169308.1495,378701,38,0,0,0,0,104,200,7.910683113999999,15.82136623,0,5792,1161.3,1906.2898260000002,3633940.9,0,0,0,1,0,0,0,0,2,1290.333333,6.0,1932.5,104,0,0,0,0,0,0,3,18,6,11595,29200,227,1,32,0.0,0.0,0,0,0.0,0.0,0,0,PortScan
88,599,7,4,466,414,233,0,66.57142857,113.6923585,207,0,103.5,119.5115057,1469115.1919999998,18363.9399,59.9,107.5292725,354,1,599,99.83333333,173.1501275,450,1,427,142.33333330000002,241.3324125,421,3,0,0,0,0,164,104,11686.14357,6677.796327,0,233,73.33333333,108.6038115,11794.78788,0,0,0,1,0,0,0,0,0,80.0,66.57142857,103.5,164,0,0,0,0,0,0,7,466,4,414,8192,2053,2,20,0.0,0.0,0,0,0.0,0.0,0,0,BENIGN
80,2025,6,5,62,11576,62,0,10.33333333,25.31139401,5792,0,2315.2,2628.883261,5747160.494,5432.098765,202.5,226.24581030000002,632,3,2025,405.0,373.5103747,937,3,885,221.25,279.5047704,634,47,0,0,0,0,200,168,2962.962963,2469.135802,0,5792,969.8333332999998,1980.8581170000002,3923798.8789999997,0,0,0,1,0,0,0,0,0,1058.0,10.33333333,2315.2,200,0,0,0,0,0,0,6,62,5,11576,29200,227,1,32,0.0,0.0,0,0,0.0,0.0,0,0,PortScan
443,43844508,24,27,1029,34203,517,0,42.875,127.1621055,3864,0,1266.777778,1062.645912,803.5670054999999,1.163201558,876890.16,2705045.124,10000000,2,34300000,1492192.4780000001,3462697.079,10200000,192,43700000,1680631.1919999998,3652033.0530000003,10200000,2,0,0,0,0,776,872,0.5473889679999999,0.615812589,0,3864,677.5384615,982.5160072000001,965337.7044,0,0,0,1,0,0,0,0,1,690.8235294,42.875,1266.777778,776,0,0,0,0,0,0,24,1029,27,34203,29200,252,3,32,1112231.5,1928189.668,4004516,148059,9848895.0,315336.4927,10000000,9376020,BENIGN
445,61385684,57,56,13950,9394,2995,0,244.73684210000002,455.4834765,784,0,167.75,149.3879939,380.28410660000003,1.840820084,548086.4643,3987765.353,30000000,2,61400000,1096172.929,5610885.324,30000000,2,61300000,1115291.055,5660771.571,30000000,2,0,0,0,0,1164,1192,0.9285552640000001,0.912264821,0,2995,204.7807018,339.8957612,115529.1285,0,0,0,0,1,0,0,0,0,206.59292040000003,244.73684210000002,167.75,1164,0,0,0,0,0,0,57,13950,56,9394,254,2050,52,20,30016.0,42345.7967,59959,73,30000000.0,41530.50258,30000000,29900000,BENIGN
135,48876641,11,6,656,560,168,0,59.63636364,82.78076193,172,0,93.33333333,77.75517132,24.87896007,0.347814409,3054790.063,12200000.0,48700000,1,48900000,4887664.1,15400000.0,48700000,1,613,122.6,127.2686136,296,1,0,0,0,0,244,144,0.225056382,0.12275802699999999,0,172,67.55555556,79.70402767,6352.732026,0,0,0,1,0,0,0,0,0,71.52941176,59.63636364,93.33333333,244,0,0,0,0,0,0,11,656,6,560,8192,2052,4,20,0.0,0.0,0,0,0.0,0.0,0,0,BENIGN
21,581,2,1,8,2,6,2,4.0,2.828427125,2,2,2.0,0.0,17211.70396,5163.511188,290.5,388.20162289999996,565,16,581,581.0,0.0,581,581,0,0.0,0.0,0,0,0,0,0,0,44,24,3442.340792,1721.170396,2,6,3.0,2.0,4.0,0,0,0,1,0,0,0,0,0,4.0,4.0,2.0,44,0,0,0,0,0,0,2,8,1,2,1024,29200,1,20,0.0,0.0,0,0,0.0,0.0,0,0,PortScan
444,130,1,1,2,6,2,2,2.0,0.0,6,6,6.0,0.0,61538.46154,15384.615380000001,130.0,0.0,130,130,0,0.0,0.0,0,0,0,0.0,0.0,0,0,0,0,0,0,24,20,7692.307692,7692.307692,2,6,3.333333333,2.309401077,5.333333333,0,0,0,1,0,0,0,0,1,5.0,2.0,6.0,24,0,0,0,0,0,0,1,2,1,6,1024,0,0,24,0.0,0.0,0,0,0.0,0.0,0,0,PortScan
445,109152497,124,113,33324,43490,3072,0,268.7419355,459.44052,3254,0,384.8672566,540.4735441,703.7310378999999,2.171274194,462510.5805,3442299.789,30000000,0,109000000,887418.3659,4737572.07,30000000,1,109000000,974575.625,4959248.993,30000000,1,0,0,0,0,2528,2356,1.136025317,1.035248878,0,3254,322.7478992,501.3985036,251400.4594,0,0,0,1,0,0,0,0,0,324.1097046,268.7419355,384.8672566,2528,0,0,0,0,0,0,124,33324,113,43490,8192,2049,102,20,796206.0,1762916.282,3949776,56,21000000.0,12400000.0,30000000,5333938,BENIGN
443,41561741,23,28,698,34523,350,0,30.34782609,85.85326207,3864,0,1232.964286,1026.797087,847.438032,1.227090078,831234.82,2691505.295,10000000,5,41600000,1889161.409,3901914.385,10200000,77,41400000,1533834.667,3590756.2939999998,10200000,47,0,0,0,0,744,904,0.553393565,0.673696513,0,3864,677.3269231,963.6457065999999,928613.0479,0,0,0,1,0,0,0,0,1,690.6078431,30.34782609,1232.964286,744,0,0,0,0,0,0,23,698,28,34523,29200,252,3,32,539210.0,782115.3382,1712383,148088,9851163.75,325839.1075,10000000,9362652,BENIGN
22,1458500,35,40,2632,6634,408,0,75.2,106.5205862,976,0,165.85,325.1423791,6353.102503,51.42269455,19709.45946,115030.6374,968556,1,1458500,42897.05882,180694.1338,1010299,3,489807,12559.15385,36546.15947,206478,1,0,0,0,0,724,824,23.99725746,27.42543709,0,976,121.92105259999998,249.72586370000002,62363.007020000005,0,0,0,1,0,0,0,0,1,123.54666670000002,75.2,165.85,724,0,0,0,0,0,0,35,2632,40,6634,8192,245,24,20,0.0,0.0,0,0,0.0,0.0,0,0,BENIGN
443,9500,2,0,0,0,0,0,0.0,0.0,0,0,0.0,0.0,0.0,210.52631580000002,9500.0,0.0,9500,9500,9500,9500.0,0.0,9500,9500,0,0.0,0.0,0,0,0,0,0,0,64,0,210.52631580000002,0.0,0,0,0.0,0.0,0.0,0,0,0,0,1,0,0,0,0,0.0,0.0,0.0,64,0,0,0,0,0,0,2,0,0,0,727,-1,0,32,0.0,0.0,0,0,0.0,0.0,0,0,BENIGN
21,396124,24,24,176,424,43,0,7.333333333,12.00241522,51,0,17.66666667,16.31128355,1514.677222,121.1741778,8428.170213,30903.24617,192143,1,396097,17221.6087,46220.78209,192143,1,395992,17217.04348,44591.79293,192309,1,0,0,0,0,784,784,60.58708889,60.58708889,0,51,12.24489796,15.04649823,226.3971088,0,0,0,1,0,0,0,0,1,12.5,7.333333333,17.66666667,784,0,0,0,0,0,0,24,176,24,424,29200,227,12,32,0.0,0.0,0,0,0.0,0.0,0,0,BENIGN
22,675,2,1,8,2,6,2,4.0,2.828427125,2,2,2.0,0.0,14814.81481,4444.444444,337.5,297.6919549,548,127,675,675.0,0.0,675,675,0,0.0,0.0,0,0,0,0,0,0,44,24,2962.962963,1481.481481,2,6,3.0,2.0,4.0,0,0,0,1,0,0,0,0,0,4.0,4.0,2.0,44,0,0,0,0,0,0,2,8,1,2,1024,29200,1,20,0.0,0.0,0,0,0.0,0.0,0,0,PortScan
22,673,2,1,8,2,6,2,4.0,2.828427125,2,2,2.0,0.0,14858.84101,4457.652303,336.5,357.0889245,589,84,673,673.0,0.0,673,673,0,0.0,0.0,0,0,0,0,0,0,44,24,2971.7682019999997,1485.8841009999999,2,6,3.0,2.0,4.0,0,0,0,1,0,0,0,0,0,4.0,4.0,2.0,44,0,0,0,0,0,0,2,8,1,2,1024,29200,1,20,0.0,0.0,0,0,0.0,0.0,0,0,PortScan
80,2475,6,0,0,0,0,0,0.0,0.0,0,0,0.0,0.0,0.0,2424.242424,495.0,422.5547302,1237,171,2475,495.0,422.5547302,1237,171,0,0.0,0.0,0,0,0,0,0,0,192,0,2424.242424,0.0,0,0,0.0,0.0,0.0,0,0,0,0,1,0,0,0,0,0.0,0.0,0.0,192,0,0,0,0,0,0,6,0,0,0,251,-1,0,32,0.0,0.0,0,0,0.0,0.0,0,0,PortScan
21,653,2,1,8,2,6,2,4.0,2.828427125,2,2,2.0,0.0,15313.93568,4594.180704,326.5,306.1772363,543,110,653,653.0,0.0,653,653,0,0.0,0.0,0,0,0,0,0,0,44,24,3062.787136,1531.393568,2,6,3.0,2.0,4.0,0,0,0,1,0,0,0,0,0,4.0,4.0,2.0,44,0,0,0,0,0,0,2,8,1,2,1024,29200,1,20,0.0,0.0,0,0,0.0,0.0,0,0,PortScan
80,52686,3,4,436,860,436,0,145.33333330000002,251.7247174,860,0,215.0,430.0,24598.56508,132.8626201,8781.0,11616.68385,23755,3,28425,14212.5,13152.893240000001,23513,4912,29262,9754.0,16458.11359,28756,3,0,0,0,0,72,92,56.94112288,75.92149717,0,860,162.0,320.65646949999996,102820.5714,0,0,0,1,0,0,0,0,1,185.1428571,145.33333330000002,215.0,72,0,0,0,0,0,0,3,436,4,860,8192,31,1,20,0.0,0.0,0,0,0.0,0.0,0,0,BENIGN
1111,12828,3,0,31,0,31,0,10.33333333,17.89785834,0,0,0.0,0.0,2416.588712,233.8634238,6414.0,9066.523148,12825,3,12828,6414.0,9066.523148,12825,3,0,0.0,0.0,0,0,0,0,0,0,60,0,233.8634238,0.0,0,31,7.75,15.5,240.25,0,0,0,0,1,0,0,0,0,10.33333333,10.33333333,0.0,60,0,0,0,0,0,0,3,31,0,0,17688,-1,1,20,0.0,0.0,0,0,0.0,0.0,0,0,BENIGN
443,43811445,21,25,954,29091,517,0,45.42857143,133.04494409999998,3864,0,1163.64,1136.693446,685.7797089,1.049953956,973587.6667,2838090.421,10000000,4,34300000,1714404.85,3672825.9060000004,10200000,50,43700000,1819305.292,3773641.3710000003,10200000,4,0,0,0,0,680,808,0.479326806,0.57062715,0,3864,639.2553191000001,1000.566263,1001132.8459999999,0,0,0,1,0,0,0,0,1,653.1521739,45.42857143,1163.64,680,0,0,0,0,0,0,21,954,25,29091,29200,243,3,32,1102859.5,1909488.335,3967092,148048,9850000.75,316570.5896,10000000,9375296,BENIGN
443,775,2,0,0,0,0,0,0.0,0.0,0,0,0.0,0.0,0.0,2580.645161,775.0,0.0,775,775,775,775.0,0.0,775,775,0,0.0,0.0,0,0,0,0,0,0,64,0,2580.645161,0.0,0,0,0.0,0.0,0.0,0,0,0,0,1,0,0,0,0,0.0,0.0,0.0,64,0,0,0,0,0,0,2,0,0,0,565,-1,0,32,0.0,0.0,0,0,0.0,0.0,0,0,BENIGN
443,43844320,28,30,1029,33828,517,0,36.75,118.3555926,2576,0,1127.6,821.7589461,795.0174618,1.322862346,769198.5965,2547167.982,10000000,1,34300000,1271129.185,3231266.245,10200000,48,43700000,1506755.7240000002,3490378.8880000003,10200000,1,0,0,0,0,904,968,0.638623201,0.6842391440000001,0,2576,590.7966102,804.6249240000001,647421.2683,0,0,0,1,0,0,0,0,1,600.9827586,36.75,1127.6,904,0,0,0,0,0,0,28,1029,30,33828,29200,252,3,32,1111144.75,1925303.525,3999100,148074,9849935.0,316208.7863,10000000,9375757,BENIGN
80,228076,3,6,18,11595,18,0,6.0,10.39230485,5792,0,1932.5,2181.008184,50917.238110000006,39.4605307,28509.5,79981.60732000001,226453,14,227352,113676.0,159490.7629,226453,899,227941,45588.2,101606.3406,227347,14,0,0,0,0,104,200,13.15351023,26.30702047,0,5792,1161.3,1906.2898260000002,3633940.9,0,0,0,1,0,0,0,0,2,1290.333333,6.0,1932.5,104,0,0,0,0,0,0,3,18,6,11595,29200,227,1,32,0.0,0.0,0,0,0.0,0.0,0,0,PortScan
80,6005443,3,6,18,11595,18,0,6.0,10.39230485,4344,0,1932.5,1754.831473,1933.74577,1.4986404830000002,750680.375,2122665.723,6004010,16,6004683,3002341.5,4245000.302,6004010,673,6005326,1201065.2,2685314.0510000004,6004701,16,0,0,0,0,104,200,0.49954682799999994,0.9990936559999999,0,4344,1161.3,1643.79818,2702072.4560000002,0,0,0,1,0,0,0,0,2,1290.333333,6.0,1932.5,104,0,0,0,0,0,0,3,18,6,11595,29200,227,1,32,673.0,0.0,673,673,6004010.0,0.0,6004010,6004010,PortScan
443,84,1,1,2,6,2,2,2.0,0.0,6,6,6.0,0.0,95238.09524,23809.52381,84.0,0.0,84,84,0,0.0,0.0,0,0,0,0.0,0.0,0,0,0,0,0,0,24,20,11904.7619,11904.7619,2,6,3.333333333,2.309401077,5.333333333,0,0,0,1,0,0,0,0,1,5.0,2.0,6.0,24,0,0,0,0,0,0,1,2,1,6,1024,0,0,24,0.0,0.0,0,0,0.0,0.0,0,0,PortScan
123,69086468,7,7,336,336,48,48,48.0,0.0,48,48,48.0,0.0,9.726941027,0.202644605,5314343.692,16100000.0,58900000,86372,69000000,11500000.0,23300000.0,59000000,1999884,69000000,11500000.0,23300000.0,59000000,1999697,0,0,0,0,156,144,0.10132230199999999,0.10132230199999999,48,48,48.0,0.0,0.0,0,0,0,0,0,0,0,0,1,51.42857143,48.0,48.0,156,0,0,0,0,0,0,7,336,7,336,-1,-1,6,0,10100000.0,0.0,10100000,10100000,58900000.0,0.0,58900000,58900000,BENIGN
80,4040355,5,5,444,1870,444,0,88.8,198.5628364,1637,0,374.0,713.2106982,572.7219514,2.475030041,448928.3333,1331714.074,4000094,39,40261,10065.25,11346.13859,20047,158,4020673,1005168.25,1996694.6809999999,4000178,277,0,0,0,0,120,112,1.23751502,1.23751502,0,1637,210.36363640000002,494.41000650000007,244441.2545,0,0,0,1,0,0,0,0,1,231.4,88.8,374.0,120,0,0,0,0,0,0,5,444,5,1870,29200,30,1,20,0.0,0.0,0,0,0.0,0.0,0,0,BENIGN
443,71,1,1,2,6,2,2,2.0,0.0,6,6,6.0,0.0,112676.0563,28169.01408,71.0,0.0,71,71,0,0.0,0.0,0,0,0,0.0,0.0,0,0,0,0,0,0,24,20,14084.50704,14084.50704,2,6,3.333333333,2.309401077,5.333333333,0,0,0,1,0,0,0,0,1,5.0,2.0,6.0,24,0,0,0,0,0,0,1,2,1,6,1024,0,0,24,0.0,0.0,0,0,0.0,0.0,0,0,PortScan
443,233342,13,14,5775,16080,3441,0,444.2307692,987.1314632000001,3105,0,1148.5714289999999,861.4651843,93660.80687999999,115.7099879,8974.692308,18034.24553,52780,4,233280,19440.0,26792.96977,68850,38,187182,14398.615380000001,24006.71984,66468,48,0,0,0,0,272,292,55.712216399999996,59.99777151,0,3441,780.5357142999999,968.3239617999999,937651.295,0,0,0,1,0,0,0,0,1,809.4444444000001,444.2307692,1148.5714289999999,272,0,0,0,0,0,0,13,5775,14,16080,8192,256,5,20,0.0,0.0,0,0,0.0,0.0,0,0,BENIGN
443,92662,2,0,0,0,0,0,0.0,0.0,0,0,0.0,0.0,0.0,21.58382077,92662.0,0.0,92662,92662,92662,92662.0,0.0,92662,92662,0,0.0,0.0,0,0,0,0,0,0,40,0,21.58382077,0.0,0,0,0.0,0.0,0.0,0,0,0,0,1,0,0,0,0,0.0,0.0,0.0,40,0,0,0,0,0,0,2,0,0,0,257,-1,0,20,0.0,0.0,0,0,0.0,0.0,0,0,BENIGN
389,1,2,0,39,0,39,0,19.5,27.57716447,0,0,0.0,0.0,39000000.0,2000000.0,1.0,0.0,1,1,1,1.0,0.0,1,1,0,0.0,0.0,0,0,1,0,0,0,64,0,2000000.0,0.0,0,39,26.0,22.5166605,507.0,0,1,0,0,1,0,0,0,0,39.0,19.5,0.0,64,0,0,0,0,0,0,2,39,0,0,245,-1,0,32,0.0,0.0,0,0,0.0,0.0,0,0,BENIGN
444,124,1,1,0,6,0,0,0.0,0.0,6,6,6.0,0.0,48387.09677,16129.03226,124.0,0.0,124,124,0,0.0,0.0,0,0,0,0.0,0.0,0,0,0,0,0,0,40,20,8064.516129000001,8064.516129000001,0,6,2.0,3.464101615,12.0,0,0,0,1,0,0,0,0,1,3.0,0.0,6.0,40,0,0,0,0,0,0,1,0,1,6,29200,0,0,40,0.0,0.0,0,0,0.0,0.0,0,0,PortScan
22,885,2,1,8,2,6,2,4.0,2.828427125,2,2,2.0,0.0,11299.43503,3389.830508,442.5,441.94173820000003,755,130,885,885.0,0.0,885,885,0,0.0,0.0,0,0,0,0,0,0,44,24,2259.887006,1129.943503,2,6,3.0,2.0,4.0,0,0,0,1,0,0,0,0,0,4.0,4.0,2.0,44,0,0,0,0,0,0,2,8,1,2,1024,29200,1,20,0.0,0.0,0,0,0.0,0.0,0,0,PortScan
443,116,1,1,0,6,0,0,0.0,0.0,6,6,6.0,0.0,51724.137930000004,17241.37931,116.0,0.0,116,116,0,0.0,0.0,0,0,0,0.0,0.0,0,0,0,0,0,0,40,20,8620.689655,8620.689655,0,6,2.0,3.464101615,12.0,0,0,0,1,0,0,0,0,1,3.0,0.0,6.0,40,0,0,0,0,0,0,1,0,1,6,29200,0,0,40,0.0,0.0,0,0,0.0,0.0,0,0,PortScan
443,235777,6,7,983,3693,660,0,163.83333330000002,256.60741740000003,1460,0,527.5714286,659.4042405,19832.29916,55.13684541,19648.08333,24155.48053,71474,3,197328,39465.6,43996.47315,110403,414,197712,32952.0,42520.767960000005,109920,3,0,0,0,0,132,148,25.4477748,29.6890706,0,1460,334.0,517.8138959,268131.2308,0,0,0,1,0,0,0,0,1,359.6923077,163.83333330000002,527.5714286,132,0,0,0,0,0,0,6,983,7,3693,8192,34,3,20,0.0,0.0,0,0,0.0,0.0,0,0,BENIGN
443,60624199,13,11,7510,4897,1957,0,577.6923077,686.8357864,1460,0,445.1818182,562.2139837999999,204.6542504,0.39588151899999996,2635834.739,12500000.0,60000000,31,60600000,5052016.583000001,17300000.0,60000000,231,560751,56075.1,34474.950710000005,112915,48,0,0,0,0,272,232,0.214435823,0.18144569600000002,0,1957,496.28,618.5650410000001,382622.71,0,0,0,1,0,0,0,0,0,516.9583333,577.6923077,445.1818182,272,0,0,0,0,0,0,13,7510,11,4897,8192,513,8,20,0.0,0.0,0,0,0.0,0.0,0,0,BENIGN
389,14649,13,12,4104,1020,1660,0,315.6923077,601.4639619,210,0,85.0,91.22200691,349784.9683,1706.601133,610.375,2483.271296,12229,1,14649,1220.75,3530.470768,12384,1,14587,1326.090909,3654.0855340000003,12295,3,0,0,0,0,284,264,887.4325892999999,819.1685438999999,0,1660,197.0769231,438.4117629,192204.8738,0,0,0,1,0,0,0,0,0,204.96,315.6923077,85.0,284,0,0,0,0,0,0,13,4104,12,1020,8192,0,8,20,0.0,0.0,0,0,0.0,0.0,0,0,BENIGN
443,109,2,0,0,0,0,0,0.0,0.0,0,0,0.0,0.0,0.0,18348.62385,109.0,0.0,109,109,109,109.0,0.0,109,109,0,0.0,0.0,0,0,0,0,0,0,64,0,18348.62385,0.0,0,0,0.0,0.0,0.0,0,0,0,0,1,0,0,0,0,0.0,0.0,0.0,64,0,0,0,0,0,0,2,0,0,0,856,-1,0,32,0.0,0.0,0,0,0.0,0.0,0,0,BENIGN
22,588,2,1,8,2,6,2,4.0,2.828427125,2,2,2.0,0.0,17006.80272,5102.040816,294.0,203.646753,438,150,588,588.0,0.0,588,588,0,0.0,0.0,0,0,0,0,0,0,44,24,3401.3605439999997,1700.6802719999998,2,6,3.0,2.0,4.0,0,0,0,1,0,0,0,0,0,4.0,4.0,2.0,44,0,0,0,0,0,0,2,8,1,2,1024,29200,1,20,0.0,0.0,0,0,0.0,0.0,0,0,PortScan
445,111451193,202,190,42254,54958,3085,0,209.1782178,368.3632588,3254,0,289.25263160000003,466.7565212,872.2383079,3.51723467,285041.4143,2710464.663,30000000,0,111000000,554483.5025,3765076.5739999996,30000000,1,111000000,589688.4921,3884086.2210000004,30000000,1,0,0,0,0,4064,3896,1.812452559,1.70478211,0,3254,247.3587786,419.9701228999999,176374.9041,0,0,0,1,0,0,0,0,0,247.98979590000002,209.1782178,289.25263160000003,4064,0,0,0,0,0,0,202,42254,190,54958,8192,2047,182,20,309848.2,632361.1926,1439956,59,22000000.0,11000000.0,30000000,9623821,BENIGN
443,1430700,9,11,703,3950,267,0,78.11111111,103.30228029999999,1448,0,359.0909091,569.9183195,3252.254141,13.97917104,75300.0,102618.23,355903,1,979657,122457.125,136582.1894,341843,374,1335510,133551.0,122338.291,355903,3,0,0,0,0,296,360,6.2906269660000005,7.688544069,0,1448,221.5714286,434.4990876,188789.4571,0,0,0,1,0,0,0,0,1,232.65,78.11111111,359.0909091,296,0,0,0,0,0,0,9,703,11,3950,29200,252,4,32,0.0,0.0,0,0,0.0,0.0,0,0,BENIGN
53,62958,1,1,48,80,48,48,48.0,0.0,80,80,80.0,0.0,2033.1014329999998,31.76720989,62958.0,0.0,62958,62958,0,0.0,0.0,0,0,0,0.0,0.0,0,0,0,0,0,0,20,20,15.88360494,15.88360494,48,80,58.66666667,18.47520861,341.3333333,0,0,0,0,0,0,0,0,1,88.0,48.0,80.0,20,0,0,0,0,0,0,1,48,1,80,-1,-1,0,20,0.0,0.0,0,0,0.0,0.0,0,0,BENIGN
80,29809,5,0,0,0,0,0,0.0,0.0,0,0,0.0,0.0,0.0,167.7345768,7452.25,14318.093359999999,28929,204,29809,7452.25,14318.093359999999,28929,204,0,0.0,0.0,0,0,0,0,0,0,160,0,167.7345768,0.0,0,0,0.0,0.0,0.0,0,0,0,0,1,0,0,0,0,0.0,0.0,0.0,160,0,0,0,0,0,0,5,0,0,0,251,-1,0,32,0.0,0.0,0,0,0.0,0.0,0,0,PortScan
123,66036600,2,2,96,96,48,48,48.0,0.0,48,48,48.0,0.0,2.90747858,0.06057247,22000000.0,38100000.0,66000000,36637,66000000,66000000.0,0.0,66000000,66000000,66000000,66000000.0,0.0,66000000,66000000,0,0,0,0,64,64,0.030286235,0.030286235,48,48,48.0,0.0,0.0,0,0,0,0,0,0,0,0,1,60.0,48.0,48.0,64,0,0,0,0,0,0,2,96,2,96,-1,-1,1,32,36767.0,0.0,36767,36767,66000000.0,0.0,66000000,66000000,BENIGN
80,320,2,0,0,0,0,0,0.0,0.0,0,0,0.0,0.0,0.0,6250.0,320.0,0.0,320,320,320,320.0,0.0,320,320,0,0.0,0.0,0,0,0,0,0,0,40,0,6250.0,0.0,0,0,0.0,0.0,0.0,0,0,0,0,1,0,0,0,0,0.0,0.0,0.0,40,0,0,0,0,0,0,2,0,0,0,255,-1,0,20,0.0,0.0,0,0,0.0,0.0,0,0,BENIGN
55824,0,1,1,0,0,0,0,0.0,0.0,0,0,0.0,0.0,,inf,0.0,0.0,0,0,0,0.0,0.0,0,0,0,0.0,0.0,0,0,0,0,0,0,32,32,0.0,0.0,0,0,0.0,0.0,0.0,0,0,0,0,1,0,0,0,1,0.0,0.0,0.0,32,0,0,0,0,0,0,1,0,1,0,2081,253,0,32,0.0,0.0,0,0,0.0,0.0,0,0,BENIGN
80,707792,3,0,0,0,0,0,0.0,0.0,0,0,0.0,0.0,0.0,4.238533353999999,353896.0,447896.9916,670607,37185,707792,353896.0,447896.9916,670607,37185,0,0.0,0.0,0,0,0,0,0,0,96,0,4.238533353999999,0.0,0,0,0.0,0.0,0.0,0,0,0,0,1,0,0,0,0,0.0,0.0,0.0,96,0,0,0,0,0,0,3,0,0,0,237,-1,0,32,0.0,0.0,0,0,0.0,0.0,0,0,BENIGN
80,778,2,1,8,2,6,2,4.0,2.828427125,2,2,2.0,0.0,12853.470440000001,3856.0411310000004,389.0,480.8326112,729,49,778,778.0,0.0,778,778,0,0.0,0.0,0,0,0,0,0,0,44,24,2570.6940870000003,1285.3470439999999,2,6,3.0,2.0,4.0,0,0,0,1,0,0,0,0,0,4.0,4.0,2.0,44,0,0,0,0,0,0,2,8,1,2,1024,29200,1,20,0.0,0.0,0,0,0.0,0.0,0,0,PortScan
22,818,3,1,0,0,0,0,0.0,0.0,0,0,0.0,0.0,0.0,4889.97555,272.6666667,374.29444739999997,700,3,818,409.0,574.1707062999999,815,3,0,0.0,0.0,0,0,0,0,0,0,104,40,3667.4816630000005,1222.493888,0,0,0.0,0.0,0.0,0,0,0,1,0,0,0,0,0,0.0,0.0,0.0,104,0,0,0,0,0,0,3,0,1,0,29200,28960,0,32,0.0,0.0,0,0,0.0,0.0,0,0,PortScan
49210,2451,3,0,0,0,0,0,0.0,0.0,0,0,0.0,0.0,0.0,1223.990208,1225.5,1728.87608,2448,3,2451,1225.5,1728.87608,2448,3,0,0.0,0.0,0,0,0,0,0,0,60,0,1223.990208,0.0,0,0,0.0,0.0,0.0,0,0,0,0,1,0,0,0,0,0.0,0.0,0.0,60,0,0,0,0,0,0,3,0,0,0,351,-1,0,20,0.0,0.0,0,0,0.0,0.0,0,0,BENIGN
80,144,2,0,0,0,0,0,0.0,0.0,0,0,0.0,0.0,0.0,13888.88889,144.0,0.0,144,144,144,144.0,0.0,144,144,0,0.0,0.0,0,0,0,0,0,0,64,0,13888.88889,0.0,0,0,0.0,0.0,0.0,0,0,0,0,1,0,0,0,0,0.0,0.0,0.0,64,0,0,0,0,0,0,2,0,0,0,242,-1,0,32,0.0,0.0,0,0,0.0,0.0,0,0,BENIGN
49671,58,1,3,0,0,0,0,0.0,0.0,0,0,0.0,0.0,0.0,68965.51724,19.33333333,30.08875759,54,0,0,0.0,0.0,0,0,4,2.0,2.828427125,4,0,0,0,0,0,20,60,17241.37931,51724.137930000004,0,0,0.0,0.0,0.0,0,0,0,0,1,1,0,0,3,0.0,0.0,0.0,20,0,0,0,0,0,0,1,0,3,0,252,2049,0,20,0.0,0.0,0,0,0.0,0.0,0,0,BENIGN
443,4537,2,0,0,0,0,0,0.0,0.0,0,0,0.0,0.0,0.0,440.81992510000003,4537.0,0.0,4537,4537,4537,4537.0,0.0,4537,4537,0,0.0,0.0,0,0,0,0,0,0,40,0,440.81992510000003,0.0,0,0,0.0,0.0,0.0,0,0,0,0,1,0,0,0,0,0.0,0.0,0.0,40,0,0,0,0,0,0,2,0,0,0,253,-1,0,20,0.0,0.0,0,0,0.0,0.0,0,0,BENIGN
88,498,7,4,2762,2820,1381,0,394.57142860000005,673.8590004,1410,0,705.0,814.0638796000001,11200000.0,22088.35341,49.8,100.64768029999999,331,1,498,83.0,149.69301919999998,384,1,413,137.66666669999998,232.3840213,406,3,0,0,0,0,164,104,14056.2249,8032.128514,0,1410,465.16666669999995,687.1523363,472178.3333,0,0,0,1,0,0,0,0,0,507.4545455,394.57142860000005,705.0,164,0,0,0,0,0,0,7,2762,4,2820,8192,2053,2,20,0.0,0.0,0,0,0.0,0.0,0,0,BENIGN
80,598,2,1,8,2,6,2,4.0,2.828427125,2,2,2.0,0.0,16722.408030000002,5016.722408,299.0,244.6589463,472,126,598,598.0,0.0,598,598,0,0.0,0.0,0,0,0,0,0,0,44,24,3344.481605,1672.240803,2,6,3.0,2.0,4.0,0,0,0,1,0,0,0,0,0,4.0,4.0,2.0,44,0,0,0,0,0,0,2,8,1,2,1024,29200,1,20,0.0,0.0,0,0,0.0,0.0,0,0,PortScan
443,92,1,1,2,6,2,2,2.0,0.0,6,6,6.0,0.0,86956.52174,21739.13043,92.0,0.0,92,92,0,0.0,0.0,0,0,0,0.0,0.0,0,0,0,0,0,0,24,20,10869.56522,10869.56522,2,6,3.333333333,2.309401077,5.333333333,0,0,0,1,0,0,0,0,1,5.0,2.0,6.0,24,0,0,0,0,0,0,1,2,1,6,1024,0,0,24,0.0,0.0,0,0,0.0,0.0,0,0,PortScan
80,5001169,3,1,0,0,0,0,0.0,0.0,0,0,0.0,0.0,0.0,0.7998130040000001,1667056.333,2886644.265,5000266,131,5001169,2500584.5,3535083.479,5000266,903,0,0.0,0.0,0,0,0,0,0,0,104,40,0.5998597529999999,0.19995325100000003,0,0,0.0,0.0,0.0,0,0,0,1,0,0,0,0,0,0.0,0.0,0.0,104,0,0,0,0,0,0,3,0,1,0,29200,28960,0,32,0.0,0.0,0,0,0.0,0.0,0,0,PortScan
80,698,3,1,0,0,0,0,0.0,0.0,0,0,0.0,0.0,0.0,5730.659025999999,232.66666669999998,293.25813430000005,563,3,698,349.0,489.3178926,695,3,0,0.0,0.0,0,0,0,0,0,0,104,40,4297.994269,1432.6647560000001,0,0,0.0,0.0,0.0,0,0,0,1,0,0,0,0,0,0.0,0.0,0.0,104,0,0,0,0,0,0,3,0,1,0,29200,28960,0,32,0.0,0.0,0,0,0.0,0.0,0,0,PortScan
49158,1,2,0,0,0,0,0,0.0,0.0,0,0,0.0,0.0,0.0,2000000.0,1.0,0.0,1,1,1,1.0,0.0,1,1,0,0.0,0.0,0,0,0,0,0,0,40,0,2000000.0,0.0,0,0,0.0,0.0,0.0,0,0,0,0,1,0,0,0,0,0.0,0.0,0.0,40,0,0,0,0,0,0,2,0,0,0,2052,-1,0,20,0.0,0.0,0,0,0.0,0.0,0,0,BENIGN
21,821,2,1,8,2,6,2,4.0,2.828427125,2,2,2.0,0.0,12180.26797,3654.0803899999996,410.5,485.78235870000003,754,67,821,821.0,0.0,821,821,0,0.0,0.0,0,0,0,0,0,0,44,24,2436.053593,1218.026797,2,6,3.0,2.0,4.0,0,0,0,1,0,0,0,0,0,4.0,4.0,2.0,44,0,0,0,0,0,0,2,8,1,2,1024,29200,1,20,0.0,0.0,0,0,0.0,0.0,0,0,PortScan
1149,3,2,0,31,0,31,0,15.5,21.92031022,0,0,0.0,0.0,10300000.0,666666.6667,3.0,0.0,3,3,3,3.0,0.0,3,3,0,0.0,0.0,0,0,1,0,0,0,40,0,666666.6667,0.0,0,31,20.66666667,17.89785834,320.3333333,0,1,0,0,1,0,0,0,0,31.0,15.5,0.0,40,0,0,0,0,0,0,2,31,0,0,119,-1,0,20,0.0,0.0,0,0,0.0,0.0,0,0,BENIGN
80,701,3,1,0,0,0,0,0.0,0.0,0,0,0.0,0.0,0.0,5706.134094,233.66666669999998,314.570077,592,3,701,350.5,491.4392129,698,3,0,0.0,0.0,0,0,0,0,0,0,104,40,4279.600571,1426.533524,0,0,0.0,0.0,0.0,0,0,0,1,0,0,0,0,0,0.0,0.0,0.0,104,0,0,0,0,0,0,3,0,1,0,29200,28960,0,32,0.0,0.0,0,0,0.0,0.0,0,0,PortScan
123,66256513,6,6,288,288,48,48,48.0,0.0,48,48,48.0,0.0,8.693484971,0.18111427,6023319.364,19300000.0,64300000,3,66300000,13300000.0,28500000.0,64300000,3,66300000,13300000.0,28500000.0,64300000,3,0,0,0,0,168,168,0.090557135,0.090557135,48,48,48.0,0.0,0.0,0,0,0,0,0,0,0,0,1,52.0,48.0,48.0,168,0,0,0,0,0,0,6,288,6,288,-1,-1,5,20,1998423.0,0.0,1998423,1998423,64300000.0,0.0,64300000,64300000,BENIGN
49193,1,2,1,0,0,0,0,0.0,0.0,0,0,0.0,0.0,0.0,3000000.0,0.5,0.7071067809999999,1,0,1,1.0,0.0,1,1,0,0.0,0.0,0,0,0,0,0,0,40,20,2000000.0,1000000.0,0,0,0.0,0.0,0.0,1,0,0,0,0,0,0,0,0,0.0,0.0,0.0,40,0,0,0,0,0,0,2,0,1,0,0,254,0,20,0.0,0.0,0,0,0.0,0.0,0,0,BENIGN
389,101443,21,12,5799,1136,2738,0,276.14285710000007,695.4339858,211,0,94.66666667,79.52510562,68363.51449,325.3058368,3170.09375,12365.80332,57570,1,101443,5072.15,15491.96269,57570,1,100624,9147.636364,29959.90835,99479,3,0,0,0,0,688,400,207.0128052,118.29303159999999,0,2738,203.9705882,551.4854038,304136.1506,0,0,0,1,0,0,0,0,0,210.15151519999998,276.14285710000007,94.66666667,688,0,0,0,0,0,0,21,5799,12,1136,29200,2081,10,32,0.0,0.0,0,0,0.0,0.0,0,0,BENIGN
135,53143244,25,14,1792,1864,156,0,71.68,76.8714945,240,0,133.1428571,71.23402076,68.79519813,0.7338656259999999,1398506.4209999999,6485760.75,39200000,1,53100000,2214301.833,8110793.97,39200000,3,13900000,1067252.923,2574257.847,7435371,1,0,0,0,0,524,304,0.47042668299999996,0.263438942,0,240,91.4,80.10531529,6416.861538,0,0,0,1,0,0,0,0,0,93.74358974,71.68,133.1428571,524,0,0,0,0,0,0,25,1792,14,1864,8192,2050,12,20,152583.0,135623.0806,248483,56683,6784455.5,840394.2881,7378704,6190207,BENIGN
80,837,2,1,8,2,6,2,4.0,2.828427125,2,2,2.0,0.0,11947.4313,3584.229391,418.5,506.99556210000003,777,60,837,837.0,0.0,837,837,0,0.0,0.0,0,0,0,0,0,0,44,24,2389.48626,1194.74313,2,6,3.0,2.0,4.0,0,0,0,1,0,0,0,0,0,4.0,4.0,2.0,44,0,0,0,0,0,0,2,8,1,2,1024,29200,1,20,0.0,0.0,0,0,0.0,0.0,0,0,PortScan
21,596,2,1,8,2,6,2,4.0,2.828427125,2,2,2.0,0.0,16778.52349,5033.557047,298.0,379.0092347,566,30,596,596.0,0.0,596,596,0,0.0,0.0,0,0,0,0,0,0,44,24,3355.7046979999996,1677.8523489999998,2,6,3.0,2.0,4.0,0,0,0,1,0,0,0,0,0,4.0,4.0,2.0,44,0,0,0,0,0,0,2,8,1,2,1024,29200,1,20,0.0,0.0,0,0,0.0,0.0,0,0,PortScan
22,506,2,1,8,2,6,2,4.0,2.828427125,2,2,2.0,0.0,19762.84585,5928.853755,253.0,287.0853532,456,50,506,506.0,0.0,506,506,0,0.0,0.0,0,0,0,0,0,0,44,24,3952.56917,1976.284585,2,6,3.0,2.0,4.0,0,0,0,1,0,0,0,0,0,4.0,4.0,2.0,44,0,0,0,0,0,0,2,8,1,2,1024,29200,1,20,0.0,0.0,0,0,0.0,0.0,0,0,PortScan
443,66653085,15,15,835,4634,490,0,55.66666667,134.5233207,1288,0,308.9333333,522.3819712000001,82.05171599,0.450091695,2298382.241,4081856.9239999996,10000000,3,62500000,4465972.429,5110284.127,10200000,256,66500000,4750307.429,4976926.428,10200000,3,0,0,0,0,488,488,0.225045847,0.225045847,0,1288,176.4193548,391.022316,152898.4516,0,0,0,1,0,0,0,0,1,182.3,55.66666667,308.9333333,488,0,0,0,0,0,0,15,835,15,4634,29200,139,3,32,398661.1667,613333.2274,1650622,147890,10000000.0,10494.99693,10000000,10000000,BENIGN
1076,272,2,0,0,0,0,0,0.0,0.0,0,0,0.0,0.0,0.0,7352.941176,272.0,0.0,272,272,272,272.0,0.0,272,272,0,0.0,0.0,0,0,0,0,0,0,40,0,7352.941176,0.0,0,0,0.0,0.0,0.0,0,0,0,0,1,0,0,0,0,0.0,0.0,0.0,40,0,0,0,0,0,0,2,0,0,0,35139,-1,0,20,0.0,0.0,0,0,0.0,0.0,0,0,BENIGN
443,39,1,1,2,6,2,2,2.0,0.0,6,6,6.0,0.0,205128.2051,51282.05128,39.0,0.0,39,39,0,0.0,0.0,0,0,0,0.0,0.0,0,0,0,0,0,0,24,20,25641.02564,25641.02564,2,6,3.333333333,2.309401077,5.333333333,0,0,0,1,0,0,0,0,1,5.0,2.0,6.0,24,0,0,0,0,0,0,1,2,1,6,1024,0,0,24,0.0,0.0,0,0,0.0,0.0,0,0,PortScan
444,111,1,1,2,6,2,2,2.0,0.0,6,6,6.0,0.0,72072.07207000001,18018.01802,111.0,0.0,111,111,0,0.0,0.0,0,0,0,0.0,0.0,0,0,0,0,0,0,24,20,9009.009009000001,9009.009009000001,2,6,3.333333333,2.309401077,5.333333333,0,0,0,1,0,0,0,0,1,5.0,2.0,6.0,24,0,0,0,0,0,0,1,2,1,6,1024,0,0,24,0.0,0.0,0,0,0.0,0.0,0,0,PortScan
80,104638,2,0,0,0,0,0,0.0,0.0,0,0,0.0,0.0,0.0,19.11351517,104638.0,0.0,104638,104638,104638,104638.0,0.0,104638,104638,0,0.0,0.0,0,0,0,0,0,0,40,0,19.11351517,0.0,0,0,0.0,0.0,0.0,0,0,0,0,1,0,0,0,0,0.0,0.0,0.0,40,0,0,0,0,0,0,2,0,0,0,256,-1,0,20,0.0,0.0,0,0,0.0,0.0,0,0,BENIGN
135,30146749,13,8,992,1096,168,0,76.30769231,85.82869044,268,0,137.0,104.19213020000001,69.26119961,0.696592525,1507337.45,6663465.602999999,29800000,3,30100000,2512229.083,8598835.105,29800000,3,129933,18561.85714,45065.98583,120478,3,0,0,0,0,284,184,0.43122394399999997,0.265368581,0,268,94.90909091,95.63567231,9146.181818000001,0,0,0,1,0,0,0,0,0,99.42857143,76.30769231,137.0,284,0,0,0,0,0,0,13,992,8,1096,8192,2051,6,20,0.0,0.0,0,0,0.0,0.0,0,0,BENIGN
21,799,2,1,8,2,6,2,4.0,2.828427125,2,2,2.0,0.0,12515.644559999999,3754.6933670000003,399.5,351.4320702,648,151,799,799.0,0.0,799,799,0,0.0,0.0,0,0,0,0,0,0,44,24,2503.128911,1251.564456,2,6,3.0,2.0,4.0,0,0,0,1,0,0,0,0,0,4.0,4.0,2.0,44,0,0,0,0,0,0,2,8,1,2,1024,29200,1,20,0.0,0.0,0,0,0.0,0.0,0,0,PortScan
443,101071,2,0,0,0,0,0,0.0,0.0,0,0,0.0,0.0,0.0,19.78806977,101071.0,0.0,101071,101071,101071,101071.0,0.0,101071,101071,0,0.0,0.0,0,0,0,0,0,0,40,0,19.78806977,0.0,0,0,0.0,0.0,0.0,0,0,0,0,1,0,0,0,0,0.0,0.0,0.0,40,0,0,0,0,0,0,2,0,0,0,254,-1,0,20,0.0,0.0,0,0,0.0,0.0,0,0,BENIGN
88,1195,10,6,3150,3152,1575,0,315.0,632.5616351,1576,0,525.3333333,813.8429005,5273640.166999999,13389.12134,79.66666667,231.4950375,913,1,1195,132.7777778,327.38730039999996,1002,1,1102,220.4,390.74134669999995,913,3,0,0,0,0,336,208,8368.200837,5020.920502,0,1576,370.70588239999995,671.9757031,451551.3456,0,0,0,1,0,0,0,0,0,393.875,315.0,525.3333333,336,0,0,0,0,0,0,10,3150,6,3152,29200,2081,3,32,0.0,0.0,0,0,0.0,0.0,0,0,BENIGN
80,5992977,3,1,0,0,0,0,0.0,0.0,0,0,0.0,0.0,0.0,0.667447914,1997659.0,3427625.905,5955482,115,5992977,2996488.5,4184648.7389999996,5955482,37495,0,0.0,0.0,0,0,0,0,0,0,72,32,0.500585936,0.166861979,0,0,0.0,0.0,0.0,0,0,0,1,0,0,0,0,0,0.0,0.0,0.0,72,0,0,0,0,0,0,3,0,1,0,8192,42780,0,20,0.0,0.0,0,0,0.0,0.0,0,0,BENIGN
80,802,3,1,0,0,0,0,0.0,0.0,0,0,0.0,0.0,0.0,4987.531172,267.3333333,416.0677028,747,4,802,401.0,561.4427843,798,4,0,0.0,0.0,0,0,0,0,0,0,104,40,3740.6483789999997,1246.882793,0,0,0.0,0.0,0.0,0,0,0,1,0,0,0,0,0,0.0,0.0,0.0,104,0,0,0,0,0,0,3,0,1,0,29200,28960,0,32,0.0,0.0,0,0,0.0,0.0,0,0,PortScan
80,335487,3,4,228,128,228,0,76.0,131.6358614,128,0,32.0,64.0,1061.143949,20.86519001,55914.5,64050.90232000001,147015,4,241077,120538.5,37443.42538,147015,94062,241486,80495.33333,138999.5939,240998,4,0,0,0,0,104,136,8.942224289,11.92296572,0,228,44.5,86.62398216,7503.714286,0,0,0,1,0,0,0,0,1,50.85714286,76.0,32.0,104,0,0,0,0,0,0,3,228,4,128,29200,235,1,32,0.0,0.0,0,0,0.0,0.0,0,0,BENIGN
80,6008256,3,6,18,11595,18,0,6.0,10.39230485,4344,0,1932.5,1754.831473,1932.840412,1.4979388359999999,751032.0,2123653.4,6006806,15,6007495,3003747.5,4246966.058999999,6006806,689,6008143,1201628.6,2686570.497,6007512,15,0,0,0,0,104,200,0.499312945,0.998625891,0,4344,1161.3,1643.79818,2702072.4560000002,0,0,0,1,0,0,0,0,2,1290.333333,6.0,1932.5,104,0,0,0,0,0,0,3,18,6,11595,29200,227,1,32,689.0,0.0,689,689,6006806.0,0.0,6006806,6006806,PortScan
1082,6,4,0,0,0,0,0,0.0,0.0,0,0,0.0,0.0,0.0,666666.6667,2.0,1.732050808,4,1,6,2.0,1.732050808,4,1,0,0.0,0.0,0,0,0,0,0,0,80,0,666666.6667,0.0,0,0,0.0,0.0,0.0,0,0,0,0,1,0,0,0,0,0.0,0.0,0.0,80,0,0,0,0,0,0,4,0,0,0,12498,-1,0,20,0.0,0.0,0,0,0.0,0.0,0,0,BENIGN
443,125,1,1,2,6,2,2,2.0,0.0,6,6,6.0,0.0,64000.0,16000.0,125.0,0.0,125,125,0,0.0,0.0,0,0,0,0.0,0.0,0,0,0,0,0,0,24,20,8000.0,8000.0,2,6,3.333333333,2.309401077,5.333333333,0,0,0,1,0,0,0,0,1,5.0,2.0,6.0,24,0,0,0,0,0,0,1,2,1,6,1024,0,0,24,0.0,0.0,0,0,0.0,0.0,0,0,PortScan
22,736,3,1,0,0,0,0,0.0,0.0,0,0,0.0,0.0,0.0,5434.782609000001,245.33333330000002,314.697209,601,3,736,368.0,516.1879503,733,3,0,0.0,0.0,0,0,0,0,0,0,104,40,4076.086957,1358.6956519999999,0,0,0.0,0.0,0.0,0,0,0,1,0,0,0,0,0,0.0,0.0,0.0,104,0,0,0,0,0,0,3,0,1,0,29200,28960,0,32,0.0,0.0,0,0,0.0,0.0,0,0,PortScan
88,1138,9,6,3082,3000,1541,0,342.44444439999995,679.5171284,1500,0,500.0,774.5966692000001,5344463.972,13181.01933,81.28571429,188.65492659999998,730,1,1138,142.25,292.24683789999995,858,1,972,194.4,308.7236628,730,3,0,0,0,0,204,144,7908.611599,5272.407733,0,1541,380.125,680.0706703,462496.1167,0,0,0,1,0,0,0,0,0,405.46666669999996,342.44444439999995,500.0,204,0,0,0,0,0,0,9,3082,6,3000,8192,2053,2,20,0.0,0.0,0,0,0.0,0.0,0,0,BENIGN
123,15042791,7,7,336,336,48,48,48.0,0.0,48,48,48.0,0.0,44.6725611,0.9306783559999999,1157137.769,1481802.642,4958706,41354,15000000,2499995.833,1224776.307,5000060,1999941,15000000,2499974.5,1225502.37,5001520,1999042,0,0,0,0,176,176,0.46533917799999996,0.46533917799999996,48,48,48.0,0.0,0.0,0,0,0,0,0,0,0,0,1,51.42857143,48.0,48.0,176,0,0,0,0,0,0,7,336,7,336,-1,-1,6,20,0.0,0.0,0,0,0.0,0.0,0,0,BENIGN
443,995904,8,8,328,4157,204,0,41.0,73.46330474,1430,0,519.625,634.0531607999999,4503.446115,16.06580554,66393.6,140719.5267,467763,1,995904,142272.0,183864.1421,467763,4,191581,27368.714289999996,47663.23122,127559,1,0,0,0,0,172,172,8.03290277,8.03290277,0,1430,263.82352940000004,490.03969680000006,240138.9044,0,0,0,1,0,0,0,0,1,280.3125,41.0,519.625,172,0,0,0,0,0,0,8,328,8,4157,8192,343,3,20,0.0,0.0,0,0,0.0,0.0,0,0,BENIGN
22,609,2,1,8,2,6,2,4.0,2.828427125,2,2,2.0,0.0,16420.36125,4926.108374,304.5,273.6503243,498,111,609,609.0,0.0,609,609,0,0.0,0.0,0,0,0,0,0,0,44,24,3284.07225,1642.036125,2,6,3.0,2.0,4.0,0,0,0,1,0,0,0,0,0,4.0,4.0,2.0,44,0,0,0,0,0,0,2,8,1,2,1024,29200,1,20,0.0,0.0,0,0,0.0,0.0,0,0,PortScan
80,66861,3,4,438,860,438,0,146.0,252.8794179,860,0,215.0,430.0,19413.40991,104.6948146,11143.5,12032.38837,23197,4,43156,21578.0,2289.611757,23197,19959,43602,14534.0,24670.40889,43019,4,0,0,0,0,104,136,44.86920626,59.82560835,0,860,162.25,320.9012977,102977.6429,0,0,0,1,0,0,0,0,1,185.4285714,146.0,215.0,104,0,0,0,0,0,0,3,438,4,860,29200,31,1,32,0.0,0.0,0,0,0.0,0.0,0,0,BENIGN
80,19224,5,0,0,0,0,0,0.0,0.0,0,0,0.0,0.0,0.0,260.09155219999997,4806.0,9021.570631999999,18338,210,19224,4806.0,9021.570631999999,18338,210,0,0.0,0.0,0,0,0,0,0,0,160,0,260.09155219999997,0.0,0,0,0.0,0.0,0.0,0,0,0,0,1,0,0,0,0,0.0,0.0,0.0,160,0,0,0,0,0,0,5,0,0,0,251,-1,0,32,0.0,0.0,0,0,0.0,0.0,0,0,PortScan
123,72029072,8,8,384,384,48,48,48.0,0.0,48,48,48.0,0.0,10.66236144,0.22213253,4801938.133,14800000.0,58000000,28684,72000000,10300000.0,21100000.0,58000000,1986959,72000000,10300000.0,21100000.0,58000000,1986926,0,0,0,0,196,196,0.111066265,0.111066265,48,48,48.0,0.0,0.0,0,0,0,0,0,0,0,0,1,51.0,48.0,48.0,196,0,0,0,0,0,0,8,384,8,384,-1,-1,7,20,14000000.0,0.0,14000000,14000000,58000000.0,0.0,58000000,58000000,BENIGN
49671,26240384,21,14,3678,2672,936,0,175.1428571,269.4893849,952,0,190.8571429,324.95937189999995,241.9934099,1.333821944,771776.0,4274063.86,24900000,1,26200000,1312019.2,5566136.747,24900000,1,1084754,83442.61537999999,300277.4055,1082826,3,0,0,0,0,444,304,0.8002931659999999,0.533528778,0,952,176.38888889999998,285.82454939999997,81695.67302,0,0,0,1,0,0,0,0,0,181.4285714,175.1428571,190.8571429,444,0,0,0,0,0,0,21,3678,14,2672,8192,2053,12,20,0.0,0.0,0,0,0.0,0.0,0,0,BENIGN
88,966,9,6,3054,2972,1527,0,339.3333333,673.3437087,1486,0,495.33333330000005,767.3671003,6238095.238,15527.95031,69.0,193.8266474,739,0,966,120.75,288.6395429,833,1,930,186.0,312.8194367,739,1,0,0,0,0,204,144,9316.770186,6211.180124,0,1527,376.625,673.8104456,454020.5167,0,0,0,1,0,0,0,0,0,401.7333333,339.3333333,495.33333330000005,204,0,0,0,0,0,0,9,3054,6,2972,8192,2053,2,20,0.0,0.0,0,0,0.0,0.0,0,0,BENIGN
443,2929494,9,10,703,3950,267,0,78.11111111,103.30228029999999,1953,0,395.0,712.4845417,1588.328906,6.485761705,162749.6667,289420.3893,878143,3,2058449,257306.125,388742.5759,973276,243,2834390,314932.2222,357172.1116,878143,4,0,0,0,0,296,328,3.072202913,3.413558792,0,1953,232.65,522.4799442,272985.2921,0,0,0,1,0,0,0,0,1,244.89473680000003,78.11111111,395.0,296,0,0,0,0,0,0,9,703,10,3950,29200,252,4,32,0.0,0.0,0,0,0.0,0.0,0,0,BENIGN
21,618,3,1,0,0,0,0,0.0,0.0,0,0,0.0,0.0,0.0,6472.491909,206.0,283.5718604,530,3,618,309.0,432.7493501,615,3,0,0.0,0.0,0,0,0,0,0,0,104,40,4854.368932,1618.122977,0,0,0.0,0.0,0.0,0,0,0,1,0,0,0,0,0,0.0,0.0,0.0,104,0,0,0,0,0,0,3,0,1,0,29200,28960,0,32,0.0,0.0,0,0,0.0,0.0,0,0,PortScan
88,576,7,4,466,414,233,0,66.57142857,113.6923585,207,0,103.5,119.5115057,1527777.7780000002,19097.22222,57.6,107.5362471,355,1,576,96.0,163.33278909999999,426,1,417,139.0,235.5589098,411,3,0,0,0,0,164,104,12152.77778,6944.444444,0,233,73.33333333,108.6038115,11794.78788,0,0,0,1,0,0,0,0,0,80.0,66.57142857,103.5,164,0,0,0,0,0,0,7,466,4,414,8192,2053,2,20,0.0,0.0,0,0,0.0,0.0,0,0,BENIGN
123,68943188,9,9,432,432,48,48,48.0,0.0,48,48,48.0,0.0,12.53205755,0.261084532,4055481.647,13700000.0,57000000,22100,68900000,8615122.125,19600000.0,57000000,924844,68900000,8615113.625,19600000.0,57000000,924845,0,0,0,0,204,224,0.130542266,0.130542266,48,48,48.0,0.0,0.0,0,0,0,0,0,0,0,0,1,50.66666667,48.0,48.0,204,0,0,0,0,0,0,9,432,9,432,-1,-1,8,0,11900000.0,0.0,11900000,11900000,57000000.0,0.0,57000000,57000000,BENIGN
443,43845967,25,28,1029,31256,517,0,41.16,124.77969920000001,2576,0,1116.285714,808.9952551,736.3276992000001,1.208777081,843191.6731,2657349.516,10000000,9,34300000,1430030.375,3400851.037,10200000,224,43700000,1618437.407,3596306.147,10200000,10,0,0,0,0,808,904,0.5701778679999999,0.638599213,0,2576,597.8703704,797.1079103,635381.0206,0,0,0,1,0,0,0,0,1,609.1509434,41.16,1116.285714,808,0,0,0,0,0,0,25,1029,28,31256,29200,252,3,32,1111070.25,1925865.835,3999869,148051,9850419.0,315598.1402,10000000,9377177,BENIGN
443,720,2,0,0,0,0,0,0.0,0.0,0,0,0.0,0.0,0.0,2777.777778,720.0,0.0,720,720,720,720.0,0.0,720,720,0,0.0,0.0,0,0,0,0,0,0,64,0,2777.777778,0.0,0,0,0.0,0.0,0.0,0,0,0,0,1,0,0,0,0,0.0,0.0,0.0,64,0,0,0,0,0,0,2,0,0,0,756,-1,0,32,0.0,0.0,0,0,0.0,0.0,0,0,BENIGN
444,95,1,1,0,6,0,0,0.0,0.0,6,6,6.0,0.0,63157.894739999996,21052.63158,95.0,0.0,95,95,0,0.0,0.0,0,0,0,0.0,0.0,0,0,0,0,0,0,40,20,10526.31579,10526.31579,0,6,2.0,3.464101615,12.0,0,0,0,1,0,0,0,0,1,3.0,0.0,6.0,40,0,0,0,0,0,0,1,0,1,6,29200,0,0,40,0.0,0.0,0,0,0.0,0.0,0,0,PortScan
443,43852723,18,21,954,21314,517,0,53.0,142.8277449,2576,0,1014.9523810000001,995.5773941,507.7905881,0.889340441,1154019.0259999998,3060350.935,10000000,0,34300000,2019122.9409999999,3920268.4760000003,10200000,90,43700000,2185206.05,4050149.2430000002,10200000,3,0,0,0,0,584,680,0.410464819,0.47887562200000006,0,2576,556.7,869.0835786,755306.2667,0,0,0,1,0,0,0,0,1,570.9743589999999,53.0,1014.9523810000001,584,0,0,0,0,0,0,18,954,21,21314,29200,243,3,32,1114990.0,1929540.0680000002,4009298,148366,9848190.0,312971.3032,10000000,9378834,BENIGN
123,69066540,8,8,384,384,48,48,48.0,0.0,48,48,48.0,0.0,11.11971151,0.231660657,4604436.0,14200000.0,55900000,71888,69000000,9856366.857,20400000.0,56000000,1996248,69000000,9856344.286,20400000.0,56000000,1996318,0,0,0,0,164,164,0.11583032800000001,0.11583032800000001,48,48,48.0,0.0,0.0,0,0,0,0,0,0,0,0,1,51.0,48.0,48.0,164,0,0,0,0,0,0,8,384,8,384,-1,-1,7,0,13100000.0,0.0,13100000,13100000,55900000.0,0.0,55900000,55900000,BENIGN
135,19268460,19,10,1328,1440,168,0,69.89473684,84.2363703,268,0,144.0,93.06628462,143.6544488,1.505050222,688159.2857,2853502.689,14900000,3,19300000,1070470.0,3535371.131,14900000,3,4289553,476617.0,1069877.415,3145791,3,0,0,0,0,404,224,0.9860673870000001,0.518982835,0,268,92.26666667,92.933396,8636.616092,0,0,0,1,0,0,0,0,0,95.44827586,69.89473684,144.0,404,0,0,0,0,0,0,19,1328,10,1440,8192,2051,8,20,0.0,0.0,0,0,0.0,0.0,0,0,BENIGN
22,610,2,1,8,2,6,2,4.0,2.828427125,2,2,2.0,0.0,16393.442619999998,4918.032787,305.0,333.75440069999996,541,69,610,610.0,0.0,610,610,0,0.0,0.0,0,0,0,0,0,0,44,24,3278.688525,1639.3442619999998,2,6,3.0,2.0,4.0,0,0,0,1,0,0,0,0,0,4.0,4.0,2.0,44,0,0,0,0,0,0,2,8,1,2,1024,29200,1,20,0.0,0.0,0,0,0.0,0.0,0,0,PortScan
443,102,1,1,2,6,2,2,2.0,0.0,6,6,6.0,0.0,78431.37255,19607.84314,102.0,0.0,102,102,0,0.0,0.0,0,0,0,0.0,0.0,0,0,0,0,0,0,24,20,9803.921569,9803.921569,2,6,3.333333333,2.309401077,5.333333333,0,0,0,1,0,0,0,0,1,5.0,2.0,6.0,24,0,0,0,0,0,0,1,2,1,6,1024,0,0,24,0.0,0.0,0,0,0.0,0.0,0,0,PortScan
88,1134,9,6,3110,3108,1555,0,345.55555560000005,685.6905481000001,1554,0,518.0,802.4821493,5483245.15,13227.51323,81.0,208.764129,801,1,1134,141.75,317.85834669999997,923,1,1046,209.2,334.9995522,801,1,0,0,0,0,304,208,7936.507937,5291.0052909999995,0,1555,388.625,695.1935822,483294.1167,0,0,0,1,0,0,0,0,0,414.53333330000004,345.55555560000005,518.0,304,0,0,0,0,0,0,9,3110,6,3108,29200,2081,2,32,0.0,0.0,0,0,0.0,0.0,0,0,BENIGN
1040,1,2,0,0,0,0,0,0.0,0.0,0,0,0.0,0.0,0.0,2000000.0,1.0,0.0,1,1,1,1.0,0.0,1,1,0,0.0,0.0,0,0,0,0,0,0,40,0,2000000.0,0.0,0,0,0.0,0.0,0.0,0,0,0,0,1,0,0,0,0,0.0,0.0,0.0,40,0,0,0,0,0,0,2,0,0,0,2051,-1,0,20,0.0,0.0,0,0,0.0,0.0,0,0,BENIGN
389,1156932,28,19,5114,8670,1313,0,182.6428571,341.3562508,3069,0,456.31578949999994,774.3691377,11914.26981,40.62468667,25150.69565,142889.4011,962252,1,1156932,42849.33333,185878.0689,962252,1,1156875,64270.833329999994,228092.8489,962504,3,0,0,0,0,912,624,24.201941,16.42274568,0,3069,287.1666667,562.513256,316421.1631,0,0,0,1,0,0,0,0,0,293.2765957,182.6428571,456.31578949999994,912,0,0,0,0,0,0,28,5114,19,8670,29200,2078,16,32,0.0,0.0,0,0,0.0,0.0,0,0,BENIGN
56922,4,1,1,0,0,0,0,0.0,0.0,0,0,0.0,0.0,0.0,500000.0,4.0,0.0,4,4,0,0.0,0.0,0,0,0,0.0,0.0,0,0,0,0,0,0,20,20,250000.0,250000.0,0,0,0.0,0.0,0.0,0,0,0,0,1,0,0,0,1,0.0,0.0,0.0,20,0,0,0,0,0,0,1,0,1,0,2053,251,0,20,0.0,0.0,0,0,0.0,0.0,0,0,BENIGN
123,72993764,6,6,288,288,48,48,48.0,0.0,48,48,48.0,0.0,7.891085052,0.164397605,6635796.727000001,20400000.0,68000000,3,73000000,14600000.0,29900000.0,68000000,3,73000000,14600000.0,29900000.0,68000000,3,0,0,0,0,168,168,0.082198803,0.082198803,48,48,48.0,0.0,0.0,0,0,0,0,0,0,0,0,1,52.0,48.0,48.0,168,0,0,0,0,0,0,6,288,6,288,-1,-1,5,20,155.0,16.97056275,167,143,36500000.0,44500000.0,68000000,5014604,BENIGN
135,23970795,15,8,992,904,168,0,66.13333333,83.87564491,172,0,113.0,75.13036289,79.09625025,0.9595009259999999,1089581.591,5007839.0,23500000,1,24000000,1712199.6430000002,6274018.507,23500000,1,255436,36490.85714,96323.52821,254932,3,0,0,0,0,324,184,0.625761473,0.333739453,0,172,79.0,82.35025936,6781.565217,0,0,0,1,0,0,0,0,0,82.43478261,66.13333333,113.0,324,0,0,0,0,0,0,15,992,8,904,8192,2051,6,20,0.0,0.0,0,0,0.0,0.0,0,0,BENIGN
0,106007973,26,0,0,0,0,0,0.0,0.0,0,0,0.0,0.0,0.0,0.24526457100000001,4240318.92,8677062.222000001,27200000,1,106000000,4240318.92,8677062.222000001,27200000,1,0,0.0,0.0,0,0,0,0,0,0,0,0,0.24526457100000001,0.0,0,0,0.0,0.0,0.0,0,0,0,0,0,0,0,0,0,0.0,0.0,0.0,0,0,0,0,0,0,0,26,0,0,0,-1,-1,0,0,1730944.25,2273625.292,4789258,19,19800000.0,8154880.571,27200000,7234941,BENIGN
443,773185,7,9,1063,4236,517,0,151.8571429,209.93842630000003,1562,0,470.66666669999995,622.0898247,6853.469739,20.69362442,51545.66667,116680.79699999999,414573,1,741325,123554.1667,174270.9091,414573,1147,750063,93757.875,163344.737,446500,1,0,0,0,0,164,192,9.053460685,11.64016374,0,1562,311.70588239999995,491.41692639999997,241490.5956,0,0,0,1,0,0,0,0,1,331.1875,151.8571429,470.66666669999995,164,0,0,0,0,0,0,7,1063,9,4236,8192,1013,3,20,0.0,0.0,0,0,0.0,0.0,0,0,BENIGN
389,493863,21,13,5706,9232,1660,0,271.7142857,499.319351,2634,0,710.1538462,801.2267517000001,30247.254810000002,68.84500357,14965.54545,55299.67943,307702,2,493863,24693.15,70011.28116,307702,2,126381,10531.75,33830.01968,117801,2,0,0,0,0,444,284,42.52191397,26.3230896,0,2634,426.8,651.2650947000001,424146.2235,0,0,0,1,0,0,0,0,0,439.3529412,271.7142857,710.1538462,444,0,0,0,0,0,0,21,5706,13,9232,8192,2050,10,20,0.0,0.0,0,0,0.0,0.0,0,0,BENIGN
88,1169,9,6,3150,3152,1575,0,350.0,694.5097192000001,1576,0,525.3333333,813.8429005,5390932.421,12831.4799,83.5,218.42645299999998,839,2,1169,146.125,320.4133212,936,2,1071,214.2,352.39565830000004,839,4,0,0,0,0,304,208,7698.887938,5132.591959,0,1576,393.875,704.585067,496440.1167,0,0,0,1,0,0,0,0,0,420.13333330000006,350.0,525.3333333,304,0,0,0,0,0,0,9,3150,6,3152,29200,2081,2,32,0.0,0.0,0,0,0.0,0.0,0,0,BENIGN
443,168921,10,11,533,5370,196,0,53.3,81.13370309,1460,0,488.1818182,650.8961235,34945.32947,124.31846840000001,8446.05,12387.03686,31870,3,168921,18769.0,17043.71343,42683,49,138086,13808.6,22093.19653,60376,3,0,0,0,0,212,232,59.19927066,65.11919773,0,1460,268.3181818,505.3035284,255331.6558,0,0,0,1,0,0,0,0,1,281.0952381,53.3,488.1818182,212,0,0,0,0,0,0,10,533,11,5370,8192,12501,4,20,0.0,0.0,0,0,0.0,0.0,0,0,BENIGN
22,418,2,1,8,2,6,2,4.0,2.828427125,2,2,2.0,0.0,23923.44498,7177.033493000001,209.0,216.374675,362,56,418,418.0,0.0,418,418,0,0.0,0.0,0,0,0,0,0,0,44,24,4784.688995,2392.344498,2,6,3.0,2.0,4.0,0,0,0,1,0,0,0,0,0,4.0,4.0,2.0,44,0,0,0,0,0,0,2,8,1,2,1024,29200,1,20,0.0,0.0,0,0,0.0,0.0,0,0,PortScan
22,12557,4,2,0,41,0,0,0.0,0.0,41,0,20.5,28.99137803,3265.111093,477.82113560000005,2511.4,4317.285582,10219,161,12557,4185.666667,5851.840765,10942,718,10776,10776.0,0.0,10776,10776,0,0,0,0,136,72,318.54742369999997,159.2737119,0,41,5.857142857,15.49654339,240.1428571,0,0,0,1,0,0,0,0,0,6.833333333,0.0,20.5,136,0,0,0,0,0,0,4,0,2,41,29200,227,0,32,0.0,0.0,0,0,0.0,0.0,0,0,PortScan
443,118,1,1,0,6,0,0,0.0,0.0,6,6,6.0,0.0,50847.457630000004,16949.15254,118.0,0.0,118,118,0,0.0,0.0,0,0,0,0.0,0.0,0,0,0,0,0,0,40,20,8474.576271,8474.576271,0,6,2.0,3.464101615,12.0,0,0,0,1,0,0,0,0,1,3.0,0.0,6.0,40,0,0,0,0,0,0,1,0,1,6,29200,0,0,40,0.0,0.0,0,0,0.0,0.0,0,0,PortScan
80,105431,2,0,0,0,0,0,0.0,0.0,0,0,0.0,0.0,0.0,18.96975273,105431.0,0.0,105431,105431,105431,105431.0,0.0,105431,105431,0,0.0,0.0,0,0,0,0,0,0,40,0,18.96975273,0.0,0,0,0.0,0.0,0.0,0,0,0,0,1,0,0,0,0,0.0,0.0,0.0,40,0,0,0,0,0,0,2,0,0,0,256,-1,0,20,0.0,0.0,0,0,0.0,0.0,0,0,BENIGN
443,99670,7,4,308,155,226,0,44.0,82.75062940000001,110,0,38.75,52.02163012,4645.3295880000005,110.36420190000001,9967.0,14788.710119999998,35415,1,99670,16611.66667,16502.41388,35559,48,56705,18901.66667,32261.77307,56153,1,0,0,0,0,152,88,70.23176482,40.13243704,0,226,38.58333333,68.02333601,4627.174242,0,0,0,1,0,0,0,0,0,42.09090909,44.0,38.75,152,0,0,0,0,0,0,7,308,4,155,8192,4606,3,20,0.0,0.0,0,0,0.0,0.0,0,0,BENIGN
443,2346262,12,10,563,4564,192,0,46.91666667,67.54723375,1430,0,456.4,641.627133,2185.177955,9.376616934,111726.7619,447364.0539,2062365,1,2346262,213296.5455,614043.4294,2062365,4,225202,25022.44444,34520.27296,99464,1,0,0,0,0,252,212,5.114518327,4.262098606,0,1430,222.91304350000001,463.2840198,214632.083,0,0,0,1,0,0,0,0,0,233.0454545,46.91666667,456.4,252,0,0,0,0,0,0,12,563,10,4564,8192,351,6,20,0.0,0.0,0,0,0.0,0.0,0,0,BENIGN
21,914,3,1,0,0,0,0,0.0,0.0,0,0,0.0,0.0,0.0,4376.367615,304.6666667,388.469218,743,3,914,457.0,642.0529573,911,3,0,0.0,0.0,0,0,0,0,0,0,104,40,3282.275711,1094.0919039999999,0,0,0.0,0.0,0.0,0,0,0,1,0,0,0,0,0,0.0,0.0,0.0,104,0,0,0,0,0,0,3,0,1,0,29200,28960,0,32,0.0,0.0,0,0,0.0,0.0,0,0,PortScan
21,825,2,1,8,2,6,2,4.0,2.828427125,2,2,2.0,0.0,12121.21212,3636.363636,412.5,502.7529214,768,57,825,825.0,0.0,825,825,0,0.0,0.0,0,0,0,0,0,0,44,24,2424.242424,1212.121212,2,6,3.0,2.0,4.0,0,0,0,1,0,0,0,0,0,4.0,4.0,2.0,44,0,0,0,0,0,0,2,8,1,2,1024,29200,1,20,0.0,0.0,0,0,0.0,0.0,0,0,PortScan
444,91,1,1,0,6,0,0,0.0,0.0,6,6,6.0,0.0,65934.06593,21978.02198,91.0,0.0,91,91,0,0.0,0.0,0,0,0,0.0,0.0,0,0,0,0,0,0,40,20,10989.01099,10989.01099,0,6,2.0,3.464101615,12.0,0,0,0,1,0,0,0,0,1,3.0,0.0,6.0,40,0,0,0,0,0,0,1,0,1,6,29200,0,0,40,0.0,0.0,0,0,0.0,0.0,0,0,PortScan
80,6008524,3,6,18,11595,18,0,6.0,10.39230485,4344,0,1932.5,1754.831473,1932.7542010000002,1.4978720230000002,751065.5,2123759.872,6007103,16,6007762,3003881.0,4247197.283,6007103,659,6008485,1201697.0,2686727.357,6007861,16,0,0,0,0,104,200,0.499290674,0.9985813490000001,0,4344,1161.3,1643.79818,2702072.4560000002,0,0,0,1,0,0,0,0,2,1290.333333,6.0,1932.5,104,0,0,0,0,0,0,3,18,6,11595,29200,227,1,32,659.0,0.0,659,659,6007103.0,0.0,6007103,6007103,PortScan
21,800,3,1,0,0,0,0,0.0,0.0,0,0,0.0,0.0,0.0,5000.0,266.6666667,441.18741289999997,776,3,800,400.0,561.4427843,797,3,0,0.0,0.0,0,0,0,0,0,0,104,40,3750.0,1250.0,0,0,0.0,0.0,0.0,0,0,0,1,0,0,0,0,0,0.0,0.0,0.0,104,0,0,0,0,0,0,3,0,1,0,29200,28960,0,32,0.0,0.0,0,0,0.0,0.0,0,0,PortScan
80,6432,2,0,0,0,0,0,0.0,0.0,0,0,0.0,0.0,0.0,310.9452736,6432.0,0.0,6432,6432,6432,6432.0,0.0,6432,6432,0,0.0,0.0,0,0,0,0,0,0,40,0,310.9452736,0.0,0,0,0.0,0.0,0.0,0,0,0,0,1,0,0,0,0,0.0,0.0,0.0,40,0,0,0,0,0,0,2,0,0,0,63586,-1,0,20,0.0,0.0,0,0,0.0,0.0,0,0,BENIGN
444,126,1,1,2,6,2,2,2.0,0.0,6,6,6.0,0.0,63492.06349,15873.01587,126.0,0.0,126,126,0,0.0,0.0,0,0,0,0.0,0.0,0,0,0,0,0,0,24,20,7936.507937,7936.507937,2,6,3.333333333,2.309401077,5.333333333,0,0,0,1,0,0,0,0,1,5.0,2.0,6.0,24,0,0,0,0,0,0,1,2,1,6,1024,0,0,24,0.0,0.0,0,0,0.0,0.0,0,0,PortScan
1100,4,3,0,0,0,0,0,0.0,0.0,0,0,0.0,0.0,0.0,750000.0,2.0,1.4142135619999998,3,1,4,2.0,1.4142135619999998,3,1,0,0.0,0.0,0,0,0,0,0,0,60,0,750000.0,0.0,0,0,0.0,0.0,0.0,0,0,0,0,1,0,0,0,0,0.0,0.0,0.0,60,0,0,0,0,0,0,3,0,0,0,12499,-1,0,20,0.0,0.0,0,0,0.0,0.0,0,0,BENIGN
80,818,2,1,8,2,6,2,4.0,2.828427125,2,2,2.0,0.0,12224.93888,3667.4816630000005,409.0,444.06305860000003,723,95,818,818.0,0.0,818,818,0,0.0,0.0,0,0,0,0,0,0,44,24,2444.987775,1222.493888,2,6,3.0,2.0,4.0,0,0,0,1,0,0,0,0,0,4.0,4.0,2.0,44,0,0,0,0,0,0,2,8,1,2,1024,29200,1,20,0.0,0.0,0,0,0.0,0.0,0,0,PortScan
80,103616,2,0,0,0,0,0,0.0,0.0,0,0,0.0,0.0,0.0,19.3020383,103616.0,0.0,103616,103616,103616,103616.0,0.0,103616,103616,0,0.0,0.0,0,0,0,0,0,0,40,0,19.3020383,0.0,0,0,0.0,0.0,0.0,0,0,0,0,1,0,0,0,0,0.0,0.0,0.0,40,0,0,0,0,0,0,2,0,0,0,256,-1,0,20,0.0,0.0,0,0,0.0,0.0,0,0,BENIGN
443,138,1,1,0,6,0,0,0.0,0.0,6,6,6.0,0.0,43478.26087,14492.75362,138.0,0.0,138,138,0,0.0,0.0,0,0,0,0.0,0.0,0,0,0,0,0,0,40,20,7246.376812,7246.376812,0,6,2.0,3.464101615,12.0,0,0,0,1,0,0,0,0,1,3.0,0.0,6.0,40,0,0,0,0,0,0,1,0,1,6,29200,0,0,40,0.0,0.0,0,0,0.0,0.0,0,0,PortScan
443,1686853,11,10,561,5332,195,0,51.0,74.11882352,1460,0,533.2,667.8096535,3493.4875770000003,12.44921757,84342.65,255238.3172,1135587,1,1686853,168685.3,352816.0223,1135587,4,316931,35214.55556,78816.06575,241145,1,0,0,0,0,232,212,6.521018725,5.928198841,0,1460,267.8636364,505.2946614,255322.6948,0,0,0,1,0,0,0,0,0,280.61904760000004,51.0,533.2,232,0,0,0,0,0,0,11,561,10,5332,8192,12501,5,20,0.0,0.0,0,0,0.0,0.0,0,0,BENIGN
389,15337,23,19,5740,7080,1684,0,249.56521740000002,465.0147433,2634,0,372.63157889999997,672.7114464,835887.0705,2738.475582,374.0731707,1700.8012579999997,10920,2,15337,697.1363636,2346.607547,11072,3,4320,240.0,331.7087667,1094,2,0,0,0,0,484,404,1499.64139,1238.834192,0,2634,298.1395349,559.5825647,313132.6467,0,0,0,1,0,0,0,0,0,305.23809520000003,249.56521740000002,372.63157889999997,484,0,0,0,0,0,0,23,5740,19,7080,8192,2050,16,20,0.0,0.0,0,0,0.0,0.0,0,0,BENIGN
389,816083,15,12,4104,1020,1660,0,273.6,567.8187337,210,0,85.0,91.22200691,6278.773115,33.08487004,31387.807689999998,147800.2019,753773,1,816083,58291.64286,200803.7333,753773,1,816035,74185.0,245229.1828,813578,3,0,0,0,0,324,264,18.38048336,14.70438669,0,1660,183.0,425.0164267,180638.96300000002,0,0,0,1,0,0,0,0,0,189.77777780000002,273.6,85.0,324,0,0,0,0,0,0,15,4104,12,1020,8192,0,8,20,0.0,0.0,0,0,0.0,0.0,0,0,BENIGN
22,11070400,37,44,2568,6954,408,0,69.40540541,104.7121609,976,0,158.0454545,312.6752498,860.1315219,7.316808787,138380.0,1043272.7170000001,9299005,1,11100000,307511.1111,1551552.841,9299005,2,10100000,234908.5814,1451763.991,9530154,1,0,0,0,0,764,904,3.342245989,3.974562798,0,976,116.12195120000001,242.67604730000002,58891.663960000005,0,0,0,1,0,0,0,0,1,117.55555559999999,69.40540541,158.0454545,764,0,0,0,0,0,0,37,2568,44,6954,8192,245,24,20,267137.0,0.0,267137,267137,9299005.0,0.0,9299005,9299005,BENIGN
80,705,3,1,0,0,0,0,0.0,0.0,0,0,0.0,0.0,0.0,5673.758865,235.0,294.0425139,566,4,705,352.5,492.85342649999996,701,4,0,0.0,0.0,0,0,0,0,0,0,104,40,4255.319149,1418.439716,0,0,0.0,0.0,0.0,0,0,0,1,0,0,0,0,0,0.0,0.0,0.0,104,0,0,0,0,0,0,3,0,1,0,29200,28960,0,32,0.0,0.0,0,0,0.0,0.0,0,0,PortScan
80,70,1,1,0,0,0,0,0.0,0.0,0,0,0.0,0.0,0.0,28571.42857,70.0,0.0,70,70,0,0.0,0.0,0,0,0,0.0,0.0,0,0,0,0,0,0,32,32,14285.71429,14285.71429,0,0,0.0,0.0,0.0,0,0,0,0,1,1,0,0,1,0.0,0.0,0.0,32,0,0,0,0,0,0,1,0,1,0,253,243,0,32,0.0,0.0,0,0,0.0,0.0,0,0,PortScan
5353,63757117,242,0,19426,0,153,37,80.27272727,44.28575635,0,0,0.0,0.0,304.68755350000004,3.795654687,264552.3527,2328976.09,32000000,1,63800000,264552.3527,2328976.09,32000000,1,0,0.0,0.0,0,0,0,0,0,0,5356,0,3.795654687,0.0,37,153,80.33333333,44.20425917,1954.016529,0,0,0,0,0,0,0,0,0,80.66528926,80.27272727,0.0,5356,0,0,0,0,0,0,242,19426,0,0,-1,-1,241,20,7876780.5,11100000.0,15800000,14,24000000.0,11300000.0,32000000,16000000,BENIGN
53,418,1,1,49,113,49,49,49.0,0.0,113,113,113.0,0.0,387559.8086,4784.688995,418.0,0.0,418,418,0,0.0,0.0,0,0,0,0.0,0.0,0,0,0,0,0,0,20,20,2392.344498,2392.344498,49,113,70.33333333,36.95041723,1365.333333,0,0,0,0,0,0,0,0,1,105.5,49.0,113.0,20,0,0,0,0,0,0,1,49,1,113,-1,-1,0,20,0.0,0.0,0,0,0.0,0.0,0,0,BENIGN
444,122,1,1,2,6,2,2,2.0,0.0,6,6,6.0,0.0,65573.77049,16393.442619999998,122.0,0.0,122,122,0,0.0,0.0,0,0,0,0.0,0.0,0,0,0,0,0,0,24,20,8196.721311,8196.721311,2,6,3.333333333,2.309401077,5.333333333,0,0,0,1,0,0,0,0,1,5.0,2.0,6.0,24,0,0,0,0,0,0,1,2,1,6,1024,0,0,24,0.0,0.0,0,0,0.0,0.0,0,0,PortScan
80,877,2,1,8,2,6,2,4.0,2.828427125,2,2,2.0,0.0,11402.50855,3420.7525659999997,438.5,447.5985925,755,122,877,877.0,0.0,877,877,0,0.0,0.0,0,0,0,0,0,0,44,24,2280.50171,1140.250855,2,6,3.0,2.0,4.0,0,0,0,1,0,0,0,0,0,4.0,4.0,2.0,44,0,0,0,0,0,0,2,8,1,2,1024,29200,1,20,0.0,0.0,0,0,0.0,0.0,0,0,PortScan
49671,30115431,17,12,3134,2432,912,0,184.35294119999998,285.8312311,952,0,202.66666669999998,351.7574922,184.822193,0.96296148,1075551.107,5648501.22,29900000,1,30100000,1882214.438,7470642.369,29900000,1,18647,1695.181818,2798.807632,8105,3,0,0,0,0,364,264,0.564494661,0.39846681899999997,0,952,185.5333333,305.4802588,93318.18851,0,0,0,1,0,0,0,0,0,191.9310345,184.35294119999998,202.66666669999998,364,0,0,0,0,0,0,17,3134,12,2432,8192,2047,10,20,0.0,0.0,0,0,0.0,0.0,0,0,BENIGN
5353,12,9,0,405,0,45,45,45.0,0.0,0,0,0.0,0.0,33800000.0,750000.0,1.5,1.069044968,4,1,12,1.5,1.069044968,4,1,0,0.0,0.0,0,0,0,0,0,0,288,0,750000.0,0.0,45,45,45.0,0.0,0.0,0,0,0,0,0,0,0,0,0,50.0,45.0,0.0,288,0,0,0,0,0,0,9,405,0,0,-1,-1,8,32,0.0,0.0,0,0,0.0,0.0,0,0,BENIGN
49671,94,2,3,0,0,0,0,0.0,0.0,0,0,0.0,0.0,0.0,53191.48936,23.5,34.7802626,75,1,90,90.0,0.0,90,90,80,40.0,55.15432893,79,1,0,0,0,0,40,60,21276.59574,31914.89362,0,0,0.0,0.0,0.0,0,0,0,0,1,1,0,0,1,0.0,0.0,0.0,40,0,0,0,0,0,0,2,0,3,0,251,2047,0,20,0.0,0.0,0,0,0.0,0.0,0,0,BENIGN
22,844,2,1,8,2,6,2,4.0,2.828427125,2,2,2.0,0.0,11848.34123,3554.50237,422.0,478.0041841,760,84,844,844.0,0.0,844,844,0,0.0,0.0,0,0,0,0,0,0,44,24,2369.668246,1184.834123,2,6,3.0,2.0,4.0,0,0,0,1,0,0,0,0,0,4.0,4.0,2.0,44,0,0,0,0,0,0,2,8,1,2,1024,29200,1,20,0.0,0.0,0,0,0.0,0.0,0,0,PortScan
443,97,1,1,2,6,2,2,2.0,0.0,6,6,6.0,0.0,82474.2268,20618.5567,97.0,0.0,97,97,0,0.0,0.0,0,0,0,0.0,0.0,0,0,0,0,0,0,24,20,10309.27835,10309.27835,2,6,3.333333333,2.309401077,5.333333333,0,0,0,1,0,0,0,0,1,5.0,2.0,6.0,24,0,0,0,0,0,0,1,2,1,6,1024,0,0,24,0.0,0.0,0,0,0.0,0.0,0,0,PortScan
49671,50,1,2,0,0,0,0,0.0,0.0,0,0,0.0,0.0,0.0,60000.0,25.0,31.11269837,47,3,0,0.0,0.0,0,0,3,3.0,0.0,3,3,0,0,0,0,20,40,20000.0,40000.0,0,0,0.0,0.0,0.0,0,0,0,0,1,1,0,0,2,0.0,0.0,0.0,20,0,0,0,0,0,0,1,0,2,0,251,2053,0,20,0.0,0.0,0,0,0.0,0.0,0,0,BENIGN
80,188,2,0,0,0,0,0,0.0,0.0,0,0,0.0,0.0,0.0,10638.29787,188.0,0.0,188,188,188,188.0,0.0,188,188,0,0.0,0.0,0,0,0,0,0,0,64,0,10638.29787,0.0,0,0,0.0,0.0,0.0,0,0,0,0,1,0,0,0,0,0.0,0.0,0.0,64,0,0,0,0,0,0,2,0,0,0,242,-1,0,32,0.0,0.0,0,0,0.0,0.0,0,0,BENIGN
443,600,2,0,0,0,0,0,0.0,0.0,0,0,0.0,0.0,0.0,3333.333333,600.0,0.0,600,600,600,600.0,0.0,600,600,0,0.0,0.0,0,0,0,0,0,0,64,0,3333.333333,0.0,0,0,0.0,0.0,0.0,0,0,0,0,1,0,0,0,0,0.0,0.0,0.0,64,0,0,0,0,0,0,2,0,0,0,1272,-1,0,32,0.0,0.0,0,0,0.0,0.0,0,0,BENIGN
443,101511,4,1,179,0,179,0,44.75,89.5,0,0,0.0,0.0,1763.355695,49.25574568,25377.75,50329.18297,100871,56,101511,33837.0,58146.19266,100978,56,0,0.0,0.0,0,0,0,0,0,0,136,40,39.40459655,9.851149137,0,179,29.83333333,73.07644399,5340.166667,0,0,0,1,0,0,0,0,0,35.8,44.75,0.0,136,0,0,0,0,0,0,4,179,1,0,29200,28160,1,32,0.0,0.0,0,0,0.0,0.0,0,0,BENIGN
443,74,1,1,2,6,2,2,2.0,0.0,6,6,6.0,0.0,108108.1081,27027.02703,74.0,0.0,74,74,0,0.0,0.0,0,0,0,0.0,0.0,0,0,0,0,0,0,24,20,13513.513509999999,13513.513509999999,2,6,3.333333333,2.309401077,5.333333333,0,0,0,1,0,0,0,0,1,5.0,2.0,6.0,24,0,0,0,0,0,0,1,2,1,6,1024,0,0,24,0.0,0.0,0,0,0.0,0.0,0,0,PortScan
88,1035,9,8,3064,2990,1532,0,340.44444439999995,675.5485014,1495,0,373.75,692.0505246,5849275.362000001,16425.120769999998,64.6875,170.4968108,700,1,1035,129.375,278.7282022,816,1,955,136.4285714,251.06496980000003,700,1,0,0,0,0,204,184,8695.652173999999,7729.468599,0,1532,336.3333333,647.5263338,419290.3529,0,0,0,1,0,0,0,0,0,356.11764710000006,340.44444439999995,373.75,204,0,0,0,0,0,0,9,3064,8,2990,8192,2053,2,20,0.0,0.0,0,0,0.0,0.0,0,0,BENIGN
21,740,2,1,8,2,6,2,4.0,2.828427125,2,2,2.0,0.0,13513.513509999999,4054.0540539999997,370.0,292.7422074,577,163,740,740.0,0.0,740,740,0,0.0,0.0,0,0,0,0,0,0,44,24,2702.702703,1351.351351,2,6,3.0,2.0,4.0,0,0,0,1,0,0,0,0,0,4.0,4.0,2.0,44,0,0,0,0,0,0,2,8,1,2,1024,29200,1,20,0.0,0.0,0,0,0.0,0.0,0,0,PortScan
22,10111,4,2,0,41,0,0,0.0,0.0,41,0,20.5,28.99137803,4054.989615,593.4131143999999,2022.2,3380.7239170000003,8047,54,10111,3370.333333,4511.902075,8579,668,8661,8661.0,0.0,8661,8661,0,0,0,0,136,72,395.608743,197.8043715,0,41,5.857142857,15.49654339,240.1428571,0,0,0,1,0,0,0,0,0,6.833333333,0.0,20.5,136,0,0,0,0,0,0,4,0,2,41,29200,227,0,32,0.0,0.0,0,0,0.0,0.0,0,0,PortScan
49222,640,3,0,0,0,0,0,0.0,0.0,0,0,0.0,0.0,0.0,4687.5,320.0,448.30569929999996,637,3,640,320.0,448.30569929999996,637,3,0,0.0,0.0,0,0,0,0,0,0,60,0,4687.5,0.0,0,0,0.0,0.0,0.0,0,0,0,0,1,0,0,0,0,0.0,0.0,0.0,60,0,0,0,0,0,0,3,0,0,0,351,-1,0,20,0.0,0.0,0,0,0.0,0.0,0,0,BENIGN
88,1116,9,6,3150,3086,1575,0,350.0,694.5097192000001,1543,0,514.3333333,796.8017738,5587813.62,13440.860219999999,79.71428571,207.0679668,796,1,1116,139.5,304.48316869999996,890,1,1033,206.6,333.18208239999996,796,3,0,0,0,0,204,144,8064.516129000001,5376.344086,0,1575,389.75,697.254951,486164.4667,0,0,0,1,0,0,0,0,0,415.7333333,350.0,514.3333333,204,0,0,0,0,0,0,9,3150,6,3086,8192,2053,2,20,0.0,0.0,0,0,0.0,0.0,0,0,BENIGN
444,29,1,1,0,6,0,0,0.0,0.0,6,6,6.0,0.0,206896.5517,68965.51724,29.0,0.0,29,29,0,0.0,0.0,0,0,0,0.0,0.0,0,0,0,0,0,0,40,20,34482.75862,34482.75862,0,6,2.0,3.464101615,12.0,0,0,0,1,0,0,0,0,1,3.0,0.0,6.0,40,0,0,0,0,0,0,1,0,1,6,29200,0,0,40,0.0,0.0,0,0,0.0,0.0,0,0,PortScan
135,41,1,1,0,0,0,0,0.0,0.0,0,0,0.0,0.0,0.0,48780.4878,41.0,0.0,41,41,0,0.0,0.0,0,0,0,0.0,0.0,0,0,0,0,0,0,20,20,24390.2439,24390.2439,0,0,0.0,0.0,0.0,0,0,0,0,1,1,0,0,1,0.0,0.0,0.0,20,0,0,0,0,0,0,1,0,1,0,254,2051,0,20,0.0,0.0,0,0,0.0,0.0,0,0,BENIGN
80,1050,3,1,0,0,0,0,0.0,0.0,0,0,0.0,0.0,0.0,3809.52381,350.0,447.41367879999996,865,57,1050,525.0,661.8519472,993,57,0,0.0,0.0,0,0,0,0,0,0,104,40,2857.142857,952.3809524000001,0,0,0.0,0.0,0.0,0,0,0,1,0,0,0,0,0,0.0,0.0,0.0,104,0,0,0,0,0,0,3,0,1,0,29200,28960,0,32,0.0,0.0,0,0,0.0,0.0,0,0,PortScan
443,7494,2,0,0,0,0,0,0.0,0.0,0,0,0.0,0.0,0.0,266.88017080000003,7494.0,0.0,7494,7494,7494,7494.0,0.0,7494,7494,0,0.0,0.0,0,0,0,0,0,0,64,0,266.88017080000003,0.0,0,0,0.0,0.0,0.0,0,0,0,0,1,0,0,0,0,0.0,0.0,0.0,64,0,0,0,0,0,0,2,0,0,0,707,-1,0,32,0.0,0.0,0,0,0.0,0.0,0,0,BENIGN
444,148,1,1,2,6,2,2,2.0,0.0,6,6,6.0,0.0,54054.05405,13513.513509999999,148.0,0.0,148,148,0,0.0,0.0,0,0,0,0.0,0.0,0,0,0,0,0,0,24,20,6756.756756999999,6756.756756999999,2,6,3.333333333,2.309401077,5.333333333,0,0,0,1,0,0,0,0,1,5.0,2.0,6.0,24,0,0,0,0,0,0,1,2,1,6,1024,0,0,24,0.0,0.0,0,0,0.0,0.0,0,0,PortScan
88,9267,9,6,3096,3028,1548,0,344.0,682.6038382999999,1514,0,504.66666669999995,781.8262382,660839.5381,1618.6468109999998,661.9285714,2122.800815,7999,3,9267,1158.375,2783.899882,7999,3,1155,231.0,359.0348173,825,3,0,0,0,0,204,144,971.1880867999998,647.4587245,0,1548,382.75,684.7402913999999,468869.2667,0,0,0,1,0,0,0,0,0,408.2666667,344.0,504.66666669999995,204,0,0,0,0,0,0,9,3096,6,3028,8192,2053,2,20,0.0,0.0,0,0,0.0,0.0,0,0,BENIGN
443,1424808,9,11,703,3950,267,0,78.11111111,103.30228029999999,1448,0,359.0909091,569.9183195,3265.703168,14.03697902,74989.89474,122992.6415,412204,1,910300,113787.5,165991.0219,507210,384,1329644,132964.4,154562.9656,412204,3,0,0,0,0,296,360,6.316640558,7.72033846,0,1448,221.5714286,434.4990876,188789.4571,0,0,0,1,0,0,0,0,1,232.65,78.11111111,359.0909091,296,0,0,0,0,0,0,9,703,11,3950,29200,254,4,32,0.0,0.0,0,0,0.0,0.0,0,0,BENIGN
80,6007810,3,6,18,11595,18,0,6.0,10.39230485,4344,0,1932.5,1754.831473,1932.9838989999998,1.4980500380000001,750976.25,2123472.28,6006302,15,6006985,3003492.5,4246613.92,6006302,683,6007687,1201537.4,2686321.848,6006976,15,0,0,0,0,104,200,0.499350013,0.998700025,0,4344,1161.3,1643.79818,2702072.4560000002,0,0,0,1,0,0,0,0,2,1290.333333,6.0,1932.5,104,0,0,0,0,0,0,3,18,6,11595,29200,227,1,32,683.0,0.0,683,683,6006302.0,0.0,6006302,6006302,PortScan
1242,23249,2,0,0,0,0,0,0.0,0.0,0,0,0.0,0.0,0.0,86.02520539,23249.0,0.0,23249,23249,23249,23249.0,0.0,23249,23249,0,0.0,0.0,0,0,0,0,0,0,40,0,86.02520539,0.0,0,0,0.0,0.0,0.0,0,0,0,0,1,0,0,0,0,0.0,0.0,0.0,40,0,0,0,0,0,0,2,0,0,0,360,-1,0,20,0.0,0.0,0,0,0.0,0.0,0,0,BENIGN
443,10154910,19,28,713,38420,400,0,37.52631579,101.12938270000001,2896,0,1372.142857,805.8781597999999,3853.6038229999995,4.628302959,220758.913,1467901.64,9959914,0,10100000,562600.2778,2345296.222,9959914,241,10100000,375245.1111,1928169.167,10000000,4,0,0,0,0,616,904,1.87101609,2.7572868689999996,0,2896,815.2708332999999,905.7669781,820413.8187,0,0,0,1,0,0,0,0,1,832.6170212999999,37.52631579,1372.142857,616,0,0,0,0,0,0,19,713,28,38420,29200,61,3,32,166891.0,0.0,166891,166891,9959914.0,0.0,9959914,9959914,BENIGN
123,74567170,9,9,432,432,48,48,48.0,0.0,48,48,48.0,0.0,11.58686859,0.241393096,4386304.118,13400000.0,56000000,16253,74600000,9318859.125,18900000.0,56000000,1995519,74600000,9318839.25,18900000.0,56000000,1995561,0,0,0,0,228,228,0.120696548,0.120696548,48,48,48.0,0.0,0.0,0,0,0,0,0,0,0,0,1,50.66666667,48.0,48.0,228,0,0,0,0,0,0,9,432,9,432,-1,-1,8,20,18600000.0,0.0,18600000,18600000,56000000.0,0.0,56000000,56000000,BENIGN
49169,0,1,1,0,0,0,0,0.0,0.0,0,0,0.0,0.0,,inf,0.0,0.0,0,0,0,0.0,0.0,0,0,0,0.0,0.0,0,0,0,0,0,0,20,20,0.0,0.0,0,0,0.0,0.0,0.0,0,0,0,0,1,0,0,0,1,0.0,0.0,0.0,20,0,0,0,0,0,0,1,0,1,0,2053,255,0,20,0.0,0.0,0,0,0.0,0.0,0,0,BENIGN
123,110015733,10,9,480,432,48,48,48.0,0.0,48,48,48.0,0.0,8.289723433999999,0.172702572,6111985.167,16100000.0,62000000,16485,110000000,12200000.0,21600000.0,62000000,999992,110000000,13700000.0,33600000.0,97000000,999858,0,0,0,0,248,216,0.09089609,0.081806481,48,48,48.0,0.0,0.0,0,0,0,0,0,0,0,0,0,50.52631579,48.0,48.0,248,0,0,0,0,0,0,10,480,9,432,-1,-1,9,20,13000000.0,0.0,13000000,13000000,48500000.0,19100000.0,62000000,35000000,BENIGN
443,41569660,23,28,698,35142,350,0,30.34782609,85.85326207,3864,0,1255.0714289999999,1056.082731,862.1672633,1.226856318,831393.2,2691433.15,10000000,3,32100000,1456961.727,3525375.583,10200000,95,41400000,1534120.259,3590749.8389999997,10200000,3,0,0,0,0,744,904,0.553288143,0.673568174,0,3864,689.2307692,987.1767947999999,974518.0241,0,0,0,1,0,0,0,0,1,702.7450980000001,30.34782609,1255.0714289999999,744,0,0,0,0,0,0,23,698,28,35142,29200,252,3,32,541538.5,785919.032,1720417,148320,9850875.75,322357.8827,10000000,9367632,BENIGN
444,119,1,1,0,6,0,0,0.0,0.0,6,6,6.0,0.0,50420.16807,16806.722690000002,119.0,0.0,119,119,0,0.0,0.0,0,0,0,0.0,0.0,0,0,0,0,0,0,40,20,8403.361345000001,8403.361345000001,0,6,2.0,3.464101615,12.0,0,0,0,1,0,0,0,0,1,3.0,0.0,6.0,40,0,0,0,0,0,0,1,0,1,6,29200,0,0,40,0.0,0.0,0,0,0.0,0.0,0,0,PortScan
389,334,10,4,165,326,79,0,16.5,33.01262385,163,0,81.5,94.10809388,1470059.88,41916.16766,25.69230769,22.60672693,50,1,334,37.11111111,38.67959554,108,1,219,73.0,85.29361055,168,3,0,0,0,0,336,144,29940.11976,11976.0479,0,163,32.73333333,59.52006464,3542.6380950000002,0,0,0,1,0,0,0,0,0,35.07142857,16.5,81.5,336,0,0,0,0,0,0,10,165,4,326,29200,2081,3,32,0.0,0.0,0,0,0.0,0.0,0,0,BENIGN
123,68058037,7,7,336,336,48,48,48.0,0.0,48,48,48.0,0.0,9.873925691,0.205706785,5235233.615,15900000.0,57900000,54090,68000000,11300000.0,22900000.0,58000000,1999866,68000000,11300000.0,22900000.0,58000000,1991136,0,0,0,0,164,164,0.102853393,0.102853393,48,48,48.0,0.0,0.0,0,0,0,0,0,0,0,0,1,51.42857143,48.0,48.0,164,0,0,0,0,0,0,7,336,7,336,-1,-1,6,20,10100000.0,0.0,10100000,10100000,57900000.0,0.0,57900000,57900000,BENIGN
444,33,1,1,2,6,2,2,2.0,0.0,6,6,6.0,0.0,242424.2424,60606.06061,33.0,0.0,33,33,0,0.0,0.0,0,0,0,0.0,0.0,0,0,0,0,0,0,24,20,30303.0303,30303.0303,2,6,3.333333333,2.309401077,5.333333333,0,0,0,1,0,0,0,0,1,5.0,2.0,6.0,24,0,0,0,0,0,0,1,2,1,6,1024,0,0,24,0.0,0.0,0,0,0.0,0.0,0,0,PortScan
80,10637980,6,4,293,384,292,0,48.83333333,119.1275227,384,0,96.0,192.0,63.63990156,0.9400280879999999,1181997.778,3306519.3419999997,9989850,85,10600000,2127596.0,4400440.449,9989850,179,10100000,3367968.667,5789001.847,10100000,542,0,0,0,0,132,104,0.5640168529999999,0.376011235,0,384,61.54545455,138.2225478,19105.47273,0,0,0,1,0,0,0,0,0,67.7,48.83333333,96.0,132,0,0,0,0,0,0,6,293,4,384,8192,946,2,20,114131.0,0.0,114131,114131,9989850.0,0.0,9989850,9989850,BENIGN
88,1344,9,6,3076,3010,1538,0,341.77777779999997,678.1942527000001,1505,0,501.66666669999995,777.1786581,4528273.81,11160.71429,96.0,278.5202658,1061,0,1344,168.0,380.59840099999997,1107,1,1244,248.8,456.871645,1061,3,0,0,0,0,204,144,6696.428571,4464.285714,0,1538,380.375,680.4888316,463065.05,0,0,0,1,0,0,0,0,0,405.7333333,341.77777779999997,501.66666669999995,204,0,0,0,0,0,0,9,3076,6,3010,8192,2053,2,20,0.0,0.0,0,0,0.0,0.0,0,0,BENIGN
135,35,1,1,0,0,0,0,0.0,0.0,0,0,0.0,0.0,0.0,57142.85714,35.0,0.0,35,35,0,0.0,0.0,0,0,0,0.0,0.0,0,0,0,0,0,0,20,20,28571.42857,28571.42857,0,0,0.0,0.0,0.0,0,0,0,0,1,1,0,0,1,0.0,0.0,0.0,20,0,0,0,0,0,0,1,0,1,0,255,2052,0,20,0.0,0.0,0,0,0.0,0.0,0,0,BENIGN
443,73,1,1,0,6,0,0,0.0,0.0,6,6,6.0,0.0,82191.78082,27397.26027,73.0,0.0,73,73,0,0.0,0.0,0,0,0,0.0,0.0,0,0,0,0,0,0,40,20,13698.630140000001,13698.630140000001,0,6,2.0,3.464101615,12.0,0,0,0,1,0,0,0,0,1,3.0,0.0,6.0,40,0,0,0,0,0,0,1,0,1,6,29200,0,0,40,0.0,0.0,0,0,0.0,0.0,0,0,PortScan
443,78,1,1,2,6,2,2,2.0,0.0,6,6,6.0,0.0,102564.1026,25641.02564,78.0,0.0,78,78,0,0.0,0.0,0,0,0,0.0,0.0,0,0,0,0,0,0,24,20,12820.51282,12820.51282,2,6,3.333333333,2.309401077,5.333333333,0,0,0,1,0,0,0,0,1,5.0,2.0,6.0,24,0,0,0,0,0,0,1,2,1,6,1024,0,0,24,0.0,0.0,0,0,0.0,0.0,0,0,PortScan
443,45,1,1,2,6,2,2,2.0,0.0,6,6,6.0,0.0,177777.7778,44444.44444,45.0,0.0,45,45,0,0.0,0.0,0,0,0,0.0,0.0,0,0,0,0,0,0,24,20,22222.22222,22222.22222,2,6,3.333333333,2.309401077,5.333333333,0,0,0,1,0,0,0,0,1,5.0,2.0,6.0,24,0,0,0,0,0,0,1,2,1,6,1024,0,0,24,0.0,0.0,0,0,0.0,0.0,0,0,PortScan
49220,36020,2,1,38,0,38,0,19.0,26.87005769,0,0,0.0,0.0,1054.969461,83.28706274,18010.0,25331.393330000003,35922,98,36020,36020.0,0.0,36020,36020,0,0.0,0.0,0,0,1,0,0,0,40,20,55.524708499999996,27.76235425,0,38,19.0,21.93931023,481.33333330000005,0,1,0,0,1,0,0,0,0,25.33333333,19.0,0.0,40,0,0,0,0,0,0,2,38,1,0,351,0,0,20,0.0,0.0,0,0,0.0,0.0,0,0,BENIGN
1075,3,2,0,31,0,31,0,15.5,21.92031022,0,0,0.0,0.0,10300000.0,666666.6667,3.0,0.0,3,3,3,3.0,0.0,3,3,0,0.0,0.0,0,0,1,0,0,0,40,0,666666.6667,0.0,0,31,20.66666667,17.89785834,320.3333333,0,1,0,0,1,0,0,0,0,31.0,15.5,0.0,40,0,0,0,0,0,0,2,31,0,0,946,-1,0,20,0.0,0.0,0,0,0.0,0.0,0,0,BENIGN
123,71016518,8,8,384,384,48,48,48.0,0.0,48,48,48.0,0.0,10.81438546,0.225299697,4734434.533,14500000.0,57000000,16069,71000000,10100000.0,20700000.0,57000000,1991356,71000000,10100000.0,20700000.0,57000000,1991096,0,0,0,0,172,172,0.11264984900000001,0.11264984900000001,48,48,48.0,0.0,0.0,0,0,0,0,0,0,0,0,1,51.0,48.0,48.0,172,0,0,0,0,0,0,8,384,8,384,-1,-1,7,20,14000000.0,0.0,14000000,14000000,57000000.0,0.0,57000000,57000000,BENIGN
80,2317,6,5,62,11576,62,0,10.33333333,25.31139401,5792,0,2315.2,2628.883261,5022874.407,4747.518343,231.7,282.4865975,865,4,2317,463.4,419.60850800000003,910,4,1189,297.25,425.7349528,931,46,0,0,0,0,200,168,2589.55546,2157.9628829999997,0,5792,969.8333332999998,1980.8581170000002,3923798.8789999997,0,0,0,1,0,0,0,0,0,1058.0,10.33333333,2315.2,200,0,0,0,0,0,0,6,62,5,11576,29200,227,1,32,0.0,0.0,0,0,0.0,0.0,0,0,PortScan
49666,15,1,3,0,0,0,0,0.0,0.0,0,0,0.0,0.0,0.0,266666.6667,5.0,4.582575695,10,1,0,0.0,0.0,0,0,11,5.5,6.3639610310000005,10,1,0,0,0,0,20,60,66666.66667,200000.0,0,0,0.0,0.0,0.0,0,0,0,0,1,1,0,0,3,0.0,0.0,0.0,20,0,0,0,0,0,0,1,0,3,0,254,2053,0,20,0.0,0.0,0,0,0.0,0.0,0,0,BENIGN
22,10518,4,2,0,41,0,0,0.0,0.0,41,0,20.5,28.99137803,3898.079483,570.450656,2103.6,3206.0579850000004,7807,137,10518,3506.0,4385.620481,8569,884,8554,8554.0,0.0,8554,8554,0,0,0,0,136,72,380.3004373,190.15021869999998,0,41,5.857142857,15.49654339,240.1428571,0,0,0,1,0,0,0,0,0,6.833333333,0.0,20.5,136,0,0,0,0,0,0,4,0,2,41,29200,227,0,32,0.0,0.0,0,0,0.0,0.0,0,0,PortScan
389,437,10,4,165,326,79,0,16.5,33.01262385,163,0,81.5,94.10809388,1123569.794,32036.613269999998,33.61538462,20.42277512,49,1,437,48.55555556,33.27953993,108,1,280,93.33333333,119.6258055,229,3,0,0,0,0,336,144,22883.29519,9153.318078,0,163,32.73333333,59.52006464,3542.6380950000002,0,0,0,1,0,0,0,0,0,35.07142857,16.5,81.5,336,0,0,0,0,0,0,10,165,4,326,29200,2081,3,32,0.0,0.0,0,0,0.0,0.0,0,0,BENIGN
80,382944,3,4,427,2267,427,0,142.33333330000002,246.52856490000002,2267,0,566.75,1133.5,7034.971170999999,18.27943511,63824.0,128090.0063,323698,4,352857,176428.5,208270.5242,323698,29159,353888,117962.6667,203521.9644,352969,4,0,0,0,0,72,92,7.83404362,10.44539149,0,2267,336.75,794.1224717,630630.5,0,0,0,1,0,0,0,0,1,384.85714289999993,142.33333330000002,566.75,72,0,0,0,0,0,0,3,427,4,2267,8192,237,1,20,0.0,0.0,0,0,0.0,0.0,0,0,BENIGN
0,117470203,110,0,0,0,0,0,0.0,0.0,0,0,0.0,0.0,0.0,0.936407678,1077708.284,2596598.464,13200000,0,117000000,1077708.284,2596598.464,13200000,0,0,0.0,0.0,0,0,0,0,0,0,0,0,0.936407678,0.0,0,0,0.0,0.0,0.0,0,0,0,0,0,0,0,0,0,0.0,0.0,0.0,0,0,0,0,0,0,0,110,0,0,0,-1,-1,0,0,3121965.8,2990832.478,8299849,19,8446926.3,2469243.403,13200000,5320863,BENIGN
80,2417,5,0,0,0,0,0,0.0,0.0,0,0,0.0,0.0,0.0,2068.680182,604.25,627.0073764,1541,214,2417,604.25,627.0073764,1541,214,0,0.0,0.0,0,0,0,0,0,0,160,0,2068.680182,0.0,0,0,0.0,0.0,0.0,0,0,0,0,1,0,0,0,0,0.0,0.0,0.0,160,0,0,0,0,0,0,5,0,0,0,251,-1,0,32,0.0,0.0,0,0,0.0,0.0,0,0,PortScan
22,710,2,1,8,2,6,2,4.0,2.828427125,2,2,2.0,0.0,14084.50704,4225.352113,355.0,309.7127702,574,136,710,710.0,0.0,710,710,0,0.0,0.0,0,0,0,0,0,0,44,24,2816.9014079999997,1408.4507039999999,2,6,3.0,2.0,4.0,0,0,0,1,0,0,0,0,0,4.0,4.0,2.0,44,0,0,0,0,0,0,2,8,1,2,1024,29200,1,20,0.0,0.0,0,0,0.0,0.0,0,0,PortScan
443,131801,8,3,508,4126,206,0,63.5,82.38585177,4126,0,1375.333333,2382.147211,35159.06556,83.45915433,13180.1,15590.699480000001,37510,48,131801,18828.71429,15796.94058,37749,48,62735,31367.5,43605.15388,62201,534,0,0,0,0,172,72,60.69756679,22.76158754,0,4126,386.1666667,1179.913312,1392195.424,0,0,0,1,0,0,0,0,0,421.2727273,63.5,1375.333333,172,0,0,0,0,0,0,8,508,3,4126,8192,343,4,20,0.0,0.0,0,0,0.0,0.0,0,0,BENIGN
1120,4,3,0,0,0,0,0,0.0,0.0,0,0,0.0,0.0,0.0,750000.0,2.0,2.828427125,4,0,4,2.0,2.828427125,4,0,0,0.0,0.0,0,0,0,0,0,0,60,0,750000.0,0.0,0,0,0.0,0.0,0.0,0,0,0,0,1,0,0,0,0,0.0,0.0,0.0,60,0,0,0,0,0,0,3,0,0,0,12499,-1,0,20,0.0,0.0,0,0,0.0,0.0,0,0,BENIGN
443,43880338,23,27,1029,29062,517,0,44.73913043,129.6843081,2576,0,1076.3703699999999,844.9269949,685.7513267,1.139462508,895517.1020000001,2731237.997,10000000,3,34400000,1561682.045,3530294.4930000002,10200000,215,43700000,1682002.846,3653461.9239999996,10200000,3,0,0,0,0,744,872,0.5241527539999999,0.615309754,0,2576,590.0196078,806.2837091,650093.4196,0,0,0,1,0,0,0,0,1,601.82,44.73913043,1076.3703699999999,744,0,0,0,0,0,0,23,1029,27,29062,29200,252,3,32,1118960.75,1941718.168,4031538,148028,9851123.0,317346.4493,10000000,9375302,BENIGN
80,5018079,6,5,703,1413,356,0,117.16666670000001,181.53613049999998,1049,0,282.6,456.5038883,421.67530639999995,2.192073899,501807.9,1566571.74,4960208,20,57871,11574.2,18030.54377,42532,20,5017957,1254489.25,2497205.938,5000284,960,0,0,0,0,200,168,1.195676672,0.996397227,0,1049,176.33333330000002,317.22098210000007,100629.1515,0,0,0,1,0,0,0,0,0,192.36363640000002,117.16666670000001,282.6,200,0,0,0,0,0,0,6,703,5,1413,29200,243,2,32,0.0,0.0,0,0,0.0,0.0,0,0,PortScan
21,779,2,1,8,2,6,2,4.0,2.828427125,2,2,2.0,0.0,12836.97047,3851.091142,389.5,481.539718,730,49,779,779.0,0.0,779,779,0,0.0,0.0,0,0,0,0,0,0,44,24,2567.394095,1283.697047,2,6,3.0,2.0,4.0,0,0,0,1,0,0,0,0,0,4.0,4.0,2.0,44,0,0,0,0,0,0,2,8,1,2,1024,29200,1,20,0.0,0.0,0,0,0.0,0.0,0,0,PortScan
80,2088,6,5,62,11576,62,0,10.33333333,25.31139401,5792,0,2315.2,2628.883261,5573754.789,5268.199234000001,208.8,276.08645989999997,821,4,2088,417.6,453.40908679999995,921,4,1150,287.5,403.9946369,888,46,0,0,0,0,200,168,2873.563218,2394.636015,0,5792,969.8333332999998,1980.8581170000002,3923798.8789999997,0,0,0,1,0,0,0,0,0,1058.0,10.33333333,2315.2,200,0,0,0,0,0,0,6,62,5,11576,29200,227,1,32,0.0,0.0,0,0,0.0,0.0,0,0,PortScan
443,117,1,1,0,6,0,0,0.0,0.0,6,6,6.0,0.0,51282.05128,17094.01709,117.0,0.0,117,117,0,0.0,0.0,0,0,0,0.0,0.0,0,0,0,0,0,0,40,20,8547.008547,8547.008547,0,6,2.0,3.464101615,12.0,0,0,0,1,0,0,0,0,1,3.0,0.0,6.0,40,0,0,0,0,0,0,1,0,1,6,29200,0,0,40,0.0,0.0,0,0,0.0,0.0,0,0,PortScan
443,71020506,36,42,1310,54310,517,0,36.38888889,116.67103390000001,3864,0,1293.095238,1062.701913,783.1540936000001,1.098274349,922344.2338,2751830.135,10000000,8,71000000,2029150.4,3875076.2939999998,10200000,50,70900000,1728592.5119999999,3661690.0130000003,10200000,159,0,0,0,0,1160,1352,0.506895853,0.591378496,0,3864,704.0506329,999.3302231,998660.8948,0,0,0,1,0,0,0,0,1,713.0769231,36.38888889,1293.095238,1160,0,0,0,0,0,0,36,1310,42,54310,29200,252,4,32,714803.0,1432661.29,3961172,147985,9430936.429,1273696.784,10000000,6594082,BENIGN
138,31,20,0,4510,0,237,214,225.5,11.79875105,0,0,0.0,0.0,145000000.0,645161.2903,1.631578947,1.382852379,7,1,31,1.631578947,1.382852379,7,1,0,0.0,0.0,0,0,0,0,0,0,400,0,645161.2903,0.0,214,237,226.047619,11.77062526,138.547619,0,0,0,0,0,0,0,0,0,237.35,225.5,0.0,400,0,0,0,0,0,0,20,4510,0,0,-1,-1,19,20,0.0,0.0,0,0,0.0,0.0,0,0,BENIGN
21,533,2,1,8,2,6,2,4.0,2.828427125,2,2,2.0,0.0,18761.72608,5628.5178240000005,266.5,307.5914498,484,49,533,533.0,0.0,533,533,0,0.0,0.0,0,0,0,0,0,0,44,24,3752.3452159999997,1876.1726079999999,2,6,3.0,2.0,4.0,0,0,0,1,0,0,0,0,0,4.0,4.0,2.0,44,0,0,0,0,0,0,2,8,1,2,1024,29200,1,20,0.0,0.0,0,0,0.0,0.0,0,0,PortScan
80,179487,4,4,427,2267,427,0,106.75,213.5,2267,0,566.75,1133.5,15009.443580000001,44.57147314,25641.0,43230.09207,118840,86,178654,59551.333329999994,51351.69228,118840,29109,150508,50169.33333,84827.34701,148119,919,0,0,0,0,92,92,22.28573657,22.28573657,0,2267,299.3333333,751.2667635,564401.75,0,0,0,1,0,0,0,0,1,336.75,106.75,566.75,92,0,0,0,0,0,0,4,427,4,2267,8192,237,1,20,0.0,0.0,0,0,0.0,0.0,0,0,BENIGN
88,815,9,4,626,3064,313,0,69.55555556,138.0200267,1532,0,766.0,884.5006124,4527607.362,15950.92025,67.91666667,198.31355259999998,696,1,815,101.875,259.0986781,741,1,730,243.33333330000002,414.5386994,722,3,0,0,0,0,204,104,11042.944790000001,4907.975460000001,0,1532,263.5714286,548.9435607999999,301339.033,0,0,0,1,0,0,0,0,0,283.8461538,69.55555556,766.0,204,0,0,0,0,0,0,9,626,4,3064,8192,2053,2,20,0.0,0.0,0,0,0.0,0.0,0,0,BENIGN
80,581,2,1,8,2,6,2,4.0,2.828427125,2,2,2.0,0.0,17211.70396,5163.511188,290.5,297.6919549,501,80,581,581.0,0.0,581,581,0,0.0,0.0,0,0,0,0,0,0,44,24,3442.340792,1721.170396,2,6,3.0,2.0,4.0,0,0,0,1,0,0,0,0,0,4.0,4.0,2.0,44,0,0,0,0,0,0,2,8,1,2,1024,29200,1,20,0.0,0.0,0,0,0.0,0.0,0,0,PortScan
51130,10,1,1,0,0,0,0,0.0,0.0,0,0,0.0,0.0,0.0,200000.0,10.0,0.0,10,10,0,0.0,0.0,0,0,0,0.0,0.0,0,0,0,0,0,0,32,32,100000.0,100000.0,0,0,0.0,0.0,0.0,0,0,0,0,1,0,0,0,1,0.0,0.0,0.0,32,0,0,0,0,0,0,1,0,1,0,2081,254,0,32,0.0,0.0,0,0,0.0,0.0,0,0,BENIGN
22,625,2,1,8,2,6,2,4.0,2.828427125,2,2,2.0,0.0,16000.0,4800.0,312.5,249.6086938,489,136,625,625.0,0.0,625,625,0,0.0,0.0,0,0,0,0,0,0,44,24,3200.0,1600.0,2,6,3.0,2.0,4.0,0,0,0,1,0,0,0,0,0,4.0,4.0,2.0,44,0,0,0,0,0,0,2,8,1,2,1024,29200,1,20,0.0,0.0,0,0,0.0,0.0,0,0,PortScan
443,1687465,11,10,561,5332,195,0,51.0,74.11882352,1460,0,533.2,667.8096535,3492.220579,12.44470256,84373.25,258546.8384,1151709,3,1687465,168746.5,357741.4782,1151709,3,301394,33488.222219999996,75433.14671,230844,47,0,0,0,0,232,212,6.51865372,5.926048837000001,0,1460,267.8636364,505.2946614,255322.6948,0,0,0,1,0,0,0,0,0,280.61904760000004,51.0,533.2,232,0,0,0,0,0,0,11,561,10,5332,8192,12501,5,20,0.0,0.0,0,0,0.0,0.0,0,0,BENIGN
80,52,1,1,0,0,0,0,0.0,0.0,0,0,0.0,0.0,0.0,38461.53846,52.0,0.0,52,52,0,0.0,0.0,0,0,0,0.0,0.0,0,0,0,0,0,0,32,32,19230.76923,19230.76923,0,0,0.0,0.0,0.0,0,0,0,0,1,1,0,0,1,0.0,0.0,0.0,32,0,0,0,0,0,0,1,0,1,0,253,243,0,32,0.0,0.0,0,0,0.0,0.0,0,0,PortScan
444,155,1,1,2,6,2,2,2.0,0.0,6,6,6.0,0.0,51612.90323,12903.22581,155.0,0.0,155,155,0,0.0,0.0,0,0,0,0.0,0.0,0,0,0,0,0,0,24,20,6451.612903,6451.612903,2,6,3.333333333,2.309401077,5.333333333,0,0,0,1,0,0,0,0,1,5.0,2.0,6.0,24,0,0,0,0,0,0,1,2,1,6,1024,0,0,24,0.0,0.0,0,0,0.0,0.0,0,0,PortScan
21,604,3,1,0,0,0,0,0.0,0.0,0,0,0.0,0.0,0.0,6622.5165560000005,201.33333330000002,245.68747090000002,485,56,604,302.0,337.9970414,541,63,0,0.0,0.0,0,0,0,0,0,0,104,40,4966.887417,1655.6291390000001,0,0,0.0,0.0,0.0,0,0,0,1,0,0,0,0,0,0.0,0.0,0.0,104,0,0,0,0,0,0,3,0,1,0,29200,28960,0,32,0.0,0.0,0,0,0.0,0.0,0,0,PortScan
22,762,3,1,0,0,0,0,0.0,0.0,0,0,0.0,0.0,0.0,5249.3438320000005,254.0,281.04803860000004,568,26,762,381.0,502.0458146000001,736,26,0,0.0,0.0,0,0,0,0,0,0,104,40,3937.0078740000004,1312.3359580000001,0,0,0.0,0.0,0.0,0,0,0,1,0,0,0,0,0,0.0,0.0,0.0,104,0,0,0,0,0,0,3,0,1,0,29200,28960,0,32,0.0,0.0,0,0,0.0,0.0,0,0,PortScan
80,47337,3,4,438,860,438,0,146.0,252.8794179,860,0,215.0,430.0,27420.411089999998,147.8758688,7889.5,11829.4832,23184,2,23636,11818.0,16175.774730000001,23256,380,24153,8051.0,13456.649319999999,23586,2,0,0,0,0,104,136,63.37537233,84.50049644,0,860,162.25,320.9012977,102977.6429,0,0,0,1,0,0,0,0,1,185.4285714,146.0,215.0,104,0,0,0,0,0,0,3,438,4,860,29200,31,1,32,0.0,0.0,0,0,0.0,0.0,0,0,BENIGN
123,71996253,6,6,288,288,48,48,48.0,0.0,48,48,48.0,0.0,8.000416355,0.166675341,6545113.909,19800000.0,66000000,3,72000000,14400000.0,29000000.0,66000000,3,72000000,14400000.0,29000000.0,66000000,3,0,0,0,0,144,144,0.08333767,0.08333767,48,48,48.0,0.0,0.0,0,0,0,0,0,0,0,0,1,52.0,48.0,48.0,144,0,0,0,0,0,0,6,288,6,288,-1,-1,5,20,125.0,14.14213562,135,115,36000000.0,42400000.0,66000000,6010334,BENIGN
80,4275,2,0,0,0,0,0,0.0,0.0,0,0,0.0,0.0,0.0,467.8362573,4275.0,0.0,4275,4275,4275,4275.0,0.0,4275,4275,0,0.0,0.0,0,0,0,0,0,0,40,0,467.8362573,0.0,0,0,0.0,0.0,0.0,0,0,0,0,1,0,0,0,0,0.0,0.0,0.0,40,0,0,0,0,0,0,2,0,0,0,253,-1,0,20,0.0,0.0,0,0,0.0,0.0,0,0,BENIGN
445,15637683,48,42,10926,7460,2954,0,227.625,497.98639749999995,1032,0,177.61904760000002,210.8009062,1175.74963,5.755328331,175704.3034,1579066.77,14900000,1,15600000,332716.6596,2171798.485,14900000,3,15600000,381404.1707,2356224.12,15100000,1,0,0,0,0,984,864,3.069508443,2.685819888,0,2954,202.043956,388.369209,150830.6425,0,0,0,1,0,0,0,0,0,204.2888889,227.625,177.61904760000002,984,0,0,0,0,0,0,48,10926,42,7460,8192,2049,37,20,735669.0,0.0,735669,735669,14900000.0,0.0,14900000,14900000,BENIGN
443,5957518,9,11,703,3950,267,0,78.11111111,103.30228029999999,1448,0,359.0909091,569.9183195,781.0299524000001,3.35710274,313553.5789,735901.1516,2928852,1,4619441,577430.125,1081000.834,3023896,379,5862527,586252.7,954000.1531,2928852,1,0,0,0,0,296,360,1.5106962330000002,1.846406507,0,1448,221.5714286,434.4990876,188789.4571,0,0,0,1,0,0,0,0,1,232.65,78.11111111,359.0909091,296,0,0,0,0,0,0,9,703,11,3950,29200,254,4,32,0.0,0.0,0,0,0.0,0.0,0,0,BENIGN
49666,68,1,1,0,0,0,0,0.0,0.0,0,0,0.0,0.0,0.0,29411.764710000003,68.0,0.0,68,68,0,0.0,0.0,0,0,0,0.0,0.0,0,0,0,0,0,0,20,20,14705.88235,14705.88235,0,0,0.0,0.0,0.0,0,0,0,0,1,1,0,0,1,0.0,0.0,0.0,20,0,0,0,0,0,0,1,0,1,0,254,2052,0,20,0.0,0.0,0,0,0.0,0.0,0,0,BENIGN
88,676,7,4,468,444,234,0,66.85714286,114.1803085,222,0,111.0,128.1717598,1349112.426,16272.18935,67.6,128.93426399999998,418,1,676,112.66666670000001,213.6236566,544,1,500,166.66666669999998,283.47898219999996,494,3,0,0,0,0,164,104,10355.02959,5917.159763000001,0,234,76.0,112.3177311,12615.27273,0,0,0,1,0,0,0,0,0,82.90909091,66.85714286,111.0,164,0,0,0,0,0,0,7,468,4,444,8192,2053,2,20,0.0,0.0,0,0,0.0,0.0,0,0,BENIGN
88,558,7,4,2762,2820,1381,0,394.57142860000005,673.8590004,1410,0,705.0,814.0638796000001,10000000.0,19713.26165,55.8,90.52906225,306,1,558,93.0,127.622882,339,1,513,171.0,251.2906684,460,4,0,0,0,0,164,104,12544.80287,7168.458781,0,1410,465.16666669999995,687.1523363,472178.3333,0,0,0,1,0,0,0,0,0,507.4545455,394.57142860000005,705.0,164,0,0,0,0,0,0,7,2762,4,2820,8192,2053,2,20,0.0,0.0,0,0,0.0,0.0,0,0,BENIGN
443,5331378,8,5,356,3493,199,0,44.5,76.15397935,1791,0,698.6,859.8888300000001,721.9521857000001,2.438393976,444281.5,1452531.16,5053370,48,5331378,761625.4286,1894097.1409999998,5053370,48,58049,14512.25,16359.4871,33025,218,0,0,0,0,172,112,1.500550139,0.9378438370000001,0,1791,274.92857139999995,581.5154557,338160.2253,0,0,0,1,0,0,0,0,0,296.0769231,44.5,698.6,172,0,0,0,0,0,0,8,356,5,3493,8192,946,3,20,277960.0,0.0,277960,277960,5053370.0,0.0,5053370,5053370,BENIGN
80,667,3,1,0,0,0,0,0.0,0.0,0,0,0.0,0.0,0.0,5997.001499,222.33333330000002,273.6591554,529,3,667,333.5,467.3975824,664,3,0,0.0,0.0,0,0,0,0,0,0,104,40,4497.751124,1499.250375,0,0,0.0,0.0,0.0,0,0,0,1,0,0,0,0,0,0.0,0.0,0.0,104,0,0,0,0,0,0,3,0,1,0,29200,28960,0,32,0.0,0.0,0,0,0.0,0.0,0,0,PortScan
80,4039043,5,5,444,1870,444,0,88.8,198.5628364,1637,0,374.0,713.2106982,572.9079883999999,2.475834003,448782.5556,1331393.145,3999092,17,39951,9987.75,11404.3737,20075,53,4019428,1004857.0,1996202.626,3999128,65,0,0,0,0,120,112,1.237917002,1.237917002,0,1637,210.36363640000002,494.41000650000007,244441.2545,0,0,0,1,0,0,0,0,1,231.4,88.8,374.0,120,0,0,0,0,0,0,5,444,5,1870,29200,30,1,20,0.0,0.0,0,0,0.0,0.0,0,0,BENIGN
21,608,2,1,8,2,6,2,4.0,2.828427125,2,2,2.0,0.0,16447.36842,4934.210526,304.0,209.3036072,452,156,608,608.0,0.0,608,608,0,0.0,0.0,0,0,0,0,0,0,44,24,3289.473684,1644.736842,2,6,3.0,2.0,4.0,0,0,0,1,0,0,0,0,0,4.0,4.0,2.0,44,0,0,0,0,0,0,2,8,1,2,1024,29200,1,20,0.0,0.0,0,0,0.0,0.0,0,0,PortScan
21,716,2,1,8,2,6,2,4.0,2.828427125,2,2,2.0,0.0,13966.48045,4189.944134,358.0,369.1097398,619,97,716,716.0,0.0,716,716,0,0.0,0.0,0,0,0,0,0,0,44,24,2793.296089,1396.648045,2,6,3.0,2.0,4.0,0,0,0,1,0,0,0,0,0,4.0,4.0,2.0,44,0,0,0,0,0,0,2,8,1,2,1024,29200,1,20,0.0,0.0,0,0,0.0,0.0,0,0,PortScan
389,8599138,23,15,5706,9232,1660,0,248.08695649999999,482.47533269999997,2634,0,615.4666667,782.7480772000001,1737.1508629999998,4.419047583999999,232409.1351,988711.8659,5559493,0,8599138,390869.9091,1269221.182,5559493,1,8599067,614219.0714,1583271.596,5616561,2,0,0,0,0,484,324,2.674686695,1.744360888,0,2634,383.025641,629.8469525,396707.1835,0,0,0,1,0,0,0,0,0,393.10526319999997,248.08695649999999,615.4666667,484,0,0,0,0,0,0,23,5706,15,9232,8192,0,10,20,3039547.0,0.0,3039547,3039547,5559493.0,0.0,5559493,5559493,BENIGN
49810,1,2,0,14,0,14,0,7.0,9.899494937,0,0,0.0,0.0,14000000.0,2000000.0,1.0,0.0,1,1,1,1.0,0.0,1,1,0,0.0,0.0,0,0,1,0,0,0,64,0,2000000.0,0.0,0,14,9.333333332999999,8.082903769,65.33333333,0,1,0,0,1,0,0,0,0,14.0,7.0,0.0,64,0,0,0,0,0,0,2,14,0,0,227,-1,0,32,0.0,0.0,0,0,0.0,0.0,0,0,BENIGN
80,905,2,1,8,2,6,2,4.0,2.828427125,2,2,2.0,0.0,11049.723759999999,3314.917127,452.5,415.07168060000004,746,159,905,905.0,0.0,905,905,0,0.0,0.0,0,0,0,0,0,0,44,24,2209.944751,1104.972376,2,6,3.0,2.0,4.0,0,0,0,1,0,0,0,0,0,4.0,4.0,2.0,44,0,0,0,0,0,0,2,8,1,2,1024,29200,1,20,0.0,0.0,0,0,0.0,0.0,0,0,PortScan
22,968,3,1,0,0,0,0,0.0,0.0,0,0,0.0,0.0,0.0,4132.2314049999995,322.6666667,207.861332,560,173,968,484.0,352.139177,733,235,0,0.0,0.0,0,0,0,0,0,0,104,40,3099.173554,1033.057851,0,0,0.0,0.0,0.0,0,0,0,1,0,0,0,0,0,0.0,0.0,0.0,104,0,0,0,0,0,0,3,0,1,0,29200,28960,0,32,0.0,0.0,0,0,0.0,0.0,0,0,PortScan
88,1200,9,6,3150,3086,1575,0,350.0,694.5097192000001,1543,0,514.3333333,796.8017738,5196666.666999999,12500.0,85.71428571,221.01807390000002,848,1,1200,150.0,334.5888735,972,1,1100,220.0,359.70960510000003,848,3,0,0,0,0,204,144,7500.0,5000.0,0,1575,389.75,697.254951,486164.4667,0,0,0,1,0,0,0,0,0,415.7333333,350.0,514.3333333,204,0,0,0,0,0,0,9,3150,6,3086,8192,2053,2,20,0.0,0.0,0,0,0.0,0.0,0,0,BENIGN
389,420,11,4,172,326,79,0,15.63636364,31.4492376,163,0,81.5,94.10809388,1185714.2859999998,35714.285710000004,30.0,24.35632914,71,1,420,42.0,36.37764882,123,1,242,80.66666667,98.16482737,191,3,0,0,0,0,368,144,26190.47619,9523.809524,0,163,31.125,57.86060836,3347.85,0,0,0,1,0,0,0,0,0,33.2,15.63636364,81.5,368,0,0,0,0,0,0,11,172,4,326,29200,2081,4,32,0.0,0.0,0,0,0.0,0.0,0,0,BENIGN
444,125,1,1,2,6,2,2,2.0,0.0,6,6,6.0,0.0,64000.0,16000.0,125.0,0.0,125,125,0,0.0,0.0,0,0,0,0.0,0.0,0,0,0,0,0,0,24,20,8000.0,8000.0,2,6,3.333333333,2.309401077,5.333333333,0,0,0,1,0,0,0,0,1,5.0,2.0,6.0,24,0,0,0,0,0,0,1,2,1,6,1024,0,0,24,0.0,0.0,0,0,0.0,0.0,0,0,PortScan
21,22641,4,2,0,20,0,0,0.0,0.0,20,0,10.0,14.14213562,883.3532088,265.00596260000003,4528.2,9331.382143,21211,4,22641,7547.0,12476.33388,21948,4,21815,21815.0,0.0,21815,21815,0,0,0,0,136,72,176.6706418,88.33532088,0,20,2.857142857,7.55928946,57.14285714,0,0,0,1,0,0,0,0,0,3.333333333,0.0,10.0,136,0,0,0,0,0,0,4,0,2,20,29200,227,0,32,0.0,0.0,0,0,0.0,0.0,0,0,PortScan
80,18633923,2,0,0,0,0,0,0.0,0.0,0,0,0.0,0.0,0.0,0.107331129,18600000.0,0.0,18600000,18600000,18600000,18600000.0,0.0,18600000,18600000,0,0.0,0.0,0,0,0,0,0,0,64,0,0.107331129,0.0,0,0,0.0,0.0,0.0,0,0,0,0,1,0,0,0,0,0.0,0.0,0.0,64,0,0,0,0,0,0,2,0,0,0,239,-1,0,32,0.0,0.0,0,0,0.0,0.0,0,0,BENIGN
53,23544,1,1,43,206,43,43,43.0,0.0,206,206,206.0,0.0,10575.94292,84.94733265,23544.0,0.0,23544,23544,0,0.0,0.0,0,0,0,0.0,0.0,0,0,0,0,0,0,20,20,42.47366633,42.47366633,43,206,97.33333333,94.10809388,8856.333333,0,0,0,0,0,0,0,0,1,146.0,43.0,206.0,20,0,0,0,0,0,0,1,43,1,206,-1,-1,0,20,0.0,0.0,0,0,0.0,0.0,0,0,BENIGN
88,1200,9,6,3150,3086,1575,0,350.0,694.5097192000001,1543,0,514.3333333,796.8017738,5196666.666999999,12500.0,85.71428571,245.83560130000004,937,1,1200,150.0,352.6459171,1020,1,1115,223.0,402.1137899,937,3,0,0,0,0,204,144,7500.0,5000.0,0,1575,389.75,697.254951,486164.4667,0,0,0,1,0,0,0,0,0,415.7333333,350.0,514.3333333,204,0,0,0,0,0,0,9,3150,6,3086,8192,2053,2,20,0.0,0.0,0,0,0.0,0.0,0,0,BENIGN
80,3315,2,0,0,0,0,0,0.0,0.0,0,0,0.0,0.0,0.0,603.3182504,3315.0,0.0,3315,3315,3315,3315.0,0.0,3315,3315,0,0.0,0.0,0,0,0,0,0,0,40,0,603.3182504,0.0,0,0,0.0,0.0,0.0,0,0,0,0,1,0,0,0,0,0.0,0.0,0.0,40,0,0,0,0,0,0,2,0,0,0,256,-1,0,20,0.0,0.0,0,0,0.0,0.0,0,0,BENIGN
80,3305,2,0,0,0,0,0,0.0,0.0,0,0,0.0,0.0,0.0,605.1437216,3305.0,0.0,3305,3305,3305,3305.0,0.0,3305,3305,0,0.0,0.0,0,0,0,0,0,0,40,0,605.1437216,0.0,0,0,0.0,0.0,0.0,0,0,0,0,1,0,0,0,0,0.0,0.0,0.0,40,0,0,0,0,0,0,2,0,0,0,253,-1,0,20,0.0,0.0,0,0,0.0,0.0,0,0,BENIGN
21,511,2,1,8,2,6,2,4.0,2.828427125,2,2,2.0,0.0,19569.47162,5870.841487,255.5,222.7386361,413,98,511,511.0,0.0,511,511,0,0.0,0.0,0,0,0,0,0,0,44,24,3913.894325,1956.9471620000002,2,6,3.0,2.0,4.0,0,0,0,1,0,0,0,0,0,4.0,4.0,2.0,44,0,0,0,0,0,0,2,8,1,2,1024,29200,1,20,0.0,0.0,0,0,0.0,0.0,0,0,PortScan
80,887,3,1,0,0,0,0,0.0,0.0,0,0,0.0,0.0,0.0,4509.582864,295.6666667,447.5850012,811,4,887,443.5,621.5468607,883,4,0,0.0,0.0,0,0,0,0,0,0,104,40,3382.1871479999995,1127.395716,0,0,0.0,0.0,0.0,0,0,0,1,0,0,0,0,0,0.0,0.0,0.0,104,0,0,0,0,0,0,3,0,1,0,29200,28960,0,32,0.0,0.0,0,0,0.0,0.0,0,0,PortScan
80,156326,2,0,0,0,0,0,0.0,0.0,0,0,0.0,0.0,0.0,12.79377711,156326.0,0.0,156326,156326,156326,156326.0,0.0,156326,156326,0,0.0,0.0,0,0,0,0,0,0,40,0,12.79377711,0.0,0,0,0.0,0.0,0.0,0,0,0,0,1,0,0,0,0,0.0,0.0,0.0,40,0,0,0,0,0,0,2,0,0,0,253,-1,0,20,0.0,0.0,0,0,0.0,0.0,0,0,BENIGN
80,695,2,1,8,2,6,2,4.0,2.828427125,2,2,2.0,0.0,14388.48921,4316.546763,347.5,304.7630227,563,132,695,695.0,0.0,695,695,0,0.0,0.0,0,0,0,0,0,0,44,24,2877.697842,1438.848921,2,6,3.0,2.0,4.0,0,0,0,1,0,0,0,0,0,4.0,4.0,2.0,44,0,0,0,0,0,0,2,8,1,2,1024,29200,1,20,0.0,0.0,0,0,0.0,0.0,0,0,PortScan
443,81675743,36,38,6980,38628,1311,0,193.88888889999998,414.2100763,4194,0,1016.5263160000001,1080.198999,558.4032459,0.906021755,1118845.795,2985623.296,10000000,1,77200000,2206874.4,4037742.027,10100000,111,81600000,2204730.622,3979151.563,10100000,3,0,0,0,0,1160,1224,0.44076734,0.465254415,0,4194,608.1066667,915.7986409,838687.1506,0,0,0,1,0,0,0,0,1,616.3243243,193.88888889999998,1016.5263160000001,1160,0,0,0,0,0,0,36,6980,38,38628,29200,178,9,32,1034733.0,2073643.135,5665182,100654,9999639.0,22386.08697,10000000,9959912,BENIGN
22,194,1,1,0,0,0,0,0.0,0.0,0,0,0.0,0.0,0.0,10309.27835,194.0,0.0,194,194,0,0.0,0.0,0,0,0,0.0,0.0,0,0,0,0,0,0,20,20,5154.639175,5154.639175,0,0,0.0,0.0,0.0,0,0,0,0,1,1,0,0,1,0.0,0.0,0.0,20,0,0,0,0,0,0,1,0,1,0,256,245,0,20,0.0,0.0,0,0,0.0,0.0,0,0,BENIGN
123,11022511,7,3,336,144,48,48,48.0,0.0,48,48,48.0,0.0,43.54724618,0.907234295,1224723.4440000001,958202.0395,2003598,22546,11000000,1833327.5,403002.6843,2003598,1010762,11000000,5499853.5,6348671.261,9989042,1010665,0,0,0,0,132,72,0.635064007,0.272170289,48,48,48.0,0.0,0.0,0,0,0,0,0,0,0,0,0,52.8,48.0,48.0,132,0,0,0,0,0,0,7,336,3,144,-1,-1,6,0,0.0,0.0,0,0,0.0,0.0,0,0,BENIGN
443,5640223,8,6,369,3710,212,0,46.125,79.96505933,1460,0,618.3333332999999,680.9950562999999,723.1983558,2.482171361,433863.3077,1471654.7759999998,5328548,25,5640223,805746.1429,1995996.267,5328548,48,82239,16447.8,22255.560690000002,49246,25,0,0,0,0,172,132,1.418383635,1.063787726,0,1460,271.9333333,504.6464768999999,254668.0667,0,0,0,1,0,0,0,0,0,291.35714289999993,46.125,618.3333332999999,172,0,0,0,0,0,0,8,369,6,3710,8192,119,3,20,311627.0,0.0,311627,311627,5328548.0,0.0,5328548,5328548,BENIGN
443,84,1,1,2,6,2,2,2.0,0.0,6,6,6.0,0.0,95238.09524,23809.52381,84.0,0.0,84,84,0,0.0,0.0,0,0,0,0.0,0.0,0,0,0,0,0,0,24,20,11904.7619,11904.7619,2,6,3.333333333,2.309401077,5.333333333,0,0,0,1,0,0,0,0,1,5.0,2.0,6.0,24,0,0,0,0,0,0,1,2,1,6,1024,0,0,24,0.0,0.0,0,0,0.0,0.0,0,0,PortScan
88,9742,9,6,3078,2992,1539,0,342.0,678.6352113,1496,0,498.66666669999995,772.5310781000001,623075.3439,1539.724902,695.8571429,2126.827969,8038,3,9742,1217.75,2782.267151,8038,3,1527,305.4,372.7422702,732,5,0,0,0,0,204,144,923.8349414999999,615.8899610000001,0,1539,379.375,678.7374431,460684.5167,0,0,0,1,0,0,0,0,0,404.6666667,342.0,498.66666669999995,204,0,0,0,0,0,0,9,3078,6,2992,8192,2053,2,20,0.0,0.0,0,0,0.0,0.0,0,0,BENIGN
389,28608,11,4,172,326,79,0,15.63636364,31.4492376,163,0,81.5,94.10809388,17407.718119999998,524.3288591,2043.4285710000001,7537.642629999999,28232,1,28608,2860.8,8914.631416,28232,1,28427,9475.666667,16406.27393,28420,3,0,0,0,0,368,144,384.50782999999996,139.8210291,0,163,31.125,57.86060836,3347.85,0,0,0,1,0,0,0,0,0,33.2,15.63636364,81.5,368,0,0,0,0,0,0,11,172,4,326,29200,2081,4,32,0.0,0.0,0,0,0.0,0.0,0,0,BENIGN
1097,510,2,1,0,0,0,0,0.0,0.0,0,0,0.0,0.0,0.0,5882.352940999999,255.0,323.85490580000004,484,26,510,510.0,0.0,510,510,0,0.0,0.0,0,0,0,0,0,0,40,20,3921.568627,1960.784314,0,0,0.0,0.0,0.0,0,0,0,0,1,0,0,0,0,0.0,0.0,0.0,40,0,0,0,0,0,0,2,0,1,0,12499,255,0,20,0.0,0.0,0,0,0.0,0.0,0,0,BENIGN
80,160219,3,4,436,860,436,0,145.33333330000002,251.7247174,860,0,215.0,430.0,8088.928279000001,43.69019904,26703.16667,43675.87063,112881,2,135963,67981.5,63497.48184,112881,23082,137186,45728.66667,78374.4473,136226,2,0,0,0,0,72,92,18.72437102,24.96582802,0,860,162.0,320.65646949999996,102820.5714,0,0,0,1,0,0,0,0,1,185.1428571,145.33333330000002,215.0,72,0,0,0,0,0,0,3,436,4,860,8192,31,1,20,0.0,0.0,0,0,0.0,0.0,0,0,BENIGN
22,578,3,1,0,0,0,0,0.0,0.0,0,0,0.0,0.0,0.0,6920.415225,192.66666669999998,313.904975,555,3,578,289.0,404.4650788,575,3,0,0.0,0.0,0,0,0,0,0,0,104,40,5190.311419,1730.1038059999998,0,0,0.0,0.0,0.0,0,0,0,1,0,0,0,0,0,0.0,0.0,0.0,104,0,0,0,0,0,0,3,0,1,0,29200,28960,0,32,0.0,0.0,0,0,0.0,0.0,0,0,PortScan
443,67154103,79,126,2210,204890,542,0,27.97468354,114.04980630000001,3864,0,1626.111111,918.666148,3083.951549,3.0526801910000003,329186.7794,1713656.395,10000000,1,67200000,860947.4359,2736107.7860000003,10200000,1,67000000,536048.576,2201531.576,10200000,1,0,0,0,0,2536,4040,1.176398708,1.8762814840000002,0,3864,1005.3398060000001,1062.757266,1129453.006,0,0,0,1,0,0,0,0,1,1010.2439019999999,27.97468354,1626.111111,2536,0,0,0,0,0,0,79,2210,126,204890,29200,156,5,32,490266.8333,838226.2579,2201289,147924,10000000.0,24225.214669999998,10000000,9967873,BENIGN
88,1155,9,6,3226,3232,1613,0,358.44444439999995,711.2661441,1616,0,538.6666667000001,834.4988117,5591341.991,12987.012990000001,82.5,207.7101346,801,1,1155,144.375,302.1806165,890,1,1006,201.2,340.3104465,801,4,0,0,0,0,304,208,7792.207792,5194.805195,0,1616,403.625,722.0267654,521322.65,0,0,0,1,0,0,0,0,0,430.53333330000004,358.44444439999995,538.6666667000001,304,0,0,0,0,0,0,9,3226,6,3232,29200,2081,2,32,0.0,0.0,0,0,0.0,0.0,0,0,BENIGN
1275,33520,5,1,3553,0,1430,0,710.6,715.0676890999999,0,0,0.0,0.0,105996.42,178.9976134,6704.0,9125.985234,18251,5,33520,8380.0,9610.841204999999,18251,48,0,0.0,0.0,0,0,0,0,0,0,100,20,149.16467780000002,29.83293556,0,1430,507.57142860000005,679.0493004,461107.9524,0,0,0,0,1,0,0,0,0,592.1666667000001,710.6,0.0,100,0,0,0,0,0,0,5,3553,1,0,343,0,3,20,0.0,0.0,0,0,0.0,0.0,0,0,BENIGN
22,715,2,1,8,2,6,2,4.0,2.828427125,2,2,2.0,0.0,13986.013990000001,4195.804196,357.5,294.8635278,566,149,715,715.0,0.0,715,715,0,0.0,0.0,0,0,0,0,0,0,44,24,2797.202797,1398.6013990000001,2,6,3.0,2.0,4.0,0,0,0,1,0,0,0,0,0,4.0,4.0,2.0,44,0,0,0,0,0,0,2,8,1,2,1024,29200,1,20,0.0,0.0,0,0,0.0,0.0,0,0,PortScan
443,65600114,15,17,834,5818,489,0,55.6,134.2927506,1288,0,342.23529410000003,527.2220274,101.4022628,0.48780403,2116132.71,3995581.193,10000000,4,61600000,4396721.357,5164847.552,10200000,191,65500000,4090742.0,4952094.091,10200000,4,0,0,0,0,488,552,0.22865813899999998,0.259145891,0,1288,201.57575759999997,410.6590001,168640.8144,0,0,0,1,0,0,0,0,1,207.875,55.6,342.23529410000003,488,0,0,0,0,0,0,15,834,17,5818,29200,139,3,32,239349.0,223157.4003,694867,147993,10000000.0,12705.77673,10000000,9999685,BENIGN
37065,31,1,1,0,0,0,0,0.0,0.0,0,0,0.0,0.0,0.0,64516.12903,31.0,0.0,31,31,0,0.0,0.0,0,0,0,0.0,0.0,0,0,0,0,0,0,32,32,32258.06452,32258.06452,0,0,0.0,0.0,0.0,0,0,0,0,1,1,0,0,1,0.0,0.0,0.0,32,0,0,0,0,0,0,1,0,1,0,395,229,0,32,0.0,0.0,0,0,0.0,0.0,0,0,BENIGN
389,1447028,19,13,5260,9232,1536,0,276.8421053,475.8584364,2634,0,710.1538462,801.2267517000001,10015.01008,22.11429219,46678.32258,184860.3321,1016548,2,1447028,80390.44443999999,239692.5104,1016548,3,230817,19234.75,37246.07707,110410,2,0,0,0,0,404,284,13.13036099,8.983931202,0,2634,439.15151519999995,647.7764912,419614.3826,0,0,0,1,0,0,0,0,0,452.875,276.8421053,710.1538462,404,0,0,0,0,0,0,19,5260,13,9232,8192,2050,10,20,0.0,0.0,0,0,0.0,0.0,0,0,BENIGN
443,3121168,8,7,315,5692,189,0,39.375,74.82730117,2256,0,813.1428571,899.7643078,1924.6000219999999,4.805893178,222940.5714,674364.8989,2556037,41,3121168,445881.1429,935793.0804,2556037,226,476061,79343.5,111658.6867,287853,49,0,0,0,0,184,152,2.563143029,2.24275015,0,2256,375.4375,696.7643283,485480.5292,0,0,0,1,0,0,0,0,0,400.46666669999996,39.375,813.1428571,184,0,0,0,0,0,0,8,315,7,5692,8192,123,2,20,0.0,0.0,0,0,0.0,0.0,0,0,BENIGN
80,5023,2,0,0,0,0,0,0.0,0.0,0,0,0.0,0.0,0.0,398.1684252,5023.0,0.0,5023,5023,5023,5023.0,0.0,5023,5023,0,0.0,0.0,0,0,0,0,0,0,40,0,398.1684252,0.0,0,0,0.0,0.0,0.0,0,0,0,0,1,0,0,0,0,0.0,0.0,0.0,40,0,0,0,0,0,0,2,0,0,0,64240,-1,0,20,0.0,0.0,0,0,0.0,0.0,0,0,BENIGN
443,5784947,7,4,635,168,517,0,90.71428571,190.7072051,168,0,42.0,84.0,138.80853190000002,1.901486738,578494.7,1767619.62,5608716,1,5784947,964157.8333,2312959.8230000003,5685350,3,139514,46504.66667,50738.3035,100618,1,0,0,0,0,232,136,1.210037015,0.691449723,0,517,66.91666667,150.8487854,22755.35606,0,0,0,1,0,0,0,0,0,73.0,90.71428571,42.0,232,0,0,0,0,0,0,7,635,4,168,29200,340,3,32,176228.0,0.0,176228,176228,5608716.0,0.0,5608716,5608716,BENIGN
443,5423485,8,6,353,3020,196,0,44.125,75.28695106,1460,0,503.33333330000005,646.991087,621.9248325,2.58136604,417191.1538,1363592.5580000002,4951089,3,5423485,774783.5714,1844379.427,4951089,3,186919,37383.8,45174.75744,89568,192,0,0,0,0,172,124,1.475066309,1.106299732,0,1460,224.8666667,455.9003442,207845.1238,0,0,0,1,0,0,0,0,0,240.9285714,44.125,503.33333330000005,172,0,0,0,0,0,0,8,353,6,3020,8192,35170,3,20,0.0,0.0,0,0,0.0,0.0,0,0,BENIGN
135,43,1,3,0,0,0,0,0.0,0.0,0,0,0.0,0.0,0.0,93023.25581,14.33333333,23.96525262,42,0,0,0.0,0.0,0,0,1,0.5,0.7071067809999999,1,0,0,0,0,0,20,60,23255.81395,69767.44186,0,0,0.0,0.0,0.0,0,0,0,0,1,1,0,0,3,0.0,0.0,0.0,20,0,0,0,0,0,0,1,0,3,0,253,2050,0,20,0.0,0.0,0,0,0.0,0.0,0,0,BENIGN
88,1007,9,6,3176,3106,1588,0,352.8888889,700.2421803,1553,0,517.6666667,801.9657516,6238331.677999999,14895.72989,71.92857143,191.38823380000002,729,1,1007,125.875,298.1353659,854,1,923,184.6,309.2075355,729,3,0,0,0,0,204,144,8937.437934,5958.291956,0,1588,392.625,702.4070876000001,493375.7167,0,0,0,1,0,0,0,0,0,418.8,352.8888889,517.6666667,204,0,0,0,0,0,0,9,3176,6,3106,8192,2053,2,20,0.0,0.0,0,0,0.0,0.0,0,0,BENIGN
123,67027685,7,7,336,336,48,48,48.0,0.0,48,48,48.0,0.0,10.02570803,0.208868917,5155975.768999999,15600000.0,57000000,27706,67000000,11200000.0,22500000.0,57000000,1999883,67000000,11200000.0,22500000.0,57000000,1999677,0,0,0,0,132,132,0.10443445900000001,0.10443445900000001,48,48,48.0,0.0,0.0,0,0,0,0,0,0,0,0,1,51.42857143,48.0,48.0,132,0,0,0,0,0,0,7,336,7,336,-1,-1,6,0,10000000.0,0.0,10000000,10000000,57000000.0,0.0,57000000,57000000,BENIGN
443,45796753,14,13,1369,4421,437,0,97.78571429,168.7807766,1448,0,340.0769231,519.7055996,126.4281771,0.589561448,1761413.5769999998,3683114.2389999996,10000000,38,45800000,3522817.385,4733743.995,10200000,182,45600000,3803788.417,4852423.134,10200000,199,0,0,0,0,456,424,0.305698528,0.283862919,0,1448,206.78571430000002,387.37084889999994,150056.1746,0,0,0,1,0,0,0,0,0,214.4444444,97.78571429,340.0769231,456,0,0,0,0,0,0,14,1369,13,4421,29200,19,4,32,316957.25,331173.252,813717,151120,10000000.0,33030.83179,10000000,9959898,BENIGN
443,147,1,1,2,6,2,2,2.0,0.0,6,6,6.0,0.0,54421.768710000004,13605.442180000002,147.0,0.0,147,147,0,0.0,0.0,0,0,0,0.0,0.0,0,0,0,0,0,0,24,20,6802.721087999999,6802.721087999999,2,6,3.333333333,2.309401077,5.333333333,0,0,0,1,0,0,0,0,1,5.0,2.0,6.0,24,0,0,0,0,0,0,1,2,1,6,1024,0,0,24,0.0,0.0,0,0,0.0,0.0,0,0,PortScan
49422,0,2,0,0,0,0,0,0.0,0.0,0,0,0.0,0.0,,inf,0.0,0.0,0,0,0,0.0,0.0,0,0,0,0.0,0.0,0,0,0,0,0,0,40,0,0.0,0.0,0,0,0.0,0.0,0.0,0,0,0,0,1,0,0,0,0,0.0,0.0,0.0,40,0,0,0,0,0,0,2,0,0,0,2047,-1,0,20,0.0,0.0,0,0,0.0,0.0,0,0,BENIGN
389,534,11,4,172,326,79,0,15.63636364,31.4492376,163,0,81.5,94.10809388,932584.2697,28089.887639999997,38.14285714,31.28493651,108,1,534,53.4,37.62446013,129,1,324,108.0,181.0,317,3,0,0,0,0,368,144,20599.25094,7490.6367040000005,0,163,31.125,57.86060836,3347.85,0,0,0,1,0,0,0,0,0,33.2,15.63636364,81.5,368,0,0,0,0,0,0,11,172,4,326,29200,2081,4,32,0.0,0.0,0,0,0.0,0.0,0,0,BENIGN
80,620,3,1,0,0,0,0,0.0,0.0,0,0,0.0,0.0,0.0,6451.612903,206.66666669999998,274.84055980000005,522,18,620,310.0,412.9503602,602,18,0,0.0,0.0,0,0,0,0,0,0,104,40,4838.709677000001,1612.903226,0,0,0.0,0.0,0.0,0,0,0,1,0,0,0,0,0,0.0,0.0,0.0,104,0,0,0,0,0,0,3,0,1,0,29200,28960,0,32,0.0,0.0,0,0,0.0,0.0,0,0,PortScan
88,1148,9,6,3110,3108,1555,0,345.55555560000005,685.6905481000001,1554,0,518.0,802.4821493,5416376.307,13066.20209,82.0,211.84283,814,1,1148,143.5,311.8410767,912,1,992,198.4,347.5777611,814,3,0,0,0,0,304,208,7839.721254000001,5226.480836,0,1555,388.625,695.1935822,483294.1167,0,0,0,1,0,0,0,0,0,414.53333330000004,345.55555560000005,518.0,304,0,0,0,0,0,0,9,3110,6,3108,29200,2081,2,32,0.0,0.0,0,0,0.0,0.0,0,0,BENIGN
443,896,2,0,0,0,0,0,0.0,0.0,0,0,0.0,0.0,0.0,2232.142857,896.0,0.0,896,896,896,896.0,0.0,896,896,0,0.0,0.0,0,0,0,0,0,0,64,0,2232.142857,0.0,0,0,0.0,0.0,0.0,0,0,0,0,1,0,0,0,0,0.0,0.0,0.0,64,0,0,0,0,0,0,2,0,0,0,575,-1,0,32,0.0,0.0,0,0,0.0,0.0,0,0,BENIGN
443,122,1,1,0,6,0,0,0.0,0.0,6,6,6.0,0.0,49180.32787,16393.442619999998,122.0,0.0,122,122,0,0.0,0.0,0,0,0,0.0,0.0,0,0,0,0,0,0,40,20,8196.721311,8196.721311,0,6,2.0,3.464101615,12.0,0,0,0,1,0,0,0,0,1,3.0,0.0,6.0,40,0,0,0,0,0,0,1,0,1,6,29200,0,0,40,0.0,0.0,0,0,0.0,0.0,0,0,PortScan
22,2531148,47,42,2664,6954,456,0,56.68085106,104.7674664,976,0,165.5714286,320.4037958,3799.8568240000004,35.16191072,28763.04545,152913.5734,1057510,0,2531148,55024.95652000001,213993.7671,1057510,1,1576224,38444.4878,174826.4897,1093569,1,0,0,0,0,1520,1360,18.56864948,16.59326124,0,976,106.86666670000001,236.74872659999997,56049.95955,0,0,0,1,0,0,0,0,0,108.06741570000001,56.68085106,165.5714286,1520,0,0,0,0,0,0,47,2664,42,6954,29200,243,24,32,0.0,0.0,0,0,0.0,0.0,0,0,BENIGN
88,1113,9,6,3110,3106,1555,0,345.55555560000005,685.6905481000001,1553,0,517.6666667,801.9657516,5584905.66,13477.08895,79.5,198.0111691,764,1,1113,139.125,289.7153468,854,2,1024,204.8,314.0409209,764,47,0,0,0,0,304,208,8086.253369,5390.83558,0,1555,388.5,694.9701193,482983.4667,0,0,0,1,0,0,0,0,0,414.4,345.55555560000005,517.6666667,304,0,0,0,0,0,0,9,3110,6,3106,29200,2081,2,32,0.0,0.0,0,0,0.0,0.0,0,0,BENIGN
443,78051514,16,13,7086,5564,885,0,442.875,411.9708525,1460,0,428.0,489.2076928,162.0724487,0.371549487,2787554.0710000005,14600000.0,77100000,49,78100000,5203434.267,19900000.0,77100000,724,807003,67250.25,34792.77627,119108,49,0,0,0,0,332,272,0.20499282100000002,0.166556667,0,1460,421.66666669999995,439.5613278,193214.1609,0,0,0,1,0,0,0,0,0,436.2068966,442.875,428.0,332,0,0,0,0,0,0,16,7086,13,5564,8192,513,10,20,0.0,0.0,0,0,0.0,0.0,0,0,BENIGN
88,934,9,4,626,3064,313,0,69.55555556,138.0200267,1532,0,766.0,884.5006124,3950749.465,13918.62955,77.83333333,218.4198764,766,0,934,116.75,301.4596633,861,1,837,279.0,437.0308914,783,5,0,0,0,0,204,104,9635.974304000001,4282.655246,0,1532,263.5714286,548.9435607999999,301339.033,0,0,0,1,0,0,0,0,0,283.8461538,69.55555556,766.0,204,0,0,0,0,0,0,9,626,4,3064,8192,2053,2,20,0.0,0.0,0,0,0.0,0.0,0,0,BENIGN
443,113,1,1,2,6,2,2,2.0,0.0,6,6,6.0,0.0,70796.46018,17699.11504,113.0,0.0,113,113,0,0.0,0.0,0,0,0,0.0,0.0,0,0,0,0,0,0,24,20,8849.557522,8849.557522,2,6,3.333333333,2.309401077,5.333333333,0,0,0,1,0,0,0,0,1,5.0,2.0,6.0,24,0,0,0,0,0,0,1,2,1,6,1024,0,0,24,0.0,0.0,0,0,0.0,0.0,0,0,PortScan
443,5168942,8,5,553,2664,326,0,69.125,122.7767283,1460,0,532.8,711.8157767000001,622.3710771000001,2.5150214490000002,430745.1667,1372501.7340000002,4782574,3,5168942,738420.2857,1786668.2869999998,4782574,3,82889,20722.25,22135.86522,40806,253,0,0,0,0,172,104,1.5477055069999999,0.967315942,0,1460,229.78571430000002,468.2726324,219279.2582,0,0,0,1,0,0,0,0,0,247.4615385,69.125,532.8,172,0,0,0,0,0,0,8,553,5,2664,8192,34982,3,20,0.0,0.0,0,0,0.0,0.0,0,0,BENIGN
80,55468794,4,4,235,2117,235,0,58.75,117.5,2117,0,529.25,1058.5,42.40221989,0.144225238,7924113.429,20900000.0,55400000,49,75094,25031.33333,21568.22536,37844,130,55400000,18500000.0,32000000.0,55400000,990,0,0,0,0,92,92,0.072112619,0.072112619,0,2117,261.3333333,700.2015781,490282.25,0,0,0,1,0,0,0,0,1,294.0,58.75,529.25,92,0,0,0,0,0,0,4,235,4,2117,8192,946,1,20,0.0,0.0,0,0,0.0,0.0,0,0,BENIGN
88,604,7,4,440,356,220,0,62.85714286,107.34900800000001,178,0,89.0,102.76834790000001,1317880.795,18211.92053,60.4,133.00309099999998,435,1,604,100.66666670000001,182.5679782,467,1,535,178.33333330000002,303.6862416,529,3,0,0,0,0,164,104,11589.40397,6622.5165560000005,0,220,66.33333333,98.79577957,9760.606061,0,0,0,1,0,0,0,0,0,72.36363636,62.85714286,89.0,164,0,0,0,0,0,0,7,440,4,356,8192,2053,2,20,0.0,0.0,0,0,0.0,0.0,0,0,BENIGN
80,60032035,5,3,282,250,282,0,56.4,126.11423390000002,250,0,83.33333333,144.33756730000002,8.861935132000001,0.13326218199999998,8576005.0,22700000.0,59900000,23,60000000,15000000.0,30000000.0,59900000,88,15681,7840.5,10700.646920000001,15407,274,0,0,0,0,112,72,0.083288864,0.049973317999999996,0,282,59.11111111,117.56747469999999,13822.11111,0,0,0,1,0,0,0,0,0,66.5,56.4,83.33333333,112,0,0,0,0,0,0,5,282,3,250,8192,946,1,20,0.0,0.0,0,0,0.0,0.0,0,0,BENIGN
80,46033236,4,4,233,2398,233,0,58.25,116.5,2398,0,599.5,1199.0,57.15435691,0.173787478,6576176.571,17400000.0,46000000,36,33550,11183.33333,9751.867581999999,18136,36,46000000,15300000.0,26600000.0,46000000,2998,0,0,0,0,92,92,0.086893739,0.086893739,0,2398,292.3333333,793.3760143,629445.5,0,0,0,1,0,0,0,0,1,328.875,58.25,599.5,92,0,0,0,0,0,0,4,233,4,2398,8192,30,1,20,0.0,0.0,0,0,0.0,0.0,0,0,BENIGN
88,511,7,4,452,370,226,0,64.57142857,110.27670819999999,185,0,92.5,106.8097998,1608610.5680000002,21526.41879,51.1,90.76765209,299,1,511,85.16666667,131.9005939,349,1,462,154.0,224.7198256,412,1,0,0,0,0,164,104,13698.630140000001,7827.78865,0,226,68.5,101.9335791,10390.45455,0,0,0,1,0,0,0,0,0,74.72727273,64.57142857,92.5,164,0,0,0,0,0,0,7,452,4,370,8192,2053,2,20,0.0,0.0,0,0,0.0,0.0,0,0,BENIGN
49214,9749,5,0,0,0,0,0,0.0,0.0,0,0,0.0,0.0,0.0,512.8731152,2437.25,4177.206912,8656,3,9749,2437.25,4177.206912,8656,3,0,0.0,0.0,0,0,0,0,0,0,100,0,512.8731152,0.0,0,0,0.0,0.0,0.0,0,0,0,0,1,0,0,0,0,0.0,0.0,0.0,100,0,0,0,0,0,0,5,0,0,0,378,-1,0,20,0.0,0.0,0,0,0.0,0.0,0,0,BENIGN
3268,112987750,46,27,9834,7806,1337,0,213.78260869999997,306.1758328,3069,0,289.1111111,680.2870623,156.1231195,0.64608774,1569274.3059999999,4814455.211,16400000,1,113000000,2510838.889,5914777.847999999,16400000,1,113000000,4345676.692,7303207.374,16400000,2,0,0,0,0,1488,880,0.407123781,0.238963958,0,3069,238.3783784,474.0551006,224728.2384,0,0,0,1,0,0,0,0,0,241.64383560000002,213.78260869999997,289.1111111,1488,0,0,0,0,0,0,46,9834,27,7806,29200,255,24,32,9804.285714,24847.02908,66152,363,16100000.0,499009.5254,16400000,15400000,BENIGN
389,550,10,4,165,326,79,0,16.5,33.01262385,163,0,81.5,94.10809388,892727.2727,25454.54545,42.30769231,31.96713055,102,1,550,61.11111111,49.27333063,157,1,282,94.0,119.05880900000001,229,4,0,0,0,0,336,144,18181.818180000002,7272.727273,0,163,32.73333333,59.52006464,3542.6380950000002,0,0,0,1,0,0,0,0,0,35.07142857,16.5,81.5,336,0,0,0,0,0,0,10,165,4,326,29200,260,3,32,0.0,0.0,0,0,0.0,0.0,0,0,BENIGN
80,64692,3,5,427,2267,427,0,142.33333330000002,246.52856490000002,1460,0,453.4,662.3804043,41643.479869999996,123.6628949,9241.714286,13884.04676,29431,1,34231,17115.5,17446.44561,29452,4779,35290,8822.5,16964.319190000002,34260,1,0,0,0,0,72,112,46.37358561,77.28930934,0,1460,299.3333333,519.4677565000001,269846.75,0,0,0,1,0,0,0,0,1,336.75,142.33333330000002,453.4,72,0,0,0,0,0,0,3,427,5,2267,8192,237,1,20,0.0,0.0,0,0,0.0,0.0,0,0,BENIGN
80,66588,3,4,428,2266,428,0,142.66666669999998,247.10591519999997,2266,0,566.5,1133.0,40457.74013,105.12404640000001,11098.0,16689.86727,32681,4,32788,16394.0,22956.92876,32627,161,33993,11331.0,18665.053359999998,32874,4,0,0,0,0,104,136,45.05316273,60.07088364,0,2266,336.75,793.7915793,630105.0714,0,0,0,1,0,0,0,0,1,384.85714289999993,142.66666669999998,566.5,104,0,0,0,0,0,0,3,428,4,2266,29200,235,1,32,0.0,0.0,0,0,0.0,0.0,0,0,BENIGN
80,998,3,1,0,0,0,0,0.0,0.0,0,0,0.0,0.0,0.0,4008.016032,332.6666667,252.7258066,618,137,998,499.0,362.038672,755,243,0,0.0,0.0,0,0,0,0,0,0,104,40,3006.0120239999997,1002.004008,0,0,0.0,0.0,0.0,0,0,0,1,0,0,0,0,0,0.0,0.0,0.0,104,0,0,0,0,0,0,3,0,1,0,29200,28960,0,32,0.0,0.0,0,0,0.0,0.0,0,0,PortScan
22,1311995,41,42,2728,6634,456,0,66.53658537,110.12994540000001,976,0,157.952381,319.1214275,7135.697926000001,63.26243621,15999.939019999998,105972.70599999999,955542,1,1311995,32799.875,159024.3343,997364,1,356348,8691.414634,20251.35026,97681,1,0,0,0,0,1328,1360,31.25011909,32.01231712,0,976,111.452381,241.64279150000002,58391.238670000006,0,0,0,1,0,0,0,0,1,112.7951807,66.53658537,157.952381,1328,0,0,0,0,0,0,41,2728,42,6634,29200,243,24,32,0.0,0.0,0,0,0.0,0.0,0,0,BENIGN
22,923,2,1,8,2,6,2,4.0,2.828427125,2,2,2.0,0.0,10834.236190000001,3250.2708559999996,461.5,474.4686502,797,126,923,923.0,0.0,923,923,0,0.0,0.0,0,0,0,0,0,0,44,24,2166.847237,1083.423619,2,6,3.0,2.0,4.0,0,0,0,1,0,0,0,0,0,4.0,4.0,2.0,44,0,0,0,0,0,0,2,8,1,2,1024,29200,1,20,0.0,0.0,0,0,0.0,0.0,0,0,PortScan
80,742,3,1,0,0,0,0,0.0,0.0,0,0,0.0,0.0,0.0,5390.83558,247.33333330000002,278.0725325,565,48,742,371.0,456.7909806,694,48,0,0.0,0.0,0,0,0,0,0,0,104,40,4043.126685,1347.708895,0,0,0.0,0.0,0.0,0,0,0,1,0,0,0,0,0,0.0,0.0,0.0,104,0,0,0,0,0,0,3,0,1,0,29200,28960,0,32,0.0,0.0,0,0,0.0,0.0,0,0,PortScan
49666,46115502,27,22,7132,4370,1793,0,264.1481481,454.30062089999996,348,0,198.63636359999998,133.18535079999998,249.4172133,1.062549422,960739.625,6479645.659,44900000,3,46100000,1773673.154,8799645.838,44900000,3,1144476,54498.85714,242190.1206,1111150,3,0,0,0,0,564,464,0.5854864160000001,0.477063006,0,1793,230.04,345.36717880000003,119278.4882,0,0,0,1,0,0,0,0,0,234.73469390000002,264.1481481,198.63636359999998,564,0,0,0,0,0,0,27,7132,22,4370,8192,2052,18,20,0.0,0.0,0,0,0.0,0.0,0,0,BENIGN
80,104952660,5,3,287,241,287,0,57.4,128.3503019,241,0,80.33333333,139.1414149,5.030839619,0.076224843,15000000.0,39600000.0,105000000,46,105000000,26200000.0,52400000.0,105000000,54,38890,19445.0,27113.30242,38617,273,0,0,0,0,112,72,0.047640527,0.028584316000000002,0,287,58.66666667,116.97969909999999,13684.25,0,0,0,1,0,0,0,0,0,66.0,57.4,80.33333333,112,0,0,0,0,0,0,5,287,3,241,8192,946,1,20,0.0,0.0,0,0,0.0,0.0,0,0,BENIGN
80,5021059,6,5,703,1414,356,0,117.16666670000001,181.53613049999998,1050,0,282.8,456.92362599999996,421.62420319999995,2.190772903,502105.9,1568379.157,4965658,19,55401,11080.2,17612.66701,41863,19,5020928,1255232.0,2499939.5930000003,5005133,1053,0,0,0,0,200,168,1.194967038,0.995805865,0,1050,176.41666669999998,317.4711034,100787.9015,0,0,0,1,0,0,0,0,0,192.4545455,117.16666670000001,282.8,200,0,0,0,0,0,0,6,703,5,1414,29200,243,2,32,0.0,0.0,0,0,0.0,0.0,0,0,PortScan
443,62,1,1,0,6,0,0,0.0,0.0,6,6,6.0,0.0,96774.19355,32258.06452,62.0,0.0,62,62,0,0.0,0.0,0,0,0,0.0,0.0,0,0,0,0,0,0,40,20,16129.03226,16129.03226,0,6,2.0,3.464101615,12.0,0,0,0,1,0,0,0,0,1,3.0,0.0,6.0,40,0,0,0,0,0,0,1,0,1,6,29200,0,0,40,0.0,0.0,0,0,0.0,0.0,0,0,PortScan
22,696,3,1,0,0,0,0,0.0,0.0,0,0,0.0,0.0,0.0,5747.126437,232.0,294.3416382,564,3,696,348.0,487.903679,693,3,0,0.0,0.0,0,0,0,0,0,0,104,40,4310.344828,1436.781609,0,0,0.0,0.0,0.0,0,0,0,1,0,0,0,0,0,0.0,0.0,0.0,104,0,0,0,0,0,0,3,0,1,0,29200,28960,0,32,0.0,0.0,0,0,0.0,0.0,0,0,PortScan
443,17734955,10,8,1026,3890,469,0,102.6,178.9035743,1448,0,486.25,623.7070627,277.1926966,1.01494478,1043232.647,2834416.776,9999832,4,10700000,1192931.6670000001,3303441.521,9999832,139,17600000,2512397.143,4200291.157,10100000,4,0,0,0,0,328,264,0.563858211,0.451086569,0,1448,258.7368421,455.5803188,207553.4269,0,0,0,1,0,0,0,0,0,273.1111111,102.6,486.25,328,0,0,0,0,0,0,10,1026,8,3890,29200,543,3,32,442474.0,415890.5102,736553,148395,8425001.5,2227146.652,9999832,6850171,BENIGN
1093,45,2,0,0,0,0,0,0.0,0.0,0,0,0.0,0.0,0.0,44444.44444,45.0,0.0,45,45,45,45.0,0.0,45,45,0,0.0,0.0,0,0,0,0,0,0,40,0,44444.44444,0.0,0,0,0.0,0.0,0.0,0,0,0,0,1,0,0,0,0,0.0,0.0,0.0,40,0,0,0,0,0,0,2,0,0,0,35152,-1,0,20,0.0,0.0,0,0,0.0,0.0,0,0,BENIGN
444,65,1,1,0,6,0,0,0.0,0.0,6,6,6.0,0.0,92307.69231,30769.23077,65.0,0.0,65,65,0,0.0,0.0,0,0,0,0.0,0.0,0,0,0,0,0,0,40,20,15384.615380000001,15384.615380000001,0,6,2.0,3.464101615,12.0,0,0,0,1,0,0,0,0,1,3.0,0.0,6.0,40,0,0,0,0,0,0,1,0,1,6,29200,0,0,40,0.0,0.0,0,0,0.0,0.0,0,0,PortScan
80,21433,5,0,0,0,0,0,0.0,0.0,0,0,0.0,0.0,0.0,233.28512110000003,5358.25,10128.17066,20550,211,21433,5358.25,10128.17066,20550,211,0,0.0,0.0,0,0,0,0,0,0,160,0,233.28512110000003,0.0,0,0,0.0,0.0,0.0,0,0,0,0,1,0,0,0,0,0.0,0.0,0.0,160,0,0,0,0,0,0,5,0,0,0,251,-1,0,32,0.0,0.0,0,0,0.0,0.0,0,0,PortScan
443,779057,9,8,1397,4065,837,0,155.22222219999998,280.663846,1460,0,508.125,659.7812273,7011.04027,21.82125313,48691.0625,69412.05105,196190,1,779057,97382.125,89931.25179,221862,3,604654,86379.14286,112467.3399,261703,1,0,0,0,0,192,164,11.55242813,10.268825,0,1460,303.44444439999995,503.0680251,253077.4379,0,0,0,1,0,0,0,0,0,321.29411760000005,155.22222219999998,508.125,192,0,0,0,0,0,0,9,1397,8,4065,8192,65535,4,20,0.0,0.0,0,0,0.0,0.0,0,0,BENIGN
48231,3,2,0,0,0,0,0,0.0,0.0,0,0,0.0,0.0,0.0,666666.6667,3.0,0.0,3,3,3,3.0,0.0,3,3,0,0.0,0.0,0,0,0,0,0,0,64,0,666666.6667,0.0,0,0,0.0,0.0,0.0,0,0,0,0,1,0,0,0,0,0.0,0.0,0.0,64,0,0,0,0,0,0,2,0,0,0,340,-1,0,32,0.0,0.0,0,0,0.0,0.0,0,0,BENIGN
21,848,3,1,0,0,0,0,0.0,0.0,0,0,0.0,0.0,0.0,4716.981132,282.6666667,385.7996026,728,50,848,424.0,528.9158723,798,50,0,0.0,0.0,0,0,0,0,0,0,104,40,3537.735849,1179.245283,0,0,0.0,0.0,0.0,0,0,0,1,0,0,0,0,0,0.0,0.0,0.0,104,0,0,0,0,0,0,3,0,1,0,29200,28960,0,32,0.0,0.0,0,0,0.0,0.0,0,0,PortScan
389,572849,15,12,4076,1020,1646,0,271.7333333,562.9358586,210,0,85.0,91.22200691,8895.887048999999,47.13283954,22032.65385,101642.2098,517763,2,572849,40917.785710000004,137973.1114,517763,2,572795,52072.272730000004,172091.1181,570946,3,0,0,0,0,324,264,26.18491086,20.94792869,0,1646,182.0,421.41314289999997,177589.03699999998,0,0,0,1,0,0,0,0,0,188.74074069999998,271.7333333,85.0,324,0,0,0,0,0,0,15,4076,12,1020,8192,0,8,20,0.0,0.0,0,0,0.0,0.0,0,0,BENIGN
1153,3,2,0,0,0,0,0,0.0,0.0,0,0,0.0,0.0,0.0,666666.6667,3.0,0.0,3,3,3,3.0,0.0,3,3,0,0.0,0.0,0,0,0,0,0,0,40,0,666666.6667,0.0,0,0,0.0,0.0,0.0,0,0,0,0,1,0,0,0,0,0.0,0.0,0.0,40,0,0,0,0,0,0,2,0,0,0,34945,-1,0,20,0.0,0.0,0,0,0.0,0.0,0,0,BENIGN
80,335125,3,6,18,11595,18,0,6.0,10.39230485,4344,0,1932.5,1754.831473,34652.74151,26.85565088,41890.625,117832.258,333510,17,334345,167172.5,235236.7484,333510,835,335031,67006.2,149474.3937,334394,17,0,0,0,0,104,200,8.951883626,17.90376725,0,4344,1161.3,1643.79818,2702072.4560000002,0,0,0,1,0,0,0,0,2,1290.333333,6.0,1932.5,104,0,0,0,0,0,0,3,18,6,11595,29200,227,1,32,0.0,0.0,0,0,0.0,0.0,0,0,PortScan
135,87,1,3,0,0,0,0,0.0,0.0,0,0,0.0,0.0,0.0,45977.01149,29.0,24.57641145,47,1,0,0.0,0.0,0,0,48,24.0,32.52691193,47,1,0,0,0,0,20,60,11494.25287,34482.75862,0,0,0.0,0.0,0.0,0,0,0,0,1,1,0,0,3,0.0,0.0,0.0,20,0,0,0,0,0,0,1,0,3,0,255,2052,0,20,0.0,0.0,0,0,0.0,0.0,0,0,BENIGN
22,11177,4,2,0,41,0,0,0.0,0.0,41,0,20.5,28.99137803,3668.247294,536.8166771000001,2235.4,3781.9675829999996,8979,118,11177,3725.666667,4996.3487,9493,712,9573,9573.0,0.0,9573,9573,0,0,0,0,136,72,357.8777847,178.93889240000001,0,41,5.857142857,15.49654339,240.1428571,0,0,0,1,0,0,0,0,0,6.833333333,0.0,20.5,136,0,0,0,0,0,0,4,0,2,41,29200,227,0,32,0.0,0.0,0,0,0.0,0.0,0,0,PortScan
1078,504,6,1,38,0,38,0,6.333333333,15.51343504,0,0,0.0,0.0,75396.8254,13888.88889,84.0,143.7428259,353,1,504,100.8,222.043239,498,1,0,0.0,0.0,0,0,0,0,0,0,120,20,11904.7619,1984.126984,0,38,4.75,13.43502884,180.5,0,0,0,0,1,0,0,0,0,5.428571429,6.333333333,0.0,120,0,0,0,0,0,0,6,38,1,0,12491,0,1,20,0.0,0.0,0,0,0.0,0.0,0,0,BENIGN
80,779,2,1,8,2,6,2,4.0,2.828427125,2,2,2.0,0.0,12836.97047,3851.091142,389.5,482.95393160000003,731,48,779,779.0,0.0,779,779,0,0.0,0.0,0,0,0,0,0,0,44,24,2567.394095,1283.697047,2,6,3.0,2.0,4.0,0,0,0,1,0,0,0,0,0,4.0,4.0,2.0,44,0,0,0,0,0,0,2,8,1,2,1024,29200,1,20,0.0,0.0,0,0,0.0,0.0,0,0,PortScan
443,2314,2,0,0,0,0,0,0.0,0.0,0,0,0.0,0.0,0.0,864.3042351,2314.0,0.0,2314,2314,2314,2314.0,0.0,2314,2314,0,0.0,0.0,0,0,0,0,0,0,64,0,864.3042351,0.0,0,0,0.0,0.0,0.0,0,0,0,0,1,0,0,0,0,0.0,0.0,0.0,64,0,0,0,0,0,0,2,0,0,0,662,-1,0,32,0.0,0.0,0,0,0.0,0.0,0,0,BENIGN
80,575,2,1,8,2,6,2,4.0,2.828427125,2,2,2.0,0.0,17391.30435,5217.391304,287.5,381.13055510000004,557,18,575,575.0,0.0,575,575,0,0.0,0.0,0,0,0,0,0,0,44,24,3478.2608700000005,1739.1304350000003,2,6,3.0,2.0,4.0,0,0,0,1,0,0,0,0,0,4.0,4.0,2.0,44,0,0,0,0,0,0,2,8,1,2,1024,29200,1,20,0.0,0.0,0,0,0.0,0.0,0,0,PortScan
80,546,2,1,8,2,6,2,4.0,2.828427125,2,2,2.0,0.0,18315.01832,5494.505495,273.0,272.9432175,466,80,546,546.0,0.0,546,546,0,0.0,0.0,0,0,0,0,0,0,44,24,3663.0036630000004,1831.501832,2,6,3.0,2.0,4.0,0,0,0,1,0,0,0,0,0,4.0,4.0,2.0,44,0,0,0,0,0,0,2,8,1,2,1024,29200,1,20,0.0,0.0,0,0,0.0,0.0,0,0,PortScan
443,156009,9,10,533,5370,196,0,59.22222222,83.73138267,2085,0,537.0,802.7386457,37837.56065,121.7878456,8667.166667,11182.95167,29073,2,156009,19501.125,12720.32013,32919,2,106292,11810.22222,18743.09329,53719,94,0,0,0,0,192,212,57.68897948,64.09886609,0,2085,295.15,608.2146673,369925.0816,0,0,0,1,0,0,0,0,1,310.6842105,59.22222222,537.0,192,0,0,0,0,0,0,9,533,10,5370,8192,12501,4,20,0.0,0.0,0,0,0.0,0.0,0,0,BENIGN
389,30894,13,13,4154,5688,1684,0,319.53846150000004,618.6711048,2634,0,437.53846150000004,818.9074648,318573.1857,841.5873632000001,1235.76,5625.253041,28213,1,30894,2574.5,8087.363751999999,28213,3,30807,2567.25,8136.197483,28376,1,0,0,0,0,284,284,420.79368160000007,420.79368160000007,0,2634,364.5185185,703.5309501,494955.7977,0,0,0,1,0,0,0,0,1,378.53846150000004,319.53846150000004,437.53846150000004,284,0,0,0,0,0,0,13,4154,13,5688,8192,0,6,20,0.0,0.0,0,0,0.0,0.0,0,0,BENIGN
88,1176,9,6,3104,3036,1552,0,344.8888889,684.3676724999999,1518,0,506.0,783.8918292999999,5221088.435,12755.10204,84.0,204.1202511,787,1,1176,147.0,313.53195330000005,918,1,1073,214.6,327.4069333,787,2,0,0,0,0,204,144,7653.061223999999,5102.040816,0,1552,383.75,686.5289991000001,471322.0667,0,0,0,1,0,0,0,0,0,409.3333333,344.8888889,506.0,204,0,0,0,0,0,0,9,3104,6,3036,8192,2053,2,20,0.0,0.0,0,0,0.0,0.0,0,0,BENIGN
443,7744454,14,14,5759,17325,3457,0,411.35714289999993,960.2359171,3121,0,1237.5,987.4540496,2980.713682,3.615490517,286831.6296,993905.4391,4293900,10,7744404,595723.3846,1393537.562,4293900,44,7698207,592169.7692,1424810.949,4345012,49,0,0,0,0,292,292,1.807745259,1.807745259,0,3457,796.0,1036.759546,1074870.357,0,0,0,1,0,0,0,0,1,824.4285714,411.35714289999993,1237.5,292,0,0,0,0,0,0,14,5759,14,17325,8192,256,5,20,0.0,0.0,0,0,0.0,0.0,0,0,BENIGN
22,644,3,1,0,0,0,0,0.0,0.0,0,0,0.0,0.0,0.0,6211.180124,214.66666669999998,282.917538,536,3,644,322.0,451.13412639999996,641,3,0,0.0,0.0,0,0,0,0,0,0,104,40,4658.385093,1552.795031,0,0,0.0,0.0,0.0,0,0,0,1,0,0,0,0,0,0.0,0.0,0.0,104,0,0,0,0,0,0,3,0,1,0,29200,28960,0,32,0.0,0.0,0,0,0.0,0.0,0,0,PortScan
80,613,2,1,8,2,6,2,4.0,2.828427125,2,2,2.0,0.0,16313.2137,4893.964111,306.5,350.0178567,554,59,613,613.0,0.0,613,613,0,0.0,0.0,0,0,0,0,0,0,44,24,3262.642741,1631.32137,2,6,3.0,2.0,4.0,0,0,0,1,0,0,0,0,0,4.0,4.0,2.0,44,0,0,0,0,0,0,2,8,1,2,1024,29200,1,20,0.0,0.0,0,0,0.0,0.0,0,0,PortScan
88,1103,9,6,3104,3036,1552,0,344.8888889,684.3676724999999,1518,0,506.0,783.8918292999999,5566636.446,13599.27471,78.78571429,219.8258676,839,1,1103,137.875,304.51199249999996,889,1,1011,202.2,361.5192941,844,3,0,0,0,0,204,144,8159.564823000001,5439.709882,0,1552,383.75,686.5289991000001,471322.0667,0,0,0,1,0,0,0,0,0,409.3333333,344.8888889,506.0,204,0,0,0,0,0,0,9,3104,6,3036,8192,2053,2,20,0.0,0.0,0,0,0.0,0.0,0,0,BENIGN
22,683,2,1,8,2,6,2,4.0,2.828427125,2,2,2.0,0.0,14641.28843,4392.38653,341.5,323.147799,570,113,683,683.0,0.0,683,683,0,0.0,0.0,0,0,0,0,0,0,44,24,2928.2576870000003,1464.128843,2,6,3.0,2.0,4.0,0,0,0,1,0,0,0,0,0,4.0,4.0,2.0,44,0,0,0,0,0,0,2,8,1,2,1024,29200,1,20,0.0,0.0,0,0,0.0,0.0,0,0,PortScan
444,95,1,1,0,6,0,0,0.0,0.0,6,6,6.0,0.0,63157.894739999996,21052.63158,95.0,0.0,95,95,0,0.0,0.0,0,0,0,0.0,0.0,0,0,0,0,0,0,40,20,10526.31579,10526.31579,0,6,2.0,3.464101615,12.0,0,0,0,1,0,0,0,0,1,3.0,0.0,6.0,40,0,0,0,0,0,0,1,0,1,6,29200,0,0,40,0.0,0.0,0,0,0.0,0.0,0,0,PortScan
123,69016385,7,4,336,192,48,48,48.0,0.0,48,48,48.0,0.0,7.65035723,0.15938244199999999,6901638.5,18300000.0,59000000,16153,69000000,11500000.0,23300000.0,59000000,1999812,69000000,23000000.0,36400000.0,65000000,1999440,0,0,0,0,140,80,0.101425191,0.057957252,48,48,48.0,0.0,0.0,0,0,0,0,0,0,0,0,0,52.36363636,48.0,48.0,140,0,0,0,0,0,0,7,336,4,192,-1,-1,6,20,9999919.0,0.0,9999919,9999919,59000000.0,0.0,59000000,59000000,BENIGN
443,97,1,1,0,6,0,0,0.0,0.0,6,6,6.0,0.0,61855.6701,20618.5567,97.0,0.0,97,97,0,0.0,0.0,0,0,0,0.0,0.0,0,0,0,0,0,0,40,20,10309.27835,10309.27835,0,6,2.0,3.464101615,12.0,0,0,0,1,0,0,0,0,1,3.0,0.0,6.0,40,0,0,0,0,0,0,1,0,1,6,29200,0,0,40,0.0,0.0,0,0,0.0,0.0,0,0,PortScan
123,71082592,8,8,384,384,48,48,48.0,0.0,48,48,48.0,0.0,10.80433308,0.22509027199999998,4738839.467,14200000.0,55900000,88621,71000000,10100000.0,20300000.0,56000000,1996212,71000000,10100000.0,20300000.0,56000000,1996159,0,0,0,0,176,176,0.11254513599999999,0.11254513599999999,48,48,48.0,0.0,0.0,0,0,0,0,0,0,0,0,1,51.0,48.0,48.0,176,0,0,0,0,0,0,8,384,8,384,-1,-1,7,0,15100000.0,0.0,15100000,15100000,55900000.0,0.0,55900000,55900000,BENIGN
49666,30351316,25,22,6740,4402,1645,0,269.6,426.7225875,348,0,200.0909091,134.7395757,367.10105089999996,1.548532525,659811.2174,4426798.522,30000000,3,30400000,1264638.1670000001,6127228.342,30000000,3,120476,5736.952381,16612.29146,73111,3,0,0,0,0,524,464,0.823687513,0.7248450120000001,0,1645,232.125,321.66552110000003,103468.7074,0,0,0,1,0,0,0,0,0,237.0638298,269.6,200.0909091,524,0,0,0,0,0,0,25,6740,22,4402,8192,2052,18,20,0.0,0.0,0,0,0.0,0.0,0,0,BENIGN
21,3816,4,2,0,20,0,0,0.0,0.0,20,0,10.0,14.14213562,5241.090147,1572.327044,763.2,761.2073962000001,2085,126,3816,1272.0,1198.792309,2649,461,2665,2665.0,0.0,2665,2665,0,0,0,0,136,72,1048.218029,524.1090147,0,20,2.857142857,7.55928946,57.14285714,0,0,0,1,0,0,0,0,0,3.333333333,0.0,10.0,136,0,0,0,0,0,0,4,0,2,20,29200,227,0,32,0.0,0.0,0,0,0.0,0.0,0,0,PortScan
80,209025,3,5,427,2267,427,0,142.33333330000002,246.52856490000002,1460,0,453.4,662.3804043,12888.41048,38.27293386,29860.714289999996,54445.159770000006,149364,1,178828,89414.0,84782.10306000001,149364,29464,179649,44912.25,89174.84698999999,178673,1,0,0,0,0,72,112,14.352350199999998,23.92058366,0,1460,299.3333333,519.4677565000001,269846.75,0,0,0,1,0,0,0,0,1,336.75,142.33333330000002,453.4,72,0,0,0,0,0,0,3,427,5,2267,8192,237,1,20,0.0,0.0,0,0,0.0,0.0,0,0,BENIGN
123,69070374,8,8,384,384,48,48,48.0,0.0,48,48,48.0,0.0,11.11909427,0.231647797,4604691.6,14200000.0,55900000,92445,69000000,9853964.143,20400000.0,56000000,1995352,69000000,9853883.714,20400000.0,56000000,1995316,0,0,0,0,208,208,0.11582389900000001,0.11582389900000001,48,48,48.0,0.0,0.0,0,0,0,0,0,0,0,0,1,51.0,48.0,48.0,208,0,0,0,0,0,0,8,384,8,384,-1,-1,7,20,13100000.0,0.0,13100000,13100000,55900000.0,0.0,55900000,55900000,BENIGN
135,14263712,21,12,1664,1784,168,0,79.23809524,85.18797143,268,0,148.66666669999998,84.88423489,241.73230640000003,2.3135632580000003,445741.0,1978382.148,11100000,1,14300000,713185.6,2487010.106,11100000,1,3124260,284023.6364,663060.7968,2017717,4,0,0,0,0,444,264,1.4722675280000002,0.84129573,0,268,101.4117647,90.75512095,8236.491979,0,0,0,1,0,0,0,0,0,104.4848485,79.23809524,148.66666669999998,444,0,0,0,0,0,0,21,1664,12,1784,8192,2050,10,20,0.0,0.0,0,0,0.0,0.0,0,0,BENIGN
49671,14257993,11,6,2378,2160,968,0,216.1818182,381.7917805,952,0,360.0,462.1203306,318.2776145,1.192313673,891124.5625,3549720.687,14200000,2,14300000,1425799.3,4489301.086,14200000,2,975,195.0,299.4052438,721,3,0,0,0,0,244,144,0.771497082,0.42081659,0,968,252.11111110000002,396.5309704,157236.8105,0,0,0,1,0,0,0,0,0,266.94117650000004,216.1818182,360.0,244,0,0,0,0,0,0,11,2378,6,2160,8192,2049,4,20,0.0,0.0,0,0,0.0,0.0,0,0,BENIGN
80,109373101,5,3,138,328,138,0,27.6,61.71547618,328,0,109.33333329999999,189.37088830000002,4.260645403,0.073144127,15600000.0,41300000.0,109000000,32,109000000,27300000.0,54600000.0,109000000,32,120952,60476.0,51811.12807,97112,23840,0,0,0,0,112,72,0.045715079000000006,0.027429047999999998,0,328,51.77777778,113.1920688,12812.444440000001,0,0,0,1,0,0,0,0,0,58.25,27.6,109.33333329999999,112,0,0,0,0,0,0,5,138,3,328,65535,946,1,20,0.0,0.0,0,0,0.0,0.0,0,0,BENIGN
443,160,1,1,0,6,0,0,0.0,0.0,6,6,6.0,0.0,37500.0,12500.0,160.0,0.0,160,160,0,0.0,0.0,0,0,0,0.0,0.0,0,0,0,0,0,0,40,20,6250.0,6250.0,0,6,2.0,3.464101615,12.0,0,0,0,1,0,0,0,0,1,3.0,0.0,6.0,40,0,0,0,0,0,0,1,0,1,6,29200,0,0,40,0.0,0.0,0,0,0.0,0.0,0,0,PortScan
80,168252,3,4,436,860,436,0,145.33333330000002,251.7247174,860,0,215.0,430.0,7702.731617,41.60426028,28042.0,46989.568660000004,121151,4,144545,72272.5,69124.63761,121151,23394,144923,48307.66667,83192.8673,144370,4,0,0,0,0,72,92,17.83039726,23.77386302,0,860,162.0,320.65646949999996,102820.5714,0,0,0,1,0,0,0,0,1,185.1428571,145.33333330000002,215.0,72,0,0,0,0,0,0,3,436,4,860,8192,31,1,20,0.0,0.0,0,0,0.0,0.0,0,0,BENIGN
21,517,2,1,8,2,6,2,4.0,2.828427125,2,2,2.0,0.0,19342.35977,5802.70793,258.5,352.8462838,508,9,517,517.0,0.0,517,517,0,0.0,0.0,0,0,0,0,0,0,44,24,3868.471954,1934.235977,2,6,3.0,2.0,4.0,0,0,0,1,0,0,0,0,0,4.0,4.0,2.0,44,0,0,0,0,0,0,2,8,1,2,1024,29200,1,20,0.0,0.0,0,0,0.0,0.0,0,0,PortScan
123,82028633,8,8,384,384,48,48,48.0,0.0,48,48,48.0,0.0,9.362584404,0.195053842,5468575.533,14500000.0,56000000,28646,82000000,11700000.0,20200000.0,56000000,1999947,82000000,11700000.0,20200000.0,56000000,1999907,0,0,0,0,156,156,0.097526921,0.097526921,48,48,48.0,0.0,0.0,0,0,0,0,0,0,0,0,1,51.0,48.0,48.0,156,0,0,0,0,0,0,8,384,8,384,-1,-1,7,0,5028854.5,7070881.842999999,10000000,28986,36000000.0,28300000.0,56000000,16000000,BENIGN
445,90030854,10,10,8,2,1,0,0.8,0.421637021,1,0,0.2,0.421637021,0.111073033,0.222146066,4738466.0,11200000.0,30000000,3,90000000,10000000.0,15000000.0,30000000,3,90000000,10000000.0,15000000.0,30000000,3,0,0,0,0,224,296,0.111073033,0.111073033,0,1,0.523809524,0.511766316,0.261904762,0,0,0,0,1,0,0,0,1,0.55,0.8,0.2,224,0,0,0,0,0,0,10,8,10,2,254,2049,7,20,22761.33333,39318.13089,68162,57,30000000.0,35592.50011,30000000,29900000,BENIGN
443,45,1,1,0,6,0,0,0.0,0.0,6,6,6.0,0.0,133333.3333,44444.44444,45.0,0.0,45,45,0,0.0,0.0,0,0,0,0.0,0.0,0,0,0,0,0,0,40,20,22222.22222,22222.22222,0,6,2.0,3.464101615,12.0,0,0,0,1,0,0,0,0,1,3.0,0.0,6.0,40,0,0,0,0,0,0,1,0,1,6,29200,0,0,40,0.0,0.0,0,0,0.0,0.0,0,0,PortScan
444,119,1,1,0,6,0,0,0.0,0.0,6,6,6.0,0.0,50420.16807,16806.722690000002,119.0,0.0,119,119,0,0.0,0.0,0,0,0,0.0,0.0,0,0,0,0,0,0,40,20,8403.361345000001,8403.361345000001,0,6,2.0,3.464101615,12.0,0,0,0,1,0,0,0,0,1,3.0,0.0,6.0,40,0,0,0,0,0,0,1,0,1,6,29200,0,0,40,0.0,0.0,0,0,0.0,0.0,0,0,PortScan
443,306899,12,10,1117,4289,509,0,93.08333333,148.8406459,1625,0,428.9,673.8828533,17614.91566,71.68482139,14614.2381,21659.91156,74866,3,306899,27899.909089999997,40982.3426,136356,4,258297,28699.66667,36190.17686,96713,3,0,0,0,0,252,204,39.10081167,32.58400972,0,1625,235.04347830000003,476.90445760000006,227437.8617,0,0,0,1,0,0,0,0,0,245.7272727,93.08333333,428.9,252,0,0,0,0,0,0,12,1117,10,4289,8192,17688,7,20,0.0,0.0,0,0,0.0,0.0,0,0,BENIGN
443,5603458,7,4,635,154,517,0,90.71428571,190.7072051,154,0,38.5,77.0,140.80590949999998,1.963073516,560345.8,1652424.405,5260665,1,5603458,933909.6667,2188207.06,5399414,1,241663,80554.33333,71807.14678,139111,437,0,0,0,0,232,136,1.249228601,0.713844915,0,517,65.75,150.0479469,22514.38636,0,0,0,1,0,0,0,0,0,71.72727273,90.71428571,38.5,232,0,0,0,0,0,0,7,635,4,154,29200,115,3,32,342792.0,0.0,342792,342792,5260665.0,0.0,5260665,5260665,BENIGN
21,3855,4,2,0,20,0,0,0.0,0.0,20,0,10.0,14.14213562,5188.067445000001,1556.420233,771.0,811.3322377000001,2181,124,3855,1285.0,1299.941922,2773,370,2769,2769.0,0.0,2769,2769,0,0,0,0,136,72,1037.613489,518.8067445,0,20,2.857142857,7.55928946,57.14285714,0,0,0,1,0,0,0,0,0,3.333333333,0.0,10.0,136,0,0,0,0,0,0,4,0,2,20,29200,227,0,32,0.0,0.0,0,0,0.0,0.0,0,0,PortScan
22,167,1,1,0,0,0,0,0.0,0.0,0,0,0.0,0.0,0.0,11976.0479,167.0,0.0,167,167,0,0.0,0.0,0,0,0,0.0,0.0,0,0,0,0,0,0,32,32,5988.0239520000005,5988.0239520000005,0,0,0.0,0.0,0.0,0,0,0,0,1,1,0,0,1,0.0,0.0,0.0,32,0,0,0,0,0,0,1,0,1,0,290,243,0,32,0.0,0.0,0,0,0.0,0.0,0,0,BENIGN
53708,374373,15,8,20514,0,2920,0,1367.6,1158.048593,0,0,0.0,0.0,54795.618270000006,61.43605442,17016.95455,65537.45582,305476,2,374373,26740.92857,81599.31831,305476,2,361753,51679.0,113918.118,305692,3,0,0,0,0,324,184,40.06699201,21.36906241,0,2920,854.75,1128.594287,1273725.065,0,0,0,1,0,0,0,0,0,891.9130435000001,1367.6,0.0,324,0,0,0,0,0,0,15,20514,8,0,8192,389,10,20,0.0,0.0,0,0,0.0,0.0,0,0,BENIGN
80,32222867,2,0,0,0,0,0,0.0,0.0,0,0,0.0,0.0,0.0,0.062067724000000005,32200000.0,0.0,32200000,32200000,32200000,32200000.0,0.0,32200000,32200000,0,0.0,0.0,0,0,0,0,0,0,64,0,0.062067724000000005,0.0,0,0,0.0,0.0,0.0,0,0,0,0,1,0,0,0,0,0.0,0.0,0.0,64,0,0,0,0,0,0,2,0,0,0,238,-1,0,32,0.0,0.0,0,0,0.0,0.0,0,0,BENIGN
88,911,9,6,3078,2992,1539,0,342.0,678.6352113,1496,0,498.66666669999995,772.5310781000001,6663007.683999999,16465.422609999998,65.07142857,176.6079815,675,1,911,113.875,273.1427871,787,1,862,172.4,282.4938937,675,4,0,0,0,0,204,144,9879.253568,6586.169045000001,0,1539,379.375,678.7374431,460684.5167,0,0,0,1,0,0,0,0,0,404.6666667,342.0,498.66666669999995,204,0,0,0,0,0,0,9,3078,6,2992,8192,2053,2,20,0.0,0.0,0,0,0.0,0.0,0,0,BENIGN
80,19351,5,0,0,0,0,0,0.0,0.0,0,0,0.0,0.0,0.0,258.3845796,4837.75,9087.233329,18468,207,19351,4837.75,9087.233329,18468,207,0,0.0,0.0,0,0,0,0,0,0,160,0,258.3845796,0.0,0,0,0.0,0.0,0.0,0,0,0,0,1,0,0,0,0,0.0,0.0,0.0,160,0,0,0,0,0,0,5,0,0,0,251,-1,0,32,0.0,0.0,0,0,0.0,0.0,0,0,PortScan
443,126,1,1,2,6,2,2,2.0,0.0,6,6,6.0,0.0,63492.06349,15873.01587,126.0,0.0,126,126,0,0.0,0.0,0,0,0,0.0,0.0,0,0,0,0,0,0,24,20,7936.507937,7936.507937,2,6,3.333333333,2.309401077,5.333333333,0,0,0,1,0,0,0,0,1,5.0,2.0,6.0,24,0,0,0,0,0,0,1,2,1,6,1024,0,0,24,0.0,0.0,0,0,0.0,0.0,0,0,PortScan
22,9813,4,2,0,41,0,0,0.0,0.0,41,0,20.5,28.99137803,4178.131050999999,611.4338123,1962.6,3264.457198,7782,76,9813,3271.0,4370.625013,8317,672,8378,8378.0,0.0,8378,8378,0,0,0,0,136,72,407.6225415,203.81127080000002,0,41,5.857142857,15.49654339,240.1428571,0,0,0,1,0,0,0,0,0,6.833333333,0.0,20.5,136,0,0,0,0,0,0,4,0,2,41,29200,227,0,32,0.0,0.0,0,0,0.0,0.0,0,0,PortScan
444,124,1,1,2,6,2,2,2.0,0.0,6,6,6.0,0.0,64516.12903,16129.03226,124.0,0.0,124,124,0,0.0,0.0,0,0,0,0.0,0.0,0,0,0,0,0,0,24,20,8064.516129000001,8064.516129000001,2,6,3.333333333,2.309401077,5.333333333,0,0,0,1,0,0,0,0,1,5.0,2.0,6.0,24,0,0,0,0,0,0,1,2,1,6,1024,0,0,24,0.0,0.0,0,0,0.0,0.0,0,0,PortScan
80,5603992,3,1,0,0,0,0,0.0,0.0,0,0,0.0,0.0,0.0,0.713776893,1867997.333,3218435.24,5584309,39,5603992,2801996.0,3934784.7789999996,5584309,19683,0,0.0,0.0,0,0,0,0,0,0,80,32,0.53533267,0.178444223,0,0,0.0,0.0,0.0,0,0,0,1,0,0,0,0,0,0.0,0.0,0.0,80,0,0,0,0,0,0,3,0,1,0,29200,29200,0,20,0.0,0.0,0,0,0.0,0.0,0,0,BENIGN
49217,1484,3,0,0,0,0,0,0.0,0.0,0,0,0.0,0.0,0.0,2021.5633420000001,742.0,1045.1038230000001,1481,3,1484,742.0,1045.1038230000001,1481,3,0,0.0,0.0,0,0,0,0,0,0,60,0,2021.5633420000001,0.0,0,0,0.0,0.0,0.0,0,0,0,0,1,0,0,0,0,0.0,0.0,0.0,60,0,0,0,0,0,0,3,0,0,0,351,-1,0,20,0.0,0.0,0,0,0.0,0.0,0,0,BENIGN
21,654,2,1,8,2,6,2,4.0,2.828427125,2,2,2.0,0.0,15290.519880000002,4587.155963,327.0,281.42849889999997,526,128,654,654.0,0.0,654,654,0,0.0,0.0,0,0,0,0,0,0,44,24,3058.1039760000003,1529.0519880000002,2,6,3.0,2.0,4.0,0,0,0,1,0,0,0,0,0,4.0,4.0,2.0,44,0,0,0,0,0,0,2,8,1,2,1024,29200,1,20,0.0,0.0,0,0,0.0,0.0,0,0,PortScan
443,147,1,1,2,6,2,2,2.0,0.0,6,6,6.0,0.0,54421.768710000004,13605.442180000002,147.0,0.0,147,147,0,0.0,0.0,0,0,0,0.0,0.0,0,0,0,0,0,0,24,20,6802.721087999999,6802.721087999999,2,6,3.333333333,2.309401077,5.333333333,0,0,0,1,0,0,0,0,1,5.0,2.0,6.0,24,0,0,0,0,0,0,1,2,1,6,1024,0,0,24,0.0,0.0,0,0,0.0,0.0,0,0,PortScan
80,6008492,3,6,18,11595,18,0,6.0,10.39230485,4344,0,1932.5,1754.831473,1932.7644940000002,1.497880001,751061.5,2123737.2430000002,6007043,16,6007733,3003866.5,4247132.937,6007043,690,6008363,1201672.6,2686656.586,6007710,16,0,0,0,0,104,200,0.499293334,0.998586667,0,4344,1161.3,1643.79818,2702072.4560000002,0,0,0,1,0,0,0,0,2,1290.333333,6.0,1932.5,104,0,0,0,0,0,0,3,18,6,11595,29200,227,1,32,690.0,0.0,690,690,6007043.0,0.0,6007043,6007043,PortScan
123,72085715,8,8,384,384,48,48,48.0,0.0,48,48,48.0,0.0,10.65398325,0.221957984,4805714.333000001,14700000.0,57900000,89373,72000000,10300000.0,21100000.0,58000000,1993025,72000000,10300000.0,21100000.0,58000000,1992916,0,0,0,0,184,176,0.110978992,0.110978992,48,48,48.0,0.0,0.0,0,0,0,0,0,0,0,0,1,51.0,48.0,48.0,184,0,0,0,0,0,0,8,384,8,384,-1,-1,7,0,14100000.0,0.0,14100000,14100000,57900000.0,0.0,57900000,57900000,BENIGN
135,75,1,1,0,0,0,0,0.0,0.0,0,0,0.0,0.0,0.0,26666.66667,75.0,0.0,75,75,0,0.0,0.0,0,0,0,0.0,0.0,0,0,0,0,0,0,20,20,13333.33333,13333.33333,0,0,0.0,0.0,0.0,0,0,0,0,1,1,0,0,1,0.0,0.0,0.0,20,0,0,0,0,0,0,1,0,1,0,255,2052,0,20,0.0,0.0,0,0,0.0,0.0,0,0,BENIGN
88,706,7,4,2794,2820,1397,0,399.14285710000007,681.666201,1410,0,705.0,814.0638796000001,7951841.36,15580.73654,70.6,81.23108327,273,1,706,117.66666670000001,174.5080705,469,1,521,173.66666669999998,217.6610515,425,48,0,0,0,0,164,104,9915.014164,5665.722379999999,0,1410,467.83333330000005,691.0467467,477545.6061,0,0,0,1,0,0,0,0,0,510.3636364,399.14285710000007,705.0,164,0,0,0,0,0,0,7,2794,4,2820,8192,2053,2,20,0.0,0.0,0,0,0.0,0.0,0,0,BENIGN
389,33799,13,14,5754,940,1684,0,442.61538459999997,660.3381127,210,0,67.14285714,94.37637998,198053.1968,798.8402024000001,1299.961538,4133.934644,18804,1,33799,2816.583333,5976.5385,18905,3,33723,2594.076923,5747.671303,19064,1,0,0,0,0,284,304,384.6267641,414.2134383,0,1684,239.0714286,485.26151239999996,235478.7354,0,0,0,1,0,0,0,0,1,247.9259259,442.61538459999997,67.14285714,284,0,0,0,0,0,0,13,5754,14,940,8192,0,8,20,0.0,0.0,0,0,0.0,0.0,0,0,BENIGN
1123,1,2,0,31,0,31,0,15.5,21.92031022,0,0,0.0,0.0,31000000.0,2000000.0,1.0,0.0,1,1,1,1.0,0.0,1,1,0,0.0,0.0,0,0,1,0,0,0,40,0,2000000.0,0.0,0,31,20.66666667,17.89785834,320.3333333,0,1,0,0,1,0,0,0,0,31.0,15.5,0.0,40,0,0,0,0,0,0,2,31,0,0,946,-1,0,20,0.0,0.0,0,0,0.0,0.0,0,0,BENIGN
80,1080,3,1,0,0,0,0,0.0,0.0,0,0,0.0,0.0,0.0,3703.703704,360.0,479.1586376,911,41,1080,540.0,705.6925676,1039,41,0,0.0,0.0,0,0,0,0,0,0,104,40,2777.777778,925.9259258999999,0,0,0.0,0.0,0.0,0,0,0,1,0,0,0,0,0,0.0,0.0,0.0,104,0,0,0,0,0,0,3,0,1,0,29200,28960,0,32,0.0,0.0,0,0,0.0,0.0,0,0,PortScan
444,121,1,1,2,6,2,2,2.0,0.0,6,6,6.0,0.0,66115.70247999999,16528.925619999998,121.0,0.0,121,121,0,0.0,0.0,0,0,0,0.0,0.0,0,0,0,0,0,0,24,20,8264.462809999999,8264.462809999999,2,6,3.333333333,2.309401077,5.333333333,0,0,0,1,0,0,0,0,1,5.0,2.0,6.0,24,0,0,0,0,0,0,1,2,1,6,1024,0,0,24,0.0,0.0,0,0,0.0,0.0,0,0,PortScan
123,67016042,7,7,336,336,48,48,48.0,0.0,48,48,48.0,0.0,10.02744985,0.208905205,5155080.154,15600000.0,57000000,16153,67000000,11200000.0,22500000.0,57000000,1999904,67000000,11200000.0,22500000.0,57000000,1999750,0,0,0,0,156,156,0.104452603,0.104452603,48,48,48.0,0.0,0.0,0,0,0,0,0,0,0,0,1,51.42857143,48.0,48.0,156,0,0,0,0,0,0,7,336,7,336,-1,-1,6,0,10000000.0,0.0,10000000,10000000,57000000.0,0.0,57000000,57000000,BENIGN
58892,2,1,1,0,0,0,0,0.0,0.0,0,0,0.0,0.0,0.0,1000000.0,2.0,0.0,2,2,0,0.0,0.0,0,0,0,0.0,0.0,0,0,0,0,0,0,32,32,500000.0,500000.0,0,0,0.0,0.0,0.0,0,0,0,0,1,0,0,0,1,0.0,0.0,0.0,32,0,0,0,0,0,0,1,0,1,0,2081,237,0,32,0.0,0.0,0,0,0.0,0.0,0,0,BENIGN
88,2687,9,6,3074,3010,1537,0,341.55555560000005,677.7532942,1505,0,501.66666669999995,777.1786581,2264235.207,5582.433940999999,191.9285714,423.9485572,1505,3,2687,335.875,542.269421,1505,3,1091,218.2,322.49217039999996,730,4,0,0,0,0,204,144,3349.460365,2232.9735760000003,0,1537,380.25,680.2620573,462756.4667,0,0,0,1,0,0,0,0,0,405.6,341.55555560000005,501.66666669999995,204,0,0,0,0,0,0,9,3074,6,3010,8192,2053,2,20,0.0,0.0,0,0,0.0,0.0,0,0,BENIGN
26654,80394,15,6,20514,0,2896,0,1367.6,1152.338232,0,0,0.0,0.0,255168.2961,261.21352340000004,4019.7,17439.68857,78092,1,80394,5742.428571,20829.41618,78092,2,78344,15668.8,35032.0298,78336,1,0,0,0,0,496,208,186.58108810000002,74.63243526,0,2896,932.4545455,1144.696705,1310330.545,0,0,0,1,0,0,0,0,0,976.8571429,1367.6,0.0,496,0,0,0,0,0,0,15,20514,6,0,29200,362,10,32,0.0,0.0,0,0,0.0,0.0,0,0,BENIGN
21,4091,4,2,0,20,0,0,0.0,0.0,20,0,10.0,14.14213562,4888.780249,1466.634075,818.2,961.4240480000001,2459,72,4091,1363.666667,1638.296778,3235,188,3055,3055.0,0.0,3055,3055,0,0,0,0,136,72,977.7560499,488.87802489999996,0,20,2.857142857,7.55928946,57.14285714,0,0,0,1,0,0,0,0,0,3.333333333,0.0,10.0,136,0,0,0,0,0,0,4,0,2,20,29200,227,0,32,0.0,0.0,0,0,0.0,0.0,0,0,PortScan
80,764,3,1,0,0,0,0,0.0,0.0,0,0,0.0,0.0,0.0,5235.602094,254.66666669999998,302.615818,599,31,764,382.0,496.3889603999999,733,31,0,0.0,0.0,0,0,0,0,0,0,104,40,3926.701571,1308.9005240000001,0,0,0.0,0.0,0.0,0,0,0,1,0,0,0,0,0,0.0,0.0,0.0,104,0,0,0,0,0,0,3,0,1,0,29200,28960,0,32,0.0,0.0,0,0,0.0,0.0,0,0,PortScan
22,28270,4,2,0,41,0,0,0.0,0.0,41,0,20.5,28.99137803,1450.300672,212.2391227,5654.0,11109.220290000001,25512,107,28270,9423.333333,14583.25274,26259,703,26108,26108.0,0.0,26108,26108,0,0,0,0,136,72,141.4927485,70.74637425,0,41,5.857142857,15.49654339,240.1428571,0,0,0,1,0,0,0,0,0,6.833333333,0.0,20.5,136,0,0,0,0,0,0,4,0,2,41,29200,227,0,32,0.0,0.0,0,0,0.0,0.0,0,0,PortScan
389,21500,13,11,5458,940,1536,0,419.84615379999997,614.730679,210,0,85.45454545,99.28581332,297581.3953,1116.2790699999998,934.7826087000001,4112.6702780000005,19792,2,21500,1791.6666670000002,5705.602324,19895,2,21443,2144.3,6286.328076,20028,3,0,0,0,0,284,244,604.6511628,511.62790700000005,0,1536,255.92,472.92414119999995,223657.2433,0,0,0,1,0,0,0,0,0,266.5833333,419.84615379999997,85.45454545,284,0,0,0,0,0,0,13,5458,11,940,8192,0,8,20,0.0,0.0,0,0,0.0,0.0,0,0,BENIGN
80,101,1,1,0,0,0,0,0.0,0.0,0,0,0.0,0.0,0.0,19801.9802,101.0,0.0,101,101,0,0.0,0.0,0,0,0,0.0,0.0,0,0,0,0,0,0,32,32,9900.990098999999,9900.990098999999,0,0,0.0,0.0,0.0,0,0,0,0,1,1,0,0,1,0.0,0.0,0.0,32,0,0,0,0,0,0,1,0,1,0,253,243,0,32,0.0,0.0,0,0,0.0,0.0,0,0,PortScan
443,2583611,2,2,0,0,0,0,0.0,0.0,0,0,0.0,0.0,0.0,1.548220688,861203.6667,1329216.3,2392069,92,191542,191542.0,0.0,191542,191542,2392161,2392161.0,0.0,2392161,2392161,0,0,0,0,72,72,0.774110344,0.774110344,0,0,0.0,0.0,0.0,0,0,0,1,0,0,0,0,1,0.0,0.0,0.0,72,0,0,0,0,0,0,2,0,2,0,29200,227,0,32,0.0,0.0,0,0,0.0,0.0,0,0,BENIGN
443,67,1,1,2,6,2,2,2.0,0.0,6,6,6.0,0.0,119402.9851,29850.74627,67.0,0.0,67,67,0,0.0,0.0,0,0,0,0.0,0.0,0,0,0,0,0,0,24,20,14925.373130000002,14925.373130000002,2,6,3.333333333,2.309401077,5.333333333,0,0,0,1,0,0,0,0,1,5.0,2.0,6.0,24,0,0,0,0,0,0,1,2,1,6,1024,0,0,24,0.0,0.0,0,0,0.0,0.0,0,0,PortScan
80,2123,6,5,62,11576,62,0,10.33333333,25.31139401,5784,0,2315.2,2627.781422,5481865.285,5181.34715,212.3,291.04602539999996,863,3,2123,424.6,465.7566961,945,3,1194,298.5,427.00312249999996,934,48,0,0,0,0,200,168,2826.189355,2355.157796,0,5784,969.8333332999998,1980.3264120000001,3921692.6969999997,0,0,0,1,0,0,0,0,0,1058.0,10.33333333,2315.2,200,0,0,0,0,0,0,6,62,5,11576,29200,227,1,32,0.0,0.0,0,0,0.0,0.0,0,0,PortScan
22,648,2,1,8,2,6,2,4.0,2.828427125,2,2,2.0,0.0,15432.098769999999,4629.629629999999,324.0,278.6000718,521,127,648,648.0,0.0,648,648,0,0.0,0.0,0,0,0,0,0,0,44,24,3086.419753,1543.209877,2,6,3.0,2.0,4.0,0,0,0,1,0,0,0,0,0,4.0,4.0,2.0,44,0,0,0,0,0,0,2,8,1,2,1024,29200,1,20,0.0,0.0,0,0,0.0,0.0,0,0,PortScan
22,721,3,1,0,0,0,0,0.0,0.0,0,0,0.0,0.0,0.0,5547.850208,240.33333330000002,383.3723169,683,16,721,360.5,487.1965722,705,16,0,0.0,0.0,0,0,0,0,0,0,104,40,4160.887656,1386.962552,0,0,0.0,0.0,0.0,0,0,0,1,0,0,0,0,0,0.0,0.0,0.0,104,0,0,0,0,0,0,3,0,1,0,29200,28960,0,32,0.0,0.0,0,0,0.0,0.0,0,0,PortScan
43540,291,5,1,407,0,258,0,81.4,102.16310490000001,0,0,0.0,0.0,1398625.43,20618.5567,58.2,76.96557672,189,1,291,72.75,113.63501509999999,240,1,0,0.0,0.0,0,0,1,0,0,0,160,20,17182.13058,3436.426117,0,258,95.0,114.2132508,13044.66667,0,1,0,0,1,0,0,0,0,110.83333329999999,81.4,0.0,160,0,0,0,0,0,0,5,407,1,0,118,0,3,32,0.0,0.0,0,0,0.0,0.0,0,0,BENIGN
51070,4,3,0,0,0,0,0,0.0,0.0,0,0,0.0,0.0,0.0,750000.0,2.0,1.4142135619999998,3,1,4,2.0,1.4142135619999998,3,1,0,0.0,0.0,0,0,0,0,0,0,108,0,750000.0,0.0,0,0,0.0,0.0,0.0,0,0,0,0,1,0,0,0,0,0.0,0.0,0.0,108,0,0,0,0,0,0,3,0,0,0,115,-1,0,32,0.0,0.0,0,0,0.0,0.0,0,0,BENIGN
443,729,2,0,0,0,0,0,0.0,0.0,0,0,0.0,0.0,0.0,2743.484225,729.0,0.0,729,729,729,729.0,0.0,729,729,0,0.0,0.0,0,0,0,0,0,0,64,0,2743.484225,0.0,0,0,0.0,0.0,0.0,0,0,0,0,1,0,0,0,0,0.0,0.0,0.0,64,0,0,0,0,0,0,2,0,0,0,247,-1,0,32,0.0,0.0,0,0,0.0,0.0,0,0,BENIGN
389,5167,13,11,4130,5688,1672,0,317.6923077,614.2608546,2634,0,517.0909091,871.4825821000001,1900135.475,4644.861621999999,224.6521739,658.0233215,3074,1,5167,430.58333330000005,940.6241117999999,3074,1,5098,509.8,995.7235002,3180,1,0,0,0,0,284,244,2515.966712,2128.89491,0,2634,392.72,722.2699472,521673.8767,0,0,0,1,0,0,0,0,0,409.0833333,317.6923077,517.0909091,284,0,0,0,0,0,0,13,4130,11,5688,8192,0,6,20,0.0,0.0,0,0,0.0,0.0,0,0,BENIGN
21,871,2,1,8,2,6,2,4.0,2.828427125,2,2,2.0,0.0,11481.05626,3444.316877,435.5,441.94173820000003,748,123,871,871.0,0.0,871,871,0,0.0,0.0,0,0,0,0,0,0,44,24,2296.211251,1148.105626,2,6,3.0,2.0,4.0,0,0,0,1,0,0,0,0,0,4.0,4.0,2.0,44,0,0,0,0,0,0,2,8,1,2,1024,29200,1,20,0.0,0.0,0,0,0.0,0.0,0,0,PortScan
443,639150,11,11,564,4085,198,0,51.27272727,74.70487388,1460,0,371.36363639999996,567.9514544,7273.722913,34.42071501,30435.714289999996,57025.30932000001,215962,1,639150,63915.0,69930.09811,215962,3,578146,57814.6,98798.85421,260187,1,0,0,0,0,232,232,17.21035751,17.21035751,0,1460,202.13043480000002,420.3748656,176715.0277,0,0,0,1,0,0,0,0,1,211.3181818,51.27272727,371.36363639999996,232,0,0,0,0,0,0,11,564,11,4085,8192,123,5,20,0.0,0.0,0,0,0.0,0.0,0,0,BENIGN
80,892,3,1,0,0,0,0,0.0,0.0,0,0,0.0,0.0,0.0,4484.304932999999,297.3333333,419.08511469999996,781,42,892,446.0,571.3422792,850,42,0,0.0,0.0,0,0,0,0,0,0,104,40,3363.2287,1121.076233,0,0,0.0,0.0,0.0,0,0,0,1,0,0,0,0,0,0.0,0.0,0.0,104,0,0,0,0,0,0,3,0,1,0,29200,28960,0,32,0.0,0.0,0,0,0.0,0.0,0,0,PortScan
443,71019154,40,47,1310,63668,517,0,32.75,111.07764669999999,3864,0,1354.638298,1087.173448,914.936272,1.2250216329999999,825804.1163,2616896.894,10000000,0,61500000,1577035.513,3505645.035,10200000,48,70900000,1540663.37,3494563.8989999997,10200000,2,0,0,0,0,1288,1512,0.5632283370000001,0.661793296,0,3864,738.3863636,1034.8072,1070825.9409999999,0,0,0,1,0,0,0,0,1,746.8735632,32.75,1354.638298,1288,0,0,0,0,0,0,40,1310,47,63668,29200,252,4,32,717506.0,1435892.074,3971244,148771,9428080.714,1273501.011,10000000,6591485,BENIGN
444,157,1,1,2,6,2,2,2.0,0.0,6,6,6.0,0.0,50955.41401,12738.8535,157.0,0.0,157,157,0,0.0,0.0,0,0,0,0.0,0.0,0,0,0,0,0,0,24,20,6369.426752,6369.426752,2,6,3.333333333,2.309401077,5.333333333,0,0,0,1,0,0,0,0,1,5.0,2.0,6.0,24,0,0,0,0,0,0,1,2,1,6,1024,0,0,24,0.0,0.0,0,0,0.0,0.0,0,0,PortScan
443,119,1,1,2,6,2,2,2.0,0.0,6,6,6.0,0.0,67226.89076000001,16806.722690000002,119.0,0.0,119,119,0,0.0,0.0,0,0,0,0.0,0.0,0,0,0,0,0,0,24,20,8403.361345000001,8403.361345000001,2,6,3.333333333,2.309401077,5.333333333,0,0,0,1,0,0,0,0,1,5.0,2.0,6.0,24,0,0,0,0,0,0,1,2,1,6,1024,0,0,24,0.0,0.0,0,0,0.0,0.0,0,0,PortScan
443,44,1,1,0,6,0,0,0.0,0.0,6,6,6.0,0.0,136363.6364,45454.54545,44.0,0.0,44,44,0,0.0,0.0,0,0,0,0.0,0.0,0,0,0,0,0,0,40,20,22727.27273,22727.27273,0,6,2.0,3.464101615,12.0,0,0,0,1,0,0,0,0,1,3.0,0.0,6.0,40,0,0,0,0,0,0,1,0,1,6,29200,0,0,40,0.0,0.0,0,0,0.0,0.0,0,0,PortScan
444,95,1,1,0,6,0,0,0.0,0.0,6,6,6.0,0.0,63157.894739999996,21052.63158,95.0,0.0,95,95,0,0.0,0.0,0,0,0,0.0,0.0,0,0,0,0,0,0,40,20,10526.31579,10526.31579,0,6,2.0,3.464101615,12.0,0,0,0,1,0,0,0,0,1,3.0,0.0,6.0,40,0,0,0,0,0,0,1,0,1,6,29200,0,0,40,0.0,0.0,0,0,0.0,0.0,0,0,PortScan
53,48291,1,1,101,165,101,101,101.0,0.0,165,165,165.0,0.0,5508.272763,41.41558468,48291.0,0.0,48291,48291,0,0.0,0.0,0,0,0,0.0,0.0,0,0,0,0,0,0,20,20,20.70779234,20.70779234,101,165,122.33333329999999,36.95041723,1365.333333,0,0,0,0,0,0,0,0,1,183.5,101.0,165.0,20,0,0,0,0,0,0,1,101,1,165,-1,-1,0,20,0.0,0.0,0,0,0.0,0.0,0,0,BENIGN
443,550624,10,8,533,4162,200,0,53.3,74.4506548,1430,0,520.25,633.3310464,8526.689719,32.69018423,32389.647060000003,50292.25329,188830,3,550624,61180.44444,59108.15617,188830,3,469488,67069.71429,95574.52022,237549,5,0,0,0,0,212,172,18.16121346,14.52897077,0,1430,247.10526319999997,464.94765470000004,216176.3216,0,0,0,1,0,0,0,0,0,260.8333333,53.3,520.25,212,0,0,0,0,0,0,10,533,8,4162,8192,176,5,20,0.0,0.0,0,0,0.0,0.0,0,0,BENIGN
443,656,2,0,0,0,0,0,0.0,0.0,0,0,0.0,0.0,0.0,3048.780488,656.0,0.0,656,656,656,656.0,0.0,656,656,0,0.0,0.0,0,0,0,0,0,0,64,0,3048.780488,0.0,0,0,0.0,0.0,0.0,0,0,0,0,1,0,0,0,0,0.0,0.0,0.0,64,0,0,0,0,0,0,2,0,0,0,801,-1,0,32,0.0,0.0,0,0,0.0,0.0,0,0,BENIGN
53,23608,1,1,50,105,50,50,50.0,0.0,105,105,105.0,0.0,6565.570993,84.71704507,23608.0,0.0,23608,23608,0,0.0,0.0,0,0,0,0.0,0.0,0,0,0,0,0,0,20,20,42.35852253,42.35852253,50,105,68.33333333,31.75426481,1008.333333,0,0,0,0,0,0,0,0,1,102.5,50.0,105.0,20,0,0,0,0,0,0,1,50,1,105,-1,-1,0,20,0.0,0.0,0,0,0.0,0.0,0,0,BENIGN
53,48352,1,1,101,165,101,101,101.0,0.0,165,165,165.0,0.0,5501.323627000001,41.36333554,48352.0,0.0,48352,48352,0,0.0,0.0,0,0,0,0.0,0.0,0,0,0,0,0,0,0,0,20.68166777,20.68166777,101,165,122.33333329999999,36.95041723,1365.333333,0,0,0,0,0,0,0,0,1,183.5,101.0,165.0,0,0,0,0,0,0,0,1,101,1,165,-1,-1,0,0,0.0,0.0,0,0,0.0,0.0,0,0,BENIGN
444,124,1,1,2,6,2,2,2.0,0.0,6,6,6.0,0.0,64516.12903,16129.03226,124.0,0.0,124,124,0,0.0,0.0,0,0,0,0.0,0.0,0,0,0,0,0,0,24,20,8064.516129000001,8064.516129000001,2,6,3.333333333,2.309401077,5.333333333,0,0,0,1,0,0,0,0,1,5.0,2.0,6.0,24,0,0,0,0,0,0,1,2,1,6,1024,0,0,24,0.0,0.0,0,0,0.0,0.0,0,0,PortScan
123,70024132,3,3,144,144,48,48,48.0,0.0,48,48,48.0,0.0,4.112867832,0.08568474699999999,14000000.0,28600000.0,65000000,36781,70000000,35000000.0,42400000.0,65000000,4991701,70000000,35000000.0,42400000.0,65000000,4991774,0,0,0,0,72,72,0.042842372999999996,0.042842372999999996,48,48,48.0,0.0,0.0,0,0,0,0,0,0,0,0,1,56.0,48.0,48.0,72,0,0,0,0,0,0,3,144,3,144,-1,-1,2,20,5028603.0,0.0,5028603,5028603,65000000.0,0.0,65000000,65000000,BENIGN
443,74,1,1,0,6,0,0,0.0,0.0,6,6,6.0,0.0,81081.08107999999,27027.02703,74.0,0.0,74,74,0,0.0,0.0,0,0,0,0.0,0.0,0,0,0,0,0,0,40,20,13513.513509999999,13513.513509999999,0,6,2.0,3.464101615,12.0,0,0,0,1,0,0,0,0,1,3.0,0.0,6.0,40,0,0,0,0,0,0,1,0,1,6,29200,0,0,40,0.0,0.0,0,0,0.0,0.0,0,0,PortScan
88,914,9,4,626,3064,313,0,69.55555556,138.0200267,1532,0,766.0,884.5006124,4037199.125,14223.19475,76.16666667,191.73648269999998,680,1,914,114.25,276.512335,796,1,824,274.6666667,393.46452610000006,729,47,0,0,0,0,204,104,9846.827133,4376.367615,0,1532,263.5714286,548.9435607999999,301339.033,0,0,0,1,0,0,0,0,0,283.8461538,69.55555556,766.0,204,0,0,0,0,0,0,9,626,4,3064,8192,2053,2,20,0.0,0.0,0,0,0.0,0.0,0,0,BENIGN
88,662,7,4,466,412,233,0,66.57142857,113.6923585,206,0,103.0,118.93415549999999,1326283.988,16616.3142,66.2,131.312858,425,1,662,110.33333329999999,214.547586,545,1,492,164.0,277.9946043,485,3,0,0,0,0,164,104,10574.01813,6042.2960729999995,0,233,73.16666667,108.38050259999999,11746.33333,0,0,0,1,0,0,0,0,0,79.81818182,66.57142857,103.0,164,0,0,0,0,0,0,7,466,4,412,8192,2053,2,20,0.0,0.0,0,0,0.0,0.0,0,0,BENIGN
43970,249,2,1,258,0,258,0,129.0,182.4335495,0,0,0.0,0.0,1036144.578,12048.19277,124.5,84.14570696,184,65,249,249.0,0.0,249,249,0,0.0,0.0,0,0,1,0,0,0,64,20,8032.128514,4016.064257,0,258,129.0,148.9563695,22188.0,0,1,0,0,1,0,0,0,0,172.0,129.0,0.0,64,0,0,0,0,0,0,2,258,1,0,130,0,0,32,0.0,0.0,0,0,0.0,0.0,0,0,BENIGN
443,92,1,1,0,6,0,0,0.0,0.0,6,6,6.0,0.0,65217.3913,21739.13043,92.0,0.0,92,92,0,0.0,0.0,0,0,0,0.0,0.0,0,0,0,0,0,0,40,20,10869.56522,10869.56522,0,6,2.0,3.464101615,12.0,0,0,0,1,0,0,0,0,1,3.0,0.0,6.0,40,0,0,0,0,0,0,1,0,1,6,29200,0,0,40,0.0,0.0,0,0,0.0,0.0,0,0,PortScan
80,128063,3,2,427,654,427,0,142.33333330000002,246.52856490000002,654,0,327.0,462.4478348999999,8441.157868,39.04328338,32015.75,28663.53747,69768,33,98825,49412.5,28787.02417,69768,29057,99039,99039.0,0.0,99039,99039,0,0,0,0,72,44,23.42597003,15.61731335,0,654,180.16666669999998,288.196056,83056.96667000001,0,0,0,1,0,0,0,0,0,216.2,142.33333330000002,327.0,72,0,0,0,0,0,0,3,427,2,654,8192,16384,1,20,0.0,0.0,0,0,0.0,0.0,0,0,BENIGN
53,23667,1,1,63,79,63,63,63.0,0.0,79,79,79.0,0.0,5999.915494,84.50585203,23667.0,0.0,23667,23667,0,0.0,0.0,0,0,0,0.0,0.0,0,0,0,0,0,0,20,20,42.25292602,42.25292602,63,79,68.33333333,9.237604307,85.33333333,0,0,0,0,0,0,0,0,1,102.5,63.0,79.0,20,0,0,0,0,0,0,1,63,1,79,-1,-1,0,20,0.0,0.0,0,0,0.0,0.0,0,0,BENIGN
88,1051,9,6,3110,3108,1555,0,345.55555560000005,685.6905481000001,1554,0,518.0,802.4821493,5916270.219,14272.121790000001,75.07142857,202.0314006,773,1,1051,131.375,316.34517200000005,911,1,964,192.8,329.06108860000006,773,1,0,0,0,0,304,208,8563.273073,5708.8487159999995,0,1555,388.625,695.1935822,483294.1167,0,0,0,1,0,0,0,0,0,414.53333330000004,345.55555560000005,518.0,304,0,0,0,0,0,0,9,3110,6,3108,29200,2081,2,32,0.0,0.0,0,0,0.0,0.0,0,0,BENIGN
37065,19,3,0,0,0,0,0,0.0,0.0,0,0,0.0,0.0,0.0,157894.7368,9.5,7.778174592999999,15,4,19,9.5,7.778174592999999,15,4,0,0.0,0.0,0,0,0,0,0,0,96,0,157894.7368,0.0,0,0,0.0,0.0,0.0,0,0,0,0,1,0,0,0,0,0.0,0.0,0.0,96,0,0,0,0,0,0,3,0,0,0,395,-1,0,32,0.0,0.0,0,0,0.0,0.0,0,0,BENIGN
443,6895,2,0,0,0,0,0,0.0,0.0,0,0,0.0,0.0,0.0,290.0652647,6895.0,0.0,6895,6895,6895,6895.0,0.0,6895,6895,0,0.0,0.0,0,0,0,0,0,0,40,0,290.0652647,0.0,0,0,0.0,0.0,0.0,0,0,0,0,1,0,0,0,0,0.0,0.0,0.0,40,0,0,0,0,0,0,2,0,0,0,253,-1,0,20,0.0,0.0,0,0,0.0,0.0,0,0,BENIGN
80,3675,2,0,0,0,0,0,0.0,0.0,0,0,0.0,0.0,0.0,544.2176871,3675.0,0.0,3675,3675,3675,3675.0,0.0,3675,3675,0,0.0,0.0,0,0,0,0,0,0,40,0,544.2176871,0.0,0,0,0.0,0.0,0.0,0,0,0,0,1,0,0,0,0,0.0,0.0,0.0,40,0,0,0,0,0,0,2,0,0,0,64130,-1,0,20,0.0,0.0,0,0,0.0,0.0,0,0,BENIGN
57731,1655,6,4,6333,0,2796,0,1055.5,1057.451985,0,0,0.0,0.0,3826586.103,6042.2960729999995,183.88888889999998,325.0013248,1034,2,1655,331.0,403.42161569999996,1034,2,462,154.0,94.88413988,231,48,0,0,0,0,192,80,3625.3776439999997,2416.918429,0,2796,575.7272727000001,928.9469405,862942.4182,0,0,0,0,1,0,0,0,0,633.3,1055.5,0.0,192,0,0,0,0,0,0,6,6333,4,0,115,0,4,32,0.0,0.0,0,0,0.0,0.0,0,0,BENIGN
443,110,1,1,0,6,0,0,0.0,0.0,6,6,6.0,0.0,54545.45455,18181.818180000002,110.0,0.0,110,110,0,0.0,0.0,0,0,0,0.0,0.0,0,0,0,0,0,0,40,20,9090.909091,9090.909091,0,6,2.0,3.464101615,12.0,0,0,0,1,0,0,0,0,1,3.0,0.0,6.0,40,0,0,0,0,0,0,1,0,1,6,29200,0,0,40,0.0,0.0,0,0,0.0,0.0,0,0,PortScan
443,123,1,1,2,6,2,2,2.0,0.0,6,6,6.0,0.0,65040.65041,16260.1626,123.0,0.0,123,123,0,0.0,0.0,0,0,0,0.0,0.0,0,0,0,0,0,0,24,20,8130.081301,8130.081301,2,6,3.333333333,2.309401077,5.333333333,0,0,0,1,0,0,0,0,1,5.0,2.0,6.0,24,0,0,0,0,0,0,1,2,1,6,1024,0,0,24,0.0,0.0,0,0,0.0,0.0,0,0,PortScan
80,35665,2,0,0,0,0,0,0.0,0.0,0,0,0.0,0.0,0.0,56.07738679,35665.0,0.0,35665,35665,35665,35665.0,0.0,35665,35665,0,0.0,0.0,0,0,0,0,0,0,40,0,56.07738679,0.0,0,0,0.0,0.0,0.0,0,0,0,0,1,0,0,0,0,0.0,0.0,0.0,40,0,0,0,0,0,0,2,0,0,0,256,-1,0,20,0.0,0.0,0,0,0.0,0.0,0,0,BENIGN
1279,42010,3,0,0,0,0,0,0.0,0.0,0,0,0.0,0.0,0.0,71.41156867,21005.0,29701.313239999996,42007,3,42010,21005.0,29701.313239999996,42007,3,0,0.0,0.0,0,0,0,0,0,0,60,0,71.41156867,0.0,0,0,0.0,0.0,0.0,0,0,0,0,1,0,0,0,0,0.0,0.0,0.0,60,0,0,0,0,0,0,3,0,0,0,176,-1,0,20,0.0,0.0,0,0,0.0,0.0,0,0,BENIGN
389,4036,13,11,4076,1020,1646,0,313.53846150000004,596.249195,210,0,92.72727273,91.46266004,1262636.274,5946.481665,175.4782609,407.0568276,1701,1,4036,336.3333333,575.2944437000001,1701,1,3994,399.4,576.4620446,1733,47,0,0,0,0,284,244,3221.010902,2725.470763,0,1646,203.84,441.7581993,195150.3067,0,0,0,1,0,0,0,0,0,212.33333330000002,313.53846150000004,92.72727273,284,0,0,0,0,0,0,13,4076,11,1020,8192,0,8,20,0.0,0.0,0,0,0.0,0.0,0,0,BENIGN
123,69027645,7,7,336,336,48,48,48.0,0.0,48,48,48.0,0.0,9.735229993999999,0.20281729199999998,5309818.846,16200000.0,59000000,27658,69000000,11500000.0,23300000.0,59000000,1999943,69000000,11500000.0,23300000.0,59000000,1999564,0,0,0,0,152,152,0.10140864599999999,0.10140864599999999,48,48,48.0,0.0,0.0,0,0,0,0,0,0,0,0,1,51.42857143,48.0,48.0,152,0,0,0,0,0,0,7,336,7,336,-1,-1,6,20,10000000.0,0.0,10000000,10000000,59000000.0,0.0,59000000,59000000,BENIGN
123,66021966,7,7,336,336,48,48,48.0,0.0,48,48,48.0,0.0,10.17843062,0.212050638,5078612.768999999,15300000.0,56000000,22006,66000000,11000000.0,22000000.0,56000000,1999896,66000000,11000000.0,22000000.0,56000000,1999801,0,0,0,0,164,164,0.106025319,0.106025319,48,48,48.0,0.0,0.0,0,0,0,0,0,0,0,0,1,51.42857143,48.0,48.0,164,0,0,0,0,0,0,7,336,7,336,-1,-1,6,20,10000000.0,0.0,10000000,10000000,56000000.0,0.0,56000000,56000000,BENIGN
80,6005722,3,6,18,11595,18,0,6.0,10.39230485,4344,0,1932.5,1754.831473,1933.655937,1.498570863,750715.25,2122747.394,6004247,17,6004973,3002486.5,4245130.41,6004247,726,6005563,1201112.6,2685423.953,6004945,17,0,0,0,0,104,200,0.49952362100000003,0.9990472420000001,0,4344,1161.3,1643.79818,2702072.4560000002,0,0,0,1,0,0,0,0,2,1290.333333,6.0,1932.5,104,0,0,0,0,0,0,3,18,6,11595,29200,227,1,32,726.0,0.0,726,726,6004247.0,0.0,6004247,6004247,PortScan
1140,244,2,0,0,0,0,0,0.0,0.0,0,0,0.0,0.0,0.0,8196.721311,244.0,0.0,244,244,244,244.0,0.0,244,244,0,0.0,0.0,0,0,0,0,0,0,40,0,8196.721311,0.0,0,0,0.0,0.0,0.0,0,0,0,0,1,0,0,0,0,0.0,0.0,0.0,40,0,0,0,0,0,0,2,0,0,0,360,-1,0,20,0.0,0.0,0,0,0.0,0.0,0,0,BENIGN
3268,53502,18,13,4112,6798,1313,0,228.4444444,416.9378882,3069,0,522.9230769,942.6004332999998,203917.6106,579.4175918999999,1783.4,7335.036439,38620,0,53502,3147.176471,9703.190817,38863,1,14862,1238.5,3816.7272390000003,13346,3,0,0,0,0,592,432,336.4360211,242.98157080000001,0,3069,340.9375,681.3588386,464249.8669,0,0,0,1,0,0,0,0,0,351.93548389999995,228.4444444,522.9230769,592,0,0,0,0,0,0,18,4112,13,6798,29200,2081,10,32,0.0,0.0,0,0,0.0,0.0,0,0,BENIGN
88,773,9,4,612,2944,306,0,68.0,134.9333169,1472,0,736.0,849.8595962000002,4600258.732,16817.59379,64.41666667,148.6982658,531,1,773,96.625,196.6657335,580,1,675,225.0,348.90113210000004,627,1,0,0,0,0,204,104,11642.94955,5174.644243,0,1472,254.0,527.5207615,278278.1538,0,0,0,1,0,0,0,0,0,273.53846150000004,68.0,736.0,204,0,0,0,0,0,0,9,612,4,2944,8192,2053,2,20,0.0,0.0,0,0,0.0,0.0,0,0,BENIGN
443,54,1,1,2,6,2,2,2.0,0.0,6,6,6.0,0.0,148148.1481,37037.037039999996,54.0,0.0,54,54,0,0.0,0.0,0,0,0,0.0,0.0,0,0,0,0,0,0,24,20,18518.518519999998,18518.518519999998,2,6,3.333333333,2.309401077,5.333333333,0,0,0,1,0,0,0,0,1,5.0,2.0,6.0,24,0,0,0,0,0,0,1,2,1,6,1024,0,0,24,0.0,0.0,0,0,0.0,0.0,0,0,PortScan
1127,47,2,0,31,0,31,0,15.5,21.92031022,0,0,0.0,0.0,659574.4681,42553.19149,47.0,0.0,47,47,47,47.0,0.0,47,47,0,0.0,0.0,0,0,1,0,0,0,40,0,42553.19149,0.0,0,31,20.66666667,17.89785834,320.3333333,0,1,0,0,1,0,0,0,0,31.0,15.5,0.0,40,0,0,0,0,0,0,2,31,0,0,946,-1,0,20,0.0,0.0,0,0,0.0,0.0,0,0,BENIGN
80,1328,2,0,0,0,0,0,0.0,0.0,0,0,0.0,0.0,0.0,1506.024096,1328.0,0.0,1328,1328,1328,1328.0,0.0,1328,1328,0,0.0,0.0,0,0,0,0,0,0,40,0,1506.024096,0.0,0,0,0.0,0.0,0.0,0,0,0,0,1,0,0,0,0,0.0,0.0,0.0,40,0,0,0,0,0,0,2,0,0,0,253,-1,0,20,0.0,0.0,0,0,0.0,0.0,0,0,BENIGN
22,231,1,1,0,0,0,0,0.0,0.0,0,0,0.0,0.0,0.0,8658.008658,231.0,0.0,231,231,0,0.0,0.0,0,0,0,0.0,0.0,0,0,0,0,0,0,20,20,4329.004329,4329.004329,0,0,0.0,0.0,0.0,0,0,0,0,1,1,0,0,1,0.0,0.0,0.0,20,0,0,0,0,0,0,1,0,1,0,250,245,0,20,0.0,0.0,0,0,0.0,0.0,0,0,BENIGN
443,155932,9,11,533,5370,196,0,59.22222222,83.73138267,1460,0,488.1818182,650.8961235,37856.24503,128.2610369,8206.947368000001,12268.31496,28712,3,155932,19491.5,12928.45326,30533,49,101968,10196.8,16012.33004,42153,3,0,0,0,0,192,232,57.71746659,70.54357027,0,1460,281.0952381,514.1275041,264327.0905,0,0,0,1,0,0,0,0,1,295.15,59.22222222,488.1818182,192,0,0,0,0,0,0,9,533,11,5370,8192,12501,4,20,0.0,0.0,0,0,0.0,0.0,0,0,BENIGN
443,120,1,1,2,6,2,2,2.0,0.0,6,6,6.0,0.0,66666.66667,16666.66667,120.0,0.0,120,120,0,0.0,0.0,0,0,0,0.0,0.0,0,0,0,0,0,0,24,20,8333.333333,8333.333333,2,6,3.333333333,2.309401077,5.333333333,0,0,0,1,0,0,0,0,1,5.0,2.0,6.0,24,0,0,0,0,0,0,1,2,1,6,1024,0,0,24,0.0,0.0,0,0,0.0,0.0,0,0,PortScan
443,5899937,8,6,351,4275,194,0,43.875,74.71170782,1460,0,712.5,709.1678927,784.0761689,2.372906694,453841.3077,1549100.246,5606416,1,5899937,842848.1429,2102014.865,5606416,1,69631,13926.2,18856.02075,39892,48,0,0,0,0,172,132,1.355946682,1.016960012,0,1460,308.4,546.9622343,299167.6857,0,0,0,1,0,0,0,0,0,330.42857139999995,43.875,712.5,172,0,0,0,0,0,0,8,351,6,4275,8192,946,3,20,293520.0,0.0,293520,293520,5606416.0,0.0,5606416,5606416,BENIGN
80,71285,3,4,427,2267,427,0,142.33333330000002,246.52856490000002,2267,0,566.75,1133.5,37791.961839999996,98.19737673,11880.83333,14294.30206,29428,5,41194,20597.0,12423.86615,29382,11812,41915,13971.666669999999,23627.717669999998,41252,5,0,0,0,0,72,84,42.08459003,56.11278670000001,0,2267,336.75,794.1224717,630630.5,0,0,0,1,0,0,0,0,1,384.85714289999993,142.33333330000002,566.75,72,0,0,0,0,0,0,3,427,4,2267,8192,30016,1,20,0.0,0.0,0,0,0.0,0.0,0,0,BENIGN
444,87,1,1,2,6,2,2,2.0,0.0,6,6,6.0,0.0,91954.02299,22988.50575,87.0,0.0,87,87,0,0.0,0.0,0,0,0,0.0,0.0,0,0,0,0,0,0,24,20,11494.25287,11494.25287,2,6,3.333333333,2.309401077,5.333333333,0,0,0,1,0,0,0,0,1,5.0,2.0,6.0,24,0,0,0,0,0,0,1,2,1,6,1024,0,0,24,0.0,0.0,0,0,0.0,0.0,0,0,PortScan
88,1002,9,6,3064,2990,1532,0,340.44444439999995,675.5485014,1495,0,498.33333330000005,772.0146802999999,6041916.168,14970.05988,71.57142857,179.0817236,691,1,1002,125.25,275.2483294,804,1,929,185.8,283.0780811,691,47,0,0,0,0,204,144,8982.035928,5988.0239520000005,0,1532,378.375,676.9251928,458227.7167,0,0,0,1,0,0,0,0,0,403.6,340.44444439999995,498.33333330000005,204,0,0,0,0,0,0,9,3064,6,2990,8192,2053,2,20,0.0,0.0,0,0,0.0,0.0,0,0,BENIGN
88,612,7,4,466,414,233,0,66.57142857,113.6923585,207,0,103.5,119.5115057,1437908.497,17973.856209999998,61.2,122.89543880000001,401,1,612,102.0,194.8722659,496,1,479,159.66666669999998,270.4890632,472,3,0,0,0,0,164,104,11437.9085,6535.947712,0,233,73.33333333,108.6038115,11794.78788,0,0,0,1,0,0,0,0,0,80.0,66.57142857,103.5,164,0,0,0,0,0,0,7,466,4,414,8192,2053,2,20,0.0,0.0,0,0,0.0,0.0,0,0,BENIGN
443,85,1,1,2,6,2,2,2.0,0.0,6,6,6.0,0.0,94117.64706,23529.41176,85.0,0.0,85,85,0,0.0,0.0,0,0,0,0.0,0.0,0,0,0,0,0,0,24,20,11764.70588,11764.70588,2,6,3.333333333,2.309401077,5.333333333,0,0,0,1,0,0,0,0,1,5.0,2.0,6.0,24,0,0,0,0,0,0,1,2,1,6,1024,0,0,24,0.0,0.0,0,0,0.0,0.0,0,0,PortScan
21,4289,4,2,0,20,0,0,0.0,0.0,20,0,10.0,14.14213562,4663.09163,1398.9274890000002,857.8,1018.252768,2635,49,4289,1429.666667,1538.363524,3200,418,3257,3257.0,0.0,3257,3257,0,0,0,0,136,72,932.618326,466.309163,0,20,2.857142857,7.55928946,57.14285714,0,0,0,1,0,0,0,0,0,3.333333333,0.0,10.0,136,0,0,0,0,0,0,4,0,2,20,29200,227,0,32,0.0,0.0,0,0,0.0,0.0,0,0,PortScan
80,109543074,5,3,181,1644,181,0,36.2,80.94566079,1644,0,548.0,949.1638425000001,16.66011308,0.073030633,15600000.0,41400000.0,109000000,33,110000000,27400000.0,54700000.0,109000000,80,24553,12276.5,15429.777069999998,23187,1366,0,0,0,0,112,72,0.045644145,0.027386487,0,1644,202.77777780000002,543.7632246000001,295678.4444,0,0,0,1,0,0,0,0,0,228.125,36.2,548.0,112,0,0,0,0,0,0,5,181,3,1644,65535,946,1,20,0.0,0.0,0,0,0.0,0.0,0,0,BENIGN
444,150,1,1,0,6,0,0,0.0,0.0,6,6,6.0,0.0,40000.0,13333.33333,150.0,0.0,150,150,0,0.0,0.0,0,0,0,0.0,0.0,0,0,0,0,0,0,40,20,6666.666667,6666.666667,0,6,2.0,3.464101615,12.0,0,0,0,1,0,0,0,0,1,3.0,0.0,6.0,40,0,0,0,0,0,0,1,0,1,6,29200,0,0,40,0.0,0.0,0,0,0.0,0.0,0,0,PortScan
443,1683635,12,10,561,5332,195,0,46.75,72.18678423,1460,0,533.2,667.8096535,3500.1648219999997,13.06696523,80173.09524,248773.301,1132879,2,1683635,153057.7273,337443.2789,1132879,43,316175,35130.55556,77407.17804,236383,2,0,0,0,0,252,212,7.127435577999999,5.939529649,0,1460,256.21739130000003,496.82665319999995,246836.7233,0,0,0,1,0,0,0,0,0,267.8636364,46.75,533.2,252,0,0,0,0,0,0,12,561,10,5332,8192,12501,5,20,0.0,0.0,0,0,0.0,0.0,0,0,BENIGN
123,67036702,2,2,96,96,48,48,48.0,0.0,48,48,48.0,0.0,2.8641027119999998,0.059668806,22300000.0,38600000.0,67000000,36726,67000000,67000000.0,0.0,67000000,67000000,67000000,67000000.0,0.0,67000000,67000000,0,0,0,0,52,52,0.029834403,0.029834403,48,48,48.0,0.0,0.0,0,0,0,0,0,0,0,0,1,60.0,48.0,48.0,52,0,0,0,0,0,0,2,96,2,96,-1,-1,1,20,36965.0,0.0,36965,36965,67000000.0,0.0,67000000,67000000,BENIGN
80,234094,3,4,426,2266,426,0,142.0,245.95121469999998,2266,0,566.5,1133.0,11499.65399,29.90251779,39015.66667,68098.02798,175041,4,204123,102061.5,103208.5987,175041,29082,205073,68357.66667,117505.4652,204040,4,0,0,0,0,72,84,12.81536477,17.08715302,0,2266,336.5,793.7590494,630053.4286,0,0,0,1,0,0,0,0,1,384.57142860000005,142.0,566.5,72,0,0,0,0,0,0,3,426,4,2266,8192,30016,1,20,0.0,0.0,0,0,0.0,0.0,0,0,BENIGN
138,61236758,24,0,5640,0,235,235,235.0,0.0,0,0,0.0,0.0,92.10154463,0.391921467,2662467.739,12800000.0,61200000,1,61200000,2662467.739,12800000.0,61200000,1,0,0.0,0.0,0,0,0,0,0,0,408,0,0.391921467,0.0,235,235,235.0,0.0,0.0,0,0,0,0,0,0,0,0,0,244.79166669999998,235.0,0.0,408,0,0,0,0,0,0,24,5640,0,0,-1,-1,23,14,22.0,0.0,22,22,61200000.0,0.0,61200000,61200000,BENIGN
443,8389,2,0,0,0,0,0,0.0,0.0,0,0,0.0,0.0,0.0,238.4074383,8389.0,0.0,8389,8389,8389,8389.0,0.0,8389,8389,0,0.0,0.0,0,0,0,0,0,0,64,0,238.4074383,0.0,0,0,0.0,0.0,0.0,0,0,0,0,1,0,0,0,0,0.0,0.0,0.0,64,0,0,0,0,0,0,2,0,0,0,809,-1,0,32,0.0,0.0,0,0,0.0,0.0,0,0,BENIGN
80,60789,3,4,436,860,436,0,145.33333330000002,251.7247174,860,0,215.0,430.0,21319.64665,115.1524124,10131.5,11419.2316,23369,5,37096,18548.0,6880.148981,23413,13683,37420,12473.33333,21104.07682,36840,5,0,0,0,0,72,92,49.3510339,65.80137854,0,860,162.0,320.65646949999996,102820.5714,0,0,0,1,0,0,0,0,1,185.1428571,145.33333330000002,215.0,72,0,0,0,0,0,0,3,436,4,860,8192,31,1,20,0.0,0.0,0,0,0.0,0.0,0,0,BENIGN
80,62486120,10,10,432,1770,432,0,43.2,136.6103949,1770,0,177.0,559.7231458,35.23982606,0.32007108100000004,3288743.1580000003,4715191.367,10000000,40,60300000,6701710.556,5007572.562,10100000,239,62400000,6938806.222,4700919.199,10100000,904,0,0,0,0,328,328,0.160035541,0.160035541,0,1770,104.8571429,392.9776439,154431.4286,0,0,0,1,0,0,0,0,1,110.1,43.2,177.0,328,0,0,0,0,0,0,10,432,10,1770,29200,939,1,32,43148.83333,15603.91412,75000,36725,10000000.0,6378.0833170000005,10000000,9996827,BENIGN
443,67086404,120,206,1661,321282,517,0,13.84166667,79.53309082,3864,0,1559.621359,732.969751,4813.836795,4.859404895,206419.7046,1364424.5990000002,10000000,1,63100000,530187.7059,2223957.426,10200000,1,66900000,326527.9463,1734910.425,10200000,1,0,0,0,0,3848,6600,1.7887379980000002,3.0706668969999997,0,3864,987.5932722000001,948.1218388,898935.0212,0,0,0,1,0,0,0,0,1,990.6226993999999,13.84166667,1559.621359,3848,0,0,0,0,0,0,120,1661,206,321282,29200,19,4,32,502323.3333,867389.6402,2272875,148012,10000000.0,27248.503660000002,10000000,9959921,BENIGN
80,5024211,6,5,703,1414,356,0,117.16666670000001,181.53613049999998,1050,0,282.8,456.92362599999996,421.3596921,2.189398495,502421.1,1567646.993,4963884,19,60327,12065.4,17903.397969999998,42441,19,5024076,1256019.0,2498298.3430000003,5003449,948,0,0,0,0,200,168,1.194217361,0.9951811340000001,0,1050,176.41666669999998,317.4711034,100787.9015,0,0,0,1,0,0,0,0,0,192.4545455,117.16666670000001,282.8,200,0,0,0,0,0,0,6,703,5,1414,29200,243,2,32,0.0,0.0,0,0,0.0,0.0,0,0,PortScan
80,5603939,3,1,0,0,0,0,0.0,0.0,0,0,0.0,0.0,0.0,0.713783644,1867979.667,3216296.42,5581817,22,5603939,2801969.5,3931298.0360000003,5581817,22122,0,0.0,0.0,0,0,0,0,0,0,104,40,0.535337733,0.178445911,0,0,0.0,0.0,0.0,0,0,0,1,0,0,0,0,0,0.0,0.0,0.0,104,0,0,0,0,0,0,3,0,1,0,29200,28960,0,32,0.0,0.0,0,0,0.0,0.0,0,0,BENIGN
88,8783,9,6,3110,3108,1555,0,345.55555560000005,685.6905481000001,1554,0,518.0,802.4821493,707958.5563,1707.8447,627.3571429,1823.6514350000002,6887,3,8783,1097.875,2370.844602,6887,3,1852,370.4,442.39495930000004,903,48,0,0,0,0,304,208,1024.7068199999999,683.13788,0,1555,388.625,695.1935822,483294.1167,0,0,0,1,0,0,0,0,0,414.53333330000004,345.55555560000005,518.0,304,0,0,0,0,0,0,9,3110,6,3108,29200,2081,2,32,0.0,0.0,0,0,0.0,0.0,0,0,BENIGN
1099,3,3,0,0,0,0,0,0.0,0.0,0,0,0.0,0.0,0.0,1000000.0,1.5,0.7071067809999999,2,1,3,1.5,0.7071067809999999,2,1,0,0.0,0.0,0,0,0,0,0,0,60,0,1000000.0,0.0,0,0,0.0,0.0,0.0,0,0,0,0,1,0,0,0,0,0.0,0.0,0.0,60,0,0,0,0,0,0,3,0,0,0,12499,-1,0,20,0.0,0.0,0,0,0.0,0.0,0,0,BENIGN
21,591,2,1,8,2,6,2,4.0,2.828427125,2,2,2.0,0.0,16920.47377,5076.142132,295.5,365.5742059,554,37,591,591.0,0.0,591,591,0,0.0,0.0,0,0,0,0,0,0,44,24,3384.0947549999996,1692.0473769999999,2,6,3.0,2.0,4.0,0,0,0,1,0,0,0,0,0,4.0,4.0,2.0,44,0,0,0,0,0,0,2,8,1,2,1024,29200,1,20,0.0,0.0,0,0,0.0,0.0,0,0,PortScan
21,829,3,1,0,0,0,0,0.0,0.0,0,0,0.0,0.0,0.0,4825.09047,276.3333333,205.25674980000002,491,82,829,414.5,224.15284959999997,573,256,0,0.0,0.0,0,0,0,0,0,0,104,40,3618.817853,1206.272618,0,0,0.0,0.0,0.0,0,0,0,1,0,0,0,0,0,0.0,0.0,0.0,104,0,0,0,0,0,0,3,0,1,0,29200,28960,0,32,0.0,0.0,0,0,0.0,0.0,0,0,PortScan
80,47366,3,4,438,860,438,0,146.0,252.8794179,860,0,215.0,430.0,27403.62285,147.7853313,7894.333333,11874.117629999999,23233,4,23596,11798.0,16288.91181,23316,280,24155,8051.666667,13483.434659999999,23618,4,0,0,0,0,104,136,63.33657054,84.44876071,0,860,162.25,320.9012977,102977.6429,0,0,0,1,0,0,0,0,1,185.4285714,146.0,215.0,104,0,0,0,0,0,0,3,438,4,860,29200,31,1,32,0.0,0.0,0,0,0.0,0.0,0,0,BENIGN
88,534,7,4,2794,2820,1397,0,399.14285710000007,681.666201,1410,0,705.0,814.0638796000001,10500000.0,20599.25094,53.4,85.93304887,292,2,534,89.0,146.4581852,385,2,448,149.33333330000002,173.782431,350,49,0,0,0,0,164,104,13108.61423,7490.6367040000005,0,1410,467.83333330000005,691.0467467,477545.6061,0,0,0,1,0,0,0,0,0,510.3636364,399.14285710000007,705.0,164,0,0,0,0,0,0,7,2794,4,2820,8192,2053,2,20,0.0,0.0,0,0,0.0,0.0,0,0,BENIGN
80,868,3,1,0,0,0,0,0.0,0.0,0,0,0.0,0.0,0.0,4608.294931,289.3333333,399.4312623,748,18,868,434.0,588.3128419,850,18,0,0.0,0.0,0,0,0,0,0,0,104,40,3456.2211979999997,1152.073733,0,0,0.0,0.0,0.0,0,0,0,1,0,0,0,0,0,0.0,0.0,0.0,104,0,0,0,0,0,0,3,0,1,0,29200,28960,0,32,0.0,0.0,0,0,0.0,0.0,0,0,PortScan
389,121684,19,11,3412,6654,1293,0,179.5789474,400.3188057,3069,0,604.9090909,1009.026507,82722.46146,246.5402189,4196.0,22223.95122,119747,0,121684,6760.222222,28198.27273,119747,0,121498,12149.8,38013.152,120336,2,0,0,0,0,624,368,156.14213869999998,90.39808027,0,3069,324.7096774,693.6665477999999,481173.2796,0,0,0,1,0,0,0,0,0,335.53333330000004,179.5789474,604.9090909,624,0,0,0,0,0,0,19,3412,11,6654,29200,2076,10,32,0.0,0.0,0,0,0.0,0.0,0,0,BENIGN
443,119,1,1,0,6,0,0,0.0,0.0,6,6,6.0,0.0,50420.16807,16806.722690000002,119.0,0.0,119,119,0,0.0,0.0,0,0,0,0.0,0.0,0,0,0,0,0,0,40,20,8403.361345000001,8403.361345000001,0,6,2.0,3.464101615,12.0,0,0,0,1,0,0,0,0,1,3.0,0.0,6.0,40,0,0,0,0,0,0,1,0,1,6,29200,0,0,40,0.0,0.0,0,0,0.0,0.0,0,0,PortScan
123,65094239,2,2,96,96,48,48,48.0,0.0,48,48,48.0,0.0,2.949569777,0.06144937,21700000.0,37400000.0,64900000,94164,65000000,65000000.0,0.0,65000000,65000000,65000000,65000000.0,0.0,65000000,65000000,0,0,0,0,40,40,0.030724685,0.030724685,48,48,48.0,0.0,0.0,0,0,0,0,0,0,0,0,1,60.0,48.0,48.0,40,0,0,0,0,0,0,2,96,2,96,-1,-1,1,20,94164.0,0.0,94164,94164,64900000.0,0.0,64900000,64900000,BENIGN
88,1075,9,9,3100,3030,1550,0,344.44444439999995,683.4857553999999,1515,0,336.6666667,668.052206,5702325.581,16744.18605,63.23529412,167.88780830000002,709,1,1075,134.375,255.32664649999998,762,1,1009,126.125,243.25732259999998,709,1,0,0,0,0,204,204,8372.093023000001,8372.093023000001,0,1550,322.63157889999997,641.9466238,412095.4678,0,0,0,1,0,0,0,0,1,340.55555560000005,344.44444439999995,336.6666667,204,0,0,0,0,0,0,9,3100,9,3030,8192,0,2,20,0.0,0.0,0,0,0.0,0.0,0,0,BENIGN
444,154,1,1,0,6,0,0,0.0,0.0,6,6,6.0,0.0,38961.038960000005,12987.012990000001,154.0,0.0,154,154,0,0.0,0.0,0,0,0,0.0,0.0,0,0,0,0,0,0,40,20,6493.506494,6493.506494,0,6,2.0,3.464101615,12.0,0,0,0,1,0,0,0,0,1,3.0,0.0,6.0,40,0,0,0,0,0,0,1,0,1,6,29200,0,0,40,0.0,0.0,0,0,0.0,0.0,0,0,PortScan
443,6743932,12,14,976,12589,623,0,81.33333333,181.90923480000004,1460,0,899.2142857000001,664.3056732000001,2011.4378379999998,3.85531764,269757.28,1105184.5,5546461,2,6743932,613084.7273,1644446.169,5546461,2,1115283,85791.0,231499.3911,846997,47,0,0,0,0,252,284,1.779377372,2.075940267,0,1460,502.4074074,641.0736343,410975.4046,0,0,0,1,0,0,0,0,1,521.7307691999999,81.33333333,899.2142857000001,252,0,0,0,0,0,0,12,976,14,12589,8192,40463,4,20,1197469.0,0.0,1197469,1197469,5546461.0,0.0,5546461,5546461,BENIGN
389,1,2,0,7,0,7,0,3.5,4.949747468,0,0,0.0,0.0,7000000.0,2000000.0,1.0,0.0,1,1,1,1.0,0.0,1,1,0,0.0,0.0,0,0,1,0,0,0,64,0,2000000.0,0.0,0,7,4.666666667,4.041451884,16.33333333,0,1,0,0,1,0,0,0,0,7.0,3.5,0.0,64,0,0,0,0,0,0,2,7,0,0,237,-1,0,32,0.0,0.0,0,0,0.0,0.0,0,0,BENIGN
80,19560,5,0,0,0,0,0,0.0,0.0,0,0,0.0,0.0,0.0,255.6237219,4890.0,9169.540992,18644,242,19560,4890.0,9169.540992,18644,242,0,0.0,0.0,0,0,0,0,0,0,160,0,255.6237219,0.0,0,0,0.0,0.0,0.0,0,0,0,0,1,0,0,0,0,0.0,0.0,0.0,160,0,0,0,0,0,0,5,0,0,0,251,-1,0,32,0.0,0.0,0,0,0.0,0.0,0,0,PortScan
80,2132,6,5,62,11576,62,0,10.33333333,25.31139401,5792,0,2315.2,2628.883261,5458724.203,5159.474672,213.2,217.23351490000002,583,3,2132,426.4,357.40495239999996,914,3,914,228.5,289.20408019999996,655,46,0,0,0,0,200,168,2814.2589120000002,2345.21576,0,5792,969.8333332999998,1980.8581170000002,3923798.8789999997,0,0,0,1,0,0,0,0,0,1058.0,10.33333333,2315.2,200,0,0,0,0,0,0,6,62,5,11576,29200,227,1,32,0.0,0.0,0,0,0.0,0.0,0,0,PortScan
443,271082,12,14,5727,16096,3425,0,477.25,1018.1203830000001,2920,0,1149.714286,837.7402231000001,80503.31634,95.91193809,10843.28,20509.55915,57358,9,270778,24616.181819999998,34480.58903,104267,50,224995,17307.30769,27044.2758,67208,48,0,0,0,0,252,292,44.26704835,51.64488974,0,3425,808.2592592999999,963.2904982999999,927928.584,0,0,0,1,0,0,0,0,1,839.3461537999999,477.25,1149.714286,252,0,0,0,0,0,0,12,5727,14,16096,8192,256,5,20,0.0,0.0,0,0,0.0,0.0,0,0,BENIGN
53,61344,1,1,51,67,51,51,51.0,0.0,67,67,67.0,0.0,1923.5785079999998,32.60302556,61344.0,0.0,61344,61344,0,0.0,0.0,0,0,0,0.0,0.0,0,0,0,0,0,0,20,20,16.30151278,16.30151278,51,67,56.33333333,9.237604307,85.33333333,0,0,0,0,0,0,0,0,1,84.5,51.0,67.0,20,0,0,0,0,0,0,1,51,1,67,-1,-1,0,20,0.0,0.0,0,0,0.0,0.0,0,0,BENIGN
80,353122,3,6,18,11595,18,0,6.0,10.39230485,5792,0,1932.5,2181.008184,32886.65107,25.48694219,44140.25,124080.4852,351223,10,352035,176017.5,247777.9943,351223,812,353053,70610.6,157379.9333,352140,10,0,0,0,0,104,200,8.495647397,16.99129479,0,5792,1161.3,1906.2898260000002,3633940.9,0,0,0,1,0,0,0,0,2,1290.333333,6.0,1932.5,104,0,0,0,0,0,0,3,18,6,11595,29200,227,1,32,0.0,0.0,0,0,0.0,0.0,0,0,PortScan
443,168370,11,12,561,5370,195,0,51.0,74.11882352,1460,0,447.5,636.4046026000001,35225.99038,136.6039081,7653.181818000001,11049.519470000001,29319,1,168370,16837.0,13601.09471,32179,3,127616,11601.45455,18337.39029,54419,1,0,0,0,0,232,252,65.33230385,71.27160421,0,1460,247.125,487.9434494,238088.8098,0,0,0,1,0,0,0,0,1,257.86956519999995,51.0,447.5,232,0,0,0,0,0,0,11,561,12,5370,8192,12501,5,20,0.0,0.0,0,0,0.0,0.0,0,0,BENIGN
88,888,9,4,628,3064,314,0,69.77777778,138.4609853,1532,0,766.0,884.5006124,4157657.6580000003,14639.639640000001,74.0,179.7781461,642,1,888,111.0,231.5920058,681,1,807,269.0,381.9175304,710,48,0,0,0,0,204,104,10135.13514,4504.504505,0,1532,263.7142857,548.9575335,301354.3736,0,0,0,1,0,0,0,0,0,284.0,69.77777778,766.0,204,0,0,0,0,0,0,9,628,4,3064,8192,2053,2,20,0.0,0.0,0,0,0.0,0.0,0,0,BENIGN
443,153,1,1,0,6,0,0,0.0,0.0,6,6,6.0,0.0,39215.68627,13071.89542,153.0,0.0,153,153,0,0.0,0.0,0,0,0,0.0,0.0,0,0,0,0,0,0,40,20,6535.947712,6535.947712,0,6,2.0,3.464101615,12.0,0,0,0,1,0,0,0,0,1,3.0,0.0,6.0,40,0,0,0,0,0,0,1,0,1,6,29200,0,0,40,0.0,0.0,0,0,0.0,0.0,0,0,PortScan
443,194,3,0,53,0,53,0,17.66666667,30.59956427,0,0,0.0,0.0,273195.8763,15463.91753,97.0,135.764502,193,1,194,97.0,135.764502,193,1,0,0.0,0.0,0,0,0,0,0,0,60,0,15463.91753,0.0,0,53,13.25,26.5,702.25,0,0,0,0,1,0,0,0,0,17.66666667,17.66666667,0.0,60,0,0,0,0,0,0,3,53,0,0,63904,-1,1,20,0.0,0.0,0,0,0.0,0.0,0,0,BENIGN
21,87651,4,2,0,20,0,0,0.0,0.0,20,0,10.0,14.14213562,228.1776591,68.45329774,17530.2,38528.2511,86450,1,87651,29217.0,50025.34375,86980,1,87046,87046.0,0.0,87046,87046,0,0,0,0,136,72,45.63553183,22.81776591,0,20,2.857142857,7.55928946,57.14285714,0,0,0,1,0,0,0,0,0,3.333333333,0.0,10.0,136,0,0,0,0,0,0,4,0,2,20,29200,227,0,32,0.0,0.0,0,0,0.0,0.0,0,0,PortScan
21,626,3,1,0,0,0,0,0.0,0.0,0,0,0.0,0.0,0.0,6389.776358,208.66666669999998,215.66254500000002,454,49,626,313.0,373.35238050000004,577,49,0,0.0,0.0,0,0,0,0,0,0,104,40,4792.332268,1597.444089,0,0,0.0,0.0,0.0,0,0,0,1,0,0,0,0,0,0.0,0.0,0.0,104,0,0,0,0,0,0,3,0,1,0,29200,28960,0,32,0.0,0.0,0,0,0.0,0.0,0,0,PortScan
21,593,2,1,8,2,6,2,4.0,2.828427125,2,2,2.0,0.0,16863.40641,5059.021922,296.5,327.3904397,528,65,593,593.0,0.0,593,593,0,0.0,0.0,0,0,0,0,0,0,44,24,3372.681282,1686.340641,2,6,3.0,2.0,4.0,0,0,0,1,0,0,0,0,0,4.0,4.0,2.0,44,0,0,0,0,0,0,2,8,1,2,1024,29200,1,20,0.0,0.0,0,0,0.0,0.0,0,0,PortScan
88,1281,9,6,3176,3106,1588,0,352.8888889,700.2421803,1553,0,517.6666667,801.9657516,4903981.265,11709.60187,91.5,207.15982309999998,786,1,1281,160.125,294.89099080000005,863,1,1155,231.0,346.1206437,786,3,0,0,0,0,204,144,7025.761124,4683.840749,0,1588,392.625,702.4070876000001,493375.7167,0,0,0,1,0,0,0,0,0,418.8,352.8888889,517.6666667,204,0,0,0,0,0,0,9,3176,6,3106,8192,2053,2,20,0.0,0.0,0,0,0.0,0.0,0,0,BENIGN
123,77015818,9,9,432,432,48,48,48.0,0.0,48,48,48.0,0.0,11.21847463,0.233718221,4530342.235,13900000.0,58000000,15875,77000000,9624988.5,19600000.0,58000000,1999950,77000000,9624962.375,19600000.0,58000000,1999756,0,0,0,0,160,160,0.116859111,0.116859111,48,48,48.0,0.0,0.0,0,0,0,0,0,0,0,0,1,50.66666667,48.0,48.0,160,0,0,0,0,0,0,9,432,9,432,-1,-1,8,0,6015923.0,5656922.132,10000000,2015875,32500000.0,36100000.0,58000000,6984108,BENIGN
22,571,2,1,8,2,6,2,4.0,2.828427125,2,2,2.0,0.0,17513.13485,5253.940455,285.5,290.6208871,491,80,571,571.0,0.0,571,571,0,0.0,0.0,0,0,0,0,0,0,44,24,3502.6269700000003,1751.3134850000001,2,6,3.0,2.0,4.0,0,0,0,1,0,0,0,0,0,4.0,4.0,2.0,44,0,0,0,0,0,0,2,8,1,2,1024,29200,1,20,0.0,0.0,0,0,0.0,0.0,0,0,PortScan
443,6005870,9,7,366,3968,209,0,40.66666667,75.52648542,1460,0,566.8571429,636.4043339,721.6273413,2.664060328,400391.3333,1457546.226,5665825,3,6005870,750733.75,1987500.644,5665825,3,308980,51496.66667,91088.33015,234096,48,0,0,0,0,204,152,1.4985339340000001,1.165526393,0,1460,254.9411765,476.6389449,227184.6838,0,0,0,1,0,0,0,0,0,270.875,40.66666667,566.8571429,204,0,0,0,0,0,0,9,366,7,3968,8192,119,3,20,340042.0,0.0,340042,340042,5665825.0,0.0,5665825,5665825,BENIGN
22,552,3,1,0,0,0,0,0.0,0.0,0,0,0.0,0.0,0.0,7246.376812,184.0,147.0238076,340,48,552,276.0,322.4406922,504,48,0,0.0,0.0,0,0,0,0,0,0,104,40,5434.782609000001,1811.594203,0,0,0.0,0.0,0.0,0,0,0,1,0,0,0,0,0,0.0,0.0,0.0,104,0,0,0,0,0,0,3,0,1,0,29200,28960,0,32,0.0,0.0,0,0,0.0,0.0,0,0,PortScan
389,1,2,1,7,0,7,0,3.5,4.949747468,0,0,0.0,0.0,7000000.0,3000000.0,0.5,0.7071067809999999,1,0,1,1.0,0.0,1,1,0,0.0,0.0,0,0,1,0,0,0,64,32,2000000.0,1000000.0,0,7,3.5,4.041451884,16.33333333,0,1,0,0,1,0,0,0,0,4.666666667,3.5,0.0,64,0,0,0,0,0,0,2,7,1,0,237,260,0,32,0.0,0.0,0,0,0.0,0.0,0,0,BENIGN
80,1452,3,6,18,11595,18,0,6.0,10.39230485,4355,0,1932.5,2182.468304,7997933.884,6198.347107,181.5,258.1511185,748,2,931,465.5,590.4341622999999,883,48,1317,263.4,373.9322131,873,2,0,0,0,0,104,200,2066.115702,4132.2314049999995,0,4355,1161.3,1907.2179879999999,3637480.4560000002,0,0,0,1,0,0,0,0,2,1290.333333,6.0,1932.5,104,0,0,0,0,0,0,3,18,6,11595,29200,227,1,32,0.0,0.0,0,0,0.0,0.0,0,0,PortScan
443,152,1,1,2,6,2,2,2.0,0.0,6,6,6.0,0.0,52631.57895,13157.89474,152.0,0.0,152,152,0,0.0,0.0,0,0,0,0.0,0.0,0,0,0,0,0,0,24,20,6578.947368,6578.947368,2,6,3.333333333,2.309401077,5.333333333,0,0,0,1,0,0,0,0,1,5.0,2.0,6.0,24,0,0,0,0,0,0,1,2,1,6,1024,0,0,24,0.0,0.0,0,0,0.0,0.0,0,0,PortScan
21,827,3,1,0,0,0,0,0.0,0.0,0,0,0.0,0.0,0.0,4836.759371,275.6666667,430.5349386,772,3,827,413.5,580.5346674,824,3,0,0.0,0.0,0,0,0,0,0,0,104,40,3627.569528,1209.1898429999999,0,0,0.0,0.0,0.0,0,0,0,1,0,0,0,0,0,0.0,0.0,0.0,104,0,0,0,0,0,0,3,0,1,0,29200,28960,0,32,0.0,0.0,0,0,0.0,0.0,0,0,PortScan
21,585,3,1,0,0,0,0,0.0,0.0,0,0,0.0,0.0,0.0,6837.606838,195.0,318.7742148,563,4,585,292.5,408.0006127,581,4,0,0.0,0.0,0,0,0,0,0,0,104,40,5128.2051280000005,1709.401709,0,0,0.0,0.0,0.0,0,0,0,1,0,0,0,0,0,0.0,0.0,0.0,104,0,0,0,0,0,0,3,0,1,0,29200,28960,0,32,0.0,0.0,0,0,0.0,0.0,0,0,PortScan
80,95829,3,2,302,511,302,0,100.66666670000001,174.3597813,511,0,255.5,361.3315652,8483.861879,52.17627232,23957.25,27626.17355,49552,56,46277,23138.5,32625.199780000003,46208,69,49677,49677.0,0.0,49677,49677,0,0,0,0,72,52,31.30576339,20.87050893,0,511,135.5,220.07430559999997,48432.7,0,0,0,1,0,0,0,0,0,162.6,100.66666670000001,255.5,72,0,0,0,0,0,0,3,302,2,511,8192,256,1,20,0.0,0.0,0,0,0.0,0.0,0,0,BENIGN
443,94,1,1,2,6,2,2,2.0,0.0,6,6,6.0,0.0,85106.38298,21276.59574,94.0,0.0,94,94,0,0.0,0.0,0,0,0,0.0,0.0,0,0,0,0,0,0,24,20,10638.29787,10638.29787,2,6,3.333333333,2.309401077,5.333333333,0,0,0,1,0,0,0,0,1,5.0,2.0,6.0,24,0,0,0,0,0,0,1,2,1,6,1024,0,0,24,0.0,0.0,0,0,0.0,0.0,0,0,PortScan
80,30931,3,4,97,179,97,0,32.33333333,56.00297611,179,0,44.75,89.5,8923.086871,226.31017430000003,5155.166667,7681.630645,15076,3,15290,7645.0,10665.99869,15187,103,15869,5289.666667,8677.169719,15304,3,0,0,0,0,72,92,96.99007468,129.3200996,0,179,34.5,67.53623366,4561.142857,0,0,0,1,0,0,0,0,1,39.42857143,32.33333333,44.75,72,0,0,0,0,0,0,3,97,4,179,8192,913,1,20,0.0,0.0,0,0,0.0,0.0,0,0,BENIGN
138,61479696,23,0,5405,0,235,235,235.0,0.0,0,0,0.0,0.0,87.91520374,0.37410725,2794531.6360000004,13100000.0,61500000,1,61500000,2794531.6360000004,13100000.0,61500000,1,0,0.0,0.0,0,0,0,0,0,0,460,0,0.37410725,0.0,235,235,235.0,0.0,0.0,0,0,0,0,0,0,0,0,0,245.21739130000003,235.0,0.0,460,0,0,0,0,0,0,23,5405,0,0,-1,-1,22,20,20.0,0.0,20,20,61500000.0,0.0,61500000,61500000,BENIGN
123,87016389,14,14,672,672,48,48,48.0,0.0,48,48,48.0,0.0,15.44536627,0.321778464,3222829.222,13300000.0,69000000,2,87000000,6693560.615,19000000.0,69000000,3,87000000,6693560.307999999,19000000.0,69000000,2,0,0,0,0,-1073740992,-1073740992,0.160889232,0.160889232,48,48,48.0,0.0,0.0,0,0,0,0,0,0,0,0,1,49.71428571,48.0,48.0,-1073740992,0,0,0,0,0,0,14,672,14,672,-1,-1,13,-536870660,3508319.0,4961353.919,7016526,112,40000000.0,41000000.0,69000000,11000000,BENIGN
123,68028776,7,7,336,336,48,48,48.0,0.0,48,48,48.0,0.0,9.878172731,0.205795265,5232982.768999999,15900000.0,58000000,28631,68000000,11300000.0,22900000.0,58000000,1999925,68000000,11300000.0,22900000.0,58000000,1999671,0,0,0,0,124,124,0.102897633,0.102897633,48,48,48.0,0.0,0.0,0,0,0,0,0,0,0,0,1,51.42857143,48.0,48.0,124,0,0,0,0,0,0,7,336,7,336,-1,-1,6,0,10000000.0,0.0,10000000,10000000,58000000.0,0.0,58000000,58000000,BENIGN
80,920,3,1,0,0,0,0,0.0,0.0,0,0,0.0,0.0,0.0,4347.8260869999995,306.6666667,420.79963560000004,787,3,920,460.0,646.295598,917,3,0,0.0,0.0,0,0,0,0,0,0,104,40,3260.869565,1086.9565220000002,0,0,0.0,0.0,0.0,0,0,0,1,0,0,0,0,0,0.0,0.0,0.0,104,0,0,0,0,0,0,3,0,1,0,29200,28960,0,32,0.0,0.0,0,0,0.0,0.0,0,0,PortScan
443,155911,9,10,533,5370,196,0,59.22222222,83.73138267,2085,0,537.0,802.7386457,37861.34397,121.864397,8661.722222,12478.684809999999,28574,1,155911,19488.875,14247.27047,32371,4,100427,11158.555559999999,15687.48822,35747,1,0,0,0,0,192,212,57.72524068,64.13915631,0,2085,295.15,608.2146673,369925.0816,0,0,0,1,0,0,0,0,1,310.6842105,59.22222222,537.0,192,0,0,0,0,0,0,9,533,10,5370,8192,12501,4,20,0.0,0.0,0,0,0.0,0.0,0,0,BENIGN
39446,205,2,0,0,0,0,0,0.0,0.0,0,0,0.0,0.0,0.0,9756.097561,205.0,0.0,205,205,205,205.0,0.0,205,205,0,0.0,0.0,0,0,0,0,0,0,64,0,9756.097561,0.0,0,0,0.0,0.0,0.0,0,0,0,0,1,0,0,0,0,0.0,0.0,0.0,64,0,0,0,0,0,0,2,0,0,0,340,-1,0,32,0.0,0.0,0,0,0.0,0.0,0,0,BENIGN
443,164,1,1,0,6,0,0,0.0,0.0,6,6,6.0,0.0,36585.36585,12195.12195,164.0,0.0,164,164,0,0.0,0.0,0,0,0,0.0,0.0,0,0,0,0,0,0,40,20,6097.560976,6097.560976,0,6,2.0,3.464101615,12.0,0,0,0,1,0,0,0,0,1,3.0,0.0,6.0,40,0,0,0,0,0,0,1,0,1,6,29200,0,0,40,0.0,0.0,0,0,0.0,0.0,0,0,PortScan
443,592,2,0,0,0,0,0,0.0,0.0,0,0,0.0,0.0,0.0,3378.3783780000003,592.0,0.0,592,592,592,592.0,0.0,592,592,0,0.0,0.0,0,0,0,0,0,0,64,0,3378.3783780000003,0.0,0,0,0.0,0.0,0.0,0,0,0,0,1,0,0,0,0,0.0,0.0,0.0,64,0,0,0,0,0,0,2,0,0,0,2857,-1,0,32,0.0,0.0,0,0,0.0,0.0,0,0,BENIGN
443,94,1,1,2,6,2,2,2.0,0.0,6,6,6.0,0.0,85106.38298,21276.59574,94.0,0.0,94,94,0,0.0,0.0,0,0,0,0.0,0.0,0,0,0,0,0,0,24,20,10638.29787,10638.29787,2,6,3.333333333,2.309401077,5.333333333,0,0,0,1,0,0,0,0,1,5.0,2.0,6.0,24,0,0,0,0,0,0,1,2,1,6,1024,0,0,24,0.0,0.0,0,0,0.0,0.0,0,0,PortScan
21,4196,4,2,0,20,0,0,0.0,0.0,20,0,10.0,14.14213562,4766.444233,1429.93327,839.2,939.4206724999999,2465,131,4196,1398.666667,1585.891022,3216,295,3019,3019.0,0.0,3019,3019,0,0,0,0,136,72,953.2888465,476.6444233,0,20,2.857142857,7.55928946,57.14285714,0,0,0,1,0,0,0,0,0,3.333333333,0.0,10.0,136,0,0,0,0,0,0,4,0,2,20,29200,227,0,32,0.0,0.0,0,0,0.0,0.0,0,0,PortScan
88,1113,9,6,3110,3108,1555,0,345.55555560000005,685.6905481000001,1554,0,518.0,802.4821493,5586702.606000001,13477.08895,79.5,207.52896,797,2,1113,139.125,318.0666765,923,2,1045,209.0,329.78098789999996,797,43,0,0,0,0,304,208,8086.253369,5390.83558,0,1555,388.625,695.1935822,483294.1167,0,0,0,1,0,0,0,0,0,414.53333330000004,345.55555560000005,518.0,304,0,0,0,0,0,0,9,3110,6,3108,29200,2081,2,32,0.0,0.0,0,0,0.0,0.0,0,0,BENIGN
49671,19266992,19,14,3646,2672,920,0,191.8947368,272.6032719,952,0,190.8571429,324.95937189999995,327.9183383,1.7127738469999998,602093.5,3396009.647,19200000,1,19300000,1070388.4440000001,4527671.43,19200000,1,2948,226.76923080000003,395.84196210000005,1431,3,0,0,0,0,404,304,0.986142518,0.726631329,0,952,185.8235294,288.4647419,83211.90731000001,0,0,0,1,0,0,0,0,0,191.4545455,191.8947368,190.8571429,404,0,0,0,0,0,0,19,3646,14,2672,8192,2053,12,20,0.0,0.0,0,0,0.0,0.0,0,0,BENIGN
123,76016152,8,8,384,384,48,48,48.0,0.0,48,48,48.0,0.0,10.10311598,0.210481583,5067743.467,14800000.0,58000000,16045,76000000,10900000.0,20900000.0,58000000,1999949,76000000,10900000.0,20900000.0,58000000,1999764,0,0,0,0,184,184,0.105240791,0.105240791,48,48,48.0,0.0,0.0,0,0,0,0,0,0,0,0,1,51.0,48.0,48.0,184,0,0,0,0,0,0,8,384,8,384,-1,-1,7,20,5016224.0,7070926.391,10000000,16324,33000000.0,35400000.0,58000000,7983655,BENIGN
443,43,1,1,2,6,2,2,2.0,0.0,6,6,6.0,0.0,186046.5116,46511.62791,43.0,0.0,43,43,0,0.0,0.0,0,0,0,0.0,0.0,0,0,0,0,0,0,24,20,23255.81395,23255.81395,2,6,3.333333333,2.309401077,5.333333333,0,0,0,1,0,0,0,0,1,5.0,2.0,6.0,24,0,0,0,0,0,0,1,2,1,6,1024,0,0,24,0.0,0.0,0,0,0.0,0.0,0,0,PortScan
22,760,2,1,8,2,6,2,4.0,2.828427125,2,2,2.0,0.0,13157.89474,3947.368421,380.0,469.51890269999996,712,48,760,760.0,0.0,760,760,0,0.0,0.0,0,0,0,0,0,0,44,24,2631.578947,1315.789474,2,6,3.0,2.0,4.0,0,0,0,1,0,0,0,0,0,4.0,4.0,2.0,44,0,0,0,0,0,0,2,8,1,2,1024,29200,1,20,0.0,0.0,0,0,0.0,0.0,0,0,PortScan
443,11,1,1,0,6,0,0,0.0,0.0,6,6,6.0,0.0,545454.5455,181818.1818,11.0,0.0,11,11,0,0.0,0.0,0,0,0,0.0,0.0,0,0,0,0,0,0,40,20,90909.09091,90909.09091,0,6,2.0,3.464101615,12.0,0,0,0,1,0,0,0,0,1,3.0,0.0,6.0,40,0,0,0,0,0,0,1,0,1,6,29200,0,0,40,0.0,0.0,0,0,0.0,0.0,0,0,PortScan
444,121,1,1,2,6,2,2,2.0,0.0,6,6,6.0,0.0,66115.70247999999,16528.925619999998,121.0,0.0,121,121,0,0.0,0.0,0,0,0,0.0,0.0,0,0,0,0,0,0,24,20,8264.462809999999,8264.462809999999,2,6,3.333333333,2.309401077,5.333333333,0,0,0,1,0,0,0,0,1,5.0,2.0,6.0,24,0,0,0,0,0,0,1,2,1,6,1024,0,0,24,0.0,0.0,0,0,0.0,0.0,0,0,PortScan
22,900,3,1,0,0,0,0,0.0,0.0,0,0,0.0,0.0,0.0,4444.444444,300.0,477.620142,851,4,900,450.0,630.7392488,896,4,0,0.0,0.0,0,0,0,0,0,0,104,40,3333.333333,1111.111111,0,0,0.0,0.0,0.0,0,0,0,1,0,0,0,0,0,0.0,0.0,0.0,104,0,0,0,0,0,0,3,0,1,0,29200,28960,0,32,0.0,0.0,0,0,0.0,0.0,0,0,PortScan
443,66052523,16,16,656,6793,316,0,41.0,93.41234751,2576,0,424.5625,737.8476779,112.7738906,0.48446294799999995,2130726.548,3991940.021,10000000,3,61900000,4127754.2,5086432.444,10200000,224,65900000,4393630.0,4980466.271000001,10200000,4,0,0,0,0,520,520,0.24223147399999997,0.24223147399999997,0,2576,225.7272727,545.6270059,297708.8295,0,0,0,1,0,0,0,0,1,232.78125,41.0,424.5625,520,0,0,0,0,0,0,16,656,16,6793,29200,18,3,32,299401.8333,369417.9864,1053473,148302,10000000.0,11988.21809,10000000,9999306,BENIGN
80,673,2,1,8,2,6,2,4.0,2.828427125,2,2,2.0,0.0,14858.84101,4457.652303,336.5,283.5498193,537,136,673,673.0,0.0,673,673,0,0.0,0.0,0,0,0,0,0,0,44,24,2971.7682019999997,1485.8841009999999,2,6,3.0,2.0,4.0,0,0,0,1,0,0,0,0,0,4.0,4.0,2.0,44,0,0,0,0,0,0,2,8,1,2,1024,29200,1,20,0.0,0.0,0,0,0.0,0.0,0,0,PortScan
443,3,2,0,85,0,85,0,42.5,60.1040764,0,0,0.0,0.0,28300000.0,666666.6667,3.0,0.0,3,3,3,3.0,0.0,3,3,0,0.0,0.0,0,0,1,0,0,0,40,0,666666.6667,0.0,0,85,56.66666667,49.07477288,2408.333333,0,1,0,0,1,0,0,0,0,85.0,42.5,0.0,40,0,0,0,0,0,0,2,85,0,0,256,-1,0,20,0.0,0.0,0,0,0.0,0.0,0,0,BENIGN
444,147,1,1,2,6,2,2,2.0,0.0,6,6,6.0,0.0,54421.768710000004,13605.442180000002,147.0,0.0,147,147,0,0.0,0.0,0,0,0,0.0,0.0,0,0,0,0,0,0,24,20,6802.721087999999,6802.721087999999,2,6,3.333333333,2.309401077,5.333333333,0,0,0,1,0,0,0,0,1,5.0,2.0,6.0,24,0,0,0,0,0,0,1,2,1,6,1024,0,0,24,0.0,0.0,0,0,0.0,0.0,0,0,PortScan
80,671,2,1,8,2,6,2,4.0,2.828427125,2,2,2.0,0.0,14903.129659999999,4470.938897,335.5,296.2777413,545,126,671,671.0,0.0,671,671,0,0.0,0.0,0,0,0,0,0,0,44,24,2980.625931,1490.312966,2,6,3.0,2.0,4.0,0,0,0,1,0,0,0,0,0,4.0,4.0,2.0,44,0,0,0,0,0,0,2,8,1,2,1024,29200,1,20,0.0,0.0,0,0,0.0,0.0,0,0,PortScan
443,549,2,0,0,0,0,0,0.0,0.0,0,0,0.0,0.0,0.0,3642.98725,549.0,0.0,549,549,549,549.0,0.0,549,549,0,0.0,0.0,0,0,0,0,0,0,64,0,3642.98725,0.0,0,0,0.0,0.0,0.0,0,0,0,0,1,0,0,0,0,0.0,0.0,0.0,64,0,0,0,0,0,0,2,0,0,0,332,-1,0,32,0.0,0.0,0,0,0.0,0.0,0,0,BENIGN
443,628,2,0,0,0,0,0,0.0,0.0,0,0,0.0,0.0,0.0,3184.713376,628.0,0.0,628,628,628,628.0,0.0,628,628,0,0.0,0.0,0,0,0,0,0,0,64,0,3184.713376,0.0,0,0,0.0,0.0,0.0,0,0,0,0,1,0,0,0,0,0.0,0.0,0.0,64,0,0,0,0,0,0,2,0,0,0,346,-1,0,32,0.0,0.0,0,0,0.0,0.0,0,0,BENIGN
443,1988164,12,10,999,3950,267,0,83.25,95.78586440000001,1448,0,395.0,587.483144,2489.231271,11.06548554,94674.47619,132761.3729,451596,8,1988164,180742.1818,187649.0328,546926,227,1892866,210318.4444,235346.6254,687073,49,0,0,0,0,392,328,6.035719387,5.029766156,0,1448,215.173913,414.8205145,172076.0593,0,0,0,1,0,0,0,0,0,224.9545455,83.25,395.0,392,0,0,0,0,0,0,12,999,10,3950,29200,252,6,32,0.0,0.0,0,0,0.0,0.0,0,0,BENIGN
389,4574,13,13,4130,5688,1672,0,317.6923077,614.2608546,2634,0,437.53846150000004,818.9074648,2146480.105,5684.30258,182.96,508.6714296,2462,1,4574,381.1666667,758.2568326,2462,3,4480,373.3333333,761.705065,2615,1,0,0,0,0,284,284,2842.15129,2842.15129,0,2634,363.6296296,701.8048791,492530.0883,0,0,0,1,0,0,0,0,1,377.6153846,317.6923077,437.53846150000004,284,0,0,0,0,0,0,13,4130,13,5688,8192,0,6,20,0.0,0.0,0,0,0.0,0.0,0,0,BENIGN
80,5604028,3,1,0,0,0,0,0.0,0.0,0,0,0.0,0.0,0.0,0.713772308,1868009.333,3218447.4039999996,5584335,31,5604028,2802014.0,3934796.0930000003,5584335,19693,0,0.0,0.0,0,0,0,0,0,0,80,32,0.535329231,0.178443077,0,0,0.0,0.0,0.0,0,0,0,1,0,0,0,0,0,0.0,0.0,0.0,80,0,0,0,0,0,0,3,0,1,0,29200,29200,0,20,0.0,0.0,0,0,0.0,0.0,0,0,BENIGN
444,19,1,1,0,6,0,0,0.0,0.0,6,6,6.0,0.0,315789.4737,105263.1579,19.0,0.0,19,19,0,0.0,0.0,0,0,0,0.0,0.0,0,0,0,0,0,0,40,20,52631.57895,52631.57895,0,6,2.0,3.464101615,12.0,0,0,0,1,0,0,0,0,1,3.0,0.0,6.0,40,0,0,0,0,0,0,1,0,1,6,29200,0,0,40,0.0,0.0,0,0,0.0,0.0,0,0,PortScan
88,562,7,4,472,414,236,0,67.42857143,115.15620859999999,207,0,103.5,119.5115057,1576512.456,19572.95374,56.2,106.41198759999999,346,2,562,93.66666667,172.76419380000002,442,2,414,138.0,232.9613702,407,3,0,0,0,0,164,104,12455.51601,7117.437722,0,236,73.83333333,109.4090185,11970.33333,0,0,0,1,0,0,0,0,0,80.54545455,67.42857143,103.5,164,0,0,0,0,0,0,7,472,4,414,8192,2053,2,20,0.0,0.0,0,0,0.0,0.0,0,0,BENIGN
53,23705,1,1,69,103,69,69,69.0,0.0,103,103,103.0,0.0,7255.853195999999,84.37038599,23705.0,0.0,23705,23705,0,0.0,0.0,0,0,0,0.0,0.0,0,0,0,0,0,0,20,20,42.185193,42.185193,69,103,80.33333333,19.62990915,385.3333333,0,0,0,0,0,0,0,0,1,120.5,69.0,103.0,20,0,0,0,0,0,0,1,69,1,103,-1,-1,0,20,0.0,0.0,0,0,0.0,0.0,0,0,BENIGN
22,698,3,1,0,0,0,0,0.0,0.0,0,0,0.0,0.0,0.0,5730.659025999999,232.66666669999998,320.6436236,599,3,698,349.0,489.3178926,695,3,0,0.0,0.0,0,0,0,0,0,0,104,40,4297.994269,1432.6647560000001,0,0,0.0,0.0,0.0,0,0,0,1,0,0,0,0,0,0.0,0.0,0.0,104,0,0,0,0,0,0,3,0,1,0,29200,28960,0,32,0.0,0.0,0,0,0.0,0.0,0,0,PortScan
22,911,3,1,0,0,0,0,0.0,0.0,0,0,0.0,0.0,0.0,4390.779363000001,303.6666667,200.7344847,528,141,911,455.5,301.9345956,669,242,0,0.0,0.0,0,0,0,0,0,0,104,40,3293.084523,1097.694841,0,0,0.0,0.0,0.0,0,0,0,1,0,0,0,0,0,0.0,0.0,0.0,104,0,0,0,0,0,0,3,0,1,0,29200,28960,0,32,0.0,0.0,0,0,0.0,0.0,0,0,PortScan
389,425,10,4,165,326,79,0,16.5,33.01262385,163,0,81.5,94.10809388,1155294.118,32941.17647,32.69230769,34.69722519,113,1,425,47.22222222,71.93187363,211,1,261,87.0,110.03635759999999,211,1,0,0,0,0,336,144,23529.41176,9411.764706,0,163,32.73333333,59.52006464,3542.6380950000002,0,0,0,1,0,0,0,0,0,35.07142857,16.5,81.5,336,0,0,0,0,0,0,10,165,4,326,29200,2081,3,32,0.0,0.0,0,0,0.0,0.0,0,0,BENIGN
443,102,1,1,2,6,2,2,2.0,0.0,6,6,6.0,0.0,78431.37255,19607.84314,102.0,0.0,102,102,0,0.0,0.0,0,0,0,0.0,0.0,0,0,0,0,0,0,24,20,9803.921569,9803.921569,2,6,3.333333333,2.309401077,5.333333333,0,0,0,1,0,0,0,0,1,5.0,2.0,6.0,24,0,0,0,0,0,0,1,2,1,6,1024,0,0,24,0.0,0.0,0,0,0.0,0.0,0,0,PortScan
443,85,1,1,0,6,0,0,0.0,0.0,6,6,6.0,0.0,70588.23529,23529.41176,85.0,0.0,85,85,0,0.0,0.0,0,0,0,0.0,0.0,0,0,0,0,0,0,40,20,11764.70588,11764.70588,0,6,2.0,3.464101615,12.0,0,0,0,1,0,0,0,0,1,3.0,0.0,6.0,40,0,0,0,0,0,0,1,0,1,6,29200,0,0,40,0.0,0.0,0,0,0.0,0.0,0,0,PortScan
135,68,1,3,0,0,0,0,0.0,0.0,0,0,0.0,0.0,0.0,58823.52941,22.66666667,34.96188401,63,1,0,0.0,0.0,0,0,5,2.5,2.121320344,4,1,0,0,0,0,20,60,14705.88235,44117.64706,0,0,0.0,0.0,0.0,0,0,0,0,1,1,0,0,3,0.0,0.0,0.0,20,0,0,0,0,0,0,1,0,3,0,253,2050,0,20,0.0,0.0,0,0,0.0,0.0,0,0,BENIGN
21,666,3,1,0,0,0,0,0.0,0.0,0,0,0.0,0.0,0.0,6006.0060060000005,222.0,316.595957,585,3,666,333.0,466.6904756,663,3,0,0.0,0.0,0,0,0,0,0,0,104,40,4504.504505,1501.5015019999998,0,0,0.0,0.0,0.0,0,0,0,1,0,0,0,0,0,0.0,0.0,0.0,104,0,0,0,0,0,0,3,0,1,0,29200,28960,0,32,0.0,0.0,0,0,0.0,0.0,0,0,PortScan
443,155928,2,0,0,0,0,0,0.0,0.0,0,0,0.0,0.0,0.0,12.82643271,155928.0,0.0,155928,155928,155928,155928.0,0.0,155928,155928,0,0.0,0.0,0,0,0,0,0,0,40,0,12.82643271,0.0,0,0,0.0,0.0,0.0,0,0,0,0,1,0,0,0,0,0.0,0.0,0.0,40,0,0,0,0,0,0,2,0,0,0,253,-1,0,20,0.0,0.0,0,0,0.0,0.0,0,0,BENIGN
21,671,3,1,0,0,0,0,0.0,0.0,0,0,0.0,0.0,0.0,5961.251863,223.66666669999998,214.4419113,463,49,671,335.5,405.17218560000003,622,49,0,0.0,0.0,0,0,0,0,0,0,104,40,4470.938897,1490.312966,0,0,0.0,0.0,0.0,0,0,0,1,0,0,0,0,0,0.0,0.0,0.0,104,0,0,0,0,0,0,3,0,1,0,29200,28960,0,32,0.0,0.0,0,0,0.0,0.0,0,0,PortScan
49666,53116357,53,46,16752,7366,1749,0,316.0754717,515.1362721,300,0,160.13043480000002,98.75730267,454.0597541,1.863832642,542003.6429,4051437.438,39100000,1,53100000,1021468.4040000001,5542535.636,39100000,1,14000000,310438.4444,1429978.405,7432516,1,0,0,0,0,1084,944,0.997809394,0.866023248,0,1749,241.18,387.891513,150459.8259,0,0,0,1,0,0,0,0,0,243.6161616,316.0754717,160.13043480000002,1084,0,0,0,0,0,0,53,16752,46,7366,8192,2053,38,20,138776.0,117077.084,221562,55990,6784965.5,840127.0018,7379025,6190906,BENIGN
22,744,3,1,0,0,0,0,0.0,0.0,0,0,0.0,0.0,0.0,5376.344086,248.0,251.97023629999998,531,48,744,372.0,458.2051942,696,48,0,0.0,0.0,0,0,0,0,0,0,104,40,4032.258065,1344.086022,0,0,0.0,0.0,0.0,0,0,0,1,0,0,0,0,0,0.0,0.0,0.0,104,0,0,0,0,0,0,3,0,1,0,29200,28960,0,32,0.0,0.0,0,0,0.0,0.0,0,0,PortScan
49666,53968545,25,20,6732,3426,1749,0,269.28,459.9004892,348,0,171.3,119.99478059999998,188.2207497,0.8338190329999999,1226557.841,8062686.877,53500000,1,54000000,2248689.375,10900000.0,53500000,1,276696,14562.947369999998,62718.82832000001,273558,3,0,0,0,0,524,424,0.463232796,0.37058623700000004,0,1749,220.826087,349.802948,122362.1024,0,0,0,1,0,0,0,0,0,225.7333333,269.28,171.3,524,0,0,0,0,0,0,25,6732,20,3426,8192,2048,16,20,0.0,0.0,0,0,0.0,0.0,0,0,BENIGN
443,100,1,1,2,6,2,2,2.0,0.0,6,6,6.0,0.0,80000.0,20000.0,100.0,0.0,100,100,0,0.0,0.0,0,0,0,0.0,0.0,0,0,0,0,0,0,24,20,10000.0,10000.0,2,6,3.333333333,2.309401077,5.333333333,0,0,0,1,0,0,0,0,1,5.0,2.0,6.0,24,0,0,0,0,0,0,1,2,1,6,1024,0,0,24,0.0,0.0,0,0,0.0,0.0,0,0,PortScan
80,62472,3,2,426,110,426,0,142.0,245.95121469999998,110,0,55.0,77.78174593,8579.84377,80.03585606,15618.0,15430.121519999999,28955,87,33658,16829.0,17271.790240000002,29042,4616,33517,33517.0,0.0,33517,33517,0,0,0,0,72,44,48.02151364,32.01434243,0,426,89.33333333,170.70051750000002,29138.66667,0,0,0,1,0,0,0,0,0,107.2,142.0,55.0,72,0,0,0,0,0,0,3,426,2,110,8192,16384,1,20,0.0,0.0,0,0,0.0,0.0,0,0,BENIGN
80,39620158,4,4,236,1809,236,0,59.0,118.0,1809,0,452.25,904.5,51.61513995,0.20191741800000002,5660022.571,14900000.0,39500000,17,74650,24883.33333,21468.40251,37717,99,39600000,13200000.0,22800000.0,39500000,872,0,0,0,0,92,92,0.10095870900000001,0.10095870900000001,0,1809,227.2222222,598.2795705,357938.4444,0,0,0,1,0,0,0,0,1,255.625,59.0,452.25,92,0,0,0,0,0,0,4,236,4,1809,8192,946,1,20,0.0,0.0,0,0,0.0,0.0,0,0,BENIGN
53,23769,1,1,43,91,43,43,43.0,0.0,91,91,91.0,0.0,5637.595187,84.14321175,23769.0,0.0,23769,23769,0,0.0,0.0,0,0,0,0.0,0.0,0,0,0,0,0,0,20,20,42.07160587,42.07160587,43,91,59.0,27.71281292,768.0,0,0,0,0,0,0,0,0,1,88.5,43.0,91.0,20,0,0,0,0,0,0,1,43,1,91,-1,-1,0,20,0.0,0.0,0,0,0.0,0.0,0,0,BENIGN
444,125,1,1,2,6,2,2,2.0,0.0,6,6,6.0,0.0,64000.0,16000.0,125.0,0.0,125,125,0,0.0,0.0,0,0,0,0.0,0.0,0,0,0,0,0,0,24,20,8000.0,8000.0,2,6,3.333333333,2.309401077,5.333333333,0,0,0,1,0,0,0,0,1,5.0,2.0,6.0,24,0,0,0,0,0,0,1,2,1,6,1024,0,0,24,0.0,0.0,0,0,0.0,0.0,0,0,PortScan
0,343183,2,0,0,0,0,0,0.0,0.0,0,0,0.0,0.0,0.0,5.8277944999999995,343183.0,0.0,343183,343183,343183,343183.0,0.0,343183,343183,0,0.0,0.0,0,0,0,0,0,0,0,0,5.8277944999999995,0.0,0,0,0.0,0.0,0.0,0,0,0,0,0,0,0,0,0,0.0,0.0,0.0,0,0,0,0,0,0,0,2,0,0,0,-1,-1,0,0,0.0,0.0,0,0,0.0,0.0,0,0,BENIGN
123,77089834,8,8,384,384,48,48,48.0,0.0,48,48,48.0,0.0,9.962403084,0.20755006399999998,5139322.267,15000000.0,58900000,89252,77000000,11000000.0,21300000.0,59000000,1999834,77000000,11000000.0,21300000.0,59000000,1999501,0,0,0,0,196,196,0.10377503199999999,0.10377503199999999,48,48,48.0,0.0,0.0,0,0,0,0,0,0,0,0,1,51.0,48.0,48.0,196,0,0,0,0,0,0,8,384,8,384,-1,-1,7,20,5089482.5,7070576.373,10100000,89830,33400000.0,36100000.0,58900000,7910210,BENIGN
389,111231452,52,26,9666,11698,452,0,185.8846154,195.3818437,1173,243,449.92307689999996,282.4984139,192.0679773,0.701240509,1444564.312,4427877.344,16500000,2,111000000,2181008.863,5306877.992,16500000,2,111000000,4449244.36,6940015.9520000005,16500000,3,1,0,0,0,1664,832,0.46749367299999994,0.233746836,0,1173,275.53164560000005,257.3754035,66242.09834,0,1,0,0,1,0,0,0,0,279.0641026,185.8846154,449.92307689999996,1664,0,0,0,0,0,0,52,9666,26,11698,480,2076,25,32,22477.375,62567.09042000001,177323,315,13900000.0,3949480.5489999996,16500000,6370803,BENIGN
21,806,3,1,0,0,0,0,0.0,0.0,0,0,0.0,0.0,0.0,4962.7791560000005,268.6666667,303.63190430000003,617,60,806,403.0,485.07525189999996,746,60,0,0.0,0.0,0,0,0,0,0,0,104,40,3722.0843670000004,1240.6947890000001,0,0,0.0,0.0,0.0,0,0,0,1,0,0,0,0,0,0.0,0.0,0.0,104,0,0,0,0,0,0,3,0,1,0,29200,28960,0,32,0.0,0.0,0,0,0.0,0.0,0,0,PortScan
443,329519,7,10,495,4090,189,0,70.71428571,90.36355144,1410,0,409.0,586.3754959,13914.22042,51.59034836,20594.9375,30522.1461,81649,1,307353,51225.5,30570.31943,81649,22031,307562,34173.55556,50562.70725,104457,1,0,0,0,0,152,212,21.24308462,30.34726374,0,1410,254.7222222,465.4808779,216672.4477,0,0,0,1,0,0,0,0,1,269.70588239999995,70.71428571,409.0,152,0,0,0,0,0,0,7,495,10,4090,8192,119,3,20,0.0,0.0,0,0,0.0,0.0,0,0,BENIGN
88,917,9,4,628,3064,314,0,69.77777778,138.4609853,1532,0,766.0,884.5006124,4026172.3010000004,14176.663030000002,76.41666667,200.16377759999997,709,1,917,114.625,245.735594,720,1,822,274.0,429.2213881,769,5,0,0,0,0,204,104,9814.612868,4362.050164,0,1532,263.7142857,548.9575335,301354.3736,0,0,0,1,0,0,0,0,0,284.0,69.77777778,766.0,204,0,0,0,0,0,0,9,628,4,3064,8192,2053,2,20,0.0,0.0,0,0,0.0,0.0,0,0,BENIGN
443,59207,3,0,53,0,53,0,17.66666667,30.59956427,0,0,0.0,0.0,895.1644231,50.66968433,29603.5,41796.37473,59158,49,59207,29603.5,41796.37473,59158,49,0,0.0,0.0,0,0,0,0,0,0,60,0,50.66968433,0.0,0,53,13.25,26.5,702.25,0,0,0,0,1,0,0,0,0,17.66666667,17.66666667,0.0,60,0,0,0,0,0,0,3,53,0,0,62897,-1,1,20,0.0,0.0,0,0,0.0,0.0,0,0,BENIGN
80,700,2,1,8,2,6,2,4.0,2.828427125,2,2,2.0,0.0,14285.71429,4285.714286,350.0,371.9381669,613,87,700,700.0,0.0,700,700,0,0.0,0.0,0,0,0,0,0,0,44,24,2857.142857,1428.5714289999999,2,6,3.0,2.0,4.0,0,0,0,1,0,0,0,0,0,4.0,4.0,2.0,44,0,0,0,0,0,0,2,8,1,2,1024,29200,1,20,0.0,0.0,0,0,0.0,0.0,0,0,PortScan
443,119,1,1,2,6,2,2,2.0,0.0,6,6,6.0,0.0,67226.89076000001,16806.722690000002,119.0,0.0,119,119,0,0.0,0.0,0,0,0,0.0,0.0,0,0,0,0,0,0,24,20,8403.361345000001,8403.361345000001,2,6,3.333333333,2.309401077,5.333333333,0,0,0,1,0,0,0,0,1,5.0,2.0,6.0,24,0,0,0,0,0,0,1,2,1,6,1024,0,0,24,0.0,0.0,0,0,0.0,0.0,0,0,PortScan
123,71060971,9,9,432,432,48,48,48.0,0.0,48,48,48.0,0.0,12.15857295,0.253303603,4180057.1180000002,13400000.0,55900000,71853,71000000,8873613.625,19000000.0,56000000,1987177,71000000,8873625.375,19000000.0,56000000,1987348,0,0,0,0,216,216,0.12665180199999998,0.12665180199999998,48,48,48.0,0.0,0.0,0,0,0,0,0,0,0,0,1,50.66666667,48.0,48.0,216,0,0,0,0,0,0,9,432,9,432,-1,-1,8,20,15100000.0,0.0,15100000,15100000,55900000.0,0.0,55900000,55900000,BENIGN
88,914,9,6,3130,3048,1565,0,347.77777779999997,690.1001336,1524,0,508.0,786.9902159,6759299.781,16411.37856,65.28571429,175.8195879,673,1,914,114.25,255.76537799999997,744,1,868,173.6,280.94180889999996,673,5,0,0,0,0,204,144,9846.827133,6564.551422,0,1565,386.125,690.8025164,477208.1167,0,0,0,1,0,0,0,0,0,411.8666667,347.77777779999997,508.0,204,0,0,0,0,0,0,9,3130,6,3048,8192,2053,2,20,0.0,0.0,0,0,0.0,0.0,0,0,BENIGN
21,571,2,1,8,2,6,2,4.0,2.828427125,2,2,2.0,0.0,17513.13485,5253.940455,285.5,292.0351006,492,79,571,571.0,0.0,571,571,0,0.0,0.0,0,0,0,0,0,0,44,24,3502.6269700000003,1751.3134850000001,2,6,3.0,2.0,4.0,0,0,0,1,0,0,0,0,0,4.0,4.0,2.0,44,0,0,0,0,0,0,2,8,1,2,1024,29200,1,20,0.0,0.0,0,0,0.0,0.0,0,0,PortScan
21,645157,18,27,176,484,43,0,9.777777777999999,13.02285573,52,0,17.92592593,15.57099356,1023.0068029999999,69.75046384,14662.659090000001,45584.24007,214727,1,645032,37943.05882,71998.26682,215053,3,645008,24808.0,57624.133610000004,214727,1,0,0,0,0,408,564,27.90018554,41.8502783,0,52,14.34782609,14.99217187,224.7652174,0,0,0,1,0,0,0,0,1,14.66666667,9.777777777999999,17.92592593,408,0,0,0,0,0,0,18,176,27,484,8192,229,12,20,0.0,0.0,0,0,0.0,0.0,0,0,BENIGN
443,577166,22,29,764,31594,205,0,34.72727273,65.67465396,1430,0,1089.448276,577.4588783,56063.59349,88.36279337,11543.32,52240.93282,366724,2,577166,27484.09524,78962.69787999999,366724,47,536589,19163.89286,76428.79055,403790,2,0,0,0,0,452,592,38.11728342,50.24550996,0,1430,622.2692308,682.2482187,465462.63200000004,0,0,0,1,0,0,0,0,1,634.4705882000001,34.72727273,1089.448276,452,0,0,0,0,0,0,22,764,29,31594,8192,360,7,20,0.0,0.0,0,0,0.0,0.0,0,0,BENIGN
80,700,3,1,0,0,0,0,0.0,0.0,0,0,0.0,0.0,0.0,5714.285714,233.33333330000002,236.7157226,504,65,700,350.0,403.0508653,635,65,0,0.0,0.0,0,0,0,0,0,0,104,40,4285.714286,1428.5714289999999,0,0,0.0,0.0,0.0,0,0,0,1,0,0,0,0,0,0.0,0.0,0.0,104,0,0,0,0,0,0,3,0,1,0,29200,28960,0,32,0.0,0.0,0,0,0.0,0.0,0,0,PortScan
123,64094119,2,2,96,96,48,48,48.0,0.0,48,48,48.0,0.0,2.99559465,0.062408222,21400000.0,36800000.0,63900000,94180,64000000,64000000.0,0.0,64000000,64000000,64000000,64000000.0,0.0,64000000,64000000,0,0,0,0,40,40,0.031204111,0.031204111,48,48,48.0,0.0,0.0,0,0,0,0,0,0,0,0,1,60.0,48.0,48.0,40,0,0,0,0,0,0,2,96,2,96,-1,-1,1,20,94311.0,0.0,94311,94311,63900000.0,0.0,63900000,63900000,BENIGN
443,41573377,26,31,698,34122,350,0,26.84615385,81.14219238,2576,0,1100.709677,777.8383377,837.555246,1.371069759,742381.7321,2553702.418,10000000,6,41600000,1662927.68,3703321.8639999996,10200000,108,41400000,1380812.5669999998,3432124.4889999996,10200000,48,0,0,0,0,840,1000,0.625400241,0.7456695179999999,0,2576,600.3448276,783.4776624,613837.2474,0,0,0,1,0,0,0,0,1,610.8771929999999,26.84615385,1100.709677,840,0,0,0,0,0,0,26,698,31,34122,29200,252,3,32,542261.0,787600.6707,1723662,148399,9851022.75,340027.6007,10000000,9341312,BENIGN
80,49,2,0,0,0,0,0,0.0,0.0,0,0,0.0,0.0,0.0,40816.32653,49.0,0.0,49,49,49,49.0,0.0,49,49,0,0.0,0.0,0,0,0,0,0,0,40,0,40816.32653,0.0,0,0,0.0,0.0,0.0,0,0,0,0,1,0,0,0,0,0.0,0.0,0.0,40,0,0,0,0,0,0,2,0,0,0,256,-1,0,20,0.0,0.0,0,0,0.0,0.0,0,0,BENIGN
444,53,1,1,2,6,2,2,2.0,0.0,6,6,6.0,0.0,150943.3962,37735.84906,53.0,0.0,53,53,0,0.0,0.0,0,0,0,0.0,0.0,0,0,0,0,0,0,24,20,18867.92453,18867.92453,2,6,3.333333333,2.309401077,5.333333333,0,0,0,1,0,0,0,0,1,5.0,2.0,6.0,24,0,0,0,0,0,0,1,2,1,6,1024,0,0,24,0.0,0.0,0,0,0.0,0.0,0,0,PortScan
80,707,2,1,8,2,6,2,4.0,2.828427125,2,2,2.0,0.0,14144.271569999999,4243.281471,353.5,251.02290730000004,531,176,707,707.0,0.0,707,707,0,0.0,0.0,0,0,0,0,0,0,44,24,2828.854314,1414.427157,2,6,3.0,2.0,4.0,0,0,0,1,0,0,0,0,0,4.0,4.0,2.0,44,0,0,0,0,0,0,2,8,1,2,1024,29200,1,20,0.0,0.0,0,0,0.0,0.0,0,0,PortScan
22,655,2,1,8,2,6,2,4.0,2.828427125,2,2,2.0,0.0,15267.17557,4580.152672,327.5,282.1356057,527,128,655,655.0,0.0,655,655,0,0.0,0.0,0,0,0,0,0,0,44,24,3053.4351149999998,1526.717557,2,6,3.0,2.0,4.0,0,0,0,1,0,0,0,0,0,4.0,4.0,2.0,44,0,0,0,0,0,0,2,8,1,2,1024,29200,1,20,0.0,0.0,0,0,0.0,0.0,0,0,PortScan
443,773,2,0,0,0,0,0,0.0,0.0,0,0,0.0,0.0,0.0,2587.322122,773.0,0.0,773,773,773,773.0,0.0,773,773,0,0.0,0.0,0,0,0,0,0,0,64,0,2587.322122,0.0,0,0,0.0,0.0,0.0,0,0,0,0,1,0,0,0,0,0.0,0.0,0.0,64,0,0,0,0,0,0,2,0,0,0,1283,-1,0,32,0.0,0.0,0,0,0.0,0.0,0,0,BENIGN
443,89,1,1,2,6,2,2,2.0,0.0,6,6,6.0,0.0,89887.64045,22471.91011,89.0,0.0,89,89,0,0.0,0.0,0,0,0,0.0,0.0,0,0,0,0,0,0,24,20,11235.95506,11235.95506,2,6,3.333333333,2.309401077,5.333333333,0,0,0,1,0,0,0,0,1,5.0,2.0,6.0,24,0,0,0,0,0,0,1,2,1,6,1024,0,0,24,0.0,0.0,0,0,0.0,0.0,0,0,PortScan
22,690,3,1,0,0,0,0,0.0,0.0,0,0,0.0,0.0,0.0,5797.101449,230.0,291.69676039999996,559,3,690,345.0,483.66103830000003,687,3,0,0.0,0.0,0,0,0,0,0,0,104,40,4347.8260869999995,1449.2753619999999,0,0,0.0,0.0,0.0,0,0,0,1,0,0,0,0,0,0.0,0.0,0.0,104,0,0,0,0,0,0,3,0,1,0,29200,28960,0,32,0.0,0.0,0,0,0.0,0.0,0,0,PortScan
21,614,2,1,8,2,6,2,4.0,2.828427125,2,2,2.0,0.0,16286.64495,4885.993485,307.0,363.4528855,564,50,614,614.0,0.0,614,614,0,0.0,0.0,0,0,0,0,0,0,44,24,3257.32899,1628.664495,2,6,3.0,2.0,4.0,0,0,0,1,0,0,0,0,0,4.0,4.0,2.0,44,0,0,0,0,0,0,2,8,1,2,1024,29200,1,20,0.0,0.0,0,0,0.0,0.0,0,0,PortScan
443,67444653,129,251,1717,439381,572,0,13.31007752,74.22535349,3864,0,1750.5219120000002,831.1541966,6540.147816,5.634249464,177954.2296,1266022.4479999999,10000000,0,63500000,495937.5078,2149320.922,10200000,1,67300000,269184.96,1575053.211,10200000,1,0,0,0,0,4136,8040,1.9126794230000002,3.721570041,0,3864,1157.737533,1066.107948,1136586.1570000001,0,0,0,1,0,0,0,0,1,1160.784211,13.31007752,1750.5219120000002,4136,0,0,0,0,0,0,129,1717,251,439381,29200,156,5,32,557828.8333,1002925.547,2605042,148121,10000000.0,9749.642079000001,10000000,10000000,BENIGN
443,43846209,21,25,1029,28576,517,0,49.0,135.2057691,2576,0,1143.04,943.0402731,675.2009051,1.049121487,974360.2,2837540.155,10000000,2,34300000,1716037.85,3671464.363,10200000,189,43700000,1820731.417,3772647.6960000005,10200000,2,0,0,0,0,680,808,0.478946766,0.570174721,0,2576,629.893617,881.8870882000001,777724.8363,0,0,0,1,0,0,0,0,1,643.5869565,49.0,1143.04,680,0,0,0,0,0,0,21,1029,25,28576,29200,252,3,32,1112457.0,1927383.3530000001,4003532,148568,9849094.75,314875.0345,10000000,9376881,BENIGN
443,896043,8,9,646,4131,324,0,80.75,123.6951899,1871,0,459.0,701.4329974999999,5331.217363000001,18.97230378,56002.6875,131984.7869,504948,1,870806,124400.8571,188981.9908,504960,616,871048,108881.0,187052.1488,530181,1,0,0,0,0,184,192,8.928142957,10.04416083,0,1871,265.3888889,527.1287530000001,277864.7222,0,0,0,1,0,0,0,0,1,281.0,80.75,459.0,184,0,0,0,0,0,0,8,646,9,4131,8192,33,3,20,0.0,0.0,0,0,0.0,0.0,0,0,BENIGN
80,5287503,3,1,0,0,0,0,0.0,0.0,0,0,0.0,0.0,0.0,0.756500753,1762501.0,3032379.952,5263966,136,5287503,2643751.5,3705542.8819999998,5263966,23537,0,0.0,0.0,0,0,0,0,0,0,72,32,0.567375565,0.189125188,0,0,0.0,0.0,0.0,0,0,0,1,0,0,0,0,0,0.0,0.0,0.0,72,0,0,0,0,0,0,3,0,1,0,8192,29200,0,20,0.0,0.0,0,0,0.0,0.0,0,0,BENIGN
80,665,2,1,8,2,6,2,4.0,2.828427125,2,2,2.0,0.0,15037.593980000001,4511.278195,332.5,290.6208871,538,127,665,665.0,0.0,665,665,0,0.0,0.0,0,0,0,0,0,0,44,24,3007.5187969999997,1503.7593980000001,2,6,3.0,2.0,4.0,0,0,0,1,0,0,0,0,0,4.0,4.0,2.0,44,0,0,0,0,0,0,2,8,1,2,1024,29200,1,20,0.0,0.0,0,0,0.0,0.0,0,0,PortScan
80,128197,3,2,427,110,427,0,142.33333330000002,246.52856490000002,110,0,55.0,77.78174593,4188.865574,39.00247276,32049.25,28660.787139999997,69842,131,99103,49551.5,28695.10029,69842,29261,99067,99067.0,0.0,99067,99067,0,0,0,0,72,44,23.40148365,15.6009891,0,427,89.5,171.0950028,29273.5,0,0,0,1,0,0,0,0,0,107.4,142.33333330000002,55.0,72,0,0,0,0,0,0,3,427,2,110,8192,16384,1,20,0.0,0.0,0,0,0.0,0.0,0,0,BENIGN
80,109861018,9,5,441,4691,158,0,49.0,73.74957627,1585,0,938.2,856.5738147,46.71356677,0.127433736,8450847.537999999,30400000.0,110000000,53,110000000,13700000.0,38700000.0,110000000,59,221422,55355.5,66377.17707,152286,1612,0,0,0,0,192,112,0.08192168799999999,0.045512049000000006,0,1585,342.1333333,635.0063967,403233.1238,0,0,0,1,0,0,0,0,0,366.57142860000005,49.0,938.2,192,0,0,0,0,0,0,9,441,5,4691,65535,1013,3,20,0.0,0.0,0,0,0.0,0.0,0,0,BENIGN
443,86,1,1,2,6,2,2,2.0,0.0,6,6,6.0,0.0,93023.25581,23255.81395,86.0,0.0,86,86,0,0.0,0.0,0,0,0,0.0,0.0,0,0,0,0,0,0,24,20,11627.90698,11627.90698,2,6,3.333333333,2.309401077,5.333333333,0,0,0,1,0,0,0,0,1,5.0,2.0,6.0,24,0,0,0,0,0,0,1,2,1,6,1024,0,0,24,0.0,0.0,0,0,0.0,0.0,0,0,PortScan
443,779,2,0,0,0,0,0,0.0,0.0,0,0,0.0,0.0,0.0,2567.394095,779.0,0.0,779,779,779,779.0,0.0,779,779,0,0.0,0.0,0,0,0,0,0,0,64,0,2567.394095,0.0,0,0,0.0,0.0,0.0,0,0,0,0,1,0,0,0,0,0.0,0.0,0.0,64,0,0,0,0,0,0,2,0,0,0,699,-1,0,32,0.0,0.0,0,0,0.0,0.0,0,0,BENIGN
123,67071220,3,3,144,144,48,48,48.0,0.0,48,48,48.0,0.0,4.293943065,0.08945714699999999,13400000.0,29300000.0,65900000,94077,67000000,33500000.0,46000000.0,66000000,981398,67000000,33500000.0,46000000.0,66000000,981331,0,0,0,0,96,96,0.04472857400000001,0.04472857400000001,48,48,48.0,0.0,0.0,0,0,0,0,0,0,0,0,1,56.0,48.0,48.0,96,0,0,0,0,0,0,3,144,3,144,-1,-1,2,32,1075475.0,0.0,1075475,1075475,65900000.0,0.0,65900000,65900000,BENIGN
389,365412,15,10,4104,1020,1660,0,273.6,567.8187337,210,0,102.0,90.7964757,14022.528,68.41592504,15225.5,62528.0043,303109,3,365412,26100.85714,81320.26587,303109,3,2049,227.66666669999998,312.1846409,898,3,0,0,0,0,324,224,41.04955502,27.36637002,0,1660,197.0769231,438.4117629,192204.8738,0,0,0,1,0,0,0,0,0,204.96,273.6,102.0,324,0,0,0,0,0,0,15,4104,10,1020,8192,2051,8,20,0.0,0.0,0,0,0.0,0.0,0,0,BENIGN
443,94,1,1,2,6,2,2,2.0,0.0,6,6,6.0,0.0,85106.38298,21276.59574,94.0,0.0,94,94,0,0.0,0.0,0,0,0,0.0,0.0,0,0,0,0,0,0,24,20,10638.29787,10638.29787,2,6,3.333333333,2.309401077,5.333333333,0,0,0,1,0,0,0,0,1,5.0,2.0,6.0,24,0,0,0,0,0,0,1,2,1,6,1024,0,0,24,0.0,0.0,0,0,0.0,0.0,0,0,PortScan
80,210129,3,4,436,860,436,0,145.33333330000002,251.7247174,860,0,215.0,430.0,6167.639878,33.31286971,35021.5,63716.242029999994,163014,3,186342,93171.0,98772.91784,163014,23328,186920,62306.666670000006,107543.5352,186487,3,0,0,0,0,72,92,14.27694416,19.03592555,0,860,162.0,320.65646949999996,102820.5714,0,0,0,1,0,0,0,0,1,185.1428571,145.33333330000002,215.0,72,0,0,0,0,0,0,3,436,4,860,8192,31,1,20,0.0,0.0,0,0,0.0,0.0,0,0,BENIGN
88,1153,9,6,3176,3106,1588,0,352.8888889,700.2421803,1553,0,517.6666667,801.9657516,5448395.49,13009.54033,82.35714286,217.98221769999998,836,0,1153,144.125,303.86201639999996,894,1,1045,209.0,352.45921749999997,836,5,0,0,0,0,204,144,7805.724198000001,5203.816132,0,1588,392.625,702.4070876000001,493375.7167,0,0,0,1,0,0,0,0,0,418.8,352.8888889,517.6666667,204,0,0,0,0,0,0,9,3176,6,3106,8192,2053,2,20,0.0,0.0,0,0,0.0,0.0,0,0,BENIGN
80,46038955,9,9,459,2149,459,0,51.0,153.0,1460,0,238.7777778,511.5158301,56.64768021,0.39097325299999997,2708173.8239999996,4407186.623,10000000,36,40100000,5013228.5,5348950.675,10000000,189,46000000,5752983.0,4955358.2069999995,10000000,181,0,0,0,0,200,192,0.19548662600000002,0.19548662600000002,0,1460,137.2631579,369.6108828,136612.2047,0,0,0,1,0,0,0,0,1,144.88888889999998,51.0,238.7777778,200,0,0,0,0,0,0,9,459,9,2149,29200,30,1,20,21108.75,11939.954529999999,39018,14995,10000000.0,10232.44443,10000000,9999090,BENIGN
443,6552217,9,6,679,6068,517,0,75.44444444,174.03527739999998,2576,0,1011.333333,964.9817960000001,1029.727801,2.289301468,468015.5,1665239.366,6250720,0,6552217,819027.125,2195782.749,6250720,0,152417,30483.4,66360.93435,149176,59,0,0,0,0,296,200,1.3735808809999999,0.915720587,0,2576,421.6875,741.2209494,549408.4958,0,0,0,1,0,0,0,0,0,449.8,75.44444444,1011.333333,296,0,0,0,0,0,0,9,679,6,6068,29200,122,2,32,301313.0,0.0,301313,301313,6250720.0,0.0,6250720,6250720,BENIGN
88,1901,9,4,632,3112,316,0,70.22222222,139.34290239999999,1556,0,778.0,898.3570189,1969489.7419999999,6838.506049,158.41666669999998,307.8386408,815,1,1901,237.625,416.6807402,956,1,1634,544.6666667000001,938.1963192,1628,1,0,0,0,0,204,104,4734.350342,2104.155708,0,1556,267.4285714,557.5172594,310825.4945,0,0,0,1,0,0,0,0,0,288.0,70.22222222,778.0,204,0,0,0,0,0,0,9,632,4,3112,8192,2053,2,20,0.0,0.0,0,0,0.0,0.0,0,0,BENIGN
123,66094126,2,2,96,96,48,48,48.0,0.0,48,48,48.0,0.0,2.9049480130000003,0.06051975,22000000.0,38000000.0,65900000,94120,66000000,66000000.0,0.0,66000000,66000000,66000000,66000000.0,0.0,66000000,66000000,0,0,0,0,52,52,0.030259875,0.030259875,48,48,48.0,0.0,0.0,0,0,0,0,0,0,0,0,1,60.0,48.0,48.0,52,0,0,0,0,0,0,2,96,2,96,-1,-1,1,20,94120.0,0.0,94120,94120,65900000.0,0.0,65900000,65900000,BENIGN
123,68093121,3,3,144,144,48,48,48.0,0.0,48,48,48.0,0.0,4.229502125,0.08811462800000001,13600000.0,29800000.0,66900000,94146,68000000,34000000.0,46700000.0,67000000,1002800,68000000,34000000.0,46700000.0,67000000,1002607,0,0,0,0,60,60,0.04405731400000001,0.04405731400000001,48,48,48.0,0.0,0.0,0,0,0,0,0,0,0,0,1,56.0,48.0,48.0,60,0,0,0,0,0,0,3,144,3,144,-1,-1,2,20,1096946.0,0.0,1096946,1096946,66900000.0,0.0,66900000,66900000,BENIGN
443,123156,9,8,496,4528,192,0,55.11111111,80.26432029,1430,0,566.0,679.1749196000001,40793.78999,138.0363117,7697.25,14502.124230000001,36995,47,123156,15394.5,18101.19773,37775,48,86168,12309.71429,20878.23132,47791,48,0,0,0,0,192,172,73.07804735,64.95826432,0,1430,279.1111111,512.687141,262848.1046,0,0,0,1,0,0,0,0,0,295.52941180000005,55.11111111,566.0,192,0,0,0,0,0,0,9,496,8,4528,8192,343,4,20,0.0,0.0,0,0,0.0,0.0,0,0,BENIGN
443,4188450,9,11,703,3950,267,0,78.11111111,103.30228029999999,1448,0,359.0909091,569.9183195,1110.912151,4.775036111,220444.7368,469520.4601,1560269,3,2532977,316622.125,538962.7868,1517481,239,4093380,409338.0,598963.656,1560269,3,0,0,0,0,296,360,2.14876625,2.626269861,0,1448,221.5714286,434.4990876,188789.4571,0,0,0,1,0,0,0,0,1,232.65,78.11111111,359.0909091,296,0,0,0,0,0,0,9,703,11,3950,29200,252,4,32,0.0,0.0,0,0,0.0,0.0,0,0,BENIGN
443,285437,9,7,1689,4749,805,0,187.66666669999998,288.4644692,1460,0,678.4285714,650.465694,22554.889519999997,56.05440079999999,19029.13333,22058.00129,52595,3,285437,35679.625,23982.88654,62601,3,237575,39595.83333,32011.989830000002,71842,194,0,0,0,0,192,152,31.53060045,24.52380035,0,1460,378.70588239999995,518.715091,269065.3456,0,0,0,1,0,0,0,0,0,402.375,187.66666669999998,678.4285714,192,0,0,0,0,0,0,9,1689,7,4749,8192,256,4,20,0.0,0.0,0,0,0.0,0.0,0,0,BENIGN
123,86388852,6,6,288,288,48,48,48.0,0.0,48,48,48.0,0.0,6.667526962999999,0.138906812,7853532.0,25600000.0,84900000,3,86400000,17300000.0,37800000.0,84900000,3,86400000,17300000.0,37800000.0,84900000,3,0,0,0,0,144,144,0.069453406,0.069453406,48,48,48.0,0.0,0.0,0,0,0,0,0,0,0,0,1,52.0,48.0,48.0,144,0,0,0,0,0,0,6,288,6,288,-1,-1,5,20,139.0,0.0,139,139,84900000.0,0.0,84900000,84900000,BENIGN
443,582239,8,8,954,3883,631,0,119.25,220.09137709999996,1460,0,485.375,618.4443472999999,8307.58503,27.48012414,38815.93333,64383.64438,205294,3,543254,77607.71429,94442.3218,244556,354,543920,77702.85714,104026.5976,238715,3,0,0,0,0,172,168,13.74006207,13.74006207,0,1460,284.52941180000005,476.8780134,227412.6397,0,0,0,1,0,0,0,0,1,302.3125,119.25,485.375,172,0,0,0,0,0,0,8,954,8,3883,8192,34,3,20,0.0,0.0,0,0,0.0,0.0,0,0,BENIGN
22,825,3,1,0,0,0,0,0.0,0.0,0,0,0.0,0.0,0.0,4848.484848,275.0,362.445858,693,48,825,412.5,515.4808435,777,48,0,0.0,0.0,0,0,0,0,0,0,104,40,3636.363636,1212.121212,0,0,0.0,0.0,0.0,0,0,0,1,0,0,0,0,0,0.0,0.0,0.0,104,0,0,0,0,0,0,3,0,1,0,29200,28960,0,32,0.0,0.0,0,0,0.0,0.0,0,0,PortScan
389,1,2,0,7,0,7,0,3.5,4.949747468,0,0,0.0,0.0,7000000.0,2000000.0,1.0,0.0,1,1,1,1.0,0.0,1,1,0,0.0,0.0,0,0,1,0,0,0,64,0,2000000.0,0.0,0,7,4.666666667,4.041451884,16.33333333,0,1,0,0,1,0,0,0,0,7.0,3.5,0.0,64,0,0,0,0,0,0,2,7,0,0,237,-1,0,32,0.0,0.0,0,0,0.0,0.0,0,0,BENIGN
88,1139,10,6,3150,3152,1575,0,315.0,632.5616351,1576,0,525.3333333,813.8429005,5532923.617000001,14047.41001,75.93333333,207.95654309999998,823,1,1139,126.55555559999999,286.8340597,887,1,1011,202.2,350.8599436,823,4,0,0,0,0,336,208,8779.631255,5267.7787530000005,0,1576,370.70588239999995,671.9757031,451551.3456,0,0,0,1,0,0,0,0,0,393.875,315.0,525.3333333,336,0,0,0,0,0,0,10,3150,6,3152,29200,2081,3,32,0.0,0.0,0,0,0.0,0.0,0,0,BENIGN
389,448,10,4,165,326,79,0,16.5,33.01262385,163,0,81.5,94.10809388,1095982.143,31250.0,34.46153846,21.41500792,54,0,448,49.77777778,34.8488801,109,0,280,93.33333333,118.87107859999999,228,3,0,0,0,0,336,144,22321.42857,8928.571429000001,0,163,32.73333333,59.52006464,3542.6380950000002,0,0,0,1,0,0,0,0,0,35.07142857,16.5,81.5,336,0,0,0,0,0,0,10,165,4,326,29200,2081,3,32,0.0,0.0,0,0,0.0,0.0,0,0,BENIGN
443,65467675,15,16,1479,5740,1134,0,98.6,292.7528943,2184,0,358.75,661.9932024,110.2681591,0.473516128,2182255.833,4044359.5310000004,10000000,3,61500000,4393528.357,5169009.572,10200000,222,65300000,4354622.4,5004407.655,10200000,3,0,0,0,0,488,520,0.22912070699999998,0.244395421,0,2184,225.59375,518.9902639999999,269350.8942,0,0,0,1,0,0,0,0,1,232.87096769999997,98.6,358.75,488,0,0,0,0,0,0,15,1479,16,5740,29200,148,3,32,230916.5,201698.2511,642631,148243,10000000.0,11617.3919,10000000,9999208,BENIGN
443,601,2,0,0,0,0,0,0.0,0.0,0,0,0.0,0.0,0.0,3327.787022,601.0,0.0,601,601,601,601.0,0.0,601,601,0,0.0,0.0,0,0,0,0,0,0,64,0,3327.787022,0.0,0,0,0.0,0.0,0.0,0,0,0,0,1,0,0,0,0,0.0,0.0,0.0,64,0,0,0,0,0,0,2,0,0,0,3395,-1,0,32,0.0,0.0,0,0,0.0,0.0,0,0,BENIGN
443,301305,12,16,5695,17600,3393,0,474.58333330000005,1009.7048589999999,2920,0,1100.0,809.6755728999999,77313.68547000001,92.92909178,11159.444440000001,19811.04936,52218,7,255487,23226.09091,30733.261239999996,86678,52,253896,16926.4,25131.52901,68802,159,0,0,0,0,252,332,39.82675362,53.10233816,0,3393,803.2758621,933.4766390000001,871378.6355,0,0,0,1,0,0,0,0,1,831.9642857000001,474.58333330000005,1100.0,252,0,0,0,0,0,0,12,5695,16,17600,8192,256,5,20,0.0,0.0,0,0,0.0,0.0,0,0,BENIGN
80,104,2,0,0,0,0,0,0.0,0.0,0,0,0.0,0.0,0.0,19230.76923,104.0,0.0,104,104,104,104.0,0.0,104,104,0,0.0,0.0,0,0,0,0,0,0,64,0,19230.76923,0.0,0,0,0.0,0.0,0.0,0,0,0,0,1,0,0,0,0,0.0,0.0,0.0,64,0,0,0,0,0,0,2,0,0,0,242,-1,0,32,0.0,0.0,0,0,0.0,0.0,0,0,BENIGN
80,424395,3,4,426,2266,426,0,142.0,245.95121469999998,2266,0,566.5,1133.0,6343.147304,16.49406803,70732.5,144913.0056,365160,4,394093,197046.5,237748.3917,365160,28933,395535,131845.0,227235.5947,394233,4,0,0,0,0,72,92,7.068886297000001,9.425181729,0,2266,336.5,793.7590494,630053.4286,0,0,0,1,0,0,0,0,1,384.57142860000005,142.0,566.5,72,0,0,0,0,0,0,3,426,4,2266,8192,237,1,20,0.0,0.0,0,0,0.0,0.0,0,0,BENIGN
443,4589384,8,6,369,3710,212,0,46.125,79.96505933,1460,0,618.3333332999999,680.9950562999999,888.7903038999999,3.050518327,353029.5385,1232875.3290000001,4455903,4,4589384,655626.2857,1675997.8490000002,4455903,4,53190,10638.0,13241.97017,27417,48,0,0,0,0,172,132,1.74315333,1.307364997,0,1460,271.9333333,504.6464768999999,254668.0667,0,0,0,1,0,0,0,0,0,291.35714289999993,46.125,618.3333332999999,172,0,0,0,0,0,0,8,369,6,3710,8192,119,3,20,0.0,0.0,0,0,0.0,0.0,0,0,BENIGN
443,5225777,8,7,363,5457,206,0,45.375,78.19561095,2021,0,779.5714286,839.3100057,1113.70998,2.870386547,373269.7857,1299502.738,4883179,4,5225777,746539.5714,1826543.999,4883186,4,310142,51690.33333,91489.25889,235237,50,0,0,0,0,184,152,1.530872825,1.339513722,0,2021,363.75,654.3707919,428201.1333,0,0,0,1,0,0,0,0,0,388.0,45.375,779.5714286,184,0,0,0,0,0,0,8,363,7,5457,8192,119,3,20,0.0,0.0,0,0,0.0,0.0,0,0,BENIGN
1077,549,6,0,38,0,38,0,6.333333333,15.51343504,0,0,0.0,0.0,69216.75774,10928.96175,109.8,241.0502022,541,1,549,109.8,241.0502022,541,1,0,0.0,0.0,0,0,0,0,0,0,120,0,10928.96175,0.0,0,38,5.428571429,14.36264997,206.28571430000002,0,0,0,0,1,0,0,0,0,6.333333333,6.333333333,0.0,120,0,0,0,0,0,0,6,38,0,0,12491,-1,1,20,0.0,0.0,0,0,0.0,0.0,0,0,BENIGN
389,1,2,0,39,0,39,0,19.5,27.57716447,0,0,0.0,0.0,39000000.0,2000000.0,1.0,0.0,1,1,1,1.0,0.0,1,1,0,0.0,0.0,0,0,1,0,0,0,64,0,2000000.0,0.0,0,39,26.0,22.5166605,507.0,0,1,0,0,1,0,0,0,0,39.0,19.5,0.0,64,0,0,0,0,0,0,2,39,0,0,245,-1,0,32,0.0,0.0,0,0,0.0,0.0,0,0,BENIGN
21,801,3,1,0,0,0,0,0.0,0.0,0,0,0.0,0.0,0.0,4993.757803,267.0,428.1541778,761,3,801,400.5,562.149891,798,3,0,0.0,0.0,0,0,0,0,0,0,104,40,3745.3183520000002,1248.439451,0,0,0.0,0.0,0.0,0,0,0,1,0,0,0,0,0,0.0,0.0,0.0,104,0,0,0,0,0,0,3,0,1,0,29200,28960,0,32,0.0,0.0,0,0,0.0,0.0,0,0,PortScan
88,1076,9,6,3150,3152,1575,0,350.0,694.5097192000001,1576,0,525.3333333,813.8429005,5856877.323,13940.52045,76.85714286,206.25706780000002,788,0,1076,134.5,315.02335510000006,908,0,1057,211.4,326.6072565,788,1,0,0,0,0,304,208,8364.312268000001,5576.208178,0,1576,393.875,704.585067,496440.1167,0,0,0,1,0,0,0,0,0,420.13333330000006,350.0,525.3333333,304,0,0,0,0,0,0,9,3150,6,3152,29200,2081,2,32,0.0,0.0,0,0,0.0,0.0,0,0,BENIGN
443,156002,9,10,533,5370,196,0,59.22222222,83.73138267,2920,0,537.0,956.7133554,37839.25847,121.79331029999999,8666.777778,11454.23262,30870,3,156002,19500.25,13061.71428,31268,3,108060,12006.66667,20513.98765,60005,3,0,0,0,0,192,212,57.69156806,64.10174229,0,2920,295.15,705.8692495,498251.3974,0,0,0,1,0,0,0,0,1,310.6842105,59.22222222,537.0,192,0,0,0,0,0,0,9,533,10,5370,8192,12501,4,20,0.0,0.0,0,0,0.0,0.0,0,0,BENIGN
443,689974,12,10,563,3995,192,0,46.91666667,67.54723375,1430,0,399.5,584.6524609,6606.046025,31.88525944,32855.904760000005,94373.97249,438268,1,689974,62724.90909,127556.6553,438268,48,201311,22367.888890000002,27836.333689999996,72801,1,0,0,0,0,252,212,17.391959699999997,14.49329975,0,1430,198.173913,418.09607989999995,174804.332,0,0,0,1,0,0,0,0,0,207.18181819999998,46.91666667,399.5,252,0,0,0,0,0,0,12,563,10,3995,8192,351,6,20,0.0,0.0,0,0,0.0,0.0,0,0,BENIGN
53,76744,1,1,50,105,50,50,50.0,0.0,105,105,105.0,0.0,2019.701866,26.06066924,76744.0,0.0,76744,76744,0,0.0,0.0,0,0,0,0.0,0.0,0,0,0,0,0,0,20,20,13.03033462,13.03033462,50,105,68.33333333,31.75426481,1008.333333,0,0,0,0,0,0,0,0,1,102.5,50.0,105.0,20,0,0,0,0,0,0,1,50,1,105,-1,-1,0,20,0.0,0.0,0,0,0.0,0.0,0,0,BENIGN
49207,347,3,0,31,0,31,0,10.33333333,17.89785834,0,0,0.0,0.0,89337.17579,8645.533141,173.5,241.12341239999998,344,3,347,173.5,241.12341239999998,344,3,0,0.0,0.0,0,0,0,0,0,0,60,0,8645.533141,0.0,0,31,7.75,15.5,240.25,0,0,0,0,1,0,0,0,0,10.33333333,10.33333333,0.0,60,0,0,0,0,0,0,3,31,0,0,125,-1,1,20,0.0,0.0,0,0,0.0,0.0,0,0,BENIGN
1284,4,2,0,31,0,31,0,15.5,21.92031022,0,0,0.0,0.0,7750000.0,500000.0,4.0,0.0,4,4,4,4.0,0.0,4,4,0,0.0,0.0,0,0,1,0,0,0,40,0,500000.0,0.0,0,31,20.66666667,17.89785834,320.3333333,0,1,0,0,1,0,0,0,0,31.0,15.5,0.0,40,0,0,0,0,0,0,2,31,0,0,123,-1,0,20,0.0,0.0,0,0,0.0,0.0,0,0,BENIGN
53,46870,1,1,44,240,44,44,44.0,0.0,240,240,240.0,0.0,6059.312993,42.67121826,46870.0,0.0,46870,46870,0,0.0,0.0,0,0,0,0.0,0.0,0,0,0,0,0,0,20,20,21.33560913,21.33560913,44,240,109.33333329999999,113.1606528,12805.33333,0,0,0,0,0,0,0,0,1,164.0,44.0,240.0,20,0,0,0,0,0,0,1,44,1,240,-1,-1,0,20,0.0,0.0,0,0,0.0,0.0,0,0,BENIGN
123,66016313,7,6,336,288,48,48,48.0,0.0,48,48,48.0,0.0,9.452209183999999,0.196921025,5501359.417,15900000.0,56000000,16366,66000000,11000000.0,22000000.0,56000000,1999915,66000000,13200000.0,25000000.0,58000000,1999769,0,0,0,0,176,156,0.106034398,0.090886627,48,48,48.0,0.0,0.0,0,0,0,0,0,0,0,0,0,51.69230769,48.0,48.0,176,0,0,0,0,0,0,7,336,6,288,-1,-1,6,20,9999910.0,0.0,9999910,9999910,56000000.0,0.0,56000000,56000000,BENIGN
1108,3,2,0,31,0,31,0,15.5,21.92031022,0,0,0.0,0.0,10300000.0,666666.6667,3.0,0.0,3,3,3,3.0,0.0,3,3,0,0.0,0.0,0,0,1,0,0,0,40,0,666666.6667,0.0,0,31,20.66666667,17.89785834,320.3333333,0,1,0,0,1,0,0,0,0,31.0,15.5,0.0,40,0,0,0,0,0,0,2,31,0,0,946,-1,0,20,0.0,0.0,0,0,0.0,0.0,0,0,BENIGN
49666,39,1,1,0,0,0,0,0.0,0.0,0,0,0.0,0.0,0.0,51282.05128,39.0,0.0,39,39,0,0.0,0.0,0,0,0,0.0,0.0,0,0,0,0,0,0,20,20,25641.02564,25641.02564,0,0,0.0,0.0,0.0,0,0,0,0,1,1,0,0,1,0.0,0.0,0.0,20,0,0,0,0,0,0,1,0,1,0,254,2052,0,20,0.0,0.0,0,0,0.0,0.0,0,0,BENIGN
443,81733,8,5,431,3517,188,0,53.875,80.11498433,1398,0,703.4,699.0692382999999,48303.62277,159.05448230000002,6811.083333,13400.37191,34867,8,81733,11676.14286,16645.69178,36024,139,36474,9118.5,17316.722869999998,35084,48,0,0,0,0,264,168,97.8796814,61.17480088,0,1398,282.0,510.16302069999995,260266.3077,0,0,0,1,0,0,0,0,0,303.6923077,53.875,703.4,264,0,0,0,0,0,0,8,431,5,3517,29200,114,3,32,0.0,0.0,0,0,0.0,0.0,0,0,BENIGN
443,1032,2,0,0,0,0,0,0.0,0.0,0,0,0.0,0.0,0.0,1937.984496,1032.0,0.0,1032,1032,1032,1032.0,0.0,1032,1032,0,0.0,0.0,0,0,0,0,0,0,64,0,1937.984496,0.0,0,0,0.0,0.0,0.0,0,0,0,0,1,0,0,0,0,0.0,0.0,0.0,64,0,0,0,0,0,0,2,0,0,0,675,-1,0,32,0.0,0.0,0,0,0.0,0.0,0,0,BENIGN
88,1099,9,6,3176,3106,1588,0,352.8888889,700.2421803,1553,0,517.6666667,801.9657516,5716105.551,13648.77161,78.5,194.3176424,746,1,1099,137.375,300.76375989999997,875,1,982,196.4,315.45094710000006,746,4,0,0,0,0,204,144,8189.262965999999,5459.508644,0,1588,392.625,702.4070876000001,493375.7167,0,0,0,1,0,0,0,0,0,418.8,352.8888889,517.6666667,204,0,0,0,0,0,0,9,3176,6,3106,8192,2053,2,20,0.0,0.0,0,0,0.0,0.0,0,0,BENIGN
5353,64061554,264,0,21912,0,153,37,83.0,43.73024812,0,0,0.0,0.0,342.04602650000004,4.1210364639999995,243580.0532,2019467.9109999998,26500000,0,64100000,243580.0532,2019467.9109999998,26500000,0,0,0.0,0.0,0,0,0,0,0,0,6000,0,4.1210364639999995,0.0,37,153,83.04528302,43.65357151,1905.634305,0,0,0,0,0,0,0,0,0,83.35984848,83.0,0.0,6000,0,0,0,0,0,0,264,21912,0,0,-1,-1,263,0,4139342.0,3653696.5539999995,6915385,14,17200000.0,9255748.091,26500000,8000758,BENIGN
22,659,2,1,8,2,6,2,4.0,2.828427125,2,2,2.0,0.0,15174.506830000002,4552.352049,329.5,368.402633,590,69,659,659.0,0.0,659,659,0,0.0,0.0,0,0,0,0,0,0,44,24,3034.901366,1517.450683,2,6,3.0,2.0,4.0,0,0,0,1,0,0,0,0,0,4.0,4.0,2.0,44,0,0,0,0,0,0,2,8,1,2,1024,29200,1,20,0.0,0.0,0,0,0.0,0.0,0,0,PortScan
49666,34239094,19,16,5742,2858,1755,0,302.2105263,523.96889,348,0,178.625,136.5527371,251.1748705,1.02222331,1007032.176,5836701.857999999,34000000,2,34200000,1902171.889,8020434.157000001,34000000,2,3980,265.3333333,421.4667699,1616,3,0,0,0,0,404,344,0.554921225,0.467302085,0,1755,238.88888889999998,393.2588953,154652.5587,0,0,0,1,0,0,0,0,0,245.71428569999998,302.2105263,178.625,404,0,0,0,0,0,0,19,5742,16,2858,8192,2048,12,20,0.0,0.0,0,0,0.0,0.0,0,0,BENIGN
443,43813765,19,24,954,27253,517,0,50.21052632,139.3351591,3864,0,1135.541667,1087.378778,643.7931093,0.981426727,1043184.8809999999,2927668.438,10000000,4,34300000,1904939.9440000001,3833388.345,10200000,229,43700000,1898507.6090000002,3838393.9189999998,10200000,4,0,0,0,0,616,776,0.43365367,0.547773057,0,3864,641.0681818,969.9759622000001,940853.3673,0,0,0,1,0,0,0,0,1,655.9767442000001,50.21052632,1135.541667,616,0,0,0,0,0,0,19,954,24,27253,29200,243,3,32,1102900.0,1909136.0080000001,3966604,148181,9850540.25,316264.9915,10000000,9376272,BENIGN
445,66119,32,28,6108,3480,1478,0,190.875,345.6729528,256,0,124.2857143,80.71479608,145011.2676,907.4547407,1120.661017,5453.277669,37263,1,66119,2132.870968,7459.094752,37335,1,28768,1065.481481,3847.6030140000003,19852,3,0,0,0,0,1040,912,483.97586169999994,423.478879,0,1478,157.1803279,257.2747888,66190.31694,0,0,0,1,0,0,0,0,0,159.8,190.875,124.2857143,1040,0,0,0,0,0,0,32,6108,28,3480,29200,2081,24,32,0.0,0.0,0,0,0.0,0.0,0,0,BENIGN
80,666,2,1,8,2,6,2,4.0,2.828427125,2,2,2.0,0.0,15015.015019999999,4504.504505,333.0,289.91378030000004,538,128,666,666.0,0.0,666,666,0,0.0,0.0,0,0,0,0,0,0,44,24,3003.0030030000003,1501.5015019999998,2,6,3.0,2.0,4.0,0,0,0,1,0,0,0,0,0,4.0,4.0,2.0,44,0,0,0,0,0,0,2,8,1,2,1024,29200,1,20,0.0,0.0,0,0,0.0,0.0,0,0,PortScan
80,55,2,0,0,0,0,0,0.0,0.0,0,0,0.0,0.0,0.0,36363.636360000004,55.0,0.0,55,55,55,55.0,0.0,55,55,0,0.0,0.0,0,0,0,0,0,0,40,0,36363.636360000004,0.0,0,0,0.0,0.0,0.0,0,0,0,0,1,0,0,0,0,0.0,0.0,0.0,40,0,0,0,0,0,0,2,0,0,0,256,-1,0,20,0.0,0.0,0,0,0.0,0.0,0,0,BENIGN
49219,915,3,0,0,0,0,0,0.0,0.0,0,0,0.0,0.0,0.0,3278.688525,457.5,642.7600641,912,3,915,457.5,642.7600641,912,3,0,0.0,0.0,0,0,0,0,0,0,60,0,3278.688525,0.0,0,0,0.0,0.0,0.0,0,0,0,0,1,0,0,0,0,0.0,0.0,0.0,60,0,0,0,0,0,0,3,0,0,0,360,-1,0,20,0.0,0.0,0,0,0.0,0.0,0,0,BENIGN
444,149,1,1,0,6,0,0,0.0,0.0,6,6,6.0,0.0,40268.45638,13422.818790000001,149.0,0.0,149,149,0,0.0,0.0,0,0,0,0.0,0.0,0,0,0,0,0,0,40,20,6711.409395999999,6711.409395999999,0,6,2.0,3.464101615,12.0,0,0,0,1,0,0,0,0,1,3.0,0.0,6.0,40,0,0,0,0,0,0,1,0,1,6,29200,0,0,40,0.0,0.0,0,0,0.0,0.0,0,0,PortScan
444,119,1,1,2,6,2,2,2.0,0.0,6,6,6.0,0.0,67226.89076000001,16806.722690000002,119.0,0.0,119,119,0,0.0,0.0,0,0,0,0.0,0.0,0,0,0,0,0,0,24,20,8403.361345000001,8403.361345000001,2,6,3.333333333,2.309401077,5.333333333,0,0,0,1,0,0,0,0,1,5.0,2.0,6.0,24,0,0,0,0,0,0,1,2,1,6,1024,0,0,24,0.0,0.0,0,0,0.0,0.0,0,0,PortScan
443,43845953,25,28,1029,30439,517,0,41.16,124.77969920000001,2576,0,1087.107143,787.8936448,717.6945156,1.208777467,843191.4038,2657524.1969999997,10000000,4,34300000,1430040.333,3401185.6339999996,10200000,220,43700000,1618429.074,3596573.088,10200000,4,0,0,0,0,808,904,0.57017805,0.638599416,0,2576,582.7407407000001,776.1754855,602448.3843,0,0,0,1,0,0,0,0,1,593.7358491,41.16,1087.107143,808,0,0,0,0,0,0,25,1029,28,30439,29200,252,3,32,1110329.75,1924298.835,3996778,148092,9851157.5,316328.2469,10000000,9376889,BENIGN
88,642,7,4,468,444,234,0,66.85714286,114.1803085,222,0,111.0,128.1717598,1420560.7480000001,17133.95639,64.2,123.6004315,403,1,642,107.0,198.61218490000002,507,1,480,160.0,271.93197680000003,474,3,0,0,0,0,164,104,10903.426790000001,6230.529595,0,234,76.0,112.3177311,12615.27273,0,0,0,1,0,0,0,0,0,82.90909091,66.85714286,111.0,164,0,0,0,0,0,0,7,468,4,444,8192,2053,2,20,0.0,0.0,0,0,0.0,0.0,0,0,BENIGN
22,10243,4,2,0,41,0,0,0.0,0.0,41,0,20.5,28.99137803,4002.7335740000003,585.7658888999999,2048.6,3283.172292,7898,105,10243,3414.333333,4512.513749000001,8624,724,8517,8517.0,0.0,8517,8517,0,0,0,0,136,72,390.51059260000005,195.25529630000003,0,41,5.857142857,15.49654339,240.1428571,0,0,0,1,0,0,0,0,0,6.833333333,0.0,20.5,136,0,0,0,0,0,0,4,0,2,41,29200,227,0,32,0.0,0.0,0,0,0.0,0.0,0,0,PortScan
80,5898028,3,1,0,0,0,0,0.0,0.0,0,0,0.0,0.0,0.0,0.6781927790000001,1966009.333,3373203.613,5860991,53,5898028,2949014.0,4118157.367,5860991,37037,0,0.0,0.0,0,0,0,0,0,0,104,40,0.508644584,0.169548195,0,0,0.0,0.0,0.0,0,0,0,1,0,0,0,0,0,0.0,0.0,0.0,104,0,0,0,0,0,0,3,0,1,0,29200,28960,0,32,0.0,0.0,0,0,0.0,0.0,0,0,BENIGN
443,5840400,9,5,375,4486,182,0,41.66666667,74.75292636,2576,0,897.2,1231.8095230000001,832.3060063999999,2.397096089,449261.5385,1460422.294,5305504,3,5840400,730050.0,1850327.0890000002,5305504,3,350024,87506.0,99456.85313999999,185916,172,0,0,0,0,296,168,1.540990343,0.8561057459999999,0,2576,324.0666667,782.8199452,612807.0667,0,0,0,1,0,0,0,0,0,347.2142857,41.66666667,897.2,296,0,0,0,0,0,0,9,375,5,4486,29200,17,3,32,534893.0,0.0,534893,534893,5305504.0,0.0,5305504,5305504,BENIGN
49666,93,1,1,0,0,0,0,0.0,0.0,0,0,0.0,0.0,0.0,21505.37634,93.0,0.0,93,93,0,0.0,0.0,0,0,0,0.0,0.0,0,0,0,0,0,0,20,20,10752.68817,10752.68817,0,0,0.0,0.0,0.0,0,0,0,0,1,1,0,0,1,0.0,0.0,0.0,20,0,0,0,0,0,0,1,0,1,0,251,2048,0,20,0.0,0.0,0,0,0.0,0.0,0,0,BENIGN
443,144,1,1,2,6,2,2,2.0,0.0,6,6,6.0,0.0,55555.55556,13888.88889,144.0,0.0,144,144,0,0.0,0.0,0,0,0,0.0,0.0,0,0,0,0,0,0,24,20,6944.444444,6944.444444,2,6,3.333333333,2.309401077,5.333333333,0,0,0,1,0,0,0,0,1,5.0,2.0,6.0,24,0,0,0,0,0,0,1,2,1,6,1024,0,0,24,0.0,0.0,0,0,0.0,0.0,0,0,PortScan
88,2080,7,4,472,414,236,0,67.42857143,115.15620859999999,207,0,103.5,119.5115057,425961.5385,5288.4615380000005,208.0,364.4243558,1059,1,2080,346.6666667,534.1829899,1076,1,1482,494.0,851.3031187999999,1477,2,0,0,0,0,164,104,3365.384615,1923.076923,0,236,73.83333333,109.4090185,11970.33333,0,0,0,1,0,0,0,0,0,80.54545455,67.42857143,103.5,164,0,0,0,0,0,0,7,472,4,414,8192,256,2,20,0.0,0.0,0,0,0.0,0.0,0,0,BENIGN
443,926421,7,6,319,3432,193,0,45.57142857,80.19529733,1460,0,572.0,695.9252832999999,4048.915126,14.032497099999999,77201.75,163400.8549,555104,75,926421,154403.5,216331.5003,555104,486,347302,69460.4,94923.30862000001,224531,228,0,0,0,0,164,132,7.555959979,6.476537125,0,1460,267.9285714,513.8683555,264060.6868,0,0,0,1,0,0,0,0,0,288.53846150000004,45.57142857,572.0,164,0,0,0,0,0,0,7,319,6,3432,8192,60,2,20,0.0,0.0,0,0,0.0,0.0,0,0,BENIGN
1098,2,3,0,0,0,0,0,0.0,0.0,0,0,0.0,0.0,0.0,1500000.0,1.0,0.0,1,1,2,1.0,0.0,1,1,0,0.0,0.0,0,0,0,0,0,0,60,0,1500000.0,0.0,0,0,0.0,0.0,0.0,0,0,0,0,1,0,0,0,0,0.0,0.0,0.0,60,0,0,0,0,0,0,3,0,0,0,12499,-1,0,20,0.0,0.0,0,0,0.0,0.0,0,0,BENIGN
49212,4,2,0,0,0,0,0,0.0,0.0,0,0,0.0,0.0,0.0,500000.0,4.0,0.0,4,4,4,4.0,0.0,4,4,0,0.0,0.0,0,0,0,0,0,0,40,0,500000.0,0.0,0,0,0.0,0.0,0.0,0,0,0,0,1,0,0,0,0,0.0,0.0,0.0,40,0,0,0,0,0,0,2,0,0,0,360,-1,0,20,0.0,0.0,0,0,0.0,0.0,0,0,BENIGN
443,145485,5,6,1230,613,662,0,246.0,318.4156089,445,0,102.16666670000001,176.14019040000002,12667.97264,75.60916933,14548.5,17711.77559,39233,1,106461,26615.25,18292.40648,43643,4294,106252,21250.4,29776.615869999998,62893,1,0,0,0,0,112,128,34.36780424,41.24136509,0,662,153.58333330000002,241.74271009999998,58439.537879999996,0,0,0,1,0,0,0,0,1,167.5454545,246.0,102.16666670000001,112,0,0,0,0,0,0,5,1230,6,613,8192,34,3,20,0.0,0.0,0,0,0.0,0.0,0,0,BENIGN
1080,750,6,1,38,0,38,0,6.333333333,15.51343504,0,0,0.0,0.0,50666.66667,9333.333333,125.0,228.40052540000002,582,1,750,150.0,307.0455992,698,1,0,0.0,0.0,0,0,0,0,0,0,120,20,8000.0,1333.333333,0,38,4.75,13.43502884,180.5,0,0,0,0,1,0,0,0,0,5.428571429,6.333333333,0.0,120,0,0,0,0,0,0,6,38,1,0,12491,0,1,20,0.0,0.0,0,0,0.0,0.0,0,0,BENIGN
88,884,9,4,626,3064,313,0,69.55555556,138.0200267,1532,0,766.0,884.5006124,4174208.145,14705.88235,73.66666667,191.2220667,676,1,884,110.5,261.4738446,754,1,771,257.0,439.07516439999995,764,3,0,0,0,0,204,104,10180.99548,4524.886878,0,1532,263.5714286,548.9435607999999,301339.033,0,0,0,1,0,0,0,0,0,283.8461538,69.55555556,766.0,204,0,0,0,0,0,0,9,626,4,3064,8192,2053,2,20,0.0,0.0,0,0,0.0,0.0,0,0,BENIGN
88,1110,9,6,3128,3046,1564,0,347.55555560000005,689.6591751,1523,0,507.66666669999995,786.4738182,5562162.1620000005,13513.513509999999,79.28571429,207.35752419999997,796,0,1110,138.75,300.4695135,879,0,1002,200.4,338.249612,796,4,0,0,0,0,204,144,8108.108107999999,5405.4054049999995,0,1564,385.875,690.3553554,476590.5167,0,0,0,1,0,0,0,0,0,411.6,347.55555560000005,507.66666669999995,204,0,0,0,0,0,0,9,3128,6,3046,8192,2053,2,20,0.0,0.0,0,0,0.0,0.0,0,0,BENIGN
123,67022566,7,7,336,336,48,48,48.0,0.0,48,48,48.0,0.0,10.02647377,0.20888487,5155582.0,15600000.0,57000000,22538,67000000,11200000.0,22500000.0,57000000,1999909,67000000,11200000.0,22500000.0,57000000,1999888,0,0,0,0,152,152,0.104442435,0.104442435,48,48,48.0,0.0,0.0,0,0,0,0,0,0,0,0,1,51.42857143,48.0,48.0,152,0,0,0,0,0,0,7,336,7,336,-1,-1,6,20,10000000.0,0.0,10000000,10000000,57000000.0,0.0,57000000,57000000,BENIGN
443,72482535,39,44,1054,60043,356,0,27.02564103,86.08303433,3864,0,1364.613636,1005.283929,842.920298,1.145103438,883933.3537,2781633.932,10000000,2,63000000,1657795.395,3716656.1969999997,10200000,2,72300000,1682186.4880000001,3739602.5930000003,10200000,3,0,0,0,0,1256,1416,0.538060651,0.6070427860000001,0,3864,727.3452381,989.4782548000001,979067.2167,0,0,0,1,0,0,0,0,1,736.1084337,27.02564103,1364.613636,1256,0,0,0,0,0,0,39,1054,44,60043,29200,260,4,32,431706.8571,590737.998,1726971,148213,9922940.571,258242.7254,10000000,9337895,BENIGN
3268,58230081,21,13,4102,6798,1293,0,195.33333330000002,388.12167339999996,3069,0,522.9230769,942.6004332999998,187.18847390000002,0.583890653,1764547.909,10100000.0,58100000,1,58200000,2911504.05,13000000.0,58100000,1,42542,3545.166667,11834.15326,41120,3,0,0,0,0,688,432,0.360638344,0.223252308,0,3069,311.42857139999995,656.1077872999999,430477.4286,0,0,0,1,0,0,0,0,0,320.5882353,195.33333330000002,522.9230769,688,0,0,0,0,0,0,21,4102,13,6798,29200,2081,10,32,0.0,0.0,0,0,0.0,0.0,0,0,BENIGN
443,5265834,7,4,635,168,517,0,90.71428571,190.7072051,168,0,42.0,84.0,152.49246369999997,2.088937859,526583.4,1418488.1709999999,4532089,3,5265834,877639.0,1841302.971,4608385,3,697394,232464.6667,365566.7033,653871,512,0,0,0,0,232,136,1.329324092,0.759613767,0,517,66.91666667,150.8487854,22755.35606,0,0,0,1,0,0,0,0,0,73.0,90.71428571,42.0,232,0,0,0,0,0,0,7,635,4,168,29200,340,3,32,0.0,0.0,0,0,0.0,0.0,0,0,BENIGN
80,2642,6,0,0,0,0,0,0.0,0.0,0,0,0.0,0.0,0.0,2271.006813,528.4,504.3905233,1423,219,2642,528.4,504.3905233,1423,219,0,0.0,0.0,0,0,0,0,0,0,192,0,2271.006813,0.0,0,0,0.0,0.0,0.0,0,0,0,0,1,0,0,0,0,0.0,0.0,0.0,192,0,0,0,0,0,0,6,0,0,0,251,-1,0,32,0.0,0.0,0,0,0.0,0.0,0,0,PortScan
443,60494983,11,9,3276,4556,821,0,297.8181818,350.899364,1460,0,506.22222220000003,603.9734634,129.4652814,0.330605928,3183946.474,13700000.0,60000000,8,60500000,6049498.3,18900000.0,60000000,334,434621,54327.625,40894.57387,125536,48,0,0,0,0,232,192,0.18183326,0.148772668,0,1460,372.952381,474.90067130000006,225530.6476,0,0,0,1,0,0,0,0,0,391.6,297.8181818,506.22222220000003,232,0,0,0,0,0,0,11,3276,9,4556,8192,513,6,20,0.0,0.0,0,0,0.0,0.0,0,0,BENIGN
80,2389,5,0,0,0,0,0,0.0,0.0,0,0,0.0,0.0,0.0,2092.92591,597.25,690.9946334,1631,192,2389,597.25,690.9946334,1631,192,0,0.0,0.0,0,0,0,0,0,0,160,0,2092.92591,0.0,0,0,0.0,0.0,0.0,0,0,0,0,1,0,0,0,0,0.0,0.0,0.0,160,0,0,0,0,0,0,5,0,0,0,251,-1,0,32,0.0,0.0,0,0,0.0,0.0,0,0,PortScan
443,151,1,1,0,6,0,0,0.0,0.0,6,6,6.0,0.0,39735.09934,13245.03311,151.0,0.0,151,151,0,0.0,0.0,0,0,0,0.0,0.0,0,0,0,0,0,0,40,20,6622.5165560000005,6622.5165560000005,0,6,2.0,3.464101615,12.0,0,0,0,1,0,0,0,0,1,3.0,0.0,6.0,40,0,0,0,0,0,0,1,0,1,6,29200,0,0,40,0.0,0.0,0,0,0.0,0.0,0,0,PortScan
80,499,2,1,8,2,6,2,4.0,2.828427125,2,2,2.0,0.0,20040.080159999998,6012.024047999999,249.5,287.7924599,453,46,499,499.0,0.0,499,499,0,0.0,0.0,0,0,0,0,0,0,44,24,4008.016032,2004.008016,2,6,3.0,2.0,4.0,0,0,0,1,0,0,0,0,0,4.0,4.0,2.0,44,0,0,0,0,0,0,2,8,1,2,1024,29200,1,20,0.0,0.0,0,0,0.0,0.0,0,0,PortScan
1034,6,1,1,0,0,0,0,0.0,0.0,0,0,0.0,0.0,0.0,333333.3333,6.0,0.0,6,6,0,0.0,0.0,0,0,0,0.0,0.0,0,0,0,0,0,0,20,20,166666.6667,166666.6667,0,0,0.0,0.0,0.0,0,0,0,0,1,0,0,0,1,0.0,0.0,0.0,20,0,0,0,0,0,0,1,0,1,0,2053,251,0,20,0.0,0.0,0,0,0.0,0.0,0,0,BENIGN
389,1544744,19,13,5508,9232,1660,0,289.89473680000003,512.5101511,2634,0,710.1538462,801.2267517000001,9542.034149,20.71540657,49830.451610000004,237173.2682,1312814,2,1544744,85819.11111,309847.1589,1312814,3,30779,2564.916667,7223.868385,25234,2,0,0,0,0,404,284,12.29977265,8.415633917000001,0,2634,446.66666669999995,661.4516547999999,437518.2917,0,0,0,1,0,0,0,0,0,460.625,289.89473680000003,710.1538462,404,0,0,0,0,0,0,19,5508,13,9232,8192,2050,10,20,0.0,0.0,0,0,0.0,0.0,0,0,BENIGN
443,96,1,1,2,6,2,2,2.0,0.0,6,6,6.0,0.0,83333.33333,20833.33333,96.0,0.0,96,96,0,0.0,0.0,0,0,0,0.0,0.0,0,0,0,0,0,0,24,20,10416.66667,10416.66667,2,6,3.333333333,2.309401077,5.333333333,0,0,0,1,0,0,0,0,1,5.0,2.0,6.0,24,0,0,0,0,0,0,1,2,1,6,1024,0,0,24,0.0,0.0,0,0,0.0,0.0,0,0,PortScan
80,19985,5,0,0,0,0,0,0.0,0.0,0,0,0.0,0.0,0.0,250.18764069999997,4996.25,9386.745917,19076,243,19985,4996.25,9386.745917,19076,243,0,0.0,0.0,0,0,0,0,0,0,160,0,250.18764069999997,0.0,0,0,0.0,0.0,0.0,0,0,0,0,1,0,0,0,0,0.0,0.0,0.0,160,0,0,0,0,0,0,5,0,0,0,251,-1,0,32,0.0,0.0,0,0,0.0,0.0,0,0,PortScan
443,83,1,1,2,6,2,2,2.0,0.0,6,6,6.0,0.0,96385.54217,24096.38554,83.0,0.0,83,83,0,0.0,0.0,0,0,0,0.0,0.0,0,0,0,0,0,0,24,20,12048.19277,12048.19277,2,6,3.333333333,2.309401077,5.333333333,0,0,0,1,0,0,0,0,1,5.0,2.0,6.0,24,0,0,0,0,0,0,1,2,1,6,1024,0,0,24,0.0,0.0,0,0,0.0,0.0,0,0,PortScan
22,826,3,1,0,0,0,0,0.0,0.0,0,0,0.0,0.0,0.0,4842.615011999999,275.3333333,369.76929739999997,702,48,826,413.0,516.1879503,778,48,0,0.0,0.0,0,0,0,0,0,0,104,40,3631.961259,1210.6537529999998,0,0,0.0,0.0,0.0,0,0,0,1,0,0,0,0,0,0.0,0.0,0.0,104,0,0,0,0,0,0,3,0,1,0,29200,28960,0,32,0.0,0.0,0,0,0.0,0.0,0,0,PortScan
443,89,1,1,0,6,0,0,0.0,0.0,6,6,6.0,0.0,67415.73034,22471.91011,89.0,0.0,89,89,0,0.0,0.0,0,0,0,0.0,0.0,0,0,0,0,0,0,40,20,11235.95506,11235.95506,0,6,2.0,3.464101615,12.0,0,0,0,1,0,0,0,0,1,3.0,0.0,6.0,40,0,0,0,0,0,0,1,0,1,6,29200,0,0,40,0.0,0.0,0,0,0.0,0.0,0,0,PortScan
443,127,1,1,2,6,2,2,2.0,0.0,6,6,6.0,0.0,62992.12598,15748.0315,127.0,0.0,127,127,0,0.0,0.0,0,0,0,0.0,0.0,0,0,0,0,0,0,24,20,7874.015748000001,7874.015748000001,2,6,3.333333333,2.309401077,5.333333333,0,0,0,1,0,0,0,0,1,5.0,2.0,6.0,24,0,0,0,0,0,0,1,2,1,6,1024,0,0,24,0.0,0.0,0,0,0.0,0.0,0,0,PortScan
444,117,1,1,2,6,2,2,2.0,0.0,6,6,6.0,0.0,68376.06838,17094.01709,117.0,0.0,117,117,0,0.0,0.0,0,0,0,0.0,0.0,0,0,0,0,0,0,24,20,8547.008547,8547.008547,2,6,3.333333333,2.309401077,5.333333333,0,0,0,1,0,0,0,0,1,5.0,2.0,6.0,24,0,0,0,0,0,0,1,2,1,6,1024,0,0,24,0.0,0.0,0,0,0.0,0.0,0,0,PortScan
80,732,3,1,0,0,0,0,0.0,0.0,0,0,0.0,0.0,0.0,5464.480874,244.0,231.06492590000002,510,93,732,366.0,386.0803025,639,93,0,0.0,0.0,0,0,0,0,0,0,104,40,4098.360656,1366.120219,0,0,0.0,0.0,0.0,0,0,0,1,0,0,0,0,0,0.0,0.0,0.0,104,0,0,0,0,0,0,3,0,1,0,29200,28960,0,32,0.0,0.0,0,0,0.0,0.0,0,0,PortScan
123,112041681,10,9,480,432,48,48,48.0,0.0,48,48,48.0,0.0,8.139827891,0.169579748,6224537.833,16300000.0,64000000,41801,112000000,12400000.0,21900000.0,64000000,1999854,112000000,14000000.0,23200000.0,64000000,1998594,0,0,0,0,236,204,0.089252499,0.080327249,48,48,48.0,0.0,0.0,0,0,0,0,0,0,0,0,0,50.52631579,48.0,48.0,236,0,0,0,0,0,0,10,480,9,432,-1,-1,9,20,7522801.5,10600000.0,15000000,45451,48500000.0,21900000.0,64000000,33000000,BENIGN
53,448,1,1,44,60,44,44,44.0,0.0,60,60,60.0,0.0,232142.8571,4464.285714,448.0,0.0,448,448,0,0.0,0.0,0,0,0,0.0,0.0,0,0,0,0,0,0,32,32,2232.142857,2232.142857,44,60,49.33333333,9.237604307,85.33333333,0,0,0,0,0,0,0,0,1,74.0,44.0,60.0,32,0,0,0,0,0,0,1,44,1,60,-1,-1,0,32,0.0,0.0,0,0,0.0,0.0,0,0,BENIGN
80,799,3,1,0,0,0,0,0.0,0.0,0,0,0.0,0.0,0.0,5006.257822,266.3333333,221.99624619999997,505,66,799,399.5,242.5376259,571,228,0,0.0,0.0,0,0,0,0,0,0,104,40,3754.6933670000003,1251.564456,0,0,0.0,0.0,0.0,0,0,0,1,0,0,0,0,0,0.0,0.0,0.0,104,0,0,0,0,0,0,3,0,1,0,29200,28960,0,32,0.0,0.0,0,0,0.0,0.0,0,0,PortScan
80,387183,3,6,18,11595,18,0,6.0,10.39230485,5792,0,1932.5,2181.008184,29993.56893,23.24482222,48397.875,136338.5051,385818,45,386632,193316.0,272238.9392,385818,814,387100,77420.0,172857.0123,386636,45,0,0,0,0,104,200,7.748274072,15.49654814,0,5792,1161.3,1906.2898260000002,3633940.9,0,0,0,1,0,0,0,0,2,1290.333333,6.0,1932.5,104,0,0,0,0,0,0,3,18,6,11595,29200,227,1,32,0.0,0.0,0,0,0.0,0.0,0,0,PortScan
80,2360,6,5,62,11576,62,0,10.33333333,25.31139401,5792,0,2315.2,2628.883261,4931355.932,4661.016949,236.0,261.022349,809,48,2360,472.0,395.54835360000004,900,48,1168,292.0,412.8171508,906,48,0,0,0,0,200,168,2542.372881,2118.644068,0,5792,969.8333332999998,1980.8581170000002,3923798.8789999997,0,0,0,1,0,0,0,0,0,1058.0,10.33333333,2315.2,200,0,0,0,0,0,0,6,62,5,11576,29200,227,1,32,0.0,0.0,0,0,0.0,0.0,0,0,PortScan
88,977,9,6,3130,3048,1565,0,347.77777779999997,690.1001336,1524,0,508.0,786.9902159,6323439.098999999,15353.1218,69.78571429,177.1653632,682,0,977,122.125,258.9922434,760,1,909,181.8,283.22729389999995,682,3,0,0,0,0,204,144,9211.873081,6141.248721,0,1565,386.125,690.8025164,477208.1167,0,0,0,1,0,0,0,0,0,411.8666667,347.77777779999997,508.0,204,0,0,0,0,0,0,9,3130,6,3048,8192,2053,2,20,0.0,0.0,0,0,0.0,0.0,0,0,BENIGN
88,1706,7,4,472,414,236,0,67.42857143,115.15620859999999,207,0,103.5,119.5115057,519343.4936,6447.831184000001,170.6,230.4855744,662,3,1706,284.3333333,324.0368292,711,3,1389,463.0,795.0113207,1381,4,0,0,0,0,164,104,4103.165299,2344.6658850000003,0,236,73.83333333,109.4090185,11970.33333,0,0,0,1,0,0,0,0,0,80.54545455,67.42857143,103.5,164,0,0,0,0,0,0,7,472,4,414,8192,2053,2,20,0.0,0.0,0,0,0.0,0.0,0,0,BENIGN
88,3788,7,4,2842,2868,1421,0,406.0,693.3770017999999,1434,0,717.0,827.920286,1507391.763,2903.907075,378.8,568.5073633999999,1636,1,3788,631.3333332999999,787.6790378,1956,1,2137,712.3333332999999,1189.842987,2086,3,0,0,0,0,164,104,1847.940866,1055.966209,0,1434,475.83333330000005,702.8633428999999,494016.8788,0,0,0,1,0,0,0,0,0,519.0909091,406.0,717.0,164,0,0,0,0,0,0,7,2842,4,2868,8192,2053,2,20,0.0,0.0,0,0,0.0,0.0,0,0,BENIGN
443,5615973,8,5,361,3017,204,0,45.125,77.60971497,1506,0,603.4,803.3957929,601.4986183,2.314825944,467997.75,1477839.015,5156741,3,5615973,802281.8571,1922697.0980000002,5156741,3,177838,44459.5,50199.02319,90040,250,0,0,0,0,172,104,1.424508273,0.8903176709999999,0,1506,241.28571430000002,529.5590951,280432.8352,0,0,0,1,0,0,0,0,0,259.8461538,45.125,603.4,172,0,0,0,0,0,0,8,361,5,3017,8192,30016,3,20,459229.0,0.0,459229,459229,5156741.0,0.0,5156741,5156741,BENIGN
88,491,7,4,2686,2744,1343,0,383.7142857,655.316899,1372,0,686.0,792.1245693,11100000.0,22403.25866,49.1,93.42192224,307,1,491,81.83333333,134.2645399,346,1,387,129.0,217.3729514,380,3,0,0,0,0,164,104,14256.61914,8146.639511,0,1372,452.5,668.4439869,446817.3636,0,0,0,1,0,0,0,0,0,493.6363636,383.7142857,686.0,164,0,0,0,0,0,0,7,2686,4,2744,8192,2053,2,20,0.0,0.0,0,0,0.0,0.0,0,0,BENIGN
443,664372,13,11,926,5034,358,0,71.23076923,108.30216509999998,1430,0,457.6363636,550.316504,8970.877761,36.12433998,28885.73913,80174.78497000001,389609,1,664372,55364.333329999994,107063.9099,389609,4,599173,59917.3,131989.0033,426671,1,0,0,0,0,272,232,19.56735082,16.55698916,0,1430,238.4,414.22980739999997,171586.3333,0,0,0,1,0,0,0,0,0,248.33333330000002,71.23076923,457.6363636,272,0,0,0,0,0,0,13,926,11,5034,8192,360,7,20,0.0,0.0,0,0,0.0,0.0,0,0,BENIGN
80,5884832,3,1,0,0,0,0,0.0,0.0,0,0,0.0,0.0,0.0,0.679713542,1961610.667,3369227.789,5852014,59,5884832,2942416.0,4114792.953,5852014,32818,0,0.0,0.0,0,0,0,0,0,0,104,40,0.509785156,0.169928385,0,0,0.0,0.0,0.0,0,0,0,1,0,0,0,0,0,0.0,0.0,0.0,104,0,0,0,0,0,0,3,0,1,0,29200,28960,0,32,0.0,0.0,0,0,0.0,0.0,0,0,BENIGN
123,66094190,2,2,96,96,48,48,48.0,0.0,48,48,48.0,0.0,2.9049452000000002,0.060519692,22000000.0,38000000.0,65900000,94250,66000000,66000000.0,0.0,66000000,66000000,66000000,66000000.0,0.0,66000000,66000000,0,0,0,0,52,52,0.030259846,0.030259846,48,48,48.0,0.0,0.0,0,0,0,0,0,0,0,0,1,60.0,48.0,48.0,52,0,0,0,0,0,0,2,96,2,96,-1,-1,1,20,94271.0,0.0,94271,94271,65900000.0,0.0,65900000,65900000,BENIGN
80,2280,3,6,18,11595,18,0,6.0,10.39230485,5792,0,1932.5,2537.820147,5093421.053,3947.368421,285.0,418.59526989999995,1113,3,1957,978.5,190.2117241,1113,844,2208,441.6,837.1214368,1935,3,0,0,0,0,104,200,1315.789474,2631.578947,0,5792,1161.3,2137.603541,4569348.9,0,0,0,1,0,0,0,0,2,1290.333333,6.0,1932.5,104,0,0,0,0,0,0,3,18,6,11595,29200,227,1,32,0.0,0.0,0,0,0.0,0.0,0,0,PortScan
88,1396,7,4,2856,2884,1428,0,408.0,696.7926521,1442,0,721.0,832.5390882,4111747.8510000003,7879.6561599999995,139.6,251.72833680000002,773,2,1396,232.66666669999998,396.30123219999996,977,2,1157,385.6666667,661.9322725,1150,3,0,0,0,0,164,104,5014.326647999999,2865.3295129999997,0,1442,478.33333330000005,706.5577675,499223.8788,0,0,0,1,0,0,0,0,0,521.8181818,408.0,721.0,164,0,0,0,0,0,0,7,2856,4,2884,8192,2053,2,20,0.0,0.0,0,0,0.0,0.0,0,0,BENIGN
135,70,1,1,0,0,0,0,0.0,0.0,0,0,0.0,0.0,0.0,28571.42857,70.0,0.0,70,70,0,0.0,0.0,0,0,0,0.0,0.0,0,0,0,0,0,0,20,20,14285.71429,14285.71429,0,0,0.0,0.0,0.0,0,0,0,0,1,1,0,0,1,0.0,0.0,0.0,20,0,0,0,0,0,0,1,0,1,0,255,2052,0,20,0.0,0.0,0,0,0.0,0.0,0,0,BENIGN
123,66093101,7,7,336,336,48,48,48.0,0.0,48,48,48.0,0.0,10.16747572,0.21182241100000002,5084084.692,15300000.0,55900000,92973,66000000,11000000.0,22000000.0,56000000,1999925,66000000,11000000.0,22000000.0,56000000,1984730,0,0,0,0,144,132,0.105911205,0.105911205,48,48,48.0,0.0,0.0,0,0,0,0,0,0,0,0,1,51.42857143,48.0,48.0,144,0,0,0,0,0,0,7,336,7,336,-1,-1,6,0,10100000.0,0.0,10100000,10100000,55900000.0,0.0,55900000,55900000,BENIGN
22,699,2,1,8,2,6,2,4.0,2.828427125,2,2,2.0,0.0,14306.15165,4291.845494,349.5,318.9051583,575,124,699,699.0,0.0,699,699,0,0.0,0.0,0,0,0,0,0,0,44,24,2861.230329,1430.615165,2,6,3.0,2.0,4.0,0,0,0,1,0,0,0,0,0,4.0,4.0,2.0,44,0,0,0,0,0,0,2,8,1,2,1024,29200,1,20,0.0,0.0,0,0,0.0,0.0,0,0,PortScan
88,60,1,4,0,0,0,0,0.0,0.0,0,0,0.0,0.0,0.0,83333.33333,15.0,22.4053565,48,1,0,0.0,0.0,0,0,50,16.66666667,27.13546265,48,1,0,0,0,0,20,80,16666.66667,66666.66667,0,0,0.0,0.0,0.0,0,0,0,0,1,1,0,0,4,0.0,0.0,0.0,20,0,0,0,0,0,0,1,0,4,0,255,0,0,20,0.0,0.0,0,0,0.0,0.0,0,0,BENIGN
123,16485,1,1,48,48,48,48,48.0,0.0,48,48,48.0,0.0,5823.475887,121.32241429999999,16485.0,0.0,16485,16485,0,0.0,0.0,0,0,0,0.0,0.0,0,0,0,0,0,0,20,20,60.66120716,60.66120716,48,48,48.0,0.0,0.0,0,0,0,0,0,0,0,0,1,72.0,48.0,48.0,20,0,0,0,0,0,0,1,48,1,48,-1,-1,0,20,0.0,0.0,0,0,0.0,0.0,0,0,BENIGN
389,280404,21,12,5803,1138,2740,0,276.3333333,695.933857,212,0,94.83333333,79.79158458,24753.56985,117.6873368,8762.625,42292.32027,237113,1,280404,14020.2,53305.378039999996,237113,1,279498,25408.90909,83865.68598,278273,3,0,0,0,0,688,400,74.89194163,42.79539522,0,2740,204.14705880000002,551.884108,304576.0686,0,0,0,1,0,0,0,0,0,210.33333330000002,276.3333333,94.83333333,688,0,0,0,0,0,0,21,5803,12,1138,29200,2081,10,32,0.0,0.0,0,0,0.0,0.0,0,0,BENIGN
443,65669613,19,20,801,10435,437,0,42.15789474,111.4172653,1288,0,521.75,611.2390242,171.09892209999998,0.593881983,1728147.711,3676742.778,10000000,0,61900000,3439239.778,4901138.99,10200000,211,65500000,3445622.895,4786766.4180000005,10200000,4,0,0,0,0,616,648,0.28932712,0.304554863,0,1288,280.9,497.2781196,247285.5282,0,0,0,1,0,0,0,0,1,288.10256410000005,42.15789474,521.75,616,0,0,0,0,0,0,19,801,20,10435,29200,139,3,32,312740.5,268977.3075,861788,202664,10000000.0,5015.76584,10000000,9996940,BENIGN
389,493,11,4,172,326,79,0,15.63636364,31.4492376,163,0,81.5,94.10809388,1010141.988,30425.96349,35.21428571,26.82472617,75,1,493,49.3,42.124287,119,1,287,95.66666667,160.50337480000002,281,3,0,0,0,0,368,144,22312.37323,8113.590264,0,163,31.125,57.86060836,3347.85,0,0,0,1,0,0,0,0,0,33.2,15.63636364,81.5,368,0,0,0,0,0,0,11,172,4,326,29200,2081,4,32,0.0,0.0,0,0,0.0,0.0,0,0,BENIGN
135,30136887,11,6,568,512,168,0,51.63636364,73.50547289,172,0,85.33333333,76.92767166,35.83648172,0.564092768,1883555.438,7480935.243,29900000,1,30100000,3013688.7,9459899.38,29900000,1,1601,320.2,472.2019695,1059,3,0,0,0,0,244,144,0.365001203,0.199091565,0,172,60.0,73.50070028,5402.352940999999,0,0,0,1,0,0,0,0,0,63.52941176,51.63636364,85.33333333,244,0,0,0,0,0,0,11,568,6,512,8192,2052,4,20,0.0,0.0,0,0,0.0,0.0,0,0,BENIGN
1281,45,2,0,37,0,37,0,18.5,26.1629509,0,0,0.0,0.0,822222.2222,44444.44444,45.0,0.0,45,45,45,45.0,0.0,45,45,0,0.0,0.0,0,0,0,0,0,0,40,0,44444.44444,0.0,0,37,12.33333333,21.36195996,456.33333330000005,0,0,0,0,1,0,0,0,0,18.5,18.5,0.0,40,0,0,0,0,0,0,2,37,0,0,40958,-1,1,20,0.0,0.0,0,0,0.0,0.0,0,0,BENIGN
80,6003514,3,6,18,11595,18,0,6.0,10.39230485,4344,0,1932.5,1754.831473,1934.367106,1.4991220140000001,750439.25,2121987.356,6002090,16,6002750,3001375.0,4243651.85,6002090,660,6003417,1200683.4,2684440.755,6002757,16,0,0,0,0,104,200,0.49970733799999995,0.9994146759999999,0,4344,1161.3,1643.79818,2702072.4560000002,0,0,0,1,0,0,0,0,2,1290.333333,6.0,1932.5,104,0,0,0,0,0,0,3,18,6,11595,29200,227,1,32,660.0,0.0,660,660,6002090.0,0.0,6002090,6002090,PortScan
443,71174120,45,53,1310,68639,517,0,29.11111111,105.0928642,3864,0,1295.075472,963.5725961,982.7870017999999,1.3769049759999998,733753.8144,2482571.275,10000000,2,61500000,1397831.523,3334590.727,10200000,2,71000000,1365882.0380000002,3327713.725,10200000,2,0,0,0,0,1448,1704,0.632252285,0.744652691,0,3864,706.5555555999999,949.0837495999999,900759.9637,0,0,0,1,0,0,0,0,1,713.7653061000001,29.11111111,1295.075472,1448,0,0,0,0,0,0,45,1310,53,68639,29200,252,4,32,715716.5714,1433623.5469999998,3964258,148346,9452014.571,1272645.11,10000000,6595676,BENIGN
5353,87434104,235,0,29021,0,221,45,123.49361699999999,65.74155369,0,0,0.0,0.0,331.91853829999997,2.6877384139999996,373650.0171,2696031.535,32000000,1,87400000,373650.0171,2696031.535,32000000,1,0,0.0,0.0,0,0,0,0,0,0,-9663668122,0,2.6877384139999996,0.0,45,221,123.8644068,65.8483642,4336.007068,0,0,0,0,0,0,0,0,0,124.39148940000001,123.49361699999999,0.0,-9663668122,0,0,0,0,0,0,235,29021,0,0,-1,-1,234,-536870661,3141653.5,3674923.703,7002887,15,18700000.0,9979773.872000001,32000000,8001331,BENIGN
1094,2,3,0,0,0,0,0,0.0,0.0,0,0,0.0,0.0,0.0,1500000.0,1.0,0.0,1,1,2,1.0,0.0,1,1,0,0.0,0.0,0,0,0,0,0,0,60,0,1500000.0,0.0,0,0,0.0,0.0,0.0,0,0,0,0,1,0,0,0,0,0.0,0.0,0.0,60,0,0,0,0,0,0,3,0,0,0,12499,-1,0,20,0.0,0.0,0,0,0.0,0.0,0,0,BENIGN
88,928,9,4,600,2942,300,0,66.66666667,132.2875656,1471,0,735.5,849.2822460000001,3816810.345,14008.62069,77.33333333,172.75170480000003,620,1,928,116.0,243.45782859999997,715,1,717,239.0,373.10052260000003,669,1,0,0,0,0,204,104,9698.275862,4310.344828,0,1471,253.0,527.0787416999999,277812.0,0,0,0,1,0,0,0,0,0,272.46153849999996,66.66666667,735.5,204,0,0,0,0,0,0,9,600,4,2942,8192,2053,2,20,0.0,0.0,0,0,0.0,0.0,0,0,BENIGN
5353,88491785,270,0,34674,0,219,45,128.4222222,64.17222027,0,0,0.0,0.0,391.83298199999996,3.0511306780000003,328965.7435,2565645.523,32000000,1,88500000,328965.7435,2565645.523,32000000,1,0,0.0,0.0,0,0,0,0,0,0,4644,0,3.0511306780000003,0.0,45,219,128.7195572,64.24002117,4126.78032,0,0,0,0,0,0,0,0,0,129.1962963,128.4222222,0.0,4644,0,0,0,0,0,0,270,34674,0,0,-1,-1,269,0,2975340.0,3435857.035,6001247,15,19100000.0,10000000.0,32000000,8002622,BENIGN
389,523735,15,11,4814,3970,1660,0,320.9333333,569.2956132,1268,0,360.9090909,488.37863480000004,16771.84072,49.64342654,20949.4,72190.35539,300168,2,523735,37409.64286,94692.7255,300168,3,523702,52370.2,162397.4373,514540,3,0,0,0,0,324,244,28.64043839,21.00298815,0,1660,325.3333333,520.4493621,270867.5385,0,0,0,1,0,0,0,0,0,337.8461538,320.9333333,360.9090909,324,0,0,0,0,0,0,15,4814,11,3970,8192,0,8,20,0.0,0.0,0,0,0.0,0.0,0,0,BENIGN
22,495,2,1,8,2,6,2,4.0,2.828427125,2,2,2.0,0.0,20202.0202,6060.6060609999995,247.5,316.0767312,471,24,495,495.0,0.0,495,495,0,0.0,0.0,0,0,0,0,0,0,44,24,4040.40404,2020.20202,2,6,3.0,2.0,4.0,0,0,0,1,0,0,0,0,0,4.0,4.0,2.0,44,0,0,0,0,0,0,2,8,1,2,1024,29200,1,20,0.0,0.0,0,0,0.0,0.0,0,0,PortScan
21,886,3,1,0,0,0,0,0.0,0.0,0,0,0.0,0.0,0.0,4514.672686,295.3333333,258.4034313,587,95,886,443.0,337.9970414,682,204,0,0.0,0.0,0,0,0,0,0,0,104,40,3386.0045149999996,1128.6681720000001,0,0,0.0,0.0,0.0,0,0,0,1,0,0,0,0,0,0.0,0.0,0.0,104,0,0,0,0,0,0,3,0,1,0,29200,28960,0,32,0.0,0.0,0,0,0.0,0.0,0,0,PortScan
123,67085836,7,7,336,336,48,48,48.0,0.0,48,48,48.0,0.0,10.017017599999999,0.208687867,5160448.923,15600000.0,56900000,85993,67000000,11200000.0,22500000.0,57000000,1999804,67000000,11200000.0,22500000.0,57000000,1999551,0,0,0,0,188,188,0.10434393300000001,0.10434393300000001,48,48,48.0,0.0,0.0,0,0,0,0,0,0,0,0,1,51.42857143,48.0,48.0,188,0,0,0,0,0,0,7,336,7,336,-1,-1,6,20,10100000.0,0.0,10100000,10100000,56900000.0,0.0,56900000,56900000,BENIGN
80,5822589,3,1,0,0,0,0,0.0,0.0,0,0,0.0,0.0,0.0,0.686979624,1940863.0,3329733.215,5785649,65,5822589,2911294.5,4064951.117,5785649,36940,0,0.0,0.0,0,0,0,0,0,0,104,40,0.515234718,0.171744906,0,0,0.0,0.0,0.0,0,0,0,1,0,0,0,0,0,0.0,0.0,0.0,104,0,0,0,0,0,0,3,0,1,0,29200,42408,0,32,0.0,0.0,0,0,0.0,0.0,0,0,BENIGN
22,591,2,1,8,2,6,2,4.0,2.828427125,2,2,2.0,0.0,16920.47377,5076.142132,295.5,260.9224023,480,111,591,591.0,0.0,591,591,0,0.0,0.0,0,0,0,0,0,0,44,24,3384.0947549999996,1692.0473769999999,2,6,3.0,2.0,4.0,0,0,0,1,0,0,0,0,0,4.0,4.0,2.0,44,0,0,0,0,0,0,2,8,1,2,1024,29200,1,20,0.0,0.0,0,0,0.0,0.0,0,0,PortScan
123,11015273,7,7,336,336,48,48,48.0,0.0,48,48,48.0,0.0,61.00620475,1.270962599,847328.6923,970192.4587,1990896,16291,11000000,1833130.667,406216.7533,2007447,1004055,11000000,1833120.333,406230.847,2007228,1004014,0,0,0,0,176,176,0.6354812989999999,0.6354812989999999,48,48,48.0,0.0,0.0,0,0,0,0,0,0,0,0,1,51.42857143,48.0,48.0,176,0,0,0,0,0,0,7,336,7,336,-1,-1,6,20,0.0,0.0,0,0,0.0,0.0,0,0,BENIGN
1065,79,1,3,0,0,0,0,0.0,0.0,0,0,0.0,0.0,0.0,50632.91139,26.33333333,23.71356855,48,1,0,0.0,0.0,0,0,49,24.5,33.23401872,48,1,0,0,0,0,20,60,12658.22785,37974.68354,0,0,0.0,0.0,0.0,0,0,0,0,1,1,0,0,3,0.0,0.0,0.0,20,0,0,0,0,0,0,1,0,3,0,229,255,0,20,0.0,0.0,0,0,0.0,0.0,0,0,BENIGN
80,109722768,6,4,188,490,188,0,31.33333333,76.75067861,490,0,122.5,245.0,6.17920977,0.091138787,12200000.0,36600000.0,110000000,35,110000000,21900000.0,49000000.0,110000000,108,31726,10575.33333,8156.7141870000005,16494,1271,0,0,0,0,144,104,0.054683272000000005,0.036455515,0,490,61.63636364,152.8576284,23365.45455,0,0,0,1,0,0,0,0,0,67.8,31.33333333,122.5,144,0,0,0,0,0,0,6,188,4,490,65535,946,1,20,0.0,0.0,0,0,0.0,0.0,0,0,BENIGN
49172,12,1,1,0,0,0,0,0.0,0.0,0,0,0.0,0.0,0.0,166666.6667,12.0,0.0,12,12,0,0.0,0.0,0,0,0,0.0,0.0,0,0,0,0,0,0,20,20,83333.33333,83333.33333,0,0,0.0,0.0,0.0,0,0,0,0,1,0,0,0,1,0.0,0.0,0.0,20,0,0,0,0,0,0,1,0,1,0,2049,255,0,20,0.0,0.0,0,0,0.0,0.0,0,0,BENIGN
88,495,7,4,2762,2820,1381,0,394.57142860000005,673.8590004,1410,0,705.0,814.0638796000001,11300000.0,22222.22222,49.5,88.21218107,293,1,495,82.5,148.11853359999998,380,1,452,150.66666669999998,177.8238829,356,48,0,0,0,0,164,104,14141.41414,8080.808081,0,1410,465.16666669999995,687.1523363,472178.3333,0,0,0,1,0,0,0,0,0,507.4545455,394.57142860000005,705.0,164,0,0,0,0,0,0,7,2762,4,2820,8192,2053,2,20,0.0,0.0,0,0,0.0,0.0,0,0,BENIGN
21,898,3,1,0,0,0,0,0.0,0.0,0,0,0.0,0.0,0.0,4454.342984000001,299.3333333,404.98436180000004,761,4,898,449.0,629.3250353,894,4,0,0.0,0.0,0,0,0,0,0,0,104,40,3340.7572379999997,1113.5857460000002,0,0,0.0,0.0,0.0,0,0,0,1,0,0,0,0,0,0.0,0.0,0.0,104,0,0,0,0,0,0,3,0,1,0,29200,28960,0,32,0.0,0.0,0,0,0.0,0.0,0,0,PortScan
49666,62,1,3,0,0,0,0,0.0,0.0,0,0,0.0,0.0,0.0,64516.12903,20.66666667,34.06366588,60,1,0,0.0,0.0,0,0,2,1.0,0.0,1,1,0,0,0,0,20,60,16129.03226,48387.09677,0,0,0.0,0.0,0.0,0,0,0,0,1,1,0,0,3,0.0,0.0,0.0,20,0,0,0,0,0,0,1,0,3,0,256,2053,0,20,0.0,0.0,0,0,0.0,0.0,0,0,BENIGN
443,138,1,1,0,6,0,0,0.0,0.0,6,6,6.0,0.0,43478.26087,14492.75362,138.0,0.0,138,138,0,0.0,0.0,0,0,0,0.0,0.0,0,0,0,0,0,0,40,20,7246.376812,7246.376812,0,6,2.0,3.464101615,12.0,0,0,0,1,0,0,0,0,1,3.0,0.0,6.0,40,0,0,0,0,0,0,1,0,1,6,29200,0,0,40,0.0,0.0,0,0,0.0,0.0,0,0,PortScan
443,241632,4,1,201,0,201,0,50.25,100.5,0,0,0.0,0.0,831.8434643999999,20.69262349,60408.0,75444.90216,170763,51,241632,80544.0,78147.50803,170763,33875,0,0.0,0.0,0,0,0,0,0,0,92,32,16.55409879,4.1385246989999995,0,201,33.5,82.05790638,6733.5,0,0,0,1,0,0,0,0,0,40.2,50.25,0.0,92,0,0,0,0,0,0,4,201,1,0,8192,42780,1,20,0.0,0.0,0,0,0.0,0.0,0,0,BENIGN
80,4040786,6,6,444,1870,444,0,74.0,181.262241,1460,0,311.6666667,571.7344372,572.6608635,2.969719258,367344.1818,1205011.4409999999,4000513,38,40273,8054.6,10746.88082,19863,113,4021050,804210.0,1786829.985,4000552,49,0,0,0,0,140,132,1.484859629,1.484859629,0,1460,178.0,408.49949,166871.8333,0,0,0,1,0,0,0,0,1,192.83333330000002,74.0,311.6666667,140,0,0,0,0,0,0,6,444,6,1870,29200,30,1,20,0.0,0.0,0,0,0.0,0.0,0,0,BENIGN
443,2830799,72,119,2238,150460,613,0,31.08333333,107.8403554,2860,0,1264.369748,466.6719507,53941.66099,67.47211653,14898.94211,97518.63227,1085339,1,2830799,39870.40845,166774.0006,1161888,4,2470249,20934.31356,123502.9378,1121875,1,0,0,0,0,1452,2392,25.43451513,42.0376014,0,2860,795.3020832999999,706.6981571,499422.2852,0,0,0,1,0,0,0,0,1,799.4659686000001,31.08333333,1264.369748,1452,0,0,0,0,0,0,72,2238,119,150460,8192,368,12,20,0.0,0.0,0,0,0.0,0.0,0,0,BENIGN
123,83014424,14,14,672,672,48,48,48.0,0.0,48,48,48.0,0.0,16.18995754,0.337290782,3074608.296,12900000.0,67000000,1,83000000,6385713.307999999,18400000.0,67000000,3,83000000,6385718.692000001,18400000.0,67000000,1,0,0,0,0,276,276,0.168645391,0.168645391,48,48,48.0,0.0,0.0,0,0,0,0,0,0,0,0,1,49.71428571,48.0,48.0,276,0,0,0,0,0,0,14,672,14,672,-1,-1,13,0,3507341.0,4959959.504,7014562,120,38000000.0,41000000.0,67000000,8999855,BENIGN
21,896,3,1,0,0,0,0,0.0,0.0,0,0,0.0,0.0,0.0,4464.285714,298.6666667,211.62545530000003,534,124,896,448.0,296.9848481,658,238,0,0.0,0.0,0,0,0,0,0,0,104,40,3348.214286,1116.0714289999999,0,0,0.0,0.0,0.0,0,0,0,1,0,0,0,0,0,0.0,0.0,0.0,104,0,0,0,0,0,0,3,0,1,0,29200,28960,0,32,0.0,0.0,0,0,0.0,0.0,0,0,PortScan
443,43849481,21,24,954,27413,517,0,45.42857143,133.04494409999998,4045,0,1142.208333,1107.436954,646.9175769999999,1.026237916,996579.1136,2867532.332,10000000,1,34300000,1716256.8,3673335.3910000003,10200000,48,43700000,1900063.6519999998,3838563.88,10200000,1,0,0,0,0,680,776,0.47891102700000004,0.547326889,0,4045,616.673913,970.9457944000001,942735.7357,0,0,0,1,0,0,0,0,1,630.3777778,45.42857143,1142.208333,680,0,0,0,0,0,0,21,954,24,27413,29200,243,3,32,1112507.5,1928465.01,4005205,148108,9849862.5,316157.0671,10000000,9375798,BENIGN
22,627,2,1,8,2,6,2,4.0,2.828427125,2,2,2.0,0.0,15948.963319999999,4784.688995,313.5,256.6797616,495,132,627,627.0,0.0,627,627,0,0.0,0.0,0,0,0,0,0,0,44,24,3189.7926629999997,1594.896332,2,6,3.0,2.0,4.0,0,0,0,1,0,0,0,0,0,4.0,4.0,2.0,44,0,0,0,0,0,0,2,8,1,2,1024,29200,1,20,0.0,0.0,0,0,0.0,0.0,0,0,PortScan
80,142029,2,0,0,0,0,0,0.0,0.0,0,0,0.0,0.0,0.0,14.08163122,142029.0,0.0,142029,142029,142029,142029.0,0.0,142029,142029,0,0.0,0.0,0,0,0,0,0,0,40,0,14.08163122,0.0,0,0,0.0,0.0,0.0,0,0,0,0,1,0,0,0,0,0.0,0.0,0.0,40,0,0,0,0,0,0,2,0,0,0,64240,-1,0,20,0.0,0.0,0,0,0.0,0.0,0,0,BENIGN
49671,47,1,2,0,0,0,0,0.0,0.0,0,0,0.0,0.0,0.0,63829.787229999994,23.5,27.57716447,43,4,0,0.0,0.0,0,0,4,4.0,0.0,4,4,0,0,0,0,20,40,21276.59574,42553.19149,0,0,0.0,0.0,0.0,0,0,0,0,1,1,0,0,2,0.0,0.0,0.0,20,0,0,0,0,0,0,1,0,2,0,252,2047,0,20,0.0,0.0,0,0,0.0,0.0,0,0,BENIGN
443,64791,2,0,0,0,0,0,0.0,0.0,0,0,0.0,0.0,0.0,30.86848482,64791.0,0.0,64791,64791,64791,64791.0,0.0,64791,64791,0,0.0,0.0,0,0,0,0,0,0,40,0,30.86848482,0.0,0,0,0.0,0.0,0.0,0,0,0,0,1,0,0,0,0,0.0,0.0,0.0,40,0,0,0,0,0,0,2,0,0,0,254,-1,0,20,0.0,0.0,0,0,0.0,0.0,0,0,BENIGN
443,135,1,1,0,6,0,0,0.0,0.0,6,6,6.0,0.0,44444.44444,14814.81481,135.0,0.0,135,135,0,0.0,0.0,0,0,0,0.0,0.0,0,0,0,0,0,0,40,20,7407.407407,7407.407407,0,6,2.0,3.464101615,12.0,0,0,0,1,0,0,0,0,1,3.0,0.0,6.0,40,0,0,0,0,0,0,1,0,1,6,29200,0,0,40,0.0,0.0,0,0,0.0,0.0,0,0,PortScan
443,85,1,1,2,6,2,2,2.0,0.0,6,6,6.0,0.0,94117.64706,23529.41176,85.0,0.0,85,85,0,0.0,0.0,0,0,0,0.0,0.0,0,0,0,0,0,0,24,20,11764.70588,11764.70588,2,6,3.333333333,2.309401077,5.333333333,0,0,0,1,0,0,0,0,1,5.0,2.0,6.0,24,0,0,0,0,0,0,1,2,1,6,1024,0,0,24,0.0,0.0,0,0,0.0,0.0,0,0,PortScan
443,71027581,38,44,1310,55250,517,0,34.47368421,113.77235139999999,3864,0,1255.681818,1050.2439980000001,796.3103798,1.154481102,876883.7159999999,2689693.5810000002,10000000,2,71000000,1919660.108,3794444.475,10200000,48,70900000,1648357.07,3592550.613,10200000,150,0,0,0,0,1224,1416,0.5350034379999999,0.619477665,0,3864,681.4457831,980.2157335,960822.8842,0,0,0,1,0,0,0,0,1,689.7560976,34.47368421,1255.681818,1224,0,0,0,0,0,0,38,1310,44,55250,29200,252,4,32,715558.8571,1433834.608,3964503,147851,9431203.714,1270626.321,10000000,6599815,BENIGN
80,3182843,9,5,1299,2238,433,0,144.33333330000002,216.5,746,0,447.6,408.60102789999996,1111.270647,4.3985832789999995,244834.0769,530235.2941,1956947,121,3182843,397855.375,644462.3127,1956947,36667,2611136,652784.0,957688.0896,2077333,19931,0,0,0,0,192,112,2.8276606789999996,1.5709226,0,746,235.8,316.0007233,99856.45714,0,0,0,1,0,0,0,0,0,252.6428571,144.33333330000002,447.6,192,0,0,0,0,0,0,9,1299,5,2238,8192,360,3,20,0.0,0.0,0,0,0.0,0.0,0,0,BENIGN
444,90,1,1,2,6,2,2,2.0,0.0,6,6,6.0,0.0,88888.88889,22222.22222,90.0,0.0,90,90,0,0.0,0.0,0,0,0,0.0,0.0,0,0,0,0,0,0,24,20,11111.11111,11111.11111,2,6,3.333333333,2.309401077,5.333333333,0,0,0,1,0,0,0,0,1,5.0,2.0,6.0,24,0,0,0,0,0,0,1,2,1,6,1024,0,0,24,0.0,0.0,0,0,0.0,0.0,0,0,PortScan
443,8043,2,0,0,0,0,0,0.0,0.0,0,0,0.0,0.0,0.0,248.663434,8043.0,0.0,8043,8043,8043,8043.0,0.0,8043,8043,0,0.0,0.0,0,0,0,0,0,0,64,0,248.663434,0.0,0,0,0.0,0.0,0.0,0,0,0,0,1,0,0,0,0,0.0,0.0,0.0,64,0,0,0,0,0,0,2,0,0,0,774,-1,0,32,0.0,0.0,0,0,0.0,0.0,0,0,BENIGN
443,5219210,10,8,346,5822,189,0,34.6,67.15355538,1624,0,727.75,760.8072311000001,1181.7880480000001,3.448797807,307012.3529,1154008.206,4780513,3,5219210,579912.2222,1577411.582,4780513,3,388082,55440.285710000004,90474.73564,251026,49,0,0,0,0,224,172,1.9159987809999999,1.532799025,0,1624,324.63157889999997,593.4355914,352165.8012,0,0,0,1,0,0,0,0,0,342.6666667,34.6,727.75,224,0,0,0,0,0,0,10,346,8,5822,8192,119,3,20,0.0,0.0,0,0,0.0,0.0,0,0,BENIGN
443,3266983,13,10,562,3971,191,0,43.23076923,65.78013105,1430,0,397.1,583.4183652,1387.518698,7.0401345829999995,148499.2273,603031.2218,2843458,1,3266983,272248.5833,811105.3015,2843458,4,374941,41660.111110000005,80794.73934,250519,1,0,0,0,0,272,212,3.9792065030000003,3.06092808,0,1430,188.875,409.6831557,167840.288,0,0,0,1,0,0,0,0,0,197.08695649999999,43.23076923,397.1,272,0,0,0,0,0,0,13,562,10,3971,8192,351,6,20,0.0,0.0,0,0,0.0,0.0,0,0,BENIGN
80,20222,5,0,0,0,0,0,0.0,0.0,0,0,0.0,0.0,0.0,247.25546430000003,5055.5,9500.503513,19306,256,20222,5055.5,9500.503513,19306,256,0,0.0,0.0,0,0,0,0,0,0,160,0,247.25546430000003,0.0,0,0,0.0,0.0,0.0,0,0,0,0,1,0,0,0,0,0.0,0.0,0.0,160,0,0,0,0,0,0,5,0,0,0,251,-1,0,32,0.0,0.0,0,0,0.0,0.0,0,0,PortScan
443,87,1,1,2,6,2,2,2.0,0.0,6,6,6.0,0.0,91954.02299,22988.50575,87.0,0.0,87,87,0,0.0,0.0,0,0,0,0.0,0.0,0,0,0,0,0,0,24,20,11494.25287,11494.25287,2,6,3.333333333,2.309401077,5.333333333,0,0,0,1,0,0,0,0,1,5.0,2.0,6.0,24,0,0,0,0,0,0,1,2,1,6,1024,0,0,24,0.0,0.0,0,0,0.0,0.0,0,0,PortScan
443,8676,2,0,0,0,0,0,0.0,0.0,0,0,0.0,0.0,0.0,230.52097740000002,8676.0,0.0,8676,8676,8676,8676.0,0.0,8676,8676,0,0.0,0.0,0,0,0,0,0,0,64,0,230.52097740000002,0.0,0,0,0.0,0.0,0.0,0,0,0,0,1,0,0,0,0,0.0,0.0,0.0,64,0,0,0,0,0,0,2,0,0,0,705,-1,0,32,0.0,0.0,0,0,0.0,0.0,0,0,BENIGN
123,70059569,9,9,432,432,48,48,48.0,0.0,48,48,48.0,0.0,12.33236248,0.256924218,4121151.1180000002,13900000.0,57900000,52041,70000000,8750011.5,19900000.0,58000000,1004054,70000000,8749907.875,19900000.0,58000000,998449,0,0,0,0,240,240,0.128462109,0.128462109,48,48,48.0,0.0,0.0,0,0,0,0,0,0,0,0,1,50.66666667,48.0,48.0,240,0,0,0,0,0,0,9,432,9,432,-1,-1,8,20,12100000.0,0.0,12100000,12100000,57900000.0,0.0,57900000,57900000,BENIGN
443,1061248,9,9,504,4574,200,0,56.0,81.9954267,1430,0,508.22222220000003,658.7521874,4784.932457,16.96116271,62426.35294,198717.3191,830679,1,1061248,132656.0,282414.8036,830679,49,1011868,126483.5,301313.9227,867895,1,0,0,0,0,192,192,8.480581353,8.480581353,0,1430,267.2631579,501.17039040000003,251171.7602,0,0,0,1,0,0,0,0,1,282.1111111,56.0,508.22222220000003,192,0,0,0,0,0,0,9,504,9,4574,8192,351,4,20,0.0,0.0,0,0,0.0,0.0,0,0,BENIGN
53,88394,1,1,47,79,47,47,47.0,0.0,79,79,79.0,0.0,1425.436116,22.62597009,88394.0,0.0,88394,88394,0,0.0,0.0,0,0,0,0.0,0.0,0,0,0,0,0,0,20,20,11.31298504,11.31298504,47,79,57.66666667,18.47520861,341.3333333,0,0,0,0,0,0,0,0,1,86.5,47.0,79.0,20,0,0,0,0,0,0,1,47,1,79,-1,-1,0,20,0.0,0.0,0,0,0.0,0.0,0,0,BENIGN
80,163,2,0,0,0,0,0,0.0,0.0,0,0,0.0,0.0,0.0,12269.93865,163.0,0.0,163,163,163,163.0,0.0,163,163,0,0.0,0.0,0,0,0,0,0,0,64,0,12269.93865,0.0,0,0,0.0,0.0,0.0,0,0,0,0,1,0,0,0,0,0.0,0.0,0.0,64,0,0,0,0,0,0,2,0,0,0,242,-1,0,32,0.0,0.0,0,0,0.0,0.0,0,0,BENIGN
88,1249,9,6,3122,3040,1561,0,346.8888889,688.3362994,1520,0,506.66666669999995,784.9246248,4933546.837,12009.60769,89.21428571,191.87463,725,1,1249,156.125,316.6699217,917,1,1056,211.2,318.4622427,725,3,0,0,0,0,204,144,7205.764612000001,4803.843074,0,1561,385.125,689.0138726,474740.1167,0,0,0,1,0,0,0,0,0,410.8,346.8888889,506.66666669999995,204,0,0,0,0,0,0,9,3122,6,3040,8192,2053,2,20,0.0,0.0,0,0,0.0,0.0,0,0,BENIGN
21,881,2,1,8,2,6,2,4.0,2.828427125,2,2,2.0,0.0,11350.7378,3405.221339,440.5,482.95393160000003,782,99,881,881.0,0.0,881,881,0,0.0,0.0,0,0,0,0,0,0,44,24,2270.1475600000003,1135.0737800000002,2,6,3.0,2.0,4.0,0,0,0,1,0,0,0,0,0,4.0,4.0,2.0,44,0,0,0,0,0,0,2,8,1,2,1024,29200,1,20,0.0,0.0,0,0,0.0,0.0,0,0,PortScan
444,125,1,1,0,6,0,0,0.0,0.0,6,6,6.0,0.0,48000.0,16000.0,125.0,0.0,125,125,0,0.0,0.0,0,0,0,0.0,0.0,0,0,0,0,0,0,40,20,8000.0,8000.0,0,6,2.0,3.464101615,12.0,0,0,0,1,0,0,0,0,1,3.0,0.0,6.0,40,0,0,0,0,0,0,1,0,1,6,29200,0,0,40,0.0,0.0,0,0,0.0,0.0,0,0,PortScan
123,112016593,10,10,480,480,48,48,48.0,0.0,48,48,48.0,0.0,8.570158887,0.178544977,5895610.158,15200000.0,64000000,16510,112000000,12400000.0,20600000.0,64000000,1999879,112000000,12400000.0,20600000.0,64000000,1999476,0,0,0,0,252,252,0.08927248800000001,0.08927248800000001,48,48,48.0,0.0,0.0,0,0,0,0,0,0,0,0,1,50.4,48.0,48.0,252,0,0,0,0,0,0,10,480,10,480,-1,-1,9,0,4016663.333,3999871.5089999996,8016377,16634,33300000.0,26900000.0,64000000,14000000,BENIGN
443,3047100,9,11,703,3950,267,0,78.11111111,103.30228029999999,1448,0,359.0909091,569.9183195,1527.025697,6.563617866,160373.6842,307466.7296,1072676,4,2145892,268236.5,425961.5334,1167844,192,2951836,295183.6,384676.1944,1072676,4,0,0,0,0,296,360,2.95362804,3.609989826,0,1448,221.5714286,434.4990876,188789.4571,0,0,0,1,0,0,0,0,1,232.65,78.11111111,359.0909091,296,0,0,0,0,0,0,9,703,11,3950,29200,254,4,32,0.0,0.0,0,0,0.0,0.0,0,0,BENIGN
